name,category,latitude,longitude,status,roadAddress
다미카츠,기타,37.4856805159427,127.04538783306505,영업/정상,"서울특별시 강남구 논현로38길 46, 2층 (도곡동)"
정담은찬,기타,37.493660787868045,127.06039657133721,영업/정상,"서울특별시 강남구 남부순환로 2927, 지하1층 B123호 (대치동, 대치동클래시아)"
잭슨피자(압구정점),기타,37.524957854583704,127.02460258732503,영업/정상,"서울특별시 강남구 압구정로 144, 지상1층 108호 (신사동)"
이자카야 우규 역삼점,기타,37.50133801032489,127.03315327998095,영업/정상,"서울특별시 강남구 테헤란로19길 19, 지상1층 (역삼동)"
스시 하쿠샤,기타,37.51037717498331,127.05619049582869,영업/정상,"서울특별시 강남구 테헤란로81길 58-4, 지상2층 (삼성동)"
조우,기타,37.48554665695119,127.03514853579622,영업/정상,"서울특별시 강남구 강남대로42길 13 (도곡동,지상1층)"
힙포 압구정로데오 본점,기타,37.52742114770595,127.03836914504737,영업/정상,"서울특별시 강남구 선릉로161길 25, 지상1층 (신사동)"
푸에르코 삼성,기타,37.50989204256572,127.05751427726794,영업/정상,"서울특별시 강남구 테헤란로87길 35, 씨엔드에치빌딩 지상2층 (삼성동)"
인생카츠,기타,37.528057914463076,127.0310211679467,영업/정상,서울특별시 강남구 압구정로 216 (신사동)
노른자,기타,37.52763971701629,127.0390745508556,영업/정상,"서울특별시 강남구 압구정로50길 5-10 (신사동,지하1층)"
강남술상 & 강남밥상,기타,37.50750438946561,127.03667220137942,영업/정상,"서울특별시 강남구 언주로107길 30, 삼형빌딩 지상1층 (역삼동)"
동화고옥 더룸(The ROOM) 강남점,기타,37.50011785425546,127.03222166172274,영업/정상,"서울특별시 강남구 테헤란로 129, 지하3층 7호 (역삼동)"
레인디,기타,37.51992980787141,127.04862422053354,영업/정상,"서울특별시 강남구 학동로77길 19 (청담동,지상1층)"
씨마크,기타,37.52118642593471,127.03853200625703,영업/정상,"서울특별시 강남구 선릉로145길 13, 럭스웨이빌딩 지하1층 (논현동)"
이자카야 우규 강남역점,기타,37.49294342813352,127.03096479195099,영업/정상,"서울특별시 강남구 역삼로 106, BIEL 106 지상1층 101호 (역삼동)"
시마스시,기타,37.49705816399829,127.05359375262299,영업/정상,"서울특별시 강남구 도곡로 401, 롯데백화점 지하1층 (대치동)"
오더(Order),기타,37.51146460257597,127.05549276146338,영업/정상,"서울특별시 강남구 봉은사로82길 27, 지상1층 (삼성동)"
카츠젠 선릉점,기타,37.50299817169452,127.05029260872445,영업/정상,"서울특별시 강남구 선릉로86길 6, 1층 (대치동)"
마리아치,기타,37.504762471980214,127.04362988399109,영업/정상,"서울특별시 강남구 언주로98길 22, 지하1층 (역삼동)"
깐부치킨,기타,37.50876443735551,127.05614047177161,영업/정상,서울특별시 강남구 삼성로96길 3 (삼성동)
생활맥주 선릉점,기타,37.50296123463718,127.05163386072229,영업/정상,"서울특별시 강남구 선릉로82길 19 (대치동,지상1층)"
파스타앤도우,기타,37.499826703872365,127.06006716820515,영업/정상,"서울특별시 강남구 삼성로 313, 운지빌딩 1층 (대치동)"
무탈(MUTAL),기타,37.52649986159617,127.03786552760101,영업/정상,"서울특별시 강남구 압구정로50길 27, 지상2층 201호 (신사동)"
쌀마가정식,기타,37.4992037877254,127.0630993764294,영업/정상,"서울특별시 강남구 도곡로 516, 지상1층 109호 (대치동)"
김춘배 더 프라이빗 강남점,기타,37.501852264926924,127.02717040429857,영업/정상,"서울특별시 강남구 강남대로100길 13, 지상4층 (역삼동)"
향토통닭구이,기타,37.49798105698448,127.04314877532936,영업/정상,서울특별시 강남구 역삼로 247 (역삼동)
청담507,기타,37.52475470922024,127.0485306797899,영업/정상,"서울특별시 강남구 도산대로 507, 지하1층 (청담동)"
마라홀릭,기타,37.497523691016745,127.05267406780185,영업/정상,"서울특별시 강남구 선릉로 312, 지상2층 27호 (대치동)"
대독장(역삼역점),기타,37.502771692573496,127.03780154930206,영업/정상,"서울특별시 강남구 논현로94길 19 (역삼동,지상2층)"
바 탄(BAR TANN),기타,37.52430177417856,127.04065140067395,영업/정상,"서울특별시 강남구 선릉로152길 15, 2층 (청담동)"
강남식당,기타,37.526342917368844,127.03423299016914,영업/정상,"서울특별시 강남구 언주로168길 8 (신사동,지상1층)"
써브웨이 삼성중앙역,기타,37.51269362550954,127.052995895138,영업/정상,"서울특별시 강남구 봉은사로 480, 지상1층 (삼성동)"
캘리포니아 피자 키친 코엑스점,기타,37.512521154961824,127.05881929973503,영업/정상,"서울특별시 강남구 영동대로 513, 1층 E002호 (삼성동, 코엑스)"
병어,기타,37.524285343019976,127.04505004707364,영업/정상,"서울특별시 강남구 도산대로 447 (청담동,지하1층)"
샐러우드,기타,37.51245831860277,127.03207674285521,영업/정상,"서울특별시 강남구 논현로124길 5, 지상2층 201-9호 (논현동)"
소울국수,기타,37.49853003884036,127.03572852017686,영업/정상,"서울특별시 강남구 논현로85길 29, 지상2층 202호 (역삼동)"
원조상석안동갈비,기타,37.509369943456214,127.03719812716545,영업/정상,"서울특별시 강남구 언주로 605 (논현동,1층9호)"
넝쿨분식,기타,37.49278928913056,127.03428608026324,영업/정상,서울특별시 강남구 역삼로8길 21 (역삼동)
채선당,기타,37.5254308226984,127.02668742684901,영업/정상,"서울특별시 강남구 논현로175길 25 (신사동,지상2층)"
하이도조 강남점,기타,37.49631149102596,127.03060340208285,영업/정상,"서울특별시 강남구 테헤란로4길 33, 지하1층 (역삼동)"
포항물회,기타,37.510348121468596,127.0543390464822,영업/정상,"서울특별시 강남구 삼성로 547 (삼성동,지상2층)"
엄마밥상,기타,37.47158079254258,127.09453207148393,영업/정상,"서울특별시 강남구 자곡로 100, 4층 (자곡동)"
퍼스트,기타,37.508680619136605,127.05681653055386,영업/정상,"서울특별시 강남구 테헤란로81길 26, 지하1층 (삼성동, 유림빌딩)"
가은,기타,37.49313451210308,127.08422758279698,영업/정상,"서울특별시 강남구 개포로128길 33 (일원동,지상1층)"
공감재,기타,37.51054182685763,127.03594543667222,영업/정상,"서울특별시 강남구 언주로 615, 논현 아이파크 103동 지상1층 104호 (논현동)"
오모시로이 규카츠,기타,37.50235410905284,127.02692529489026,영업/정상,"서울특별시 강남구 봉은사로4길 40, 지하1층 (역삼동)"
서서떡볶이,기타,37.49113264297893,127.1001776013878,영업/정상,"서울특별시 강남구 광평로51길 49 (수서동,지상1층 111호)"
청춘극장,기타,37.511693983175874,127.05062099025147,영업/정상,"서울특별시 강남구 봉은사로72길 6, 지상1층 (삼성동)"
대한극장,기타,37.52449088918631,127.02648682049946,영업/정상,"서울특별시 강남구 논현로167길 19, 지상1층 (신사동)"
제이엔클레어,기타,37.51312013454657,127.0294249277812,영업/정상,"서울특별시 강남구 학동로 168, 지하1층 (논현동)"
(주)보나비 아티제 일원점,기타,37.48866230678969,127.08598238394443,영업/정상,"서울특별시 강남구 일원로 81, 지하1층 (일원동, 삼성의료원본관)"
투다리,기타,37.523618104319276,127.02705036135804,영업/정상,"서울특별시 강남구 논현로161길 14, 지상1층 (신사동)"
탕화쿵푸 마라탕,기타,37.498949071760514,127.05330727153233,영업/정상,"서울특별시 강남구 선릉로64길 15-14, 지상1층 (대치동)"
들녁,기타,37.51557145661018,127.06086274877454,영업/정상,서울특별시 강남구 영동대로114길 11 (삼성동)
윤고깃집,기타,37.49062996539626,127.03682831535954,영업/정상,"서울특별시 강남구 강남대로58길 61, EVERRICH 1층 (도곡동)"
홍짜장,기타,37.49269402398625,127.07562822482916,영업/정상,"서울특별시 강남구 개포로 615, 지하1층 B103호 (개포동)"
야스노야지로 압구정점,기타,37.523745985214866,127.0270556099669,영업/정상,"서울특별시 강남구 논현로163길 13-5, 지상1층 (신사동)"
논현양꼬치,기타,37.50994328269149,127.02572133574921,영업/정상,"서울특별시 강남구 학동로6길 37 (논현동,지상1층)"
미쓰냉삼,기타,37.524823270335496,127.02542392804976,영업/정상,"서울특별시 강남구 압구정로20길 15, 지상1층 104호 (신사동)"
강남고을,기타,37.52741288886308,127.04097736139366,영업/정상,"서울특별시 강남구 압구정로 404 (청담동,지상1층)"
콩뿌리 전주콩나물국밥,국밥,37.47879034236416,127.04897397170033,영업/정상,"서울특별시 강남구 개포로 240, 지상101호 (개포동)"
바나프레소 역삼GFC점,기타,37.499637773344546,127.03583784057433,영업/정상,"서울특별시 강남구 테헤란로26길 10, 성보빌딩 지상1층 (역삼동)"
카페일라로,기타,37.51373339218765,127.06188045874991,영업/정상,"서울특별시 강남구 봉은사로104길 10, 동화빌딩 지상1층 (삼성동)"
테리야끼,기타,37.49705816399829,127.05359375262299,영업/정상,"서울특별시 강남구 도곡로 401, 지하1층 (대치동, 롯데백화점)"
전주순대,기타,37.506610146009464,127.05277836475616,영업/정상,서울특별시 강남구 테헤란로69길 10 (삼성동)
사랑방,기타,37.50542628902256,127.02480879645626,영업/정상,서울특별시 강남구 봉은사로1길 9 (논현동)
중화주가 명정루,기타,37.50475944042249,127.05325468726268,영업/정상,"서울특별시 강남구 테헤란로70길 12, 지상1층 (대치동, H타워)"
브라운코너,기타,37.51846855117189,127.02134927307414,영업/정상,"서울특별시 강남구 압구정로2길 53, 지상1층 1호 (신사동)"
더그레이스켈리(강남),기타,37.51400256635538,127.03730637596196,영업/정상,"서울특별시 강남구 언주로126길 23, 지상 1, 2층 (논현동)"
노블,기타,37.491590172683395,127.03673840780503,영업/정상,"서울특별시 강남구 도곡로13길 6, 서경빌딩 지하1층 (역삼동)"
스시마츠모토,기타,37.525817132315034,127.04566754128662,영업/정상,"서울특별시 강남구 도산대로75길 24, 지상1층 (청담동)"
베이커스트 브라운,기타,37.502508540592274,127.02722484438948,영업/정상,"서울특별시 강남구 강남대로102길 21, 지하1,지상1~3층 (역삼동)"
오찌,기타,37.52287311892743,127.03221022654198,영업/정상,"서울특별시 강남구 언주로153길 12, 태경빌딩 6층 (신사동)"
일번지식당,기타,37.52774588756646,127.03860967651286,영업/정상,"서울특별시 강남구 압구정로50길 7 (신사동,지상1층)"
맘스터치 도산대로점,기타,37.5210551621983,127.03766137191928,영업/정상,"서울특별시 강남구 도산대로50길 21, 지상1층 102호 (논현동)"
백가양곱창,기타,37.48244895540307,127.0615233520458,영업/정상,"서울특별시 강남구 선릉로6길 6 (개포동,지상1층)"
언더 더 루프(under the roof),기타,37.51765569310908,127.05230818196262,영업/정상,"서울특별시 강남구 삼성로126길 14, 지상1층 (삼성동)"
행복이 싹트면,기타,37.51589633428585,127.04228592729022,영업/정상,"서울특별시 강남구 선릉로 664, 지상106호 (삼성동)"
타이쇼 베이스먼트,기타,37.48525825796343,127.0352106927967,영업/정상,"서울특별시 강남구 강남대로42길 16, 지하1층 (도곡동)"
한사발포차 양재점,기타,37.48558460330718,127.03563986722314,영업/정상,"서울특별시 강남구 강남대로42길 19, 1층 101호 (도곡동)"
스크렘(Screme),기타,37.50373875348199,127.02648852708676,영업/정상,"서울특별시 강남구 봉은사로4길 17, 지상 1층 (역삼동)"
화류,기타,37.504253906710154,127.02699001748661,영업/정상,"서울특별시 강남구 논현로105길 91, 지상1층 (역삼동)"
다이닝 나리,기타,37.52318607424521,127.04655032937406,영업/정상,"서울특별시 강남구 삼성로149길 13, 지상4층 (청담동)"
푸드팩토리,기타,37.5119535463242,127.0507357197329,영업/정상,"서울특별시 강남구 봉은사로 466, 백우빌딩 104호 (삼성동)"
깐부치킨 매봉역점,기타,37.4856805159427,127.04538783306505,영업/정상,"서울특별시 강남구 논현로38길 46, 지상1층 (도곡동)"
상록수 압구정,기타,37.525561108429756,127.0365818938662,영업/정상,"서울특별시 강남구 언주로164길 35-4, 지상1층,2층 (신사동)"
비에이치씨 역삼푸르지오점,기타,37.4961924562445,127.04398121120906,영업/정상,"서울특별시 강남구 언주로69길 17, 지하1층 B101호 중 B01호 (역삼동)"
더그레이스 켈리 수서,기타,37.4741667530876,127.11510071043286,영업/정상,"서울특별시 강남구 밤고개로21길 79, B1,2,3,4층 (율현동)"
큭큭피자 강남점,기타,37.50674884633969,127.03311739168998,영업/정상,"서울특별시 강남구 봉은사로 174, 역삼 노블루체(언주역) 지하1층 B102호 (역삼동)"
지,기타,37.523277821331675,127.02130380524116,영업/정상,서울특별시 강남구 압구정로 114 (신사동)
석암생소금구이 강남,기타,37.50334176012795,127.02612452495529,영업/정상,"서울특별시 강남구 봉은사로2길 21, 반석빌딩 1층, 2층 (역삼동)"
씨씨알,기타,37.497967713321295,127.05393966339011,영업/정상,"서울특별시 강남구 선릉로64길 20 (대치동,지하1층)"
논현삼계탕 본점,기타,37.51955105504181,127.02679944072099,영업/정상,"서울특별시 강남구 도산대로 167, 고알레 사옥 지상1층 (신사동)"
강화통통생고기 논현점,기타,37.519082102181294,127.02939932638998,영업/정상,"서울특별시 강남구 도산대로30길 12, 지상1층 (논현동)"
테이블스푼(TABLE SPOON) 청담점,기타,37.515555544711106,127.04236734449843,영업/정상,"서울특별시 강남구 선릉로 660, 1층 F113호 (삼성동, 브라운스톤레전드)"
이웃집통통이,기타,37.527313733205006,127.0387732070797,영업/정상,"서울특별시 강남구 선릉로161길 19, 지상1층 (신사동)"
싱싱푸드,기타,37.47544598042321,127.1048606263669,영업/정상,"서울특별시 강남구 자곡로 201, 강남 더샵 라르고 1층 126호 (자곡동)"
(주)불이아 역삼점,기타,37.50253930444398,127.03644637016242,영업/정상,"서울특별시 강남구 논현로 514, 지상2층 (역삼동)"
비비드(VIVID),기타,37.50670383747294,127.02389908617673,영업/정상,"서울특별시 강남구 강남대로 498, 지하1층 (논현동)"
애플,기타,37.52485462182022,127.02485148421655,영업/정상,"서울특별시 강남구 압구정로20길 7 (신사동,지하1층)"
인뉴욕,기타,37.52299484588068,127.03623792409824,영업/정상,"서울특별시 강남구 도산대로45길 8-3, 지상1층 103호 (신사동)"
쿠킹라이브러리(RED11),기타,37.52391933904598,127.03637958675893,영업/정상,"서울특별시 강남구 도산대로45길 18-10, 파크뷰빌딩 지하1층 (신사동)"
와라야키 쿠이신보,기타,37.51860298949392,127.02413116232657,영업/정상,"서울특별시 강남구 도산대로15길 6, 지상1층 (신사동)"
부대식당,기타,37.51923441537899,127.04912118823573,영업/정상,"서울특별시 강남구 학동로77길 7 (청담동,지상1층)"
바나프레소 강남우성점,기타,37.4915812160767,127.03118923180229,영업/정상,"서울특별시 강남구 강남대로 318, TOWER837 지상1층 104호 (역삼동)"
탄,기타,37.519279148069934,127.03003515934724,영업/정상,"서울특별시 강남구 논현로150길 18, 지상5층 501호 (논현동)"
청사포 울림,기타,37.52197334516884,127.03826507984512,영업/정상,서울특별시 강남구 언주로150길 50 (논현동)
소림사(소금빵),기타,37.504647325176684,127.04126317339903,영업/정상,"서울특별시 강남구 언주로 517, KT영동지사, 신라 스테이호텔 지상1층 (역삼동)"
스텔라떡볶이 강남논현점,기타,37.50720128326126,127.02500311769431,영업/정상,"서울특별시 강남구 강남대로120길 18, 1층 102호 (논현동)"
하니푸드스토리,기타,37.489161206928664,127.10094592463656,영업/정상,"서울특별시 강남구 광평로51길 27, 상가동 1층 106호 (수서동, 삼익아파트)"
메이드,기타,37.49024541284048,127.08505457458577,영업/정상,"서울특별시 강남구 일원로9길 42, 지하1층 (일원동)"
토우베,기타,37.51932538635609,127.02164591306814,영업/정상,"서울특별시 강남구 도산대로11길 31-10, 지하1층 (신사동)"
삼성물산(주)10꼬르소꼬모서울카페,기타,37.52691603616183,127.04241925035076,영업/정상,"서울특별시 강남구 압구정로 416 (청담동,지하1층)"
에이비카페(AB CAFE),기타,37.50291357810599,127.02794666082058,영업/정상,"서울특별시 강남구 강남대로102길 32, 지하1층 (역삼동)"
공리,기타,37.50902831559626,127.03199323559664,영업/정상,"서울특별시 강남구 논현로115길 10 (논현동,1층)"
(주)뚝심 선릉역점,기타,37.50455008445673,127.05073058544068,영업/정상,"서울특별시 강남구 테헤란로 410, 지하1층 (대치동, 금강타워)"
하우마라탕,기타,37.49976898301354,127.02917441354461,영업/정상,서울특별시 강남구 강남대로94길 23 (역삼동)
3호집,기타,37.51207012297578,127.04750827795965,영업/정상,"서울특별시 강남구 선릉로112길 48, 1층 (삼성동)"
킴델숀,기타,37.499177714191305,127.03975560442662,영업/정상,"서울특별시 강남구 언주로81길 47, 지상1층 (역삼동)"
스시유키,기타,37.52329355698794,127.03030710344119,영업/정상,"서울특별시 강남구 논현로164길 25 (신사동,1층)"
로스팅팩토리,기타,37.49745132704637,127.04439943556862,영업/정상,서울특별시 강남구 언주로71길 7 (역삼동)
오페라빈 에스프레소바,기타,37.49499948130003,127.03728682993406,영업/정상,"서울특별시 강남구 역삼로 166 (역삼동,(101호))"
무라사키,기타,37.523068345787486,127.03496114555749,영업/정상,"서울특별시 강남구 언주로152길 15-4 (신사동,지상1층)"
비엔에이빈스 압구정점,기타,37.527581165435635,127.03603528642982,영업/정상,"서울특별시 강남구 언주로172길 25, 지상1층 (신사동)"
베이글,기타,37.52830143138189,127.03591433544332,영업/정상,"서울특별시 강남구 언주로174길 23 (신사동,지하1층)"
요시야,기타,37.518452692779164,127.03802979554996,영업/정상,"서울특별시 강남구 학동로43길 38, 지하1층 B107호 (논현동, 논현웰스톤)"
카페 바바바(cafe BAVABA),기타,37.506815450277216,127.02567449081835,영업/정상,"서울특별시 강남구 강남대로118길 28, 지상1층 (논현동)"
나주본가 왕갈비탕 강남본점,기타,37.494511944507465,127.03020006661367,영업/정상,"서울특별시 강남구 역삼로1길 19, 지상1층 (역삼동)"
파크 에비뉴,기타,37.504650006680826,127.04220295315258,영업/정상,"서울특별시 강남구 언주로 514 (역삼동,지하1층)"
카페 강남방,기타,37.5130797605142,127.05001337381655,영업/정상,"서울특별시 강남구 봉은사로71길 12, 1층 (삼성동)"
더썬데이클럽,기타,37.522760235887496,127.0429932344101,영업/정상,"서울특별시 강남구 도산대로62길 10 (청담동,지하1층4호)"
제너릭(Zeneric),기타,37.52098940811513,127.04944012120441,영업/정상,"서울특별시 강남구 삼성로 730, 지상5층 (청담동)"
오시리,기타,37.51553094972108,127.03671953088423,영업/정상,"서울특별시 강남구 학동로 312, 빅파이브골프백화점 지하1층 (논현동)"
더이탈리안클럽,기타,37.50859530026902,127.05971847792408,영업/정상,"서울특별시 강남구 테헤란로 517, 현대백화점 10층 (삼성동)"
목련식당,기타,37.51886033763142,127.02984475904337,영업/정상,"서울특별시 강남구 도산대로30길 15 (논현동,지상1층)"
컴온,기타,37.50750438946561,127.03667220137942,영업/정상,"서울특별시 강남구 언주로107길 30 (역삼동,지하1층)"
엔제리너스커피 에스알수서역사(특설),기타,37.48605545419918,127.10422847103837,영업/정상,"서울특별시 강남구 밤고개로 99, SR수서역사내 맞이방 지하1층 (수서동)"
다미곱창,기타,37.50127813157585,127.02707349568753,영업/정상,서울특별시 강남구 테헤란로1길 44 (역삼동)
아리랑분식,기타,37.49480285306611,127.03750527268586,영업/정상,"서울특별시 강남구 역삼로20길 7, 지상1층 (역삼동)"
아펠가모 선릉점,기타,37.50297359241314,127.04653232570449,영업/정상,"서울특별시 강남구 테헤란로 322, 지상4층 (역삼동)"
헐레벌떡,기타,37.503899257898865,127.06188388287427,영업/정상,"서울특별시 강남구 역삼로 538, 블루스카이 보습학원 지상1층 101호,102호 (대치동)"
890,기타,37.51756305585248,127.0215685517305,영업/정상,"서울특별시 강남구 강남대로152길 26, 세현빌딩 지상2층 (신사동)"
피자리움2호점,기타,37.52156661003105,127.02372686792175,영업/정상,"서울특별시 강남구 논현로159길 57 (신사동,지상1층)"
위너스,기타,37.51712702579193,127.02511680569592,영업/정상,서울특별시 강남구 도산대로16길 15 (논현동)
철수네포장마차,기타,37.49845027991923,127.05257763746607,영업/정상,"서울특별시 강남구 선릉로66길 8 (대치동,지상1층)"
삼성동치킨 삼성점,기타,37.51478383355651,127.05898971772082,영업/정상,"서울특별시 강남구 영동대로115길 9 (삼성동,1층)"
남자피자 삼성점,기타,37.515485485862825,127.0496976566473,영업/정상,"서울특별시 강남구 봉은사로73길 48, 지상1층 (삼성동)"
코너,기타,37.509229594757095,127.02492237995403,영업/정상,"서울특별시 강남구 강남대로124길 30, 지상1층 104호 (논현동)"
대원정,기타,37.506690800566595,127.05189155898522,영업/정상,"서울특별시 강남구 선릉로100길 56 (삼성동,지상1층)"
커농 커피앤비어 (coffee and beer),기타,37.47187511187433,127.10693846879741,영업/정상,"서울특별시 강남구 밤고개로 252, 1층 103호 (율현동)"
이병태 함흥냉면 도곡점,냉면,37.48462257136682,127.04639008087352,영업/정상,"서울특별시 강남구 논현로28길 56, 지하1층, 지상1층, 2층 (도곡동)"
백소정 강남구청점,기타,37.51606961971495,127.04049918807128,영업/정상,"서울특별시 강남구 선릉로129길 13, 2층 (논현동)"
커피볶는곰,기타,37.49903403780334,127.05280727017457,영업/정상,"서울특별시 강남구 선릉로68길 12 (대치동,지상1층)"
메이차이,기타,37.48266364841879,127.0620603620671,영업/정상,"서울특별시 강남구 선릉로4길 11, 지하1층 (개포동)"
개러지 사운드 도곡(볼륨버거),기타,37.48535105728231,127.0442620714037,영업/정상,"서울특별시 강남구 논현로38길 32, 1층 일부호 (도곡동)"
노터블(notoble),기타,37.52797374778474,127.03720009306171,영업/정상,"서울특별시 강남구 압구정로46길 5-6, A동204호 (신사동, 로데오스타빌딩)"
99육회본가 선릉점,기타,37.505656575928384,127.04706172322861,영업/정상,"서울특별시 강남구 테헤란로55길 17, URBAN9 1층 (역삼동)"
모미지 강남논현점,기타,37.50681827382005,127.02413998136512,영업/정상,"서울특별시 강남구 봉은사로1길 33, 지상2층 (논현동)"
마노디셰프 강남점,기타,37.50011785425546,127.03222166172274,영업/정상,"서울특별시 강남구 테헤란로 129, 지하2층 (역삼동)"
일레븐 롤스,기타,37.52599453363931,127.04044222795292,영업/정상,"서울특별시 강남구 선릉로 830, 1층 (청담동)"
토리키치 신논현점,기타,37.505945763356365,127.02587357404954,영업/정상,"서울특별시 강남구 강남대로114길 20, 지하2층 2호 (논현동)"
부엉이 식당(ミミズク),기타,37.50567499876464,127.05848066222158,영업/정상,"서울특별시 강남구 삼성로86길 12, 지상2층 (대치동)"
오로라,기타,37.521438466573656,127.05694589350674,영업/정상,서울특별시 강남구 영동대로 712 (청담동)
강남홀덤,기타,37.50430184695966,127.0548089571864,영업/정상,"서울특별시 강남구 삼성로85길 33, 지상2층 205호 (대치동)"
호치킨,기타,37.48232133136462,127.06134553817736,영업/정상,"서울특별시 강남구 선릉로 28, 지상1층 102호 (개포동, 일영빌딩)"
더씨오씨(C.O.C),기타,37.5101154524677,127.05744183362938,영업/정상,"서울특별시 강남구 삼성로100길 25, 지하1층 (삼성동)"
올라포케 역삼점,기타,37.5014473109603,127.03386468681198,영업/정상,"서울특별시 강남구 논현로95길 29-8, 지상1층 102호 (역삼동)"
곰바위,기타,37.51507734855086,127.05864800484295,영업/정상,"서울특별시 강남구 봉은사로97길 16 (삼성동, 외2필 지하2층~지상2층)"
탐미안,기타,37.48344772135203,127.06024624585241,영업/정상,"서울특별시 강남구 선릉로16길 4-8, 지상1층 101호 (개포동)"
지호한방삼계탕,기타,37.51453762059608,127.05848572380104,영업/정상,"서울특별시 강남구 영동대로115길 16, 지상1층 (삼성동)"
럭키김밥,기타,37.49045040211117,127.03999721605096,영업/정상,"서울특별시 강남구 논현로 213 (도곡동,지하 111호)"
모로미쿠시,기타,37.515437761891405,127.04111249173742,영업/정상,"서울특별시 강남구 선릉로127길 7 (논현동,지상1층)"
토프랜드,기타,37.52787076328644,127.0318884209931,영업/정상,"서울특별시 강남구 언주로173길 19 (신사동,지상1층)"
오월의 가로수,기타,37.52040479100007,127.02387428197254,영업/정상,"서울특별시 강남구 논현로153길 54, 지하1층 (신사동)"
막끌리네 선릉점,기타,37.50308212981942,127.05208706954211,영업/정상,"서울특별시 강남구 선릉로82길 25, 삼정빌딩 지상1층 (대치동)"
올라포케 삼성점,기타,37.50697913960668,127.06089475610497,영업/정상,"서울특별시 강남구 영동대로85길 34, 지상1층 102호 (대치동)"
수린,기타,37.52536281938355,127.03548773492678,영업/정상,"서울특별시 강남구 언주로164길 24, 3층 (신사동, 아크로스 빌딩)"
포텐,기타,37.512548142773426,127.05315978162129,영업/정상,"서울특별시 강남구 삼성로 573, 성원빌딩 지하1층 (삼성동)"
에쏘빈 (ESSO BEAN),기타,37.495194295080225,127.0317817722817,영업/정상,"서울특별시 강남구 역삼로5길 21, 지상1층 (역삼동)"
배꼽집,기타,37.512521154961824,127.05881929973503,영업/정상,"서울특별시 강남구 영동대로 513, 코엑스 지하1층 P106호 (삼성동)"
와인앤다인,기타,37.52389374086157,127.05412389343165,영업/정상,"서울특별시 강남구 영동대로 737 (청담동,1층)"
팔공키친,기타,37.505945763356365,127.02587357404954,영업/정상,"서울특별시 강남구 강남대로114길 20, 지하1층 2호 (논현동)"
원자맘대로,기타,37.50297385927619,127.0562757091386,영업/정상,"서울특별시 강남구 역삼로77길 7, 1층 102호 (대치동, 리유센트빌)"
이가네 양꼬치,기타,37.485398648776815,127.03478108326874,영업/정상,"서울특별시 강남구 남부순환로351길 8, 지하1층 (도곡동)"
넙딱집,기타,37.494975045523205,127.03938390725948,영업/정상,"서울특별시 강남구 논현로 333, 지상1층 102호 (역삼동)"
김밥천국대치역점,기타,37.4938288264825,127.0629407625155,영업/정상,"서울특별시 강남구 삼성로 155 (대치동,지상1층123호)"
카페935(한티점),기타,37.498148687431986,127.0554163336869,영업/정상,"서울특별시 강남구 선릉로62길 37, 지상1층 (대치동)"
화돌농장 무안뻘낙지 삼성점,기타,37.51317761385538,127.06510123719885,영업/정상,"서울특별시 강남구 봉은사로112길 27, 지하1층 (삼성동)"
사와레,기타,37.51076059923866,127.05082218170823,영업/정상,"서울특별시 강남구 봉은사로68길 21, 2층 (삼성동)"
우슬 역삼,기타,37.49814989729155,127.03493053687897,영업/정상,"서울특별시 강남구 테헤란로20길 25, 3,4층 (역삼동)"
오사카카레콘유,기타,37.52068150615768,127.02261260019432,영업/정상,"서울특별시 강남구 강남대로160길 49, 1층 (신사동)"
자매수산,기타,37.50087168931326,127.02770346401162,영업/정상,"서울특별시 강남구 봉은사로18길 90, 지상2층 (역삼동)"
강민철 레스토랑,기타,37.52493821669953,127.04365737118887,영업/정상,"서울특별시 강남구 도산대로63길 18, 청담빌딩 지상5층 (청담동)"
단미그린비,기타,37.47928644122777,127.1026902469742,영업/정상,서울특별시 강남구 밤고개로14길 13-50 (자곡동)
이백서서갈비,기타,37.50539355783386,127.02560796940939,영업/정상,"서울특별시 강남구 강남대로112길 14, 지상2층 (논현동)"
트리니티,기타,37.523239085406445,127.03580231620144,영업/정상,"서울특별시 강남구 도산대로45길 14, 지하2층 (신사동)"
스피니치(SPINACH),기타,37.50500263414722,127.06337320572231,영업/정상,"서울특별시 강남구 역삼로 555, 지하1층 B101-1A호 (대치동, 대치동더블유타워)"
미누씨(minu.c),기타,37.481723399738506,127.04357261698587,영업/정상,"서울특별시 강남구 논현로26길 4, 1층 (도곡동)"
산쪼메,기타,37.52593860272878,127.02758697385379,영업/정상,"서울특별시 강남구 논현로175길 11, 일상빌딩 지상1층 102호 (신사동)"
모던바,기타,37.50279176677786,127.05200534899728,영업/정상,"서울특별시 강남구 역삼로63길 24, 지상5층 (대치동)"
김가네김밥,기타,37.49133923251708,127.08273869512023,영업/정상,서울특별시 강남구 일원로5길 24 (일원동)
십 앤드 칠(SIP N CHILL),기타,37.52090166643672,127.0231934501594,영업/정상,"서울특별시 강남구 도산대로15길 41, 지하1층 B02호 (신사동)"
맥 플러스(Mac Plus),기타,37.51780448620305,127.02081332220475,영업/정상,"서울특별시 강남구 강남대로154길 20, 지상1층 (신사동)"
콩카페(CONG CAPHE),기타,37.517416903434075,127.0398386941126,영업/정상,"서울특별시 강남구 선릉로131길 11, 지상1층 102호 (논현동)"
청담한식뷔페,기타,37.52087091249136,127.05762693725319,영업/정상,"서울특별시 강남구 학동로101길 7, 지하1층 (청담동)"
리빠똥,기타,37.51586347887079,127.06451116926027,영업/정상,"서울특별시 강남구 영동대로112길 51 (삼성동,지상1층)"
모미모미(MOMIMOMI),기타,37.49269141366099,127.0306593211146,영업/정상,"서울특별시 강남구 강남대로 330, 지하1층 2호 (역삼동, 우덕빌딩 UNIT)"
무한주식회사,기타,37.50488136710784,127.0423564558803,영업/정상,"서울특별시 강남구 언주로98길 8, SMC빌딩 지상1층 (역삼동)"
한국집 서울,기타,37.49306371981877,127.04209418430248,영업/정상,"서울특별시 강남구 도곡로 213, 마고빌딩 지하1층(B02호),지상1~2층 전체호 (역삼동)"
에스트릭 에잇(asterisk 8),기타,37.51048782816495,127.02489778262864,영업/정상,"서울특별시 강남구 강남대로128길 34, 지상1층 101호 (논현동)"
비노스앤 vinos&,기타,37.521919756554986,127.04221664718379,영업/정상,"서울특별시 강남구 선릉로146길 29, 지하1층 (청담동)"
한단고기,기타,37.48470775030117,127.09706722315002,영업/정상,서울특별시 강남구 광평로 220 (수서동)
바나프레소 을지병원사거리점,기타,37.51845931061263,127.02605154445065,영업/정상,"서울특별시 강남구 도산대로 158, 세양 APEX TOWER 지상1층 103호 (논현동)"
푸드2900논현씨티점,기타,37.52138956378759,127.03739419136711,영업/정상,서울특별시 강남구 도산대로50길 16 (논현동)
포차일,기타,37.485462510917905,127.04470960586826,영업/정상,"서울특별시 강남구 논현로38길 36, 지상1층 (도곡동)"
북창동 순두부 강남구청점,기타,37.51547020856301,127.04270040012207,영업/정상,"서울특별시 강남구 학동로56길 26, 지상2층 (삼성동)"
역전할머니 맥주 서울일원점,기타,37.48970942556342,127.08241509907317,영업/정상,"서울특별시 강남구 양재대로29길 6 (일원동,지상1층)"
종로분식식당,기타,37.49113264297893,127.1001776013878,영업/정상,"서울특별시 강남구 광평로51길 49 (수서동,종합주공상가201호)"
장수서울순대가,기타,37.507284939407164,127.06137768685417,영업/정상,"서울특별시 강남구 테헤란로92길 11 (대치동,지상1층)"
잭슨피자 개포점,기타,37.47863625797586,127.05388043017929,영업/정상,"서울특별시 강남구 개포로 264, 상가1동 지하1층 101호 (개포동, 개포 래미안 포레스트)"
야키니쿠 규,기타,37.51061725862691,127.05607859349807,영업/정상,"서울특별시 강남구 테헤란로81길 60-5, 지상1층 (삼성동)"
케이준치킨,기타,37.47928283288243,127.05947978009515,영업/정상,"서울특별시 강남구 개포로 310 (개포동,1호동2호)"
고귀한 식탁,기타,37.49870067584982,127.03157677479244,영업/정상,"서울특별시 강남구 테헤란로 124, 삼원타워 지하1층 B110-1호 (역삼동)"
봄의정원 가로수길점,기타,37.518179997786845,127.02120376706443,영업/정상,"서울특별시 강남구 압구정로2길 58, 지하1층 102호 (신사동)"
메가엠지씨커피 역삼초교교차로점,기타,37.49355812886009,127.03271917897744,영업/정상,"서울특별시 강남구 역삼로 120, 지상1층 (역삼동)"
신사양꼬치(가로수길본점),기타,37.518036180341724,127.02202616934287,영업/정상,"서울특별시 강남구 강남대로152길 33, 지상2층 (신사동)"
유로스커피로스터스 대치본점,기타,37.506392686563025,127.05836135483119,영업/정상,"서울특별시 강남구 테헤란로84길 12, 마루빌딩 1층 101호 (대치동)"
갓포돈(역삼2호점),기타,37.50350057444593,127.03690110137204,영업/정상,"서울특별시 강남구 봉은사로30길 63, 1층 (역삼동)"
구백냥 곱창,기타,37.49396878348001,127.03816020783033,영업/정상,"서울특별시 강남구 역삼로20길 22, 지상1층 102-1호 (역삼동)"
페스틴 캐주얼,기타,37.5182003595211,127.02240548318582,영업/정상,"서울특별시 강남구 도산대로11길 11, 2층 (신사동)"
더33,기타,37.517651025899525,127.02821424902508,영업/정상,"서울특별시 강남구 도산대로26길 23, 지하1층  B01호 (논현동)"
타이반쩜 대치점,기타,37.4992037877254,127.0630993764294,영업/정상,"서울특별시 강남구 도곡로 516, 지상1층 111호 (대치동)"
오사무식당,기타,37.499719131778065,127.03489804306014,영업/정상,"서울특별시 강남구 테헤란로 142, 캐피탈타워 지상1층 (역삼동)"
주식회사 김미김미,기타,37.50085838008427,127.04058796164693,영업/정상,"서울특별시 강남구 언주로85길 32, 역삼역센트럴푸르지오 지하1층 B101B-CA11호 (역삼동)"
소운빙,기타,37.49914371777531,127.0524736775372,영업/정상,"서울특별시 강남구 선릉로68길 9, 지상1층 103호 (대치동)"
소연,기타,37.511722063843024,127.05574188414562,영업/정상,"서울특별시 강남구 봉은사로84길 24-2 (삼성동,지상1,2층)"
이번역은 파스타입니다,기타,37.50903472659918,127.03656027345019,영업/정상,"서울특별시 강남구 봉은사로37길 11, 지하1층 (논현동)"
평가옥2,기타,37.50702473890824,127.05282822528085,영업/정상,"서울특별시 강남구 삼성로95길 37 (삼성동,지상2층)"
연회장,기타,37.49225837875556,127.0389276910569,영업/정상,"서울특별시 강남구 논현로63길 25, 지하1층 주방5호 (역삼동)"
웨스턴빌리지,기타,37.526171169776575,127.03883076252762,영업/정상,"서울특별시 강남구 선릉로157길 14, 한주빌딩 지상1층 103호 (신사동)"
다크그림(Dark grym),기타,37.50530753649028,127.02538086058345,영업/정상,"서울특별시 강남구 강남대로112길 12, 지상1층 (논현동)"
싸움의 고수 대치점,기타,37.49891225617895,127.0619543716901,영업/정상,"서울특별시 강남구 도곡로 510, 내제1층 3호 (대치동)"
클로즈키친,기타,37.52182966799842,127.02360469726864,영업/정상,"서울특별시 강남구 압구정로14길 39, 지상1층 102호 (신사동)"
부엌데기 압구정점,기타,37.522857239046125,127.03153233774849,영업/정상,"서울특별시 강남구 도산대로37길 28, 지상1층 (신사동)"
형제 곱창,기타,37.478271930540735,127.04681608635889,영업/정상,"서울특별시 강남구 논현로20길 24 (개포동,지상1층)"
서리풀 불대창 덮밥,기타,37.50357434023682,127.05428035340167,영업/정상,"서울특별시 강남구 삼성로81길 43, 지상2층 7호 (대치동)"
알렌 컨티뉴엄,기타,37.50321166394403,127.04149158215341,영업/정상,"서울특별시 강남구 테헤란로 231, 센터필드 EAST 2층 E205호 (역삼동)"
포텐,기타,37.50332351446021,127.05350980973554,영업/정상,"서울특별시 강남구 선릉로82길 42, 지상1층 102호 (대치동, Samyoung Vill)"
송학,기타,37.509465258014444,127.02362067655854,영업/정상,"서울특별시 강남구 학동로4길 32 (논현동,지하1층)"
유메오뎅 압구정로데오,기타,37.525749328161446,127.03829302790088,영업/정상,"서울특별시 강남구 도산대로51길 40, 1층 105~107호 (신사동)"
커피에스페란토,기타,37.485996463165534,127.03558468676512,영업/정상,"서울특별시 강남구 남부순환로355길 17, 1층 101호 (도곡동)"
버터(BUTTER),기타,37.52438889946966,127.03735760779598,영업/정상,"서울특별시 강남구 도산대로49길 22, 아가페 트리 지상8층 (신사동)"
스패뉴가로수점,기타,37.520193459401455,127.02284544443457,영업/정상,"서울특별시 강남구 도산대로13길 33 (신사동,2층)"
외길 곱창,기타,37.49396878348001,127.03816020783033,영업/정상,"서울특별시 강남구 역삼로20길 22, 지상1층 102-4호 (역삼동)"
월드맛집,기타,37.51995394429284,127.02608538151469,영업/정상,"서울특별시 강남구 논현로151길 26 (신사동,지상 1층)"
봉화 면옥,기타,37.474711431122735,127.04811377431983,영업/정상,"서울특별시 강남구 논현로 44, 지상1층 (개포동)"
반장떡맥(역삼점),기타,37.49854340335709,127.03504106478107,영업/정상,"서울특별시 강남구 테헤란로20길 19, 지하1층 B108, B109호 (역삼동, 엘지역삼에클라트)"
이디야커피 한티역점,기타,37.49795554786218,127.05613023223293,영업/정상,"서울특별시 강남구 도곡로69길 8, 지상1층 (대치동)"
수호라운지,기타,37.49905361148707,127.03230592555786,영업/정상,"서울특별시 강남구 테헤란로 126, 대공빌딩 지하1층 (역삼동)"
쿠지(COOGEE),기타,37.49469404929518,127.03226954139305,영업/정상,"서울특별시 강남구 역삼로5길 12, 지상1층 (역삼동)"
스모크하우스,기타,37.51057756980608,127.05583561234731,영업/정상,"서울특별시 강남구 테헤란로81길 62, 2층 (삼성동)"
플라스틱,기타,37.508454974650405,127.03588922217244,영업/정상,"서울특별시 강남구 봉은사로33길 6, 지상2층 (논현동)"
준배막창본점,기타,37.50872979170793,127.03579217253144,영업/정상,"서울특별시 강남구 봉은사로33길 10, 효림빌딩 1층 (논현동)"
그랜드 인터컨티넨탈 서울 파르나스,기타,37.50904780086485,127.06089284405361,영업/정상,서울특별시 강남구 테헤란로 521 (삼성동)
스위시 학동점,기타,37.512851816214045,127.03437946795822,영업/정상,"서울특별시 강남구 언주로125길 11, 지상1층 105호 (논현동)"
한성양꼬치,기타,37.49447215138228,127.03152782072262,영업/정상,"서울특별시 강남구 역삼로3길 14 (역삼동,지상1층)"
플레이,기타,37.52533675017158,127.03788276507943,영업/정상,"서울특별시 강남구 도산대로51길 33, 지상4층 (신사동)"
본죽&비빔밥 cafe(대치롯데점),기타,37.49716211709458,127.05478128973922,영업/정상,"서울특별시 강남구 도곡로 405, 지상1층 104호 (대치동)"
블랑커피(Blanc Coffee),기타,37.47582746625927,127.05006796379793,영업/정상,"서울특별시 강남구 개포로22길 54, 지상1층 102호 (개포동)"
예담,기타,37.50098434144177,127.03192871007184,영업/정상,"서울특별시 강남구 테헤란로13길 21, 지하1층, 지상1층 (역삼동)"
펜오브유,기타,37.5192164242249,127.04861719481397,영업/정상,"서울특별시 강남구 삼성로133길 15 (청담동,지하2층)"
클로리스 역삼점,기타,37.503058808024136,127.0354358188309,영업/정상,"서울특별시 강남구 논현로 523, 노바빌딩 1층 (역삼동)"
프로그커피 브루어리,기타,37.52374763717784,127.03071682338458,영업/정상,"서울특별시 강남구 도산대로35길 46, 지상1층 102호 (신사동, 리갈팰리스)"
하오마라 선릉점,기타,37.504744743334676,127.04617385495284,영업/정상,"서울특별시 강남구 선릉로93길 30, 2층 (역삼동)"
리파인 강남역점,기타,37.50163763212729,127.02689153548545,영업/정상,"서울특별시 강남구 강남대로100길 10, 지상3층 (역삼동)"
델리백,기타,37.49168895203148,127.03978074604099,영업/정상,"서울특별시 강남구 도곡로 184, 신호빌딩 지상1층 103호 (도곡동)"
라포레,기타,37.51950554026221,127.05168023468505,영업/정상,"서울특별시 강남구 학동로87길 7 (청담동,지하1층)"
사다리카페,기타,37.51245831860277,127.03207674285521,영업/정상,"서울특별시 강남구 논현로124길 5, 지상2층 201-12호 (논현동)"
정진해장국,기타,37.51738707777583,127.02111319555318,영업/정상,"서울특별시 강남구 강남대로152길 20, 지상1, 지하1층 (신사동)"
문리버클래식바,기타,37.52313041176759,127.03617080671002,영업/정상,"서울특별시 강남구 도산대로45길 10-4, 지하1층 (신사동)"
광장포차818,기타,37.49963549127382,127.02859491667881,영업/정상,"서울특별시 강남구 강남대로94길 15, 지상2층 (역삼동)"
김영희동태찜앤코다리냉면 대치점,냉면,37.49750665280686,127.0535737480905,영업/정상,"서울특별시 강남구 선릉로62길 13, 지상1층 (대치동)"
강남집밥2,기타,37.50793197603891,127.03499847249216,영업/정상,"서울특별시 강남구 봉은사로 209, 15층 (논현동)"
맘스 맘,기타,37.515961389024234,127.03109913288449,영업/정상,"서울특별시 강남구 논현로136길 12 (논현동,지상1층)"
무쇠김치삼겹,기타,37.51740586767198,127.02050049947907,영업/정상,"서울특별시 강남구 강남대로152길 13, 지상1층 (신사동)"
시선 강남2호점,기타,37.49997752721779,127.0273847159866,영업/정상,"서울특별시 강남구 테헤란로1길 25, 지상1층 (역삼동)"
우화당 블랙,기타,37.5101154524677,127.05744183362938,영업/정상,"서울특별시 강남구 삼성로100길 25, 지하1층 (삼성동)"
아론파크(Aaron Park),기타,37.518878092774386,127.02360606099907,영업/정상,"서울특별시 강남구 도산대로13길 14-4, 지상4층 (신사동)"
미락전복,기타,37.49872943686208,127.06201011197682,영업/정상,서울특별시 강남구 삼성로58길 9 (대치동)
맥주여행,기타,37.50521453149829,127.04764974461072,영업/정상,"서울특별시 강남구 선릉로93길 9, 지상2층 (역삼동)"
탕화쿵푸 압구정역점,기타,37.52738990047494,127.03095685021555,영업/정상,"서울특별시 강남구 압구정로34길 11, 압구정스퀘어 지상1층 110호 (신사동)"
지유가오카 핫초메 8호점,기타,37.50235302656792,127.04672834748939,영업/정상,"서울특별시 강남구 테헤란로52길 16, 지하1층 11호 (역삼동, 상가1동)"
쿠킹라이브러리,기타,37.52565783774487,127.03565454843844,영업/정상,"서울특별시 강남구 압구정로46길 46, 1층 (신사동)"
막퍼주는집,기타,37.494403892320314,127.04018486605015,영업/정상,"서울특별시 강남구 논현로 326, 지하1층 (역삼동)"
원더랩앤코(주),기타,37.52668782359222,127.0409508588538,영업/정상,"서울특별시 강남구 도산대로55길 47, 지하1층 (청담동)"
장모님밥상,기타,37.50061488640295,127.03188041225087,영업/정상,"서울특별시 강남구 강남대로94길 57, 역삼동빌딩 지상2층 (역삼동)"
황해도족발 이화수육개장,기타,37.494810398492454,127.03096177070198,영업/정상,"서울특별시 강남구 역삼로3길 19, 지상2층 (역삼동)"
과일 앤 도시락,기타,37.51471573713034,127.02266865296949,영업/정상,"서울특별시 강남구 강남대로146길 28, 201동 지하1층 지층4호 (논현동, 논현아파트)"
뽁당볶음밥 강남본점,기타,37.51054182685763,127.03594543667222,영업/정상,"서울특별시 강남구 언주로 615, 논현 아이파크 103동 지하1층 B104호 (논현동)"
익스퀴진(exquisine),기타,37.52105155063718,127.04967451251173,영업/정상,"서울특별시 강남구 삼성로140길 6, 지상1층 (청담동, 라파빌딩)"
광주섬진강,기타,37.518452692779164,127.03802979554996,영업/정상,"서울특별시 강남구 학동로43길 38, 지하1층 B153호 (논현동, 논현웰스톤)"
레솔베르청담점,기타,37.52468926725603,127.04098704468198,영업/정상,"서울특별시 강남구 도산대로57길 13-4, 2층 (청담동)"
비비큐BBQ 개포대청역점,기타,37.49269402398625,127.07562822482916,영업/정상,"서울특별시 강남구 개포로 615, 석탑프라자 지하1층 B102호 (개포동)"
하연 한정식,기타,37.513651745711876,127.04004918598822,영업/정상,"서울특별시 강남구 봉은사로47길 60, 지상1층 (논현동)"
촌돈,기타,37.46315838751483,127.10293534859333,영업/정상,"서울특별시 강남구 헌릉로570길 30, 2층 203호 (세곡동, 세곡프로데코빌딩)"
본가 신의주 찹쌀순대,기타,37.51487298608517,127.06070436648093,영업/정상,"서울특별시 강남구 영동대로112길 6 (삼성동,지상1층)"
에끌레어,기타,37.50788041681197,127.03824305319444,영업/정상,"서울특별시 강남구 언주로 563 (역삼동,지상2층)"
생활맥주 테헤란로점,기타,37.50455692289678,127.0465479774976,영업/정상,"서울특별시 강남구 선릉로93길 27, 아름빌딩 지상1층 (역삼동)"
군불노,기타,37.526692321327396,127.0438968310753,영업/정상,서울특별시 강남구 압구정로 430 (청담동)
피카소,기타,37.51235882475732,127.05326043833387,영업/정상,"서울특별시 강남구 삼성로 571 (삼성동,지하2층)"
사계절 후르츠 락,기타,37.51225648904342,127.03450108479473,영업/정상,"서울특별시 강남구 학동로38길 40, 지상1층 104호 (논현동)"
한옥면,기타,37.50941052320556,127.03621382444794,영업/정상,"서울특별시 강남구 언주로113길 14, 논현동 빌딩 지상1층 5호 (논현동)"
주식회사 웍셔너리,기타,37.52388825958499,127.0385072025805,영업/정상,"서울특별시 강남구 도산대로53길 12, 1층 (신사동)"
간장 블루스,기타,37.49791298577194,127.03801983689678,영업/정상,"서울특별시 강남구 논현로 423, 지하1층 (역삼동)"
육미식탁,기타,37.50167706433163,127.05225412535069,영업/정상,"서울특별시 강남구 선릉로76길 22 (대치동,우리빌딩 지상1층)"
은마골,기타,37.49905209560833,127.06239294826824,영업/정상,서울특별시 강남구 도곡로 510 (대치동)
골목,기타,37.49271238887623,127.03690561221157,영업/정상,"서울특별시 강남구 논현로65길 42, 지상1층 101호 (역삼동)"
(주)캘리스코 타코벨 역삼점,기타,37.49901911262547,127.03644688796466,영업/정상,"서울특별시 강남구 논현로85길 11, 1층 (역삼동)"
필경재,기타,37.48487016936615,127.09523193100691,영업/정상,서울특별시 강남구 광평로 205 (수서동)
봉된장,기타,37.497579297517134,127.03301261601113,영업/정상,"서울특별시 강남구 테헤란로10길 25 (역삼동,지상1층102호)"
본도시락 강남구청역점,기타,37.514492640851834,127.04199587217398,영업/정상,"서울특별시 강남구 선릉로 649, 지상1층 (논현동)"
셀러브레이트(Celebrate),기타,37.52177451887926,127.03112619412043,영업/정상,"서울특별시 강남구 논현로152길 37, 지하2층 (신사동)"
제이피셰프다이어리,기타,37.513668567631036,127.02206756498207,영업/정상,"서울특별시 강남구 학동로3길 30, 지상1층 (논현동)"
스트릿 스퀘어점,기타,37.49436796386666,127.03026938877758,영업/정상,"서울특별시 강남구 역삼로1길 17, 지상1층 (역삼동)"
제로파티룸,기타,37.52403726481218,127.04334399489083,영업/정상,"서울특별시 강남구 도산대로 435, 삼이빌딩 지하2층 (청담동)"
파크하얏트서울,기타,37.50856679166254,127.0641468957995,영업/정상,"서울특별시 강남구 테헤란로 606, 호텔아이파크(주) 지하1층 (대치동)"
명품 포차,기타,37.52503517895801,127.04842266157408,영업/정상,"서울특별시 강남구 압구정로79길 16, 지상1층 (청담동)"
다다익찬,기타,37.491728190739884,127.03183980265206,영업/정상,"서울특별시 강남구 강남대로66길 14, 강남역 와이즈 플레이스 지하1층 B102호 (역삼동)"
랍스터바,기타,37.52856183010993,127.04005459356938,영업/정상,"서울특별시 강남구 압구정로 343, 지하1층 (압구정동)"
바나프레소 강남역점,기타,37.49897450912179,127.029534581587,영업/정상,"서울특별시 강남구 테헤란로 113, 목화밀라트 지상1층 101호 (역삼동)"
키헤이커피,기타,37.51182813595034,127.05318399881844,영업/정상,"서울특별시 강남구 봉은사로78길 15, 지상1층 101호 (삼성동)"
바나프레소 선릉위워크점,기타,37.503446065745614,127.04985320201862,영업/정상,"서울특별시 강남구 선릉로 428, 지상1층 (대치동)"
청담동칼국수,칼국수,37.525291699069605,127.05255319665629,영업/정상,"서울특별시 강남구 도산대로101길 3, 지상3층 (청담동)"
은마식당,기타,37.49741797119301,127.06532707074464,영업/정상,"서울특별시 강남구 삼성로 212, 지하층 9-1호 (대치동, 은마상가 B블럭)"
썬샤인,기타,37.48268253238148,127.06151178470796,영업/정상,서울특별시 강남구 선릉로6길 5 (개포동)
스시쇼우키,기타,37.50379196974881,127.03983800541087,영업/정상,"서울특별시 강남구 언주로93길 22-5, 지상1층 (역삼동)"
도래곱창,기타,37.49396878348001,127.03816020783033,영업/정상,"서울특별시 강남구 역삼로20길 22, 지상1층 102-2호 (역삼동)"
꼬꼬,기타,37.517512523206165,127.04619298638954,영업/정상,"서울특별시 강남구 선릉로130길 57, 지상1층 16호 (삼성동)"
솔향기,기타,37.51399413506795,127.06191889997837,영업/정상,"서울특별시 강남구 봉은사로104길 6 (삼성동,지하1층)"
고센뷰티& 커스텀커피(도산점)& 더뷰도산,기타,37.52588681758822,127.03404147241561,영업/정상,"서울특별시 강남구 언주로168길 6-9, 지상4층 (신사동)"
하모,기타,37.523353498708694,127.0327945013207,영업/정상,"서울특별시 강남구 언주로 819, 지상2층 (신사동)"
파삐쓰 타코(Papis Taco),기타,37.525749328161446,127.03829302790088,영업/정상,"서울특별시 강남구 도산대로51길 40, 지상1층 104호 (신사동)"
이코복스커피 스튜디오 삼성역 글래드호텔점,기타,37.50885063061025,127.06453692158235,영업/정상,"서울특별시 강남구 테헤란로 610, 호텔 글래드 강남 코엑스센터 지상1층, 지하2층 (대치동)"
제레미도산,기타,37.520407250459,127.03609523539045,영업/정상,"서울특별시 강남구 언주로148길 14, 청호불교문화원 라동 지상1층 105호 (논현동)"
신포우리만두코엑스점,기타,37.51039790008076,127.0611933146357,영업/정상,"서울특별시 강남구 영동대로 511 (삼성동,(매장번호C6))"
원스타 올드패션드 햄버거,기타,37.48287175661569,127.04436622119366,영업/정상,"서울특별시 강남구 논현로26길 23, 지상1층 (도곡동)"
박선장네,기타,37.4910265075269,127.08769569982142,영업/정상,"서울특별시 강남구 일원로9길 76, 1층 102호 (일원동)"
석이테이블,기타,37.51289595376957,127.042539080984,영업/정상,"서울특별시 강남구 선릉로 629, 8층 (논현동)"
빵빵떡볶이,기타,37.50288036263588,127.05035350766666,영업/정상,"서울특별시 강남구 선릉로86길 6-4, 지하1층 (대치동)"
오늘,기타,37.50011852228789,127.06605827557422,영업/정상,"서울특별시 강남구 영동대로57길 14, 지상1층 (대치동)"
기찬메밀,기타,37.512115701696494,127.04765890895708,영업/정상,"서울특별시 강남구 선릉로112길 50 (삼성동,지하1층)"
사카바호빈,기타,37.522482637153296,127.03208275452413,영업/정상,"서울특별시 강남구 언주로153길 13, 1층 102호 (신사동)"
양산도 역삼점,기타,37.497774803465646,127.03246708676632,영업/정상,"서울특별시 강남구 논현로85길 70, 지상1층 101호 (역삼동)"
와이식당,기타,37.51054182685763,127.03594543667222,영업/정상,"서울특별시 강남구 언주로 615 (논현동,지상1층)"
골라먹는 팔도밥상,기타,37.50085838008427,127.04058796164693,영업/정상,"서울특별시 강남구 언주로85길 32, 역삼역센트럴푸르지오 지하1층 B123호 (역삼동)"
키친(Kitchen)7055,기타,37.501282060409984,127.03108039209411,영업/정상,"서울특별시 강남구 강남대로94길 51-14, 지하1층 101호 (역삼동, 프리우스역삼아파트)"
못된VR 논현카페,기타,37.506797477629945,127.02470559626258,영업/정상,"서울특별시 강남구 강남대로118길 15, 2층 (논현동)"
로스옥 양재점,기타,37.48601934447833,127.0337350985621,영업/정상,"서울특별시 강남구 강남대로 252, 1,2층 (도곡동)"
미스티,기타,37.52209040257379,127.03313628546542,영업/정상,"서울특별시 강남구 언주로 805, 지하1층 (신사동)"
이태리키친 바이 우에노421,기타,37.50321166394403,127.04149158215341,영업/정상,"서울특별시 강남구 테헤란로 231, 센터필드 지하2층 WB04호 (역삼동)"
포노 부오노(PONO BUONO),기타,37.523047001697236,127.03640060200371,영업/정상,"서울특별시 강남구 도산대로45길 8-7, 지상2층 (신사동)"
녹턴,기타,37.520022938228685,127.03548366892156,영업/정상,"서울특별시 강남구 언주로146길 7, 지하1층 (논현동)"
산곰장어,기타,37.509369943456214,127.03719812716545,영업/정상,"서울특별시 강남구 언주로 605 (논현동,1층3,4호)"
큐비,기타,37.51057143343006,127.0631983987264,영업/정상,"서울특별시 강남구 영동대로96길 8 (삼성동,석광빌딩지하1층)"
청담보쌈,기타,37.514492640851834,127.04199587217398,영업/정상,"서울특별시 강남구 선릉로 649, 대훈빌딩 지상1층 101호 (논현동)"
임진강 한우마을(대치은마점),기타,37.49863790136241,127.06146228276074,영업/정상,"서울특별시 강남구 삼성로 238 (대치동,번지2,3호성창상가지상2층207호)"
신사랑,기타,37.51955439126105,127.02062140341746,영업/정상,"서울특별시 강남구 압구정로2길 35, 지상1층 101호 (신사동)"
솟대,기타,37.52814942842982,127.03804883840809,영업/정상,"서울특별시 강남구 압구정로 334 (신사동,한양상가201,202호)"
인더키친 몽뜨레셰프 청담본점,기타,37.52403726481218,127.04334399489083,영업/정상,"서울특별시 강남구 도산대로 435, 삼이빌딩 10층 (청담동)"
뮤즈,기타,37.52411335991312,127.0368065775334,영업/정상,"서울특별시 강남구 압구정로46길 71-1, 지하1층 (신사동)"
타이홀릭,기타,37.500658945662806,127.03416279043074,영업/정상,"서울특별시 강남구 강남대로94길 86, 지하1층 (역삼동)"
샐러드박스 삼성역점,기타,37.50770316501531,127.06468754548813,영업/정상,"서울특별시 강남구 영동대로86길 6, 1층 (대치동, 지산빌딩)"
正닭곰탕,기타,37.48812055362653,127.05107766375514,영업/정상,"서울특별시 강남구 언주로30길 13 (도곡동,대림아크로텔 지하11호)"
라이스 이즈 나우(RICE IS NOW),기타,37.47425345937888,127.11389591004031,영업/정상,"서울특별시 강남구 밤고개로21길 69, 엔투셀빌딩 지상1층 104호 (율현동)"
음식제작소 AMW,기타,37.51022936253684,127.0350450867531,영업/정상,"서울특별시 강남구 봉은사로33길 34, 지하1층 6호 (논현동)"
reveur(레브어),기타,37.52254220294554,127.04121689532192,영업/정상,"서울특별시 강남구 도산대로58길 12, K2빌딩 2층 (청담동)"
그때 그 닭발 1988 그리고 꼬리족발,기타,37.50971063779348,127.05205511579148,영업/정상,"서울특별시 강남구 삼성로103길 32, 지상5층 (삼성동)"
신사 중앙분식,기타,37.51877161786243,127.02066860429736,영업/정상,"서울특별시 강남구 압구정로2길 46, 지상1층 24호 (신사동, ---------)"
밀우,기타,37.46679461445116,127.10093523035589,영업/정상,"서울특별시 강남구 헌릉로569길 9, 강남지웰파인즈 지상1층 103호 (세곡동)"
용용선생 논현점,기타,37.50817053064514,127.02351179064577,영업/정상,"서울특별시 강남구 학동로2길 54, 지상1층, 2층 (논현동)"
버거요 강남본점,기타,37.52249882206914,127.03825263644586,영업/정상,"서울특별시 강남구 도산대로 332, 문화빌딩 1층 일부호 (논현동)"
(주)구에스티케이,기타,37.52291957855973,127.02057873952154,영업/정상,"서울특별시 강남구 압구정로 108, 덕산빌딩 지상1층 일부9호, 11호 (신사동)"
해림원,기타,37.50853976128289,127.05486976581095,영업/정상,"서울특별시 강남구 테헤란로79길 28 (삼성동,지상1.2층)"
하우츠,기타,37.478287848449334,127.04696530903416,영업/정상,"서울특별시 강남구 개포로20길 6, 지상1층 (개포동)"
팔당냉면,냉면,37.502510857218624,127.05026658010526,영업/정상,"서울특별시 강남구 선릉로 420, 지하1층 2호 (대치동)"
카페티퍼스트에비뉴,기타,37.52447873918699,127.041913903013,영업/정상,"서울특별시 강남구 도산대로59길 9 (청담동,지상1층)"
할매재첩국대치주식회사,기타,37.499720634662516,127.06082907317261,영업/정상,"서울특별시 강남구 삼성로 308 (대치동,지상1층)"
육전국밥 논현역점,국밥,37.50716809893953,127.02368677127231,영업/정상,"서울특별시 강남구 강남대로 502, 서희빌딩 1층 (논현동)"
퍼부어 압구정점,기타,37.52733428976068,127.0274700342024,영업/정상,"서울특별시 강남구 압구정로 165, 현대백화점본점 지하1층 (압구정동)"
올리버,기타,37.52614753297567,127.03771377704724,영업/정상,"서울특별시 강남구 선릉로157길 25, 2층 (신사동)"
이백집,기타,37.49064559449485,127.0815160608527,영업/정상,서울특별시 강남구 일원로5길 6 (일원동)
한가네 숯불닭갈비,기타,37.505567327535054,127.04720843346985,영업/정상,서울특별시 강남구 테헤란로55길 15 (역삼동)
커피인류 대치르엘점,기타,37.50193500551225,127.06482608215157,영업/정상,"서울특별시 강남구 도곡로93길 23, 대치르엘아파트 상가101동 지하1층 S101호 (대치동)"
두지엠 아 라크렘,기타,37.51748088526223,127.03040514063002,영업/정상,"서울특별시 강남구 논현로142길 13, 지상1층 (논현동, 논현동빌딩)"
로로피아나,기타,37.50267296134527,127.05456343785066,영업/정상,"서울특별시 강남구 역삼로71길 12 (대치동,지상1층)"
와라와라 대치역점,기타,37.493899254367186,127.06104258828962,영업/정상,"서울특별시 강남구 남부순환로 2933 (대치동,지하1층1호)"
논현돈까스,기타,37.50489748066271,127.02477948827995,영업/정상,"서울특별시 강남구 강남대로 476 (논현동,지하2층)"
베러디(betterd),기타,37.516692711725106,127.02352272856938,영업/정상,"서울특별시 강남구 논현로149길 65, 지상1층 102호 (논현동)"
오징어 풍경,기타,37.50312879269628,127.05155400275683,영업/정상,서울특별시 강남구 테헤란로64길 26 (대치동)
닭장수김밥 강남직영점,기타,37.49630429163711,127.03017044672121,영업/정상,"서울특별시 강남구 테헤란로4길 32, 지상1층 104호 (역삼동, 역삼동우정에쉐르1)"
윌셔 블러바드,기타,37.52145106251369,127.02382019877872,영업/정상,"서울특별시 강남구 도산대로17길 44, 지상1층 101호,102호 (신사동)"
순딜리버리 6호점,기타,37.513353374559664,127.02132348064708,영업/정상,"서울특별시 강남구 강남대로136길 5-4, 지하1층 6호 (논현동)"
멜츠버거 삼성역,기타,37.50711937564879,127.06474103556225,영업/정상,"서울특별시 강남구 영동대로 422, 1층 (대치동)"
강창구찹쌀진순대 대치역점,기타,37.49741797119301,127.06532707074464,영업/정상,"서울특별시 강남구 삼성로 212, 상가B블록 2층 209호 (대치동, 은마아파트)"
아우어베이커리 청담사거리점,기타,37.52532523242768,127.04877772014677,영업/정상,"서울특별시 강남구 압구정로79길 19, 1층 102호 (청담동)"
브릿지,기타,37.52359909931008,127.04574251738148,영업/정상,"서울특별시 강남구 도산대로 452, JS빌딩 지하2층 (청담동)"
신의주 찹쌀순대 수서역점,기타,37.487326826880114,127.10314006660364,영업/정상,"서울특별시 강남구 광평로 280, 로즈데일오피스텔 지상1층 114호 (수서동)"
스시소노모노,기타,37.51681436162678,127.04222297150899,영업/정상,"서울특별시 강남구 학동로56길 8, 지하2층 B202호 (삼성동)"
따신밥상한식뷔페,기타,37.49047930938904,127.08584573299785,영업/정상,"서울특별시 강남구 일원로9길 52, 지하1층 (일원동)"
하늘담은시래기 땅품은청국장,기타,37.512380746335474,127.06526547797544,영업/정상,"서울특별시 강남구 봉은사로114길 40, 1층 2호 (삼성동)"
피에스 푸드(Ps food),기타,37.50869604164154,127.02423882785908,영업/정상,"서울특별시 강남구 학동로4길 43, 지하1층 (논현동)"
고향집,기타,37.516947461301655,127.03702043831935,영업/정상,"서울특별시 강남구 언주로134길 17, 지상1층 (논현동)"
레드,기타,37.50571280232708,127.0408716436651,영업/정상,"서울특별시 강남구 언주로 533 (역삼동,지상1층)"
중앙해장포장 압구정점,기타,37.533026741970474,127.0279255640881,영업/정상,"서울특별시 강남구 압구정로29길 71, 점포2동 지상1층 106호 (압구정동, 현대아파트)"
추풍령칼삼겹살,기타,37.525954492436455,127.03810030354336,영업/정상,서울특별시 강남구 도산대로51길 41 (신사동)
유메이라멘,기타,37.52763971701629,127.0390745508556,영업/정상,"서울특별시 강남구 압구정로50길 5-10 (신사동,지하1층)"
부찜,기타,37.50823431617018,127.06647745906294,영업/정상,"서울특별시 강남구 영동대로86길 28, 지상2층 (대치동)"
일본요리 청담스퀘어점 (주)신화푸드,기타,37.523041528338496,127.0419871816441,영업/정상,"서울특별시 강남구 도산대로 420, 청담스퀘어 지상3층 322호,324호 (청담동)"
어스피스어스 본점,기타,37.511427443395206,127.03867982761267,영업/정상,"서울특별시 강남구 학동로42길 67-16, 지하1층 02호 (논현동)"
신마라명가 마라탕&마라샹궈 강남점,기타,37.501026145022365,127.05289149082128,영업/정상,"서울특별시 강남구 역삼로 420, 지상1층 6호 (대치동)"
군산집,기타,37.5144491826814,127.0632622785196,영업/정상,서울특별시 강남구 봉은사로 620 (삼성동)
빨간의자집 강남역점,기타,37.50062643016223,127.02848676426862,영업/정상,"서울특별시 강남구 테헤란로1길 28-13, 지상1층 (역삼동)"
우성김밥,기타,37.49229301902784,127.0783271019902,영업/정상,"서울특별시 강남구 개포로110길 15, 지하1층 106호 (일원동, 일원동우성7차아파트)"
오비케이치킨,기타,37.49851601275029,127.03443229351925,영업/정상,"서울특별시 강남구 테헤란로20길 18, 2층 (역삼동)"
청담동찌개전문점,기타,37.5255866028557,127.05115210848099,영업/정상,"서울특별시 강남구 압구정로79길 49 (청담동,지하1층)"
샐러드 앳 프레임(Salad @ FRAME),기타,37.51709521938605,127.03245204519531,영업/정상,"서울특별시 강남구 언주로135길 32-7, 1층 (논현동)"
왕소금구이,기타,37.520407250459,127.03609523539045,영업/정상,"서울특별시 강남구 언주로148길 14, 라동 1층 116호 (논현동, 청호불교문화원)"
센스,기타,37.48947738111427,127.03299152996769,영업/정상,"서울특별시 강남구 강남대로58길 11 (도곡동,지하1층)"
몽키비치2,기타,37.527196682378026,127.03968052604924,영업/정상,"서울특별시 강남구 선릉로161길 8, 지상2층 (신사동)"
규네,기타,37.495194295080225,127.0317817722817,영업/정상,"서울특별시 강남구 역삼로5길 21 (역삼동,지상1층)"
바다축제,기타,37.52123040628027,127.0387196298422,영업/정상,"서울특별시 강남구 선릉로145길 11, RNG 빌딩 지상1층 (논현동)"
스프링클 키즈클럽,기타,37.52287311892743,127.03221022654198,영업/정상,"서울특별시 강남구 언주로153길 12, 태경빌딩 지하1층 (신사동)"
페코리노,기타,37.52246292906285,127.04451751207209,영업/정상,"서울특별시 강남구 도산대로68길 18, 지상1층 (청담동)"
고봉민 김밥인 강남세곡점,기타,37.46679461445116,127.10093523035589,영업/정상,"서울특별시 강남구 헌릉로569길 9, 1층 105호 (세곡동)"
겸상,기타,37.52698844526196,127.03840172233166,영업/정상,"서울특별시 강남구 언주로172길 55, 지상2층 (신사동)"
바다 해장집 강남점 신관,기타,37.5036265294415,127.02564286427547,영업/정상,"서울특별시 강남구 봉은사로2길 16, 지상1층 102호 (역삼동)"
압구정수제도시락 샐러드&샌드위치,기타,37.52020944584268,127.027284388045,영업/정상,"서울특별시 강남구 논현로151길 11, 1층 (신사동)"
유럽집밥,기타,37.50826880709297,127.03074765022401,영업/정상,"서울특별시 강남구 논현로115길 29, 지하1층 3호 (논현동)"
가장맛있는족발 선정릉점,기타,37.51122779527267,127.0451252632041,영업/정상,"서울특별시 강남구 봉은사로57길 5 (삼성동,지상1층)"
카페실비아,기타,37.51832902645972,127.05258676881691,영업/정상,"서울특별시 강남구 학동로88길 12, 지상1층 (삼성동)"
만장,기타,37.51817145866404,127.02522519598503,영업/정상,"서울특별시 강남구 도산대로 152, 영동빌딩 1층 101호 (논현동)"
깐부치킨 세곡점,기타,37.4667952638011,127.10016035140445,영업/정상,"서울특별시 강남구 헌릉로569길 13, 지상1층 108호 (세곡동)"
노가리청춘,기타,37.48905243574131,127.06847508932911,영업/정상,"서울특별시 강남구 개포로82길 9-17, 지상1층 105호 (개포동)"
라스키친,기타,37.51006907032955,127.05687460783186,영업/정상,"서울특별시 강남구 테헤란로83길 40, 2층 (삼성동)"
추억의 오뎅바,기타,37.492919372075875,127.05890173327909,영업/정상,"서울특별시 강남구 남부순환로 2915, 지상1층 6호 (대치동, 지상)"
소나무향기,기타,37.49805629555479,127.04218504089886,영업/정상,"서울특별시 강남구 언주로75길 29 (역삼동,지상1층)"
육파장,기타,37.50297359241314,127.04653232570449,영업/정상,"서울특별시 강남구 테헤란로 322, 지하2층 B117호 (역삼동, 한신인터벨리)"
행복식당,기타,37.49080763385665,127.08695577479467,영업/정상,서울특별시 강남구 일원로9길 68 (일원동)
올리멘 강남 빗썸금융타워점,기타,37.50011785425546,127.03222166172274,영업/정상,"서울특별시 강남구 테헤란로 129, 빗썸금융타워 지하1층 6호 (역삼동)"
본도시락 신사역점,기타,37.51955439126105,127.02062140341746,영업/정상,"서울특별시 강남구 압구정로2길 35, 106호 (신사동)"
여여재,기타,37.5098274229848,127.05461754379353,영업/정상,"서울특별시 강남구 삼성로 539, 초록빌딩 지상2층 (삼성동)"
양천지식당,기타,37.51996989099275,127.059637149378,영업/정상,"서울특별시 강남구 영동대로128길 15, 지하1층 14호 (삼성동, 홍실상가)"
징기스칸,기타,37.50711563723453,127.03051319169806,영업/정상,"서울특별시 강남구 논현로111길 36, 승운빌딩 2층 206호 (논현동)"
바로생멸치국수,기타,37.49532561081569,127.03253079467511,영업/정상,"서울특별시 강남구 역삼로7길 17, 지하1층 (역삼동)"
피씨유클럽(PCU CLUB),기타,37.50632682787128,127.03463788834142,영업/정상,"서울특별시 강남구 논현로 564, 석우빌딩 지하1층 (역삼동)"
하우스,기타,37.499925566998655,127.0424559759872,영업/정상,"서울특별시 강남구 언주로81길 15 (역삼동,지하1층)"
에이스크랩 강남본점,기타,37.50486918940685,127.04500649538875,영업/정상,"서울특별시 강남구 언주로98길 39-5, 지하1층,지상1층 (역삼동)"
폴 바셋 압구정2호점,기타,37.527987214221724,127.03129919805498,영업/정상,"서울특별시 강남구 압구정로36길 8, 지상1층 (신사동)"
바른식당,기타,37.50750735390598,127.06158264111716,영업/정상,"서울특별시 강남구 영동대로85길 20-9, 지하1층 (대치동)"
삼도,기타,37.49441955234754,127.04625401815828,영업/정상,서울특별시 강남구 언주로 301 (역삼동)
강남 돼지상회 무한리필,기타,37.50088345665304,127.02748482594296,영업/정상,"서울특별시 강남구 강남대로98길 11 (역삼동,지상2층)"
학돌이네,기타,37.51888366211645,127.0295472884877,영업/정상,"서울특별시 강남구 도산대로30길 16, 지상1층 (논현동)"
엄마밥상,기타,37.50291486321762,127.03899100354926,영업/정상,"서울특별시 강남구 논현로94길 32, 지하1층 (역삼동)"
2ON,기타,37.50002619785832,127.0309452889988,영업/정상,"서울특별시 강남구 테헤란로7길 12 (역삼동,지하1층)"
본죽 선릉역점,기타,37.50488012809299,127.04637813731257,영업/정상,"서울특별시 강남구 선릉로93길 26 (역삼동,1층)"
죽에진심 강남점,기타,37.50878257207008,127.03492928502016,영업/정상,"서울특별시 강남구 논현로114길 18, 지하1층 2호 (논현동)"
스타,기타,37.52439907114101,127.05305135363177,영업/정상,"서울특별시 강남구 도산대로102길 5, 지1층 (청담동)"
늘복집 수서역점,기타,37.487326826880114,127.10314006660364,영업/정상,"서울특별시 강남구 광평로 280 (수서동,로즈데일빌딩지하2층111호)"
석종,기타,37.523582626445155,127.04512732419246,영업/정상,"서울특별시 강남구 도산대로 446, 경원오피스텔 1층 6호 (청담동)"
세인트메리엘,기타,37.49608570186398,127.03300849092665,영업/정상,"서울특별시 강남구 논현로79길 72, 올림피아센타 지하1층 (역삼동)"
패티야드버거 개포본점,기타,37.48867399853818,127.06680617836673,영업/정상,"서울특별시 강남구 삼성로 38, 개포빌딩 지상1층 103호 (개포동)"
골드참치,기타,37.52284929760002,127.02199076274192,영업/정상,"서울특별시 강남구 압구정로10길 11, 지상2층 (신사동)"
베르노(VERNO),기타,37.52357601372075,127.03756901825508,영업/정상,"서울특별시 강남구 도산대로49길 10-2, 지상1층 (신사동)"
서평기사식당,기타,37.49470491251357,127.08351442732219,영업/정상,"서울특별시 강남구 개포로 646 (일원동,지상1층2호)"
칙바이칙 강남자곡점,기타,37.473063692379725,127.1024472975402,영업/정상,"서울특별시 강남구 자곡로 172, 강남엑슬루프라임 지상1층 105호 (자곡동)"
리엔,기타,37.47850650522431,127.04977768120396,영업/정상,"서울특별시 강남구 개포로28길 9, 지상1층 (개포동)"
갓포 모로미 도산공원점,기타,37.52723601530206,127.03620101995426,영업/정상,"서울특별시 강남구 언주로172길 30, 1층 (신사동)"
본도시락,기타,37.50003252284838,127.06322758576724,영업/정상,"서울특별시 강남구 도곡로 521, 지상1층 106호 (대치동)"
산솔 신논현점,기타,37.505658797291815,127.0256091837209,영업/정상,"서울특별시 강남구 강남대로112길 15, 지상1층 (논현동)"
중화요리 일품,기타,37.50297359241314,127.04653232570449,영업/정상,"서울특별시 강남구 테헤란로 322 (역삼동,한신인터밸리24지하2층B127호)"
멜츠버거 압구정,기타,37.52662289276275,127.03010628754478,영업/정상,"서울특별시 강남구 언주로167길 38, 지상1층 (신사동)"
달래해장 역삼GS점,기타,37.5030501439917,127.03705266539933,영업/정상,"서울특별시 강남구 봉은사로30길 71, 지하1층,지상1층 (역삼동)"
비타민카페,기타,37.510379272218756,127.0570842437562,영업/정상,"서울특별시 강남구 삼성로100길 23-5 (삼성동,1층)"
꼬끼오 장작구이,기타,37.49708567113785,127.03132999582114,영업/정상,"서울특별시 강남구 강남대로84길 34, 지상1,2층 (역삼동)"
금복당,기타,37.512521154961824,127.05881929973503,영업/정상,"서울특별시 강남구 영동대로 513, 코엑스 지하1층 P103호 (삼성동)"
켁터스,기타,37.50011785425546,127.03222166172274,영업/정상,"서울특별시 강남구 테헤란로 129, 빗썸금융타워 지하3층 비246-판매시설6호 (역삼동)"
차이룸 강남점,기타,37.49624877922115,127.02879816905171,영업/정상,"서울특별시 강남구 강남대로 374, B02층 (역삼동)"
가겐 by 최준호,기타,37.524513699287176,127.04523652050737,영업/정상,"서울특별시 강남구 압구정로80길 19-1, 2층 (청담동)"
뜨끈,기타,37.506765184992176,127.04808443368391,영업/정상,"서울특별시 강남구 선릉로 524, 선릉대림아크로텔 지상1층 101호 (삼성동)"
돈앤동(DON&DONG),기타,37.516499575115354,127.0320460542176,영업/정상,"서울특별시 강남구 학동로33길 27, 지상1층 101호 (논현동)"
서희도시락,기타,37.50631955447769,127.02694603723864,영업/정상,"서울특별시 강남구 강남대로114길 32, 지상1층 (논현동)"
반반족 강남대치점,기타,37.50221865375337,127.05771267245754,영업/정상,"서울특별시 강남구 삼성로71길 14, 지상1층 (대치동)"
동녘,기타,37.519553925353314,127.02255070792333,영업/정상,"서울특별시 강남구 도산대로11길 32, 한교빌딩 지상1층 (신사동)"
호랑가시,기타,37.502972487201646,127.02728955901368,영업/정상,"서울특별시 강남구 봉은사로6길 32, 지하1, 지상1, 2, 3층 (역삼동)"
리틀푸드,기타,37.52187689654601,127.01949521038247,영업/정상,"서울특별시 강남구 도산대로1길 77, 지하1층 B101호 (신사동)"
서향,기타,37.50188023447749,127.03588990471188,영업/정상,"서울특별시 강남구 논현로93길 3 (역삼동,지하1층)"
연스시,기타,37.50316246557026,127.04041380296825,영업/정상,"서울특별시 강남구 테헤란로37길 15 (역삼동,번지 지하1층)"
오복식당,기타,37.46536759138458,127.10937511205091,영업/정상,서울특별시 강남구 밤고개로31길 9 (세곡동)
다담다글로벌,기타,37.499251202902656,127.03593284583003,영업/정상,"서울특별시 강남구 테헤란로26길 14, 위워크빌딩 지하3층 203호 (역삼동)"
세렌디피티,기타,37.52043053095902,127.03352122488478,영업/정상,"서울특별시 강남구 언주로149길 7 (논현동,지하1층)"
샐러디아 삼성점,기타,37.510765151601596,127.06425817126674,영업/정상,"서울특별시 강남구 영동대로96길 20, 대화빌딩 지하1층 (삼성동)"
모넬리,기타,37.52388870056567,127.03737312456009,영업/정상,"서울특별시 강남구 도산대로49길 16, 한창상가 지상3층 (신사동)"
라멘이찌방,기타,37.48947738111427,127.03299152996769,영업/정상,"서울특별시 강남구 강남대로58길 11 (도곡동,지상2층)"
영암집 1호점,기타,37.510087285423126,127.02604361697871,영업/정상,"서울특별시 강남구 강남대로124길 49, 지하1층 (논현동)"
월미당 수서역점,기타,37.48801674446367,127.10184847065206,영업/정상,"서울특별시 강남구 밤고개로1길 10, 수서현대벤쳐빌 지하1층 B101호 (수서동)"
혼돈(魂豚),기타,37.509866400370846,127.03546377457924,영업/정상,"서울특별시 강남구 언주로115길 15, 지상1층 101호 (논현동)"
샤블리,기타,37.51810994098219,127.02220264817393,영업/정상,"서울특별시 강남구 강남대로152길 35, 2층 (신사동)"
카이오(KHYO),기타,37.50990222868011,127.03773037478281,영업/정상,"서울특별시 강남구 언주로 608, 지상1층 101호 (논현동)"
짐키친,기타,37.51925827850372,127.0505008658689,영업/정상,"서울특별시 강남구 학동로 501, 지하1층 (청담동)"
카페36-16,기타,37.51225297158269,127.04464386954143,영업/정상,"서울특별시 강남구 봉은사로57길 23, 지하1층 B01호 (삼성동, 제이펠리스)"
메종드그릭,기타,37.52136830088468,127.02188394641331,영업/정상,"서울특별시 강남구 압구정로10길 34-1, 1층 (신사동)"
한솥도시락,기타,37.52416670005619,127.02405866997601,영업/정상,서울특별시 강남구 논현로175길 61 (신사동)
압구정면옥,기타,37.52647291504655,127.02904356446474,영업/정상,"서울특별시 강남구 압구정로30길 16, 지상1층 (신사동)"
카페868,기타,37.49677812801807,127.02911423345797,영업/정상,"서울특별시 강남구 테헤란로2길 22, 1층 (역삼동)"
홍영재 장수 청국장,기타,37.507429265966884,127.06455871519026,영업/정상,"서울특별시 강남구 영동대로 424, 지상1층 (대치동)"
원할매 이모네 닭한마리,기타,37.48940717691818,127.03354854132262,영업/정상,"서울특별시 강남구 도곡로4길 9, 2층 (도곡동)"
청담 튜파,기타,37.52509872274036,127.04071831944674,영업/정상,"서울특별시 강남구 도산대로55길 24, 지하2층 (청담동)"
땡스어라떼,기타,37.51054182685763,127.03594543667222,영업/정상,"서울특별시 강남구 언주로 615, 논현 아이파크 103동 지하1층 B134호 (논현동)"
정,기타,37.504493180831005,127.0430942388258,영업/정상,"서울특별시 강남구 언주로94길 11 (역삼동,지하1층)"
광수육회 논현점,기타,37.507265042161954,127.02438575062027,영업/정상,"서울특별시 강남구 강남대로120길 11, 지하1층 일부호 (논현동)"
그라운드.8(GROUND.8),기타,37.52570432649377,127.036902563811,영업/정상,"서울특별시 강남구 도산대로49길 41, 지상2층 (신사동)"
아리랑,기타,37.51008952556581,127.06493441504564,영업/정상,"서울특별시 강남구 테헤란로103길 8-8 (삼성동,지하1층)"
테라로사커피,기타,37.523990774913045,127.04256890790823,영업/정상,"서울특별시 강남구 도산대로 427 (청담동,지하1층,지상1층)"
스시 타키자와,기타,37.52519433387056,127.0409507887999,영업/정상,"서울특별시 강남구 선릉로158길 14-2, 지하1층 (청담동)"
하영호신촌설렁탕 압구정역점,기타,37.526374220148334,127.02881048561603,영업/정상,"서울특별시 강남구 논현로 872 (신사동,지상1층)"
푸드락,기타,37.52797374778474,127.03720009306171,영업/정상,"서울특별시 강남구 압구정로46길 5-6 (신사동,압구정로데오스타 B104호)"
코스모라운지,기타,37.512521154961824,127.05881929973503,영업/정상,"서울특별시 강남구 봉은사로 524, 코엑스인터콘티넨탈서울 4층 (삼성동)"
백억커피 강남점,기타,37.493454535722485,127.03555203048593,영업/정상,"서울특별시 강남구 역삼로14길 18, 지상1층 103호 (역삼동)"
밥주는영양사,기타,37.47352766658583,127.09939908518857,영업/정상,"서울특별시 강남구 자곡로7길 12-1, 지상1층 (자곡동)"
리김밥 GFC점,기타,37.49981009291828,127.03662878226913,영업/정상,"서울특별시 강남구 테헤란로 152, 지하2층 (역삼동, 강남파이낸스센터)"
빅토리아,기타,37.50458024856959,127.04706245318782,영업/정상,"서울특별시 강남구 테헤란로 327 (역삼동,빅토리아빌딩 지하1층 2호)"
낙타네포장마차,기타,37.52598076759056,127.05144378685034,영업/정상,"서울특별시 강남구 도산대로89길 24, 지상1층 102호 (청담동)"
흑룡반점,기타,37.50643446378827,127.03961278252326,영업/정상,"서울특별시 강남구 테헤란로39길 65, 청담빌딩 지하1층 (역삼동)"
어사어 막회,기타,37.51288171776852,127.02144370539995,영업/정상,"서울특별시 강남구 강남대로136길 10, 지상1층 (논현동)"
샤브오(SHABU-O),기타,37.524435040746184,127.03691985461948,영업/정상,"서울특별시 강남구 도산대로49길 23, 휘오레 지상1층 (신사동)"
김밥천국,기타,37.48801674446367,127.10184847065206,영업/정상,"서울특별시 강남구 밤고개로1길 10 (수서동,현대하이엘지상1층17-8호)"
콩스커피,기타,37.507413809625255,127.03755210332818,영업/정상,"서울특별시 강남구 봉은사로38길 12, 1층 (역삼동)"
클라우드 후카바,기타,37.52574451250028,127.03677187337023,영업/정상,"서울특별시 강남구 언주로168길 40, 지상3층 (신사동)"
논골집,기타,37.47496360998643,127.0496158706549,영업/정상,"서울특별시 강남구 논현로12길 16, 지상1층 (개포동)"
폴리스 파르나스몰점,기타,37.50904780086485,127.06089284405361,영업/정상,"서울특별시 강남구 테헤란로 521, 지하1층 F-13호 (삼성동, 파르나스몰)"
소반 블랙,기타,37.52368165602019,127.03275268412413,영업/정상,"서울특별시 강남구 언주로 823, ROY빌딩 지하2층 (신사동)"
VILLA5,기타,37.50542846515281,127.05923931278252,영업/정상,"서울특별시 강남구 삼성로82길 19, 지하1층 (대치동)"
코스모스,기타,37.49741797119301,127.06532707074464,영업/정상,"서울특별시 강남구 삼성로 212, 은마상가A블럭동 지하1층 55호 (대치동, 은마아파트)"
한우스팟(Hanwoo Spot),기타,37.523589569539745,127.03794162274501,영업/정상,"서울특별시 강남구 도산대로49길 6-10, 지하1층 (신사동)"
에어드랍 스낵(AIRDROP SNACK),기타,37.5204225293758,127.02328015056894,영업/정상,"서울특별시 강남구 가로수길 36, 지상4층 406호,407호 (신사동)"
곡물치킨,기타,37.49133923251708,127.08273869512023,영업/정상,"서울특별시 강남구 일원로5길 24, 1층 (일원동)"
영 에프앤비(Young F B),기타,37.50520915219351,127.0258562866957,영업/정상,"서울특별시 강남구 봉은사로 113, 지하2층 (논현동)"
전집가자,파전,37.502025313266216,127.0335381833513,영업/정상,"서울특별시 강남구 논현로95길 30, 지상1층 101호 (역삼동)"
용호동낙지 강남점,기타,37.50588014921168,127.05213177873809,영업/정상,"서울특별시 강남구 테헤란로 419, 지상1층 (삼성동)"
바나프레소 역삼대로점,기타,37.49842134714168,127.03777378286135,영업/정상,"서울특별시 강남구 논현로 427-1, 지상1층 (역삼동)"
잭슨피자 대치점,기타,37.50018173916612,127.05154853442163,영업/정상,"서울특별시 강남구 선릉로 340, 대치 EM 프라자 지상1층 109호 (대치동)"
얼큰한뼈해장국 백년집,기타,37.50307943304978,127.03954785812391,영업/정상,"서울특별시 강남구 언주로93길 31, 지상1층 (역삼동)"
리츠델리,기타,37.50711003861231,127.03876204239046,영업/정상,"서울특별시 강남구 논현로106길 54, 지엔에스 지상1층 (역삼동)"
더타코부스 강남역점,기타,37.49539989631866,127.03040580524147,영업/정상,"서울특별시 강남구 테헤란로4길 46, 지상1층 101호 (역삼동, 쌍용플래티넘밸류)"
범수산,기타,37.49702710547764,127.02976901919028,영업/정상,"서울특별시 강남구 강남대로84길 15, 지하1층 127호 (역삼동)"
도파민(Dopamine),기타,37.525346417643085,127.03857604100997,영업/정상,"서울특별시 강남구 선릉로155길 13, 지하1층 (신사동)"
쵸이닷,기타,37.52441660440691,127.04655739801058,영업/정상,"서울특별시 강남구 도산대로 457, 앙스돔빌딩 지상3층 (청담동)"
요리정원 온,기타,37.49339315758811,127.06734998772491,영업/정상,"서울특별시 강남구 삼성로 150, 지하1층 69호 (대치동, 한보미도맨션)"
명동칼국수,칼국수,37.51107974713829,127.03330337039777,영업/정상,"서울특별시 강남구 학동로30길 49, 지상1층 103호 (논현동)"
논논,기타,37.52183334384167,127.02162943555896,영업/정상,"서울특별시 강남구 압구정로10길 30-5, 지하1층 (신사동)"
가득김밥,기타,37.48801674446367,127.10184847065206,영업/정상,"서울특별시 강남구 밤고개로1길 10, 수서현대벤쳐빌 지상1층 113,118호 (수서동)"
플랜잇(Planeat),기타,37.5063633526756,127.05364932327716,영업/정상,"서울특별시 강남구 테헤란로 427, 미차빌딩 지하1층 (삼성동)"
티이,기타,37.52001496246842,127.02033917129832,영업/정상,"서울특별시 강남구 강남대로162길 20, 지상1층 (신사동)"
따리,기타,37.49582822343953,127.03051300522289,영업/정상,"서울특별시 강남구 테헤란로4길 40 (역삼동,지하1층)"
봉구비어 자곡점,기타,37.47439366054752,127.10406662318532,영업/정상,"서울특별시 강남구 자곡로 192, 지상1층 116호 (자곡동, 강남푸르지오시티2차)"
인덕원 비빔국수 신사점,기타,37.519150295552585,127.02575985862464,영업/정상,"서울특별시 강남구 도산대로 159, 춘곡빌딩 지상2층 (신사동)"
뜸솥 by 한와담 강남점,기타,37.50011785425546,127.03222166172274,영업/정상,"서울특별시 강남구 테헤란로 129, 지하3층 4호,5호 (역삼동)"
지니(GINY),기타,37.520081046045384,127.0335348850992,영업/정상,"서울특별시 강남구 언주로147길 8 (논현동,초원빌딩 1층)"
비빔밥 앤 라면,기타,37.49582964016155,127.0398367752478,영업/정상,"서울특별시 강남구 역삼로 204, 삼환 아르누보 지하1층 106호 (역삼동)"
에스케이에스 다이닝 (SKS 다이닝),기타,37.512643799674194,127.02545960543263,영업/정상,"서울특별시 강남구 학동로 133, 동암빌딩 4층,5층 (논현동)"
(주)이야이야앤프렌즈,기타,37.52449802532182,127.03798605762665,영업/정상,"서울특별시 강남구 도산대로51길 22, 지상1,2,3층 (신사동)"
송탄부대찌개,기타,37.51844220548193,127.02632234496619,영업/정상,"서울특별시 강남구 도산대로24길 4, 지하1층 B101호 (논현동, ES힐스)"
해탄 선릉점,기타,37.50354639764277,127.0508291875745,영업/정상,"서울특별시 강남구 선릉로86길 15, 현대선릉 GOLD TOWER 지상2층 203호,204호 (대치동)"
초코동,기타,37.51891165028325,127.01976129240647,영업/정상,"서울특별시 강남구 강남대로158길 9, 지상1층 101호 (신사동)"
주식회사 빅바이트컴퍼니 쉐이크쉑 코엑스,기타,37.512521154961824,127.05881929973503,영업/정상,"서울특별시 강남구 영동대로 513, 코엑스 지하1층 (삼성동)"
메가엠지씨커피 강남CGV점,기타,37.50165239950277,127.02637492654759,영업/정상,"서울특별시 강남구 강남대로 438, 스타플렉스 지상2층 209호 (역삼동)"
이가네 양꼬치 강남구청점,기타,37.516918231410536,127.0368655889251,영업/정상,"서울특별시 강남구 언주로134길 15 (논현동,지상1층)"
(주)루카오일일,기타,37.5273066243629,127.04685785840553,영업/정상,"서울특별시 강남구 압구정로73길 22, 지상1층 (청담동)"
오로지라멘한신인터밸리24점,기타,37.50297359241314,127.04653232570449,영업/정상,"서울특별시 강남구 테헤란로 322, 한신인터밸리24 지하2층 비132호 (역삼동)"
교토참치,기타,37.48979401404574,127.08352898883169,영업/정상,서울특별시 강남구 일원로9길 24 (일원동)
빨간모자피자 역삼점,기타,37.50449807119994,127.03550292605617,영업/정상,"서울특별시 강남구 논현로 540, 지상1층 (역삼동)"
대박생고기전문,기타,37.51014298178372,127.05357217848076,영업/정상,"서울특별시 강남구 삼성로103길 11 (삼성동,지상1층)"
소림사 강남역점,기타,37.49486229683894,127.03035769101466,영업/정상,"서울특별시 강남구 강남대로78길 12, 예미프레스티지 지상1층 101호 중 101호 (역삼동)"
컨버터,기타,37.52733428976068,127.0274700342024,영업/정상,"서울특별시 강남구 압구정로 165, 현대백화점본점 지하1층 (압구정동)"
버거스하이 Burger's High,기타,37.48845643292605,127.10418988810102,영업/정상,"서울특별시 강남구 광평로 295 (수서동,사이룩스 1층 103호)"
이마스시,기타,37.523653513070165,127.0300266816914,영업/정상,"서울특별시 강남구 논현로168길 22, 계진빌딩 지상1층 (신사동)"
라 메종드 위스키,기타,37.5035421581371,127.05107362632971,영업/정상,"서울특별시 강남구 선릉로86길 17, 선릉 MT 빌딩 2층 201호,202호 (대치동)"
리틀치프럭스 신사점(주식회사 케이에프앤코),기타,37.52226230825835,127.03277663841577,영업/정상,"서울특별시 강남구 언주로151길 6, 마노빌딩 지하2층 (신사동)"
닭장수和 후라이드,기타,37.51868868510067,127.04049670911783,영업/정상,"서울특별시 강남구 선릉로 717, 지상1층 102호 (논현동)"
선재,기타,37.48844539289732,127.05256015532414,영업/정상,"서울특별시 강남구 언주로30길 27, 지하1층 지층102호~지층109호 (도곡동, 우성리빙텔)"
(주)핫도그찹찹,기타,37.52609686400707,127.03793925283624,영업/정상,"서울특별시 강남구 선릉로157길 23, 지상1층 102호 (신사동)"
성하루,기타,37.52249990460442,127.0214563281486,영업/정상,"서울특별시 강남구 압구정로4길 13-17, 2층 (신사동)"
십화점,기타,37.527122216608596,127.04111246466044,영업/정상,"서울특별시 강남구 선릉로162길 5, 1층 (청담동)"
갤러리(Gallery)현,기타,37.519452530802695,127.02958225240522,영업/정상,"서울특별시 강남구 논현로150길 13, DDA빌딩 3층 (논현동)"
소한마리솥밥,기타,37.49772601279262,127.0292970420504,영업/정상,"서울특별시 강남구 테헤란로4길 6, 강남역 센트럴 푸르지오 시티 지2층 B219호 (역삼동)"
장인닭갈비,기타,37.499607886519996,127.02754635283728,영업/정상,"서울특별시 강남구 테헤란로1길 19, 지하1층 (역삼동, 로하스애비뉴빌딩)"
마론(marron),기타,37.51874816455615,127.04477969290504,영업/정상,"서울특별시 강남구 학동로63길 11, 1층 102호 (청담동)"
꽃새우 영번지,기타,37.50619500197828,127.0413736434585,영업/정상,"서울특별시 강남구 언주로 536 (역삼동,1층)"
펀,기타,37.504975667309196,127.03546994663574,영업/정상,"서울특별시 강남구 논현로102길 3, 지하1층 (역삼동)"
신사고집,기타,37.50581108250595,127.02624622344415,영업/정상,"서울특별시 강남구 봉은사로5길 10, 지상1층 (논현동)"
또래오래 대치점,기타,37.50203313698251,127.05975339033887,영업/정상,"서울특별시 강남구 삼성로70길 4 (대치동,지상1층)"
월간 도시,기타,37.47439916370109,127.05333687198672,영업/정상,"서울특별시 강남구 논현로8길 50-7, 지상1층 (개포동)"
(주)금은보화 차셰프 고기덮밥,기타,37.49870067584982,127.03157677479244,영업/정상,"서울특별시 강남구 테헤란로 124, 삼원타워 지하1층 B125호 (역삼동)"
커핀그루나루대치목련공원점,기타,37.49998264162514,127.05812882348305,영업/정상,"서울특별시 강남구 도곡로77길 26, 지상1층 102호 (대치동, 대치빌딩)"
콘타이 신사점,기타,37.51791100254564,127.02171892948887,영업/정상,서울특별시 강남구 강남대로152길 29 (신사동)
명희원,기타,37.49916615664889,127.05320302105703,영업/정상,"서울특별시 강남구 선릉로68길 18, 1층 (대치동)"
푸에르코 역삼 더시그니처(THE SIGNATURE),기타,37.499994656636325,127.03541537334229,영업/정상,"서울특별시 강남구 테헤란로 146, 현익빌딩 지하1층 (역삼동)"
금수복국 압구정점,기타,37.52353721336179,127.03277354242842,영업/정상,"서울특별시 강남구 언주로 821, 지상2,3층 (신사동)"
엑티브진,기타,37.526432664432285,127.04966699324389,영업/정상,"서울특별시 강남구 도산대로85길 30, 3층 (청담동)"
히키(Hiki) 본점,기타,37.52272344275344,127.04278477711993,영업/정상,"서울특별시 강남구 선릉로148길 40, 지상1층 (청담동)"
해초록,기타,37.504768876144894,127.06592316455308,영업/정상,"서울특별시 강남구 영동대로 336, 지상1,2층 (대치동)"
미소야,기타,37.49910961554746,127.05861179807599,영업/정상,"서울특별시 강남구 삼성로61길 22 (대치동,1층101호)"
김볶지존,기타,37.49942728561998,127.04469803872237,영업/정상,"서울특별시 강남구 언주로 408, 역삼자이 지하1층 B08호 (역삼동)"
진담옥,기타,37.503128212224055,127.05089256738398,영업/정상,"서울특별시 강남구 선릉로86길 12, 지상2층 (대치동)"
픽스유(Fix you),기타,37.50336394588969,127.03906994077455,영업/정상,"서울특별시 강남구 테헤란로33길 24, 지하1층 (역삼동)"
마법갈비요술꼬치 역삼점,기타,37.50011785425546,127.03222166172274,영업/정상,"서울특별시 강남구 테헤란로 129, 지하2층 7호 (역삼동)"
토라레스토랑,기타,37.51192628162769,127.0346480934636,영업/정상,"서울특별시 강남구 학동로38길 46, 지상1층 101호 (논현동)"
만타,기타,37.503086950081,127.04018446937123,영업/정상,"서울특별시 강남구 테헤란로37길 13-6, 태웅빌딩 지상1층 (역삼동)"
오가고,기타,37.51655166515923,127.0401389040349,영업/정상,"서울특별시 강남구 학동로 338, 지하1층 SB113호 (논현동)"
반지하 선릉점,기타,37.50358314622866,127.05206205552065,영업/정상,"서울특별시 강남구 선릉로86길 28, 1층 (대치동)"
영상 음식점,기타,37.49854340335709,127.03504106478107,영업/정상,"서울특별시 강남구 테헤란로20길 19 (역삼동,지하1층 102호)"
조우,기타,37.52257916283772,127.02769333046383,영업/정상,"서울특별시 강남구 논현로 831, 네오스 1층 (신사동)"
가연중식당 강남역삼점,기타,37.49943713671052,127.03584944807602,영업/정상,"서울특별시 강남구 테헤란로26길 12, 스타빌딩 지하1층 (역삼동)"
쌈겹: 조합의 달인 강남점,기타,37.50736932020773,127.03739743154303,영업/정상,"서울특별시 강남구 언주로107길 23, 2층 (역삼동)"
글로브,기타,37.50904780086485,127.06089284405361,영업/정상,"서울특별시 강남구 테헤란로 521, 지하1층 F-19호 (삼성동, 파르나스)"
본도시락 청담점,기타,37.52087091249136,127.05762693725319,영업/정상,"서울특별시 강남구 학동로101길 7, 지상2층 202호 (청담동)"
배초향,기타,37.524783826319066,127.04061865010571,영업/정상,서울특별시 강남구 도산대로55길 20 (청담동)
생활맥주 강남역점,기타,37.495022762573505,127.03089252872745,영업/정상,"서울특별시 강남구 강남대로78길 18, 지상1층 (역삼동)"
메이린(Maylin),기타,37.48927177114473,127.06881747953594,영업/정상,"서울특별시 강남구 개포로 512, 106호 (개포동, 개포종합상가)"
에이치(H),기타,37.49896683011122,127.03904957212649,영업/정상,"서울특별시 강남구 언주로81길 57, 지하2층 B201호 (역삼동)"
특별한 오복수산 가로수길점,기타,37.51796928068871,127.0250456232026,영업/정상,"서울특별시 강남구 도산대로 150, 지상1층 (논현동)"
이자카야나무(논현점),기타,37.50736649079474,127.02417787129882,영업/정상,"서울특별시 강남구 봉은사로1길 40, 지하1.지상1~3층 (논현동)"
찬란한아구강남본점,기타,37.49486229683894,127.03035769101466,영업/정상,"서울특별시 강남구 강남대로78길 12, 예미프레스티지 2층 201호 (역삼동)"
한솔냉면,냉면,37.50859530026902,127.05971847792408,영업/정상,"서울특별시 강남구 테헤란로 517, 지하1층 (삼성동)"
양마니,기타,37.52198351780618,127.04031321417244,영업/정상,"서울특별시 강남구 도산대로56길 16 (청담동,지상1층)"
농민백암,기타,37.50377742932512,127.05319969007647,영업/정상,"서울특별시 강남구 선릉로86길 40-3, 지상1층 (대치동)"
카페코너,기타,37.51598621400167,127.03031416746487,영업/정상,"서울특별시 강남구 논현로136길 3, 지상1층 103호 (논현동)"
엔유,기타,37.516590668433324,127.03424255557198,영업/정상,"서울특별시 강남구 학동로37길 19 (논현동,지하)"
이모네,기타,37.50645945095082,127.0365508465846,영업/정상,"서울특별시 강남구 논현로106길 26, 1층 (역삼동)"
세광 양대창 수서점,기타,37.48837451657076,127.1027660630864,영업/정상,"서울특별시 강남구 광평로51길 6-5, 나성빌딩 2층 (수서동)"
갓포도산,기타,37.52628397177061,127.03704301178556,영업/정상,"서울특별시 강남구 선릉로157길 33, 지상1층~2층 (신사동)"
60년전통신촌황소곱창,기타,37.503699768189286,127.05241638549388,영업/정상,"서울특별시 강남구 선릉로86길 32, 지하1층 (대치동)"
닝교초 식당,기타,37.512521154961824,127.05881929973503,영업/정상,"서울특별시 강남구 테헤란로87길 46 (삼성동, 오크우드호텔지하1층1B8호)"
월송,기타,37.51579649890639,127.04021190028547,영업/정상,"서울특별시 강남구 학동로50길 13, 지상1층,지상2층 (논현동)"
뻐꾸기,기타,37.51900976419016,127.02512959168801,영업/정상,서울특별시 강남구 도산대로17길 4 (신사동)
제이에스푸드 강남점,기타,37.49696314249097,127.04462809398946,영업/정상,"서울특별시 강남구 언주로71길 5-10, 지하1층 1호 (역삼동)"
조개신화,기타,37.52410789202617,127.02344028434993,영업/정상,"서울특별시 강남구 논현로175길 68, 지하1층 1, 2, 3호 (신사동)"
한심,기타,37.50480557855248,127.04237406224924,영업/정상,"서울특별시 강남구 언주로98길 8-2, 지상1층 (역삼동)"
어슬강남,기타,37.50011785425546,127.03222166172274,영업/정상,"서울특별시 강남구 테헤란로 129, 지하2층 3호 (역삼동)"
대치골,기타,37.50688369141595,127.05943678659689,영업/정상,"서울특별시 강남구 테헤란로88길 10, 지하1층 B110호 (대치동, 신안메트로칸)"
한?강(韓?姜),기타,37.510828987669086,127.04254400229597,영업/정상,"서울특별시 강남구 선릉로111길 10, 지상1층 (논현동)"
프로마치 강남점,기타,37.49631149102596,127.03060340208285,영업/정상,"서울특별시 강남구 테헤란로4길 33, 지상1층 (역삼동)"
제주 몬트락 수서직영점,기타,37.48864333861691,127.10367190974662,영업/정상,"서울특별시 강남구 광평로51길 6-15, 1층 (수서동)"
굽네치킨 개포4동점,기타,37.47687860495167,127.04835888261447,영업/정상,"서울특별시 강남구 개포로20길 32 (개포동,지상1층)"
종로김밥,기타,37.51026705657149,127.0647043598972,영업/정상,"서울특별시 강남구 테헤란로103길 8-7, 지상1층 102호 (삼성동)"
얌샘김밥 선릉역점,기타,37.50594904598185,127.04990783561945,영업/정상,"서울특별시 강남구 테헤란로63길 9, 1층 103호 (삼성동)"
발아 메밀 블라썸,기타,37.526977548057026,127.03723790340844,영업/정상,"서울특별시 강남구 압구정로50길 28, 101동 지상1층 112호 (신사동)"
봉추찜닭 강남구청역점,기타,37.51744917148243,127.04063439928912,영업/정상,"서울특별시 강남구 학동로 343, 지하2층 201호 (논현동)"
투썸플레이스테헤란선릉역점,기타,37.503433383386756,127.04781454798282,영업/정상,"서울특별시 강남구 선릉로89길 16, 1층 101호 (역삼동, 능현오피스텔)"
우마마 랩,기타,37.525562697843974,127.04774761517682,영업/정상,"서울특별시 강남구 도산대로81길 18, 지상1층 (청담동)"
박군치킨 수서점,기타,37.49113264297893,127.1001776013878,영업/정상,"서울특별시 강남구 광평로51길 49, 상가동 지상1층 112호 (수서동, 수서주공영구임대아파트)"
메종드아나하,기타,37.504647325176684,127.04126317339903,영업/정상,"서울특별시 강남구 언주로 517, 지하1층 (역삼동)"
우리집만두,기타,37.50288872015465,127.05008315879176,영업/정상,서울특별시 강남구 선릉로 424 (대치동)
우찬,기타,37.516357259765236,127.02167845462984,영업/정상,"서울특별시 강남구 도산대로6길 5, 지하1층 (논현동)"
홍가네김치독,기타,37.49117440303462,127.03455784888655,영업/정상,"서울특별시 강남구 도곡로7길 7, 지하1층 (역삼동)"
술미남,기타,37.508928108862676,127.02419223503375,영업/정상,"서울특별시 강남구 학동로4길 39, 3층 301호 (논현동)"
사미락 판,기타,37.5056568688279,127.02719497360596,영업/정상,"서울특별시 강남구 봉은사로 123, 지하2층 B201호,B202호 (논현동)"
수백당 역삼점,기타,37.50341818026863,127.0428247895984,영업/정상,"서울특별시 강남구 언주로 506, 역삼 아르누보씨티 지상1층 104호,105호 (역삼동)"
일미쌈밥,기타,37.51216196911044,127.06534269224233,영업/정상,서울특별시 강남구 봉은사로114길 42 (삼성동)
향동가,기타,37.516270990608994,127.03130623960575,영업/정상,"서울특별시 강남구 논현로136길 15, 지하1층, 지상1층 (논현동)"
카페뎀셀브즈 청담점,기타,37.52293062122599,127.05467796843361,영업/정상,"서울특별시 강남구 영동대로 731, 신영빌딩 지하1층 (청담동)"
"비비큐역삼GS타워점, 제스트카페",기타,37.50347391667147,127.03940484079733,영업/정상,"서울특별시 강남구 언주로93길 32, 1층 (역삼동)"
저스트스테이크,기타,37.52313180925323,127.03440096253088,영업/정상,"서울특별시 강남구 언주로152길 11-7, 1층 (신사동)"
나무(대치점),기타,37.5040970442061,127.05266168155788,영업/정상,서울특별시 강남구 선릉로86길 37 (대치동)
비테 도산,기타,37.527491146526046,127.03901959792695,영업/정상,"서울특별시 강남구 선릉로161길 18, 4층 A호 (신사동)"
신참떡볶이,기타,37.496692588915494,127.04242062065053,영업/정상,"서울특별시 강남구 언주로71길 34, 1층 (역삼동)"
삼육가,기타,37.505657405676196,127.02491316333713,영업/정상,"서울특별시 강남구 강남대로114길 8, 지하1층 (논현동)"
완스키친,기타,37.50991566251515,127.02695116975093,영업/정상,"서울특별시 강남구 학동로20길 59, 지하1층 (논현동)"
고메스시,기타,37.50000825424131,127.02767415602415,영업/정상,"서울특별시 강남구 테헤란로1길 26, 지상2층 (역삼동)"
동두천솥뚜껑삼겹살 강남역점,기타,37.4996680786226,127.0278322985964,영업/정상,"서울특별시 강남구 테헤란로1길 20 (역삼동,지상2층)"
카페 어거스트,기타,37.50562246945575,127.04889507007051,영업/정상,"서울특별시 강남구 선릉로 514, 성원타워 지하1층 116호 (삼성동)"
스토리,기타,37.5202519490023,127.03112303308696,영업/정상,"서울특별시 강남구 도산대로 220, 지상14층 (논현동)"
계열사 논현점,기타,37.50932748002262,127.03598594125785,영업/정상,"서울특별시 강남구 언주로113길 16 (논현동,지상1층)"
제로한식-건강을 생각한 맛있는 한 끼,기타,37.508887119763685,127.03224809606091,영업/정상,"서울특별시 강남구 봉은사로25길 28, 지상1층 102호 (논현동)"
본차푸드,기타,37.49358216790649,127.06239925172248,영업/정상,"서울특별시 강남구 남부순환로 2942, 지하1층 143호 (대치동, 풍림빌딩)"
새우공장,기타,37.526244497047216,127.03933963493496,영업/정상,"서울특별시 강남구 압구정로54길 25, 지상1층 (신사동)"
대왕 참숯갈비,기타,37.47358822748657,127.10303758250463,영업/정상,"서울특별시 강남구 자곡로 180, 1층 108호 (자곡동, 강남유탑유블레스)"
그랑뉴브(Grand Newv),기타,37.503022097952645,127.04911102519267,영업/정상,"서울특별시 강남구 선릉로85길 6, 지상3층 (역삼동)"
투썸플레이스선릉점,기타,37.50528202930838,127.048308016743,영업/정상,"서울특별시 강남구 선릉로 513, 지상2층 (역삼동)"
브루클린 더 버거 조인트 역삼점,기타,37.497997326608605,127.0317618356567,영업/정상,"서울특별시 강남구 테헤란로8길 13, 1층 (역삼동)"
달래해장 강남역플래티넘점,기타,37.494918779584,127.03054034662019,영업/정상,서울특별시 강남구 강남대로78길 14 (역삼동)
한스 갤러리 카페&디저트,기타,37.52680523637221,127.03472931637125,영업/정상,"서울특별시 강남구 압구정로42길 32, 백현빌딩 지하1층 B호 (신사동)"
핸드 인 핸드(HAND IN HAND),기타,37.51894886539856,127.03076991156071,영업/정상,"서울특별시 강남구 언주로147길 45, ESPA빌딩 지상1층 (논현동)"
홀릭(holic),기타,37.508635378475056,127.05772472713922,영업/정상,"서울특별시 강남구 테헤란로83길 18, 지하1층 (삼성동)"
주식회사 바이쮸즈,기타,37.51950258823569,127.02460453995407,영업/정상,"서울특별시 강남구 도산대로17길 13, 지하1층,지상1층 (신사동)"
할리스 역삼역점,기타,37.5012726692722,127.03618024655492,영업/정상,"서울특별시 강남구 논현로 503, 송촌빌딩 지상1층 1호 (역삼동)"
서울동,기타,37.52856183010993,127.04005459356938,영업/정상,"서울특별시 강남구 압구정로 343, 갤러리아백화점 지하1층 (압구정동)"
도리토리(한티점),기타,37.49876337947821,127.05312774631982,영업/정상,"서울특별시 강남구 선릉로64길 15-11, 지상1층 (대치동)"
고씨네 고추장찌개(신논현점),기타,37.50799521370361,127.02443215702414,영업/정상,"서울특별시 강남구 강남대로122길 16, 지상1층 (논현동)"
샤브담,기타,37.50500263414722,127.06337320572231,영업/정상,"서울특별시 강남구 역삼로 555, 지하1층 제비103호 (대치동, 대치동 더블유 타워)"
윤찬(YOONCHAN)-맛있는 식품점,기타,37.510953015915526,127.04100703428117,영업/정상,"서울특별시 강남구 봉은사로47길 18, 지상1층 (논현동)"
사위식당 수서점,기타,37.487326826880114,127.10314006660364,영업/정상,"서울특별시 강남구 광평로 280, 로즈데일오피스텔 지상1층 115호 (수서동)"
카펜터스,기타,37.52530832381607,127.04852109488225,영업/정상,"서울특별시 강남구 압구정로79길 17, 지하1층 (청담동)"
인(in),기타,37.52672888418382,127.03799919021496,영업/정상,"서울특별시 강남구 압구정로50길 23, 지하1층 (신사동)"
마담미(Madame Mi),기타,37.524065835026285,127.05025920194778,영업/정상,"서울특별시 강남구 도산대로92길 6, 삼성빌딩 지상1층 107호 (청담동)"
곰프레시,기타,37.505947435295354,127.03718684473424,영업/정상,"서울특별시 강남구 언주로103길 35, 지하1층 101호 (역삼동)"
까사피에스타 강남점,기타,37.494284720643314,127.03489819699169,영업/정상,"서울특별시 강남구 역삼로 140, 청암빌딩 지하2층 5호 (역삼동)"
삼미집 블랙,기타,37.52572643022249,127.05197600586641,영업/정상,"서울특별시 강남구 압구정로79길 59, 지상2층 (청담동)"
씨엠비와인앤스피릿츠익스피리언스,기타,37.52542423086691,127.05201447780196,영업/정상,"서울특별시 강남구 압구정로79길 58, 지상3층, 지상4층 (청담동)"
한성국수,기타,37.5207832555834,127.03368559934599,영업/정상,서울특별시 강남구 언주로 735 (논현동)
예원,기타,37.50952136100464,127.0401403141398,영업/정상,서울특별시 강남구 봉은사로 303 (논현동)
에테르,기타,37.52240544665791,127.04313473716542,영업/정상,"서울특별시 강남구 도산대로62길 15, 지상3층 (청담동)"
진밀옥,기타,37.50821156572074,127.05712793879516,영업/정상,"서울특별시 강남구 테헤란로81길 16, 지상1층 (삼성동)"
카사아지오,기타,37.50362210508104,127.03933540322355,영업/정상,"서울특별시 강남구 언주로93길 32-6 (역삼동,2층)"
대낚식당,기타,37.49456354283261,127.03447466446742,영업/정상,"서울특별시 강남구 역삼로 137, 지상1층 (역삼동)"
13월,기타,37.47378405521423,127.05006796405347,영업/정상,"서울특별시 강남구 논현로8길 12, 지상1층 101호 (개포동)"
낭만식당,기타,37.51556523294144,127.04068069854797,영업/정상,"서울특별시 강남구 선릉로127길 12, 지상1층 (논현동)"
삐루센세,기타,37.49117440303462,127.03455784888655,영업/정상,"서울특별시 강남구 도곡로7길 7, 지하1층 103호 (역삼동)"
아방궁,기타,37.49444084713599,127.03054633499603,영업/정상,"서울특별시 강남구 역삼로1길 18 (역삼동,지상2층)"
하루,기타,37.5267916158101,127.0383005805385,영업/정상,"서울특별시 강남구 언주로172길 56 (신사동,1층)"
황금오리&토종돼지,기타,37.489314848334814,127.03330330468441,영업/정상,"서울특별시 강남구 강남대로58길 14, 1층 103호 (도곡동)"
텐텐,기타,37.51379339049187,127.06433602212239,영업/정상,서울특별시 강남구 봉은사로108길 19 (삼성동)
샤오당쟈마라탕 신사본점,기타,37.517650778278934,127.02178115669861,영업/정상,"서울특별시 강남구 강남대로152길 30 (신사동,지상2층)"
낯선천장,기타,37.507679833938624,127.02373140918893,영업/정상,"서울특별시 강남구 강남대로122길 5, 유창빌딩 3층 (논현동)"
대구막창생고기,기타,37.503120211047644,127.05937347078883,영업/정상,"서울특별시 강남구 역삼로 506, 1층 (대치동)"
압구정상회,기타,37.52522704261278,127.03830491017175,영업/정상,"서울특별시 강남구 선릉로155길 13-2 (신사동,(지상1층))"
보슬보슬 역삼본점,기타,37.49761784892166,127.03328235150937,영업/정상,"서울특별시 강남구 논현로85길 59 (역삼동,남곡빌딩지상1층)"
싸다김밥(압구정역점),기타,37.52568164602827,127.02802445723319,영업/정상,"서울특별시 강남구 논현로171길 4, 지상1층 (신사동)"
코엑스 전주비빔밥,기타,37.512521154961824,127.05881929973503,영업/정상,"서울특별시 강남구 테헤란로87길 36, 도심공항타워 지하1층 B02호 (삼성동)"
통영집,기타,37.50223629877456,127.03597216880227,영업/정상,"서울특별시 강남구 논현로 511 (역삼동,지하1층)"
시절우연,기타,37.52226516008779,127.04006280763696,영업/정상,"서울특별시 강남구 도산대로56길 12-1, 진빌딩 지상1층,2층 (청담동)"
(주)써브웨이 강남역점,기타,37.49971809899404,127.02799166805053,영업/정상,"서울특별시 강남구 강남대로96길 12 (역삼동,에이동1층제1호)"
싸다김밥 선정릉역점,기타,37.50959613617982,127.04061188104032,영업/정상,"서울특별시 강남구 봉은사로 307, 이안 논현 지상1층 101호 (논현동)"
이도,기타,37.51091326626285,127.03098811308409,영업/정상,"서울특별시 강남구 논현로 645, 엘리에나호텔 7층 (논현동)"
에프터 바,기타,37.503128212224055,127.05089256738398,영업/정상,"서울특별시 강남구 선릉로86길 12, 지하1층 (대치동)"
초장집,기타,37.48985042580501,127.08371971428643,영업/정상,"서울특별시 강남구 일원로9길 26, 지상1층 (일원동)"
구테로이테 선릉점,기타,37.50948798724362,127.05210509966247,영업/정상,"서울특별시 강남구 봉은사로68길 45, 영경빌딩 지상1층 (삼성동)"
동의명가 칼국수,칼국수,37.5171348224906,127.06397284590678,영업/정상,"서울특별시 강남구 영동대로114길 56, 지상1층 102호 (삼성동, 래미안 삼성1차)"
170,기타,37.5147937477209,127.04323647738266,영업/정상,"서울특별시 강남구 학동로56길 37, 지상1층 (삼성동)"
신라스테이 역삼카페(Cafe),기타,37.504647325176684,127.04126317339903,영업/정상,"서울특별시 강남구 언주로 517, 3층 (역삼동, KT영동지사 호텔동)"
밥집(가득드림),기타,37.50320691747206,127.03661820641555,영업/정상,"서울특별시 강남구 봉은사로30길 68, 지하1층 (역삼동)"
오르꾸숑 루프탑,기타,37.50597216198109,127.02520780617243,영업/정상,"서울특별시 강남구 강남대로114길 11, 나래빌딩 지상5층 (논현동)"
훠궈나라 강남점,기타,37.5024201106282,127.02652313903779,영업/정상,"서울특별시 강남구 봉은사로2길 35 (역삼동,소현빌딩 2층)"
비빔밥 앤 냉면,냉면,37.51054182685763,127.03594543667222,영업/정상,"서울특별시 강남구 언주로 615, 논현 아이파크 지하1층 B131호 (논현동)"
크라제인터내셔날(주)가로수길점,기타,37.52390218504581,127.02259905283819,영업/정상,"서울특별시 강남구 압구정로 126 (신사동,지상1층1호)"
몽지람,기타,37.504135689060384,127.05597247545752,영업/정상,서울특별시 강남구 삼성로81길 21 (대치동)
브릴리언트 커피,기타,37.52206102038678,127.02542488638065,영업/정상,"서울특별시 강남구 논현로157길 32, 브릴리언트빌딩 1층 (신사동)"
명륜진사갈비역삼점,기타,37.49174474850589,127.03428462283675,영업/정상,"서울특별시 강남구 도곡로7길 17, 두범 빌딩 지하1층 (역삼동)"
푸른바다,기타,37.49810972238083,127.03775208844543,영업/정상,"서울특별시 강남구 논현로81길 3 (역삼동,지하1층)"
브이 라운지(V lounge),기타,37.52704306558016,127.03805828508517,영업/정상,"서울특별시 강남구 언주로172길 51, 지상1층 (신사동)"
라면집(ZIP),기타,37.52629777102165,127.02744711007324,영업/정상,"서울특별시 강남구 압구정로 162 (신사동,베네하임시티 지상1층107호)"
커피빈 차병원사거리점,기타,37.507842892748165,127.03467404629401,영업/정상,"서울특별시 강남구 봉은사로 207, 지상1층 (논현동)"
서울식당,기타,37.48707261475469,127.09844291196134,영업/정상,"서울특별시 강남구 광평로47길 17, 지하1층 3호 (수서동, 수서신동아아파트 상가)"
온까스,기타,37.518466931339574,127.02981457224622,영업/정상,"서울특별시 강남구 도산대로30길 22, 지상1층 (논현동)"
교동전선생 학동점,기타,37.51465528188098,127.0297893913933,영업/정상,서울특별시 강남구 논현로131길 6 (논현동)
하늘곳간,기타,37.4804642527411,127.04659632043,영업/정상,"서울특별시 강남구 개포로15길 40, 지상1층 (개포동)"
족발마니아,기타,37.52253250563296,127.04719124985776,영업/정상,"서울특별시 강남구 삼성로145길 14, 지상104호 (청담동)"
조리인,기타,37.52419200165266,127.03859185228455,영업/정상,"서울특별시 강남구 도산대로53길 16, 지상3층 (신사동)"
왕자장어,기타,37.523582626445155,127.04512732419246,영업/정상,"서울특별시 강남구 도산대로 446, 경원오피스텔 지상1층 8-1호,9-1호 (청담동)"
총회회관구내,기타,37.504254382107995,127.06631903148165,영업/정상,서울특별시 강남구 영동대로 330 (대치동)
엘에이(LA)마라 도곡 본점,기타,37.48450341707469,127.04651592865677,영업/정상,"서울특별시 강남구 남부순환로378길 28, 1층 (도곡동)"
렛츠팟논현점,기타,37.507965774593444,127.02360953238906,영업/정상,"서울특별시 강남구 학동로2길 56, 지하1층 (논현동)"
마마쿡대치점,기타,37.49928723488218,127.0518247077837,영업/정상,"서울특별시 강남구 선릉로 330, 1층 1호 (대치동)"
해화옥 신논현직영점,기타,37.506620953957565,127.02423478285836,영업/정상,"서울특별시 강남구 봉은사로1길 29, 1층 (논현동)"
라프레타,기타,37.51029508051192,127.0453883639988,영업/정상,"서울특별시 강남구 봉은사로 410, 라마다서울호텔 지하3층, 지하중3층 (삼성동)"
씨벨커피 (Cbell coffee),기타,37.516287407261025,127.03209228153882,영업/정상,"서울특별시 강남구 논현로136길 26 (논현동,논현드림빌102호)"
효뜨 강남점,기타,37.49503904291086,127.02970354160853,영업/정상,"서울특별시 강남구 강남대로 358, 강남358타워 지상2층 202호 (역삼동)"
가담,기타,37.52637582896226,127.0302670219487,영업/정상,서울특별시 강남구 언주로167길 35 (신사동)
압구정미역,기타,37.52632532916472,127.02954337871972,영업/정상,"서울특별시 강남구 압구정로30길 17, 이소니프라자 지상1층 102,103,104-2,105,106호 (신사동)"
고기가득덮밥,기타,37.494858338856496,127.04111715400923,영업/정상,"서울특별시 강남구 논현로68길 13, 1층 101호 (역삼동, 역삼동 자연의집)"
호아센압구정현대점,기타,37.524057735887894,127.02791593357462,영업/정상,"서울특별시 강남구 논현로 841 (신사동,제이비미소빌딩지상2층206호)"
란향,기타,37.49920892138716,127.04392156003382,영업/정상,서울특별시 강남구 언주로 405 (역삼동)
차라리,기타,37.52650926400925,127.03894942390522,영업/정상,"서울특별시 강남구 선릉로157길 14-8, 지상1층 (신사동)"
갯마을,기타,37.50349964636292,127.03522936360554,영업/정상,"서울특별시 강남구 논현로 529, 지상1층 (역삼동)"
지리산,기타,37.51659478463267,127.037212747108,영업/정상,"서울특별시 강남구 학동로43길 7 (논현동,지상1층)"
에피그램(epigram),기타,37.512521154961824,127.05881929973503,영업/정상,"서울특별시 강남구 영동대로 511, 지하1층 C112호 (삼성동, 트레이드타워(코엑스몰))"
커피루소 청담점,기타,37.52530689281119,127.04126395467297,영업/정상,"서울특별시 강남구 선릉로158길 16 (청담동,다현빌딩 1층)"
미미옥 강남 신논현점,기타,37.5032841635068,127.02642739254671,영업/정상,"서울특별시 강남구 봉은사로4길 24, 지상1층 (역삼동)"
943-24,기타,37.50688369141595,127.05943678659689,영업/정상,"서울특별시 강남구 테헤란로88길 10 (대치동,신안메트로칸 지상1층107호)"
셀라 비,기타,37.50070041573673,127.02872319089704,영업/정상,"서울특별시 강남구 테헤란로5길 31, 지하1층 (역삼동)"
하늘식당,기타,37.50871427046371,127.04110744840182,영업/정상,"서울특별시 강남구 언주로108길 23, 지상1층 (역삼동)"
디엔(DIEN),기타,37.496631069151285,127.04042762710404,영업/정상,"서울특별시 강남구 역삼로 213 (역삼동,지상1층)"
민경이모네,기타,37.4779023581311,127.04711260053588,영업/정상,"서울특별시 강남구 논현로18길 24, 지상1층 (개포동)"
우와해 선릉본점,기타,37.50644577704278,127.05286044911625,영업/정상,"서울특별시 강남구 테헤란로69길 8, 지상 1층 (삼성동)"
김밥천국 강남구청역점,기타,37.51668653661626,127.04059047030417,영업/정상,"서울특별시 강남구 학동로 342 (논현동,에스케이허브지상1층104호)"
청자매운소돼지갈비찜,기타,37.519106633093436,127.0196868925662,영업/정상,"서울특별시 강남구 도산대로1길 36, 지하1층 (신사동)"
안주가 삼성점,기타,37.510908752237306,127.05521228671384,영업/정상,"서울특별시 강남구 삼성로104길 7, 지상2층 (삼성동)"
규카츠정 압구정로데오점,기타,37.52516225177199,127.03717754686518,영업/정상,"서울특별시 강남구 도산대로49길 34, 지하1층 (신사동)"
노란상 소갈비 강남직영점,기타,37.498345513630554,127.03207108696743,영업/정상,서울특별시 강남구 테헤란로8길 11-7 (역삼동)
스트릿 도곡점,기타,37.48928307112221,127.05280405331841,영업/정상,"서울특별시 강남구 남부순환로 2806, 군인공제회관 1층 (도곡동)"
역삼김뚝삼집,기타,37.50225589276705,127.04388996510536,영업/정상,"서울특별시 강남구 언주로90길 8, 지상2층 201호,202호 (역삼동)"
신논현고기집 룸 화연,기타,37.50685713283335,127.02483245602426,영업/정상,"서울특별시 강남구 강남대로118길 17 (논현동,지상1층)"
이여곰탕 강남삼성직영점,기타,37.51061839553013,127.0550394388071,영업/정상,"서울특별시 강남구 삼성로 548, 지상1층 (삼성동)"
곰스육공삼,기타,37.50851250714221,127.03295889679872,영업/정상,"서울특별시 강남구 논현로 613, 지상1층 (논현동)"
모들국수와 전,기타,37.517984227416136,127.04057971306052,영업/정상,"서울특별시 강남구 선릉로131길 4 (논현동,지상1층)"
임대감댁 스테이크하우스,기타,37.50460502541753,127.04670824779495,영업/정상,"서울특별시 강남구 테헤란로51길 7, 수지빌딩 지하1층 (역삼동)"
푸실(FUSIL),기타,37.511936833612005,127.05591174982806,영업/정상,"서울특별시 강남구 봉은사로84길 22, 1층 101호 (삼성동)"
오저당-오늘도 저당 다이어트식탁 강남본점,기타,37.50085838008427,127.04058796164693,영업/정상,"서울특별시 강남구 언주로85길 32, 역삼역센트럴푸르지오 지하1층 B118C호 CA28호 (역삼동)"
덮밥마루,기타,37.49485748877768,127.03457956384428,영업/정상,"서울특별시 강남구 역삼로11길 10, 지하1층 B01호 (역삼동)"
트웰브 카페 청담점,기타,37.52339383135422,127.04365764612126,영업/정상,"서울특별시 강남구 도산대로 442, 피엔폴루스 지상1층 (청담동)"
섭식당,기타,37.52577656297709,127.03758292257972,영업/정상,"서울특별시 강남구 선릉로155길 26, 4층 (신사동)"
읿노오뎅 논현점,기타,37.509223822456825,127.02294728355386,영업/정상,"서울특별시 강남구 강남대로124길 3-8, 지상1층 (논현동)"
바나프레소 삼성역점,기타,37.50821396790621,127.06227818618544,영업/정상,"서울특별시 강남구 테헤란로 532, 지상1층 101호 (대치동)"
우리집,기타,37.50299586263499,127.037367929578,영업/정상,"서울특별시 강남구 테헤란로27길 25, 지상1층 101호 (역삼동, 우제빌딩)"
윤대감 게장백반,기타,37.4788972721107,127.04496284690606,영업/정상,"서울특별시 강남구 개포로15길 3-10 (개포동,지상1층)"
아우프글렛 도산,기타,37.52733792862678,127.03495460505161,영업/정상,"서울특별시 강남구 압구정로42길 24, 지하1층 (신사동)"
라홍방마라탕 강남 직영점,기타,37.50226061521365,127.0273115943381,영업/정상,"서울특별시 강남구 강남대로102길 20 (역삼동,지하1층)"
아메리칸피자 강남논현점,기타,37.505945763356365,127.02587357404954,영업/정상,"서울특별시 강남구 강남대로114길 20, 지상1층 (논현동)"
디비노&데카(DIVINO&DECA),기타,37.51120937486312,127.04867975593808,영업/정상,"서울특별시 강남구 봉은사로68길 6-14 (삼성동,지하1층)"
그랜드힐 컨벤션,기타,37.50657497520942,127.0670290630137,영업/정상,"서울특별시 강남구 역삼로 607, 지상3층 (대치동)"
미식가박스,기타,37.495984602319766,127.03599433602916,영업/정상,"서울특별시 강남구 역삼로17길 17, 1층 101-2호 (역삼동)"
무한감자탕&뼈구이 강남자곡본점,기타,37.47261053906175,127.10296329779645,영업/정상,"서울특별시 강남구 자곡로 174-10, 지상1층 103호,104호 (자곡동)"
마크레인커피,기타,37.52585612174614,127.0378533944351,영업/정상,"서울특별시 강남구 선릉로157길 23-5 (신사동,지상1,2층)"
오늘도 등심,기타,37.498067926594864,127.03199265616436,영업/정상,"서울특별시 강남구 테헤란로8길 11-4, 1층 (역삼동)"
김종구닭칼국수육보쌈 서울 선릉역점,칼국수,37.504875029419075,127.04298262009371,영업/정상,서울특별시 강남구 언주로98길 16 (역삼동)
숯,기타,37.52620399650317,127.0447436862755,영업/정상,"서울특별시 강남구 선릉로162길 51, 지하1층 2호 (청담동)"
커피빈 삼성루첸타워점,기타,37.50710376909475,127.05845541591111,영업/정상,"서울특별시 강남구 테헤란로 510, 루첸타워 지상1층 (대치동)"
강남곱,기타,37.494383487768296,127.03157085890575,영업/정상,"서울특별시 강남구 역삼로3길 12 (역삼동,지상1,2층)"
샐러링 강남역점,기타,37.49870067584982,127.03157677479244,영업/정상,"서울특별시 강남구 테헤란로 124, 삼원타워 지하1층 B101호 (역삼동)"
써니키친(Sunny's Kitchen),기타,37.5070828957051,127.03671308631554,영업/정상,"서울특별시 강남구 언주로107길 31, 지하1층 일부호 (역삼동)"
평양옥,기타,37.49487564543743,127.03801687867582,영업/정상,"서울특별시 강남구 논현로71길 18, 신성타워 지상1층 (역삼동)"
카페 안부,기타,37.51090591493485,127.05173414781386,영업/정상,"서울특별시 강남구 삼성로107길 29, 1층 101호 (삼성동)"
부대찌개매니아 돈돌,기타,37.51611445861106,127.0406679286133,영업/정상,"서울특별시 강남구 선릉로129길 11, 지상2층 (논현동)"
치킨신드롬 논현점,기타,37.50952514436708,127.03895479161527,영업/정상,"서울특별시 강남구 언주로 604, ACROHILLS논현 근린생활시설 제지1층 108호 (논현동, ACROHILLS논현)"
한우면 개나리,기타,37.52632532916472,127.02954337871972,영업/정상,"서울특별시 강남구 압구정로30길 17, 이소니프라자 지상1층 101-2호 (신사동)"
마니달오 논현점,기타,37.5119972836479,127.02242446201618,영업/정상,"서울특별시 강남구 학동로3길 7, 지상1층 (논현동)"
어린왕자 강남점,기타,37.49921737833401,127.04843959075467,영업/정상,"서울특별시 강남구 역삼로 310, 지상2층 33-15호 (역삼동, 한솔필리아)"
마르르,기타,37.52514560804954,127.03868610293449,영업/정상,"서울특별시 강남구 도산대로53길 29, 1층 (신사동)"
도마두,기타,37.51760357564272,127.02564794455202,영업/정상,"서울특별시 강남구 논현로149길 35, 지상3층 302호 (논현동)"
송옥,기타,37.51869280834613,127.02239721866721,영업/정상,"서울특별시 강남구 강남대로154길 43, 지상2층 (신사동)"
모던(Modern),기타,37.526171169776575,127.03883076252762,영업/정상,"서울특별시 강남구 선릉로157길 14, 한주빌딩 지상1층 102호 (신사동)"
투다리,기타,37.509876202420784,127.02582579362523,영업/정상,"서울특별시 강남구 강남대로124길 45 (논현동,지상1층)"
윤가양꼬치,기타,37.50810358677975,127.02382435920522,영업/정상,"서울특별시 강남구 학동로2길 55, 환희빌딩 지상2층 (논현동)"
리틀로프(LITTLE LOAF daily bread),기타,37.50078392093194,127.05301147838854,영업/정상,"서울특별시 강남구 역삼로64길 5, 지상1층 101호 (대치동, 럭스빌)"
청와옥 본사직영학동점,기타,37.51639371082879,127.03570156583343,영업/정상,"서울특별시 강남구 언주로 708, 1,2층 (논현동)"
우정,기타,37.525096529100075,127.0403875291536,영업/정상,"서울특별시 강남구 도산대로55길 23, 지상1층 (청담동)"
강강술래 역삼점,기타,37.4941499793475,127.03950635872928,영업/정상,서울특별시 강남구 논현로 325 (역삼동)
공간이도,기타,37.52032526336085,127.02482785215199,영업/정상,"서울특별시 강남구 논현로153길 41, 지하1층 B01호 (신사동)"
라이브죤,기타,37.478098709849405,127.04772444809649,영업/정상,"서울특별시 강남구 개포로22길 10 (개포동,지하1층)"
무교동 유정낙지 압구정점,기타,37.52422149309227,127.02733394571518,영업/정상,"서울특별시 강남구 논현로163길 10 (신사동,(1층 2호))"
78.4,기타,37.51977704968377,127.05836321775749,영업/정상,"서울특별시 강남구 영동대로128길 5, 상가동 지상2층 203호 (삼성동, 청구아파트)"
속시원한대구탕,기타,37.490657518506424,127.0336893954804,영업/정상,"서울특별시 강남구 강남대로62길 26 (역삼동,지상2층)"
순두부와삼겹살,기타,37.507427191616266,127.06504088159768,영업/정상,"서울특별시 강남구 영동대로86길 10-7, 한티빌딩 1층 (대치동)"
나인원(NINE ONE),기타,37.52414234091915,127.04141741953276,영업/정상,"서울특별시 강남구 도산대로57길 8, 지상3층 (청담동)"
우리순대국,기타,37.50214441609031,127.0435536090412,영업/정상,"서울특별시 강남구 언주로90길 4, 1층 (역삼동, 우림루미아트2)"
칼리아(CALLIA),기타,37.52191532546786,127.02715816517073,영업/정상,"서울특별시 강남구 논현로155길 10, 1층 (신사동)"
브라운,기타,37.51990104549337,127.04903871129918,영업/정상,"서울특별시 강남구 삼성로133길 4, 지하1층 (청담동)"
(주)커피빈코리아 선정릉역점,기타,37.510287510179715,127.04296753561417,영업/정상,"서울특별시 강남구 봉은사로 331, SH타워 지하1,지상1층 (논현동)"
위트,기타,37.52572034767286,127.03047665017688,영업/정상,"서울특별시 강남구 압구정로34길 36, 현대빌딩 지상1층 102호 (신사동)"
엠엠티에이치일공사,기타,37.50196220215435,127.0382441928443,영업/정상,"서울특별시 강남구 테헤란로27길 8, 1층 (역삼동, 다온빌딩)"
부에나비스타,기타,37.526890966899494,127.0390853333859,영업/정상,"서울특별시 강남구 언주로172길 65 (신사동,지상4층)"
제이바,기타,37.517697118686065,127.0200744788851,영업/정상,"서울특별시 강남구 도산대로1길 16 (신사동,지상1층)"
이어도,기타,37.49045040211117,127.03999721605096,영업/정상,"서울특별시 강남구 논현로 213 (도곡동,럭키상가지상1층107,108호)"
오마뎅 개포래미안포레스트점,기타,37.47863625797586,127.05388043017929,영업/정상,"서울특별시 강남구 개포로 264, 상가1동 지상1층 103-1호 (개포동, 개포 래미안 포레스트)"
신의주찹쌀순대(역삼GS타워점),기타,37.50320691747206,127.03661820641555,영업/정상,"서울특별시 강남구 봉은사로30길 68, 지상1층 (역삼동)"
바샤커피 청담점,기타,37.52664806530436,127.04407439812299,영업/정상,"서울특별시 강남구 압구정로 432, 2층 (청담동)"
(주)제퍼강남,기타,37.5020942234229,127.03679819604724,영업/정상,"서울특별시 강남구 논현로 508 (역삼동,엘지아트센터 지하1층)"
김밥천국,기타,37.5080139610026,127.0553955587808,영업/정상,"서울특별시 강남구 삼성로 517 (삼성동,지상1층)"
엘비스,기타,37.508876783691115,127.04298138444177,영업/정상,"서울특별시 강남구 선릉로107길 13 (역삼동,지상1층)"
조선냉면,냉면,37.50617380501071,127.03788971841215,영업/정상,"서울특별시 강남구 언주로103길 27, 지하1층 102호 (역삼동)"
산쇼쿠라멘 강남본점,기타,37.49539989631866,127.03040580524147,영업/정상,"서울특별시 강남구 테헤란로4길 46, 제지1층 제비상가138호 (역삼동, 쌍용플래티넘밸류)"
한사발포차 강남구청점,기타,37.51581479983111,127.04102167138515,영업/정상,"서울특별시 강남구 선릉로129길 9-7, 미림빌딩 지상1층 (논현동)"
게스트로 바리스타(Gastro Barista),기타,37.485573232239524,127.0372861223478,영업/정상,"서울특별시 강남구 남부순환로361길 7, 리치원룸텔 지하1층 B2호 (도곡동)"
뉴스톤아레나,기타,37.490904567885465,127.03248509962211,영업/정상,"서울특별시 강남구 도곡로1길 14, 삼일프라자오피스텔 지하1층 6호,7호 (역삼동)"
밀각,기타,37.50611797742504,127.0585030395307,영업/정상,"서울특별시 강남구 테헤란로84길 16, 세풍빌딩 지상2층 201호 (대치동)"
멘지 신사점,기타,37.52193876043551,127.02084982165718,영업/정상,"서울특별시 강남구 강남대로162길 41-19, 1층 (신사동)"
안목 갤러리,기타,37.52662722502755,127.03563069349934,영업/정상,"서울특별시 강남구 언주로170길 24, 지하1층 (신사동)"
보슬보슬,기타,37.49741599667504,127.03156135531671,영업/정상,"서울특별시 강남구 테헤란로8길 22, 지상1층 102호 (역삼동)"
페리카나치킨,기타,37.49314853030718,127.05907640986165,영업/정상,"서울특별시 강남구 남부순환로 2917, 108호 (대치동)"
한우본,기타,37.49779810634242,127.03290800958712,영업/정상,"서울특별시 강남구 테헤란로10길 21, 지상2층 (역삼동)"
(유)아웃백스테이크하우스코리아 강남점,기타,37.50716809893953,127.02368677127231,영업/정상,"서울특별시 강남구 강남대로 502, 2층 (논현동, 에임하이타워)"
동인동,기타,37.51806458751135,127.02038270474976,영업/정상,"서울특별시 강남구 강남대로156길 14 (신사동,지상1층)"
갈빗길,기타,37.48444115334114,127.04460091103478,영업/정상,"서울특별시 강남구 논현로30길 36, 지상1층 101호 (도곡동)"
봉화전,기타,37.50613081268578,127.05987460368566,영업/정상,서울특별시 강남구 삼성로86길 28 (대치동)
팔팔 찌개마을,기타,37.50359816961587,127.03975796994877,영업/정상,"서울특별시 강남구 언주로93길 28-4, 지상1층 (역삼동)"
돼지네포장마차,기타,37.51740444452311,127.05136065968426,영업/정상,"서울특별시 강남구 삼성로 642, 삼성빌딩 1층 101호 (삼성동)"
(유)아웃백스테이크하우스코리아 코엑스스타필드점,기타,37.512521154961824,127.05881929973503,영업/정상,"서울특별시 강남구 영동대로 513, 코엑스몰 지하1층 H123호 (삼성동)"
모울(MOUL),기타,37.519553925353314,127.02255070792333,영업/정상,"서울특별시 강남구 도산대로11길 32, 한교빌딩 2층 (신사동)"
미에뜨,기타,37.482884007364305,127.04673933079211,영업/정상,"서울특별시 강남구 양재천로 195, 1층 (도곡동)"
이자카야잔잔 삼성동직영점,기타,37.5097753211574,127.0562652220128,영업/정상,"서울특별시 강남구 테헤란로81길 46, 선농빌딩 1층 (삼성동)"
진아(GIN.A),기타,37.51975158839061,127.03373218551604,영업/정상,"서울특별시 강남구 언주로147길 9-3, 지하1층 (논현동)"
라파즈,기타,37.52362749953291,127.0492678241403,영업/정상,"서울특별시 강남구 도산대로90길 11, 지하1층 (청담동)"
오타이 후쿠,기타,37.50859530026902,127.05971847792408,영업/정상,"서울특별시 강남구 테헤란로 517, 현대백화점 10층 (삼성동)"
소풍,기타,37.49133630305246,127.03138739962743,영업/정상,"서울특별시 강남구 강남대로 314, 지상1층 (역삼동)"
베이징덕,기타,37.52656782185734,127.02883122054304,영업/정상,서울특별시 강남구 논현로 874 (신사동)
한국섬유산업연합회,기타,37.507457670803134,127.06063515117556,영업/정상,"서울특별시 강남구 테헤란로 518, 한국섬유산업연합회 17층 (대치동)"
섬유센터점,기타,37.507457670803134,127.06063515117556,영업/정상,"서울특별시 강남구 테헤란로 518, 한국섬유산업연합회 17층,18층 (대치동)"
5분덮밥,기타,37.49045040211117,127.03999721605096,영업/정상,"서울특별시 강남구 논현로 213, 상가동 지하1층 113호,114호 (도곡동, 역삼럭키아파트)"
(주)농심 코코이찌방야 역삼GFC점,기타,37.49981009291828,127.03662878226913,영업/정상,"서울특별시 강남구 테헤란로 152, 강남파이낸스센터 지하1층 P8호 (역삼동)"
짚뿔닭발 강남역점,기타,37.50044818288998,127.02763638653315,영업/정상,"서울특별시 강남구 테헤란로1길 28-3 (역삼동,지상1,2층)"
원어나더,기타,37.50502684981883,127.04523458467474,영업/정상,"서울특별시 강남구 언주로98길 39-8, 1층 (역삼동)"
타임Tyme,기타,37.517965500582555,127.03860804382786,영업/정상,"서울특별시 강남구 학동로47길 20, 1층 102호 (논현동)"
미에뜨 다이닝,기타,37.482884007364305,127.04673933079211,영업/정상,"서울특별시 강남구 양재천로 195, 2층 (도곡동)"
에이치,기타,37.52723270661817,127.03014359461054,영업/정상,"서울특별시 강남구 논현로176길 20 (신사동,지상2층)"
아토앤조이(주) 카페 비투비씨,기타,37.52098152282061,127.02687060328456,영업/정상,"서울특별시 강남구 도산대로25길 19, 지상1층 (신사동)"
몽중헌 청담,기타,37.52455893278683,127.04464325141063,영업/정상,"서울특별시 강남구 도산대로 445, M빌딩 지하1층 (청담동)"
에이치(H),기타,37.520596449100715,127.0384692755449,영업/정상,"서울특별시 강남구 언주로146길 46, 1층 102호 (논현동)"
덕후선생 강남,기타,37.4994358838183,127.03359069441342,영업/정상,"서울특별시 강남구 테헤란로 134, 포스코타워 역삼 지하1층 (역삼동)"
무등산 청담,기타,37.52191871884741,127.03996019377591,영업/정상,"서울특별시 강남구 선릉로146길 3 (청담동,지상1,2,3층)"
쉐프맘,기타,37.524201957592204,127.05010310182315,영업/정상,"서울특별시 강남구 도산대로 522, 지상1층 (청담동, 가호)"
가마솥순대국밥 학동점,국밥,37.51481532925197,127.03148531281046,영업/정상,"서울특별시 강남구 논현로132길 12, 남송빌딩 지상1층 (논현동)"
여의도삼계탕 코엑스점,기타,37.512521154961824,127.05881929973503,영업/정상,"서울특별시 강남구 테헤란로87길 46, 호텔오크우드프리미어 지하2층 2A4호 (삼성동)"
이동자,기타,37.52130261018318,127.05739497919156,영업/정상,"서울특별시 강남구 학동로101길 11, 지하1층 B101호 (청담동)"
산(SAN),기타,37.52640606247096,127.03395887873317,영업/정상,"서울특별시 강남구 언주로168길 6, 지하1층 (신사동)"
몽중헌 대치,기타,37.50319760700064,127.0649976062355,영업/정상,"서울특별시 강남구 영동대로 325, 지상1층 (대치동, 해암빌딩)"
백년가,기타,37.51235882475732,127.05326043833387,영업/정상,"서울특별시 강남구 삼성로 571, 케이빌딩 1층2층 (삼성동)"
진진,기타,37.49300157535366,127.0391171527819,영업/정상,"서울특별시 강남구 논현로63길 16, 117호 (역삼동, 강남서해그랑블)"
에브리데이 크리스마스 역삼점,기타,37.50254987108191,127.03571720158278,영업/정상,"서울특별시 강남구 논현로 515, 아승빌딩 1층 (역삼동)"
글림오브(Gleam Aube),기타,37.47526925277511,127.04876535319893,영업/정상,"서울특별시 강남구 논현로12길 19-7, 지상1층 (개포동)"
샤브한끼,기타,37.49432465082599,127.03714504692027,영업/정상,"서울특별시 강남구 논현로71길 29, 1층 101호 (역삼동)"
담벼락식당,기타,37.517980558680236,127.04026570316596,영업/정상,"서울특별시 강남구 선릉로131길 8, 노벨빌딩 1층 (논현동)"
김밥천국,기타,37.49487119198887,127.03268062007511,영업/정상,"서울특별시 강남구 역삼로7길 13, 지상1층 102호 (역삼동, 파크앤스위트)"
파냉삼,기타,37.49336867847596,127.04067466007538,영업/정상,"서울특별시 강남구 논현로 312 (역삼동,지상1층)"
야화 혼술바 강남역점,기타,37.500697865408604,127.02783965162537,영업/정상,"서울특별시 강남구 강남대로98길 14, 재상빌딩 지하1층 (역삼동)"
소담식당,기타,37.499799385706375,127.04228259082699,영업/정상,"서울특별시 강남구 테헤란로38길 40-8, 지상1층 (역삼동)"
순딜리버리 1호점,기타,37.513353374559664,127.02132348064708,영업/정상,"서울특별시 강남구 강남대로136길 5-4, 지하1층 1호 (논현동)"
설빙 일원역점,팥빙수,37.48400106312948,127.08445140975111,영업/정상,"서울특별시 강남구 일원로 115, 삼성생명 일원역 빌딩 지상1층 111호 (일원동)"
진대감,기타,37.48553923443835,127.04377293751485,영업/정상,"서울특별시 강남구 남부순환로 2722 (도곡동,지상1층)"
너울,기타,37.51317989817279,127.03327807352623,영업/정상,"서울특별시 강남구 논현로126길 22, 지하1층 (논현동)"
무쇠김치삼겹 선릉점,기타,37.50367254703246,127.05385902866932,영업/정상,"서울특별시 강남구 선릉로82길 47, 지상1층 (대치동)"
정희 GFC몰점,기타,37.49981009291828,127.03662878226913,영업/정상,"서울특별시 강남구 테헤란로 152, 강남파이낸스센터 지하1층 P2-1호 (역삼동)"
원모어,기타,37.50611797742504,127.0585030395307,영업/정상,"서울특별시 강남구 테헤란로84길 16, 세풍빌딩 지상1층 101호 (대치동)"
압구정 육반,기타,37.526977548057026,127.03723790340844,영업/정상,"서울특별시 강남구 압구정로50길 28, 상가101동 지하1층 5호중 1호 (신사동, 로데오현대아파트)"
공원스크립트 도산,기타,37.52559411567508,127.03643696215246,영업/정상,"서울특별시 강남구 언주로164길 35-3, 1층 (신사동)"
설농정,기타,37.500211473422034,127.03982287594643,영업/정상,"서울특별시 강남구 논현로86길 28 (역삼동,지상1,2층)"
소나에(Sonae),기타,37.5058338878528,127.03131605217888,영업/정상,서울특별시 강남구 봉은사로 150 (역삼동)
BBQ치킨 개포점,기타,37.47889219232034,127.04988551509766,영업/정상,"서울특별시 강남구 개포로 250, 선광빌딩 1층 101호 (개포동)"
벤슨 크리머리 서울,기타,37.52615799121728,127.03981394231714,영업/정상,"서울특별시 강남구 선릉로 829, CANON 지상1층, 지상2층 (신사동)"
월출산 삼성본점,기타,37.51358398050653,127.0647575436823,영업/정상,"서울특별시 강남구 봉은사로112길 22, 상원빌딩 지상1층 (삼성동)"
분식을 품다 강남구청점,기타,37.51997692113853,127.03781889184991,영업/정상,"서울특별시 강남구 도산대로50길 37, 지상1층 4호 (논현동)"
젠제로,기타,37.5152781780895,127.04324616498226,영업/정상,"서울특별시 강남구 선릉로126길 14, 지하1층, 지상1층 (삼성동)"
맛나 행복한밥상,기타,37.51216196911044,127.06534269224233,영업/정상,서울특별시 강남구 봉은사로114길 42 (삼성동)
벤슨 강남역점,기타,37.50163763212729,127.02689153548545,영업/정상,"서울특별시 강남구 강남대로100길 10, 지상1층 일부(좌측)호 (역삼동)"
벤슨 대치점,기타,37.49863790136241,127.06146228276074,영업/정상,"서울특별시 강남구 삼성로 238, 태원 리치타운상가 지상1층 104호,105호 (대치동)"
카페봄봄 삼성선정릉점,기타,37.5119270608697,127.05038545294249,영업/정상,"서울특별시 강남구 봉은사로 462, 세림타워 지상1층 (삼성동)"
부원냉삼집 대치동점,기타,37.49314853030718,127.05907640986165,영업/정상,"서울특별시 강남구 남부순환로 2917, 청실종합상가 지상1층 102-가호, 나호 (대치동)"
바론,기타,37.5097753211574,127.0562652220128,영업/정상,"서울특별시 강남구 테헤란로81길 46, 선농빌딩 지상2층 (삼성동)"
우동키노야 강남도곡점,기타,37.48525778772656,127.04355326588397,영업/정상,"서울특별시 강남구 논현로38길 24, 1층 (도곡동)"
다원옥 대치본점,기타,37.500540307236186,127.0515960686755,영업/정상,"서울특별시 강남구 역삼로 406, 지상1층 106호 (대치동)"
알라보 강남역점(allavo),기타,37.50085838008427,127.04058796164693,영업/정상,"서울특별시 강남구 언주로85길 32, 역삼역센트럴푸르지오 지하1층 B114B호 중 CA19호 (역삼동)"
랜덤(Ran dom),기타,37.52300580951641,127.04023931217802,영업/정상,"서울특별시 강남구 도산대로 408, 신우빌딩 지상1층 (청담동)"
르오뇽(L'OIGNON),기타,37.520622448086314,127.02409544074638,영업/정상,"서울특별시 강남구 도산대로17길 29, 1층 101호 (신사동)"
캐노피(canopy),기타,37.52745686862639,127.0382065244578,영업/정상,"서울특별시 강남구 압구정로50길 11, 남송빌딩 지상4층, 지상5층옥상 (신사동)"
비앙드(VIANDE),기타,37.51777009557647,127.03047377152252,영업/정상,"서울특별시 강남구 도산대로30길 33-1, 지상1, 지하1층 (논현동)"
비유어거트,기타,37.49772601279262,127.0292970420504,영업/정상,"서울특별시 강남구 테헤란로4길 6, 강남역 센트럴 푸르지오 시티 지상1층 125호 (역삼동)"
루프팔공팔,기타,37.50435164414723,127.02504696158344,영업/정상,"서울특별시 강남구 강남대로 470, 808타워 지상16층 (역삼동)"
천하제일불닭발 강남본점,기타,37.49506967797681,127.03534452188669,영업/정상,"서울특별시 강남구 역삼로11길 20, 지하1층 일부호 (역삼동, 버베나하우스(A))"
일품돼지국밥 휘문고사거리점,국밥,37.504908446367004,127.06471920371813,영업/정상,"서울특별시 강남구 영동대로 341, 삼출빌딩 1층 (대치동)"
식물원김밥 수서점,기타,37.488369761469094,127.10247199019736,영업/정상,"서울특별시 강남구 광평로51길 8, 로얄프라자 지상1층 113호 (수서동)"
카제 쇼쿠도,기타,37.52182966799842,127.02360469726864,영업/정상,"서울특별시 강남구 압구정로14길 39, 지상1층 101호 (신사동)"
처갓집양념치킨 일원점,기타,37.49353543520247,127.08403528085744,영업/정상,"서울특별시 강남구 개포로128길 25, 1층 (일원동)"
산적뷔페,기타,37.51396798054488,127.06418908829005,영업/정상,"서울특별시 강남구 영동대로106길 38 (삼성동,지하1층)"
삼계부용,기타,37.52372030609862,127.03581405078384,영업/정상,"서울특별시 강남구 도산대로45길 18-4, 지상2층 (신사동)"
놀란치킨 선릉점,기타,37.5044959922012,127.05155548866333,영업/정상,"서울특별시 강남구 테헤란로64길 9 (대치동,대우아이빌 지하104,105호)"
수서밥상,기타,37.48731258454296,127.10514601866998,영업/정상,"서울특별시 강남구 광평로56길 11, 상가동 지상1층 108호 (수서동, 수서6단지아파트)"
벨지움,기타,37.508778792956825,127.05765071710209,영업/정상,"서울특별시 강남구 테헤란로83길 20, 지하1층 (삼성동)"
브릭커리 스타필드코엑스점,기타,37.512521154961824,127.05881929973503,영업/정상,"서울특별시 강남구 테헤란로87길 36, 도심공항타워 지하1층 B08호 (삼성동)"
달달케이크,기타,37.50873097787213,127.03018950154568,영업/정상,"서울특별시 강남구 봉은사로21길 34, 지상2층 204호 (논현동)"
필라스에프앤비,기타,37.52635489783714,127.03135576583114,영업/정상,"서울특별시 강남구 언주로167길 21, 지상1층 (신사동)"
659 라운지,기타,37.52711790378064,127.03770044541196,영업/정상,서울특별시 강남구 언주로172길 47 (신사동)
대치동 마당,기타,37.50502245924477,127.05966955578558,영업/정상,"서울특별시 강남구 역삼로83길 22-2, 1층 (대치동)"
네오,기타,37.483144279131956,127.05887126787754,영업/정상,"서울특별시 강남구 개포로 310, 개포1차지구아파트주구센타A동 1층 170호 (개포동)"
룡룡마라도원 강남역점,기타,37.50409676605701,127.02585149591114,영업/정상,"서울특별시 강남구 강남대로110길 13 (역삼동,지상1층)"
흥부이가,기타,37.495718813451184,127.03015134973776,영업/정상,"서울특별시 강남구 테헤란로4길 38-5, 지상1층 (역삼동)"
로어그라운드,기타,37.4827804521257,127.04538545513222,영업/정상,"서울특별시 강남구 논현로26길 30-9, 지하1층, 지상1층 (도곡동)"
한우연,기타,37.52577260856034,127.03234537523619,영업/정상,"서울특별시 강남구 언주로165길 9, 2층 (신사동)"
역전할머니맥주 강남CGV점,기타,37.500246547690715,127.02798464890815,영업/정상,"서울특별시 강남구 테헤란로1길 28-6 (역삼동,.지상1층)"
초록밭,기타,37.506765184992176,127.04808443368391,영업/정상,"서울특별시 강남구 선릉로 524, 선릉대림아크로텔 지상1층 104호 (삼성동)"
모모유부 강남구청,기타,37.51611145822204,127.04109545955134,영업/정상,"서울특별시 강남구 선릉로129길 3-4, 지하1층 B101호 (논현동)"
타이거꼬마김밥 대치점,기타,37.49944825259747,127.05331360501827,영업/정상,"서울특별시 강남구 역삼로64길 26, 1층 101호 (대치동)"
압구정굿타임,기타,37.52705557154047,127.03914277055655,영업/정상,"서울특별시 강남구 선릉로161길 15-3, 101호 (신사동)"
표류(한시적),기타,37.50859530026902,127.05971847792408,영업/정상,"서울특별시 강남구 테헤란로 517, 현대백화점 지하1층 (삼성동)"
아이언케이스 익스프레스,기타,37.499719131778065,127.03489804306014,영업/정상,"서울특별시 강남구 테헤란로 142, 지상1층 (역삼동)"
타르틴 코리아 대치,기타,37.50162927456229,127.05084611152881,영업/정상,"서울특별시 강남구 선릉로 410, 1층~2층 203호 (대치동)"
에다,기타,37.52742044112916,127.03562678810101,영업/정상,"서울특별시 강남구 언주로172길 24 (신사동,지상2층)"
맛바라기,기타,37.50655041938286,127.05738156591427,영업/정상,"서울특별시 강남구 테헤란로 504 (대치동,지하1층)"
데블스도어 코엑스점,기타,37.512521154961824,127.05881929973503,영업/정상,"서울특별시 강남구 영동대로 513, 코엑스 지상1층 (삼성동)"
슈가(Sugar),기타,37.50362210508104,127.03933540322355,영업/정상,"서울특별시 강남구 언주로93길 32-6, 지하1층 (역삼동)"
샤리,기타,37.474735841675255,127.10481752034441,영업/정상,"서울특별시 강남구 자곡로 202, 강남힐스테이트에코 1층 104호중2호 (자곡동)"
킹스컵(KING'S CUP),기타,37.51889304060715,127.02176298177325,영업/정상,"서울특별시 강남구 강남대로156길 33, 2층 201호 (신사동)"
두유썸(DO U SOME),기타,37.50114812965744,127.05531328890925,영업/정상,"서울특별시 강남구 삼성로71길 45, 지상1층 상가 일부호 (대치동)"
후라이드 참 잘하는집 강남자곡점,기타,37.474735841675255,127.10481752034441,영업/정상,"서울특별시 강남구 자곡로 202, 강남힐스테이트에코 1층 107-2호 (자곡동)"
뽁순이볶음밥 강남본점,기타,37.502025313266216,127.0335381833513,영업/정상,"서울특별시 강남구 논현로95길 30, 지상1층 103호 (역삼동)"
짜글이대가 강남본점,기타,37.502025313266216,127.0335381833513,영업/정상,"서울특별시 강남구 논현로95길 30, 지상1층 103호 (역삼동)"
우주푸드,기타,37.49942728561998,127.04469803872237,영업/정상,"서울특별시 강남구 언주로 408, 역삼자이 지하1층 B09호 (역삼동)"
주식회사 요크(한시적),기타,37.512521154961824,127.05881929973503,영업/정상,"서울특별시 강남구 영동대로 513, 코엑스 3층 D홀의 일부호 (삼성동)"
인기급상승떡볶이 강남본점,기타,37.502025313266216,127.0335381833513,영업/정상,"서울특별시 강남구 논현로95길 30, 지상1층 103호 (역삼동)"
얌샘김밥 강남점,기타,37.49539989631866,127.03040580524147,영업/정상,"서울특별시 강남구 테헤란로4길 46, 지1층 비 상가102호 (역삼동, 쌍용플래티넘밸류)"
개화옥,기타,37.52774588756646,127.03860967651286,영업/정상,"서울특별시 강남구 압구정로50길 7, 1층 7호 (신사동, 정동상가)"
압구정 오뎅살롱,기타,37.52559550476424,127.03749515984585,영업/정상,"서울특별시 강남구 선릉로155길 25, 1층 103호 (신사동)"
미담헌,기타,37.52312265596349,127.03659604190698,영업/정상,"서울특별시 강남구 도산대로45길 8-8, 지하1층 (신사동)"
비어캐슬,기타,37.48977870136992,127.05065062750587,영업/정상,"서울특별시 강남구 남부순환로 2803 (도곡동,동관 제01호)"
간 1548,기타,37.50430184695966,127.0548089571864,영업/정상,"서울특별시 강남구 삼성로85길 33, 1층 102-1, 102-2호 (대치동)"
캐비넷클럽 라운지 역삼점,기타,37.49523293837467,127.03815727362597,영업/정상,"서울특별시 강남구 역삼로 172, 지상1층 (역삼동)"
비포앤애프터 쇼룸 카페,기타,37.52733883249212,127.04603165095294,영업/정상,"서울특별시 강남구 도산대로81길 50, 지상1층 (청담동)"
오발탄 대치점,기타,37.500561969159584,127.06443630582002,영업/정상,"서울특별시 강남구 도곡로93길 7 (대치동,지상1층)"
마이위스키테이블,기타,37.505554800514275,127.04752631414104,영업/정상,"서울특별시 강남구 선릉로93길 10, 지상1층 (역삼동)"
동해물과 한라산이,기타,37.49565692105216,127.04560671642466,영업/정상,"서울특별시 강남구 언주로 313, 1층 104호 (역삼동)"
포케올데이 역삼점,기타,37.49552068921834,127.04051875659185,영업/정상,"서울특별시 강남구 논현로72길 12, 지상1층 (역삼동)"
수백당(역삼점1호),기타,37.50341818026863,127.0428247895984,영업/정상,"서울특별시 강남구 언주로 506, 역삼 아르누보씨티 지상1층 103호 (역삼동)"
조이풀투,기타,37.52373597946955,127.03738935015764,영업/정상,서울특별시 강남구 도산대로49길 12 (신사동)
화이트도어,기타,37.50319760700064,127.0649976062355,영업/정상,"서울특별시 강남구 영동대로 325, 지상4층 (대치동, 해암빌딩)"
원조마포소금구이 강남점,기타,37.522966722064666,127.02094804060847,영업/정상,"서울특별시 강남구 압구정로 110, 화인빌딩 2층 201호 (신사동)"
Beer2DDa(비어이따 강남점),기타,37.51588117409148,127.02240459340517,영업/정상,서울특별시 강남구 도산대로8길 17 (논현동)
데일리밥(Bab),기타,37.50601821804773,127.05953246647539,영업/정상,"서울특별시 강남구 삼성로86길 24, 지하1층 (대치동)"
이대팔 쭈꾸미,기타,37.50695564801725,127.02437853709858,영업/정상,"서울특별시 강남구 봉은사로1길 34 (논현동,지상1층 103호)"
수담라운지,기타,37.519125371036644,127.02474881518917,영업/정상,"서울특별시 강남구 강남대로152길 69, 지하 1층 (신사동)"
꿈에그린 정육식당 강남구청점,기타,37.51680705243116,127.03812691896714,영업/정상,"서울특별시 강남구 학동로45길 8, 유화빌딩 지상1층 101B호 (논현동)"
전원식당,기타,37.51358398050653,127.0647575436823,영업/정상,서울특별시 강남구 봉은사로112길 22 (삼성동)
코코,기타,37.523964448854,127.05598129067427,영업/정상,"서울특별시 강남구 영동대로142길 8, 지하2층 (청담동)"
디즈니플러스,기타,37.52424585323722,127.04239413657471,영업/정상,"서울특별시 강남구 선릉로152길 34, 7층 (청담동)"
일미어담(한시적),기타,37.50859530026902,127.05971847792408,영업/정상,"서울특별시 강남구 테헤란로 517, 현대백화점 지하1층 (삼성동)"
노뜨르,기타,37.525346417643085,127.03857604100997,영업/정상,"서울특별시 강남구 선릉로155길 13, 2층 (신사동)"
떼르 에 떼르(Terre et Terre),기타,37.52177739770854,127.02053141226565,영업/정상,"서울특별시 강남구 압구정로4길 13-4, 덕호빌딩 1층 일부호 (신사동)"
파파앤썬(PAPA&SON)by랑콩뜨레(한시적),기타,37.52733428976068,127.0274700342024,영업/정상,"서울특별시 강남구 압구정로 165, 현대백화점본점 지하1층 (압구정동)"
스시 센렌,기타,37.52386549543929,127.02722348849322,영업/정상,"서울특별시 강남구 논현로163길 9-4, 1층 (신사동)"
목포 참홍어,기타,37.49090195277258,127.08128889790558,영업/정상,서울특별시 강남구 일원로5길 3 (일원동)
프레드므아 논현,기타,37.515868801979636,127.03302246596027,영업/정상,"서울특별시 강남구 언주로133길 27, THEMAYBUILDING 지하1층 (논현동)"
끝장,기타,37.50372237485384,127.03682413805741,영업/정상,서울특별시 강남구 논현로98길 12 (역삼동)
인디아더르바르,기타,37.50563769899652,127.05884274437143,영업/정상,"서울특별시 강남구 삼성로84길 15, 지하1층 (대치동)"
20회수산-하루20판 한정판매,기타,37.520407250459,127.03609523539045,영업/정상,"서울특별시 강남구 언주로148길 14, 청호불교문화원 다동 지상1층 104호 (논현동)"
취영루,기타,37.51056624461624,127.02264407154196,영업/정상,서울특별시 강남구 학동로2길 11 (논현동)
키타이 갤러리아압구정점,기타,37.52856183010993,127.04005459356938,영업/정상,"서울특별시 강남구 압구정로 343, 갤러리아백화점 명품관점 WEST 지하1층 (압구정동)"
준(JUN),기타,37.51090723590965,127.05590729367731,영업/정상,"서울특별시 강남구 삼성로104길 14 (삼성동,지하1층)"
성덕,기타,37.499377875592344,127.03493536884127,영업/정상,"서울특별시 강남구 논현로87길 23, 지하1층 (역삼동)"
한식대찬 본점(한시적),기타,37.52856183010993,127.04005459356938,영업/정상,"서울특별시 강남구 압구정로 343, 갤러리아백화점 지하 식품관 (압구정동)"
친신 마라탕,기타,37.49817677880218,127.0336434519445,영업/정상,"서울특별시 강남구 논현로85길 52, 역삼 푸르지오 시티 지하1층 B106호 (역삼동)"
투게더스,기타,37.5146014795277,127.06391673521404,영업/정상,"서울특별시 강남구 봉은사로 626, 세헌빌딩 지하1층 (삼성동)"
베이징,기타,37.511694746594785,127.06554042160637,영업/정상,"서울특별시 강남구 영동대로96길 37, 2층 201호 (삼성동)"
싸일러(SAILER),기타,37.52716708521451,127.0494894880983,영업/정상,"서울특별시 강남구 도산대로85길 39, 지상1층 (청담동)"
농민백암순대,기타,37.49492123586405,127.03149624034441,영업/정상,"서울특별시 강남구 역삼로3길 20-4 (역삼동,1층)"
(주)브루원 강남지점,기타,37.519327232030136,127.03017775900935,영업/정상,"서울특별시 강남구 논현로150길 20, 성원빌딩 지상2층 (논현동)"
버번바이츠,기타,37.52209600742345,127.02034446622571,영업/정상,"서울특별시 강남구 압구정로4길 11, 1층 (신사동)"
101번지 남산돈까스 대치점,기타,37.49878482431148,127.05359664218567,영업/정상,"서울특별시 강남구 도곡로63길 27, 지상1층 (대치동, 시온빌딩)"
일점사,기타,37.50479569770735,127.04718270395969,영업/정상,"서울특별시 강남구 선릉로91길 18, 동현빌딩 지상1층 (역삼동)"
대도파곱창,기타,37.50793328113232,127.06543405139328,영업/정상,"서울특별시 강남구 테헤란로104길 19, 지상2,3층 (대치동)"
꼰대김부장고깃집 강남역점,기타,37.50077326444741,127.02825330014963,영업/정상,"서울특별시 강남구 강남대로98길 20, 지상1층 (역삼동)"
오도 대치,기타,37.49246037395601,127.05792700539112,영업/정상,"서울특별시 강남구 남부순환로 2911, 청우빌딩 1층 104호 (대치동)"
부엌,기타,37.50094918532847,127.03551808949534,영업/정상,"서울특별시 강남구 테헤란로 147, 성지하이츠Ⅱ 지하1층 8호 (역삼동)"
카페 뮤제오,기타,37.50426047746856,127.06372804969479,영업/정상,"서울특별시 강남구 영동대로71길 16, 지상1층 (대치동)"
어가우가,기타,37.49062024327653,127.08306031322888,영업/정상,"서울특별시 강남구 양재대로33길 14, 1층 (일원동, 호정빌라트)"
우동켄,기타,37.50331227607704,127.04633325591085,영업/정상,"서울특별시 강남구 테헤란로 322, 한신인터밸리24 지하2층층 B135호 (역삼동)"
주식회사 지티지오 고피자 한티역점,기타,37.49797448547408,127.05289242705193,영업/정상,"서울특별시 강남구 선릉로64길 7, 1층 101호 (대치동)"
힐링포차,기타,37.49905214411208,127.05325722532687,영업/정상,"서울특별시 강남구 선릉로64길 15-16, 지상1층 (대치동)"
카푸치노 카페(Cappuccino cafe),기타,37.50688116360892,127.03148141259915,영업/정상,"서울특별시 강남구 봉은사로 155, 1층 (논현동)"
요리하는 오빠,기타,37.5021566702189,127.04407021063145,영업/정상,"서울특별시 강남구 언주로 432-10, 지하1층 B102호 (역삼동)"
호호식당 스타필드코엑스,기타,37.512521154961824,127.05881929973503,영업/정상,"서울특별시 강남구 영동대로 513, 코엑스 지하1층 H103A호 (삼성동)"
씨에스피,기타,37.522297788998124,127.02478163083214,영업/정상,"서울특별시 강남구 논현로159길 42, 1층 (신사동)"
늘푸른,기타,37.5094103798094,127.02407752256646,영업/정상,"서울특별시 강남구 강남대로124길 19, 1층 101-1호 (논현동)"
대한냉면,냉면,37.50476351443918,127.04294938967875,영업/정상,"서울특별시 강남구 언주로94길 9-5, 2층 (역삼동)"
빨대 고추치킨,기타,37.50829112808999,127.034496986976,영업/정상,"서울특별시 강남구 봉은사로29길 9 (논현동,지상1층)"
도산정육 청담본점,기타,37.525556453306386,127.03880823083072,영업/정상,"서울특별시 강남구 선릉로155길 12, 지상1층 (신사동)"
도산정육블랙 청담본점,기타,37.525556453306386,127.03880823083072,영업/정상,"서울특별시 강남구 선릉로155길 12, 웬즈데이빌딩 3층 (신사동)"
플래터나인(Platter9),기타,37.497946733376075,127.03910853272929,영업/정상,"서울특별시 강남구 역삼로25길 27, 지하1층 B101호 (역삼동, 대명벨리온)"
밤장어,기타,37.50430184695966,127.0548089571864,영업/정상,"서울특별시 강남구 삼성로85길 33, 지하1층 B01호 (대치동)"
학동역점 본죽&비빔밥,기타,37.513885449349736,127.02888557530281,영업/정상,"서울특별시 강남구 학동로 165 (논현동,마일스디오빌1층117호)"
스시이찌 역삼점,기타,37.50163710367722,127.03563373913131,영업/정상,"서울특별시 강남구 테헤란로25길 20, 역삼현대벤쳐텔 지하1층 B103호 (역삼동)"
주식회사 지티지오 페퍼로니 유니버스 한티역점,기타,37.49797448547408,127.05289242705193,영업/정상,"서울특별시 강남구 선릉로64길 7, 1층 101호 (대치동)"
오봉집 삼성점,기타,37.51057756980608,127.05583561234731,영업/정상,"서울특별시 강남구 테헤란로81길 62, 지상1층 (삼성동)"
돈앤장볏짚구이,기타,37.51455971215956,127.05922434019902,영업/정상,"서울특별시 강남구 봉은사로99길 5 (삼성동,지상1.2층)"
경평면옥,기타,37.51085529462469,127.05573821061776,영업/정상,"서울특별시 강남구 삼성로104길 12 (삼성동,지상2층)"
삼백 플러스,기타,37.50720794379763,127.05603500675016,영업/정상,"서울특별시 강남구 테헤란로 447, KB우준타워 지하1층 (삼성동)"
로하 비스트로,기타,37.50727188591442,127.05350806400493,영업/정상,"서울특별시 강남구 삼성로95길 29, 1층 C호 (삼성동)"
숙성고기육칠이 (역삼점),기타,37.50333571146713,127.04032527184671,영업/정상,"서울특별시 강남구 언주로93길 21, 남전타운 지상1층 (역삼동)"
카페 쉘리(Cafe Shally),기타,37.47426957440288,127.11413884653511,영업/정상,"서울특별시 강남구 밤고개로21길 71, 지상1층 (율현동)"
(주)한추,기타,37.52410789202617,127.02344028434993,영업/정상,"서울특별시 강남구 논현로175길 68, 1층 1~8호 (신사동)"
기욤,기타,37.52444137198133,127.04105874536184,영업/정상,"서울특별시 강남구 선릉로152길 17 (청담동,지상1층)"
엘브이플러스코리아(유) 메종 서울,기타,37.525615303562695,127.04617030014677,영업/정상,"서울특별시 강남구 압구정로 454, 3층,4층 (청담동)"
비욘더 강남,기타,37.49444114738652,127.03286175507452,영업/정상,"서울특별시 강남구 역삼로7길 5, 지하1층 (역삼동)"
메리가든 청담,기타,37.52203508271263,127.04184349233772,영업/정상,"서울특별시 강남구 선릉로146길 25, 유현빌딩 지하2층 (청담동)"
핫이슈루프탑가든(HOT EATSUE RooftopGarden),기타,37.50688116360892,127.03148141259915,영업/정상,"서울특별시 강남구 봉은사로 155, 17층 (논현동)"
블레이즈 에이티케이,기타,37.49300157535366,127.0391171527819,영업/정상,"서울특별시 강남구 논현로63길 16, 1층 109호 (역삼동)"
핫이슈(HOT EATSUE),기타,37.50688116360892,127.03148141259915,영업/정상,"서울특별시 강남구 봉은사로 155, 17층 (논현동)"
엘브이플러스코리아(유) 이스트도산,기타,37.524790182987616,127.03627974479444,영업/정상,"서울특별시 강남구 선릉로153길 38, 지상3층 (신사동)"
기운,기타,37.50956430237851,127.02282896934727,영업/정상,서울특별시 강남구 학동로2길 28 (논현동)
은마동,기타,37.49741797119301,127.06532707074464,영업/정상,"서울특별시 강남구 삼성로 212, 지상2층 226,227호 (대치동, 은마상가 비블럭)"
(주)미림양장 선릉점,기타,37.50363395548681,127.05221788012857,영업/정상,"서울특별시 강남구 선릉로86길 30, 지하1층 (대치동)"
안채,기타,37.508454974650405,127.03588922217244,영업/정상,"서울특별시 강남구 봉은사로33길 6 (논현동,지상1층)"
육회바른연어,기타,37.50952514436708,127.03895479161527,영업/정상,"서울특별시 강남구 언주로 604, 지하1층 126호 (논현동, ACROHILLS논현)"
싸릿골,기타,37.524783826319066,127.04061865010571,영업/정상,"서울특별시 강남구 도산대로55길 20, 지하1층 (청담동)"
오마뎅 디에이치 개포자이점,기타,37.490934045574285,127.07512017023578,영업/정상,"서울특별시 강남구 영동대로 22, 지하1층 S5B1-0514-1호 (일원동, 디에이치 자이 개포)"
강남 대골뼈국,기타,37.503952888689625,127.02643580386622,영업/정상,"서울특별시 강남구 강남대로110길 19-1, 케이빌딩 지상1층 (역삼동)"
회도쿄집,기타,37.49202814759553,127.03169185874901,영업/정상,"서울특별시 강남구 강남대로66길 11, 지상1층 (역삼동)"
선비 칼국수 강남보건소점,칼국수,37.51589633428585,127.04228592729022,영업/정상,"서울특별시 강남구 선릉로 664, 건설빌딩 지상1층 107호 (삼성동)"
탕탕잇,기타,37.51680705243116,127.03812691896714,영업/정상,서울특별시 강남구 학동로45길 8 (논현동)
밥이랑 만두,기타,37.5112933282253,127.05223417756756,영업/정상,"서울특별시 강남구 봉은사로74길 19, 대성 지상1층 (삼성동)"
족발신선생 선릉 김승수점,기타,37.50279176677786,127.05200534899728,영업/정상,"서울특별시 강남구 역삼로63길 24, 1층 102호 (대치동)"
사조푸디스트(주)하나금융그룹 강남사옥점,기타,37.49977018045239,127.03217977409449,영업/정상,"서울특별시 강남구 테헤란로 127, 지상3층 (역삼동)"
벨리풀(한시적),기타,37.52733428976068,127.0274700342024,영업/정상,"서울특별시 강남구 압구정로 165, 현대백화점본점 지하1층 (압구정동)"
크크사라다,기타,37.497666971569735,127.05292799540105,영업/정상,"서울특별시 강남구 선릉로64길 6, 1층 2호 (대치동)"
찐쭈꾸미,기타,37.502419174934005,127.05218197192492,영업/정상,"서울특별시 강남구 역삼로63길 20, 1층 101호 (대치동)"
호떡킹앤더팝(한시적),기타,37.52733428976068,127.0274700342024,영업/정상,"서울특별시 강남구 압구정로 165, 현대백화점본점 지하1층 식품행사장 일부호 (압구정동)"
골든스타(Golden Star),기타,37.49592702099563,127.03887128728002,영업/정상,"서울특별시 강남구 논현로 401, 청송빌딩 지하1층 (역삼동)"
도로시,기타,37.51510575033677,127.03348680765352,영업/정상,"서울특별시 강남구 학동로 223 (논현동,지하1층)"
달임,기타,37.52795304265197,127.03076957910137,영업/정상,"서울특별시 강남구 압구정로 214, 현대종합상가빌딩 1층 15호,16호 (신사동)"
진미도,기타,37.50331227607704,127.04633325591085,영업/정상,"서울특별시 강남구 테헤란로 322, 한신인터밸리24 지하2층 B134호 (역삼동)"
공간21s(GONGKHAN21s),기타,37.527009387772935,127.04866991253176,영업/정상,"서울특별시 강남구 도산대로83길 39, 지상1층,2층 (청담동)"
북해도,기타,37.47634645896813,127.04805234631446,영업/정상,"서울특별시 강남구 논현로16길 14-5, 1층 102호 (개포동)"
아라유,기타,37.52187754143887,127.04254881638356,영업/정상,"서울특별시 강남구 선릉로146길 33, 4층 (청담동)"
진미 평양냉면,냉면,37.5161618335073,127.0360327762121,영업/정상,"서울특별시 강남구 학동로 305-3, 2층 (논현동)"
기승전골 부산낙곱새,기타,37.50732430841401,127.03121060680687,영업/정상,"서울특별시 강남구 봉은사로21길 8, 지하1층 일부호 (논현동)"
무침에미침,기타,37.49582964016155,127.0398367752478,영업/정상,"서울특별시 강남구 역삼로 204, 삼환 아르누보 지하1층 B07,B08,B09,B10호중 107호 (역삼동)"
농가의 식탁(한시적),기타,37.52733428976068,127.0274700342024,영업/정상,"서울특별시 강남구 압구정로 165, 현대백화점본점 지하1층 (압구정동)"
차이나클럽,기타,37.490904567885465,127.03248509962211,영업/정상,"서울특별시 강남구 도곡로1길 14, 삼일프라자오피스텔 1층 109-2호 (역삼동)"
등촌샤브칼국수 강남역점,칼국수,37.49920583243173,127.02819838981088,영업/정상,"서울특별시 강남구 강남대로94길 10, 3층 4호 (역삼동)"
파파팜,기타,37.49314853030718,127.05907640986165,영업/정상,"서울특별시 강남구 남부순환로 2917, 청실종합상가 1층 107호 (대치동)"
동아냉면,냉면,37.49608019085746,127.03159407059974,영업/정상,"서울특별시 강남구 테헤란로6길 39, 케이에이치타워 지상1층 101호 (역삼동)"
푸짐,기타,37.50746912566449,127.03169163267562,영업/정상,"서울특별시 강남구 논현로111길 22, 지상1층 2호 (논현동)"
삼성슈퍼 은혜백반,기타,37.50562697461057,127.05833158910114,영업/정상,"서울특별시 강남구 삼성로86길 10, 1층 (대치동)"
쿤스트할레,기타,37.52055020583246,127.03489631376837,영업/정상,"서울특별시 강남구 언주로148길 5, 1층 (논현동)"
제일양,기타,37.52797915648755,127.03521130323297,영업/정상,"서울특별시 강남구 압구정로42길 14, 2층 (신사동)"
팔십상,기타,37.52273475958339,127.04339726502332,영업/정상,"서울특별시 강남구 선릉로148길 48, 지상5층 (청담동)"
볶음우동의 여왕 강남본점,기타,37.50284011257186,127.03744102263121,영업/정상,"서울특별시 강남구 테헤란로27길 23, 지하1층 4호 (역삼동)"
마할로 포케,기타,37.50971623935137,127.03352390377331,영업/정상,"서울특별시 강남구 봉은사로29길 35, 지하2층 제비201호,비202호,비203호 중 주방18호 (논현동, 한양수자인 어반게이트)"
라장양갈비?양꼬치 무한리필,기타,37.50087168931326,127.02770346401162,영업/정상,"서울특별시 강남구 봉은사로18길 90, 지상3층 (역삼동)"
레드 시네마,기타,37.526696440421844,127.0416827411827,영업/정상,"서울특별시 강남구 선릉로162길 16, 지하1층 (청담동)"
스시센몬,기타,37.503609503804384,127.05370772106743,영업/정상,"서울특별시 강남구 선릉로82길 45, 지상1층 101호 (대치동)"
카츠야,기타,37.52555561539196,127.04817506802651,영업/정상,"서울특별시 강남구 도산대로83길 17, 지상1층 (청담동, 여의주빌딩)"
순정족발,기타,37.51811831487856,127.02106098004826,영업/정상,"서울특별시 강남구 강남대로154길 25, 지상1층 (신사동)"
이모네분식,기타,37.49275739842474,127.03842845865283,영업/정상,"서울특별시 강남구 도곡로21길 15 (역삼동,지상1층5호)"
미엘,기타,37.52538937107649,127.04417410991127,영업/정상,"서울특별시 강남구 도산대로67길 19, 1층 101호 (청담동)"
온기정 역삼센터필드점,기타,37.50321166394403,127.04149158215341,영업/정상,"서울특별시 강남구 테헤란로 231, 더샵스앳센터필드 지하2층 WB51호 (역삼동)"
베트남노상식당 강남점,기타,37.497090078260925,127.0422030934138,영업/정상,"서울특별시 강남구 역삼로 234, 뉴튼플라자 1층 103호 (역삼동)"
삼봉캐터링,기타,37.515329907864995,127.06405335862829,영업/정상,"서울특별시 강남구 봉은사로 627 (삼성동,지하1층)"
컴포즈커피 대치점,기타,37.505081336678295,127.05352246189088,영업/정상,"서울특별시 강남구 선릉로90길 56 (대치동,지상1층 107호)"
미친피자 강남점,기타,37.51054182685763,127.03594543667222,영업/정상,"서울특별시 강남구 언주로 615, 논현 아이파크 103동 지하1층 B105호 (논현동)"
송쉐프,기타,37.5193670513356,127.01960701293864,영업/정상,"서울특별시 강남구 도산대로1길 40 (신사동,대영빌딩 1층)"
코메,기타,37.52480817548445,127.03663591087788,영업/정상,"서울특별시 강남구 선릉로153길 34, 1층 (신사동, 우측)"
냉동고집 삼성점,기타,37.5080139610026,127.0553955587808,영업/정상,"서울특별시 강남구 삼성로 517, 지상1층 104호 (삼성동, 채널리저브)"
스피릿,기타,37.50864273280401,127.02298850064706,영업/정상,"서울특별시 강남구 강남대로 520, 영동빌딩 지상2층 3호중 211호,212호 (논현동)"
엑스프레소 커피(Xpresso Koffee),기타,37.506190062356545,127.05746023308961,영업/정상,"서울특별시 강남구 삼성로 438, 도화타워 지상1층 (대치동)"
루루,기타,37.50470029628706,127.05307310748252,영업/정상,"서울특별시 강남구 테헤란로70길 12, 지하2층 (대치동, H타워)"
등촌샤브칼국수 강남구청역점,칼국수,37.51655166515923,127.0401389040349,영업/정상,"서울특별시 강남구 학동로 338, 지하1층 SB112호 (논현동, 강남파라곤)"
반포식스 대치점,기타,37.50015732464365,127.06373378022816,영업/정상,"서울특별시 강남구 도곡로 523, 지상1층 (대치동)"
디아만테 & 루프탑,기타,37.5270999257499,127.0466915112116,영업/정상,"서울특별시 강남구 도산대로81길 42, 지상4층 (청담동)"
스시카나,기타,37.524057735887894,127.02791593357462,영업/정상,"서울특별시 강남구 논현로 841, 제이비 미소빌딩 지하1층 103호 (신사동)"
호두앤미 수서역사점,기타,37.48605545419918,127.10422847103837,영업/정상,"서울특별시 강남구 밤고개로 99, 수서역사 환승통로 지하2층 (수서동)"
가로수길 김밥,기타,37.521432635298076,127.02197284310022,영업/정상,"서울특별시 강남구 압구정로10길 34, 2층 201호 (신사동)"
순두부마을,기타,37.515555544711106,127.04236734449843,영업/정상,"서울특별시 강남구 선릉로 660, 지하1층 B110호,B111호 주방8호 (삼성동, 브라운스톤 레전드)"
수운관,기타,37.4957351044883,127.03228784502534,영업/정상,서울특별시 강남구 강남대로78길 35 (역삼동)
봄날,기타,37.51322383270955,127.05050467592984,영업/정상,"서울특별시 강남구 선릉로112길 87, 명인빌딩 지하1층 (삼성동)"
펜947 (Penn 947),기타,37.50709413472883,127.06290938696102,영업/정상,"서울특별시 강남구 영동대로85길 9, 1층 (대치동)"
샵5827,기타,37.48985682246137,127.03428581990815,영업/정상,"서울특별시 강남구 강남대로58길 27, 1층 (도곡동)"
우미 호타루,기타,37.519704106991725,127.03034793203484,영업/정상,"서울특별시 강남구 논현로150길 23, 1층 (논현동)"
정남옥 역삼점,기타,37.50062640768005,127.03304957771135,영업/정상,"서울특별시 강남구 강남대로94길 72, 지상1층 가호 (역삼동)"
유정,기타,37.49434795190433,127.07961586766422,영업/정상,"서울특별시 강남구 개포로 623, 대청타워 지하1층 131호,132호 (개포동)"
보배반점 강남점,기타,37.49968670110399,127.0287637935659,영업/정상,"서울특별시 강남구 강남대로94길 19, 역삼동빌딩 지상1층 (역삼동)"
에피스(Epice),기타,37.49991656261691,127.04157021794212,영업/정상,"서울특별시 강남구 언주로81길 26, 지상1층 (역삼동)"
쭈블링쭈꾸미볶음,기타,37.51022936253684,127.0350450867531,영업/정상,"서울특별시 강남구 봉은사로33길 34, 지하1층 5호 (논현동)"
못난이포차,기타,37.51031211953134,127.05595823854303,영업/정상,"서울특별시 강남구 테헤란로81길 58 (삼성동,지상1층)"
송탄부대찌개,기타,37.49058877973772,127.08621581386706,영업/정상,"서울특별시 강남구 일원로9길 58 (일원동,지상1층)"
커틀러리,기타,37.51053310504281,127.02352257389533,영업/정상,"서울특별시 강남구 학동로4길 15, 동화상가 지상2층 207호 (논현동)"
제일버거,기타,37.52639647820912,127.05125691316523,영업/정상,"서울특별시 강남구 도산대로99길 26, 지상1층 (청담동, 디자인빌)"
범골,기타,37.50038283188885,127.04304784349898,영업/정상,"서울특별시 강남구 언주로81길 6, 1층 (역삼동)"
에스오에스,기타,37.493017793687514,127.04093186486577,영업/정상,"서울특별시 강남구 논현로 308 (역삼동,지상2층)"
밀양손만두,기타,37.50655041938286,127.05738156591427,영업/정상,"서울특별시 강남구 테헤란로 504 (대치동,지하1층2호)"
싸다김밥 신사역점,기타,37.51686348484632,127.02237200526265,영업/정상,"서울특별시 강남구 도산대로 124, 대영빌딩 A동 지상1층 101호,102호 (논현동)"
미루야,기타,37.49326816920107,127.03591644923215,영업/정상,"서울특별시 강남구 논현로67길 50, 지상1층 (역삼동)"
알로하터틀,기타,37.48176519670108,127.04487681951356,영업/정상,"서울특별시 강남구 양재천로 169, 지상1층, 지하1층 (도곡동)"
포몬스,기타,37.50918027010288,127.03648734196705,영업/정상,"서울특별시 강남구 봉은사로37길 13, 지상2층 (논현동)"
리뷰,기타,37.524232909847164,127.02323808682132,영업/정상,서울특별시 강남구 압구정로 132 (신사동)
아미가,기타,37.52091823613428,127.02839434611508,영업/정상,서울특별시 강남구 논현로 808 (신사동)
해중천,기타,37.511588550349266,127.05072530137387,영업/정상,"서울특별시 강남구 봉은사로72길 8, 지상1층,지상2층 (삼성동)"
리마장82,기타,37.508422551576245,127.03656661420136,영업/정상,"서울특별시 강남구 봉은사로 223, 글래드라이브호텔 지상3층 (논현동)"
채선당 선릉역점,기타,37.50509964723719,127.04828442704607,영업/정상,"서울특별시 강남구 선릉로 511, 지상2층 (역삼동)"
초이다이닝 강남점,기타,37.50423802244204,127.02564617116201,영업/정상,"서울특별시 강남구 봉은사로2길 7, 지상2층 202호 (역삼동)"
마삼계탕 본점,기타,37.497790847017086,127.04409384133514,영업/정상,"서울특별시 강남구 언주로 337, 지하1층 (역삼동)"
더케이에프엔비 엠제이컴퍼니,기타,37.50903472659918,127.03656027345019,영업/정상,"서울특별시 강남구 봉은사로37길 11, 지하1층 (논현동)"
주식회사 스파크펫,기타,37.51944082318328,127.04903006633066,영업/정상,"서울특별시 강남구 삼성로133길 7, 베디베로스퀘어 지상1층 (청담동)"
꼰떼,기타,37.503497795464575,127.0580187730607,영업/정상,"서울특별시 강남구 삼성로 401 (대치동,지상2층)"
자연닮은소반,기타,37.50859530026902,127.05971847792408,영업/정상,"서울특별시 강남구 테헤란로 517, 지하1층 (삼성동, 현대백화점)"
구테로이테 역삼점,기타,37.498340115505634,127.0345162381115,영업/정상,"서울특별시 강남구 테헤란로20길 20, 지상1층 (역삼동)"
깐부치킨선정릉역점,기타,37.51096015374679,127.04396646346014,영업/정상,"서울특별시 강남구 선릉로 604, 1층 (삼성동, 호산프라자)"
커피스미스에프씨 삼성점,기타,37.507379360832736,127.0627586351143,영업/정상,"서울특별시 강남구 테헤란로98길 15, 지상1,2층 (대치동)"
에슬로우 대치1호점(ESLOW),기타,37.50818686317619,127.06630154126887,영업/정상,"서울특별시 강남구 테헤란로108길 19, 1층 일부호 (대치동)"
동원참치 역삼점,기타,37.504058155644074,127.03614150717631,영업/정상,"서울특별시 강남구 봉은사로30길 54 (역삼동,지상1층)"
음악한잔,기타,37.50455692289678,127.0465479774976,영업/정상,"서울특별시 강남구 선릉로93길 27, 아름빌딩 지하1층 102호 (역삼동)"
비지엠(BGM),기타,37.52595899338391,127.03685691962751,영업/정상,"서울특별시 강남구 압구정로48길 38, 4층 (신사동)"
상록수 선릉점,기타,37.50418020959943,127.05390592407926,영업/정상,"서울특별시 강남구 삼성로85길 43, 호성빌딩 지하1층 (대치동)"
라폰다,기타,37.48197673436386,127.04396854669774,영업/정상,"서울특별시 강남구 논현로26길 12-4, 1층 (도곡동)"
복희,기타,37.525924331389184,127.05109546868543,영업/정상,"서울특별시 강남구 도산대로89길 21, 지상1층 (청담동)"
청담돈가스,기타,37.49539989631866,127.03040580524147,영업/정상,"서울특별시 강남구 테헤란로4길 46, 지하1층 B123호,B124호 (역삼동, 쌍용플래티넘밸류)"
에머이 강남역,기타,37.49655499809697,127.0296352893822,영업/정상,"서울특별시 강남구 테헤란로2길 27, 2층 201호 (역삼동)"
연타발,기타,37.50568779431862,127.05400383905028,영업/정상,"서울특별시 강남구 테헤란로 428, 지하1층 B101,B102,B103,B104호 (대치동, 테헤란로 대우 아이빌)"
버틀러,기타,37.52514814587532,127.05199034139396,영업/정상,"서울특별시 강남구 도산대로 535, 지상4층 (청담동)"
칸,기타,37.514077425304855,127.06165469331552,영업/정상,"서울특별시 강남구 봉은사로 610 (삼성동,지하1층)"
김이순 장춘식당,기타,37.51846855117189,127.02134927307414,영업/정상,"서울특별시 강남구 압구정로2길 53, 국제빌딩 지상2층 (신사동)"
골드피쉬 딤섬퀴진,기타,37.52610426296547,127.03708955436717,영업/정상,"서울특별시 강남구 압구정로48길 35, 지상2층 (신사동)"
별밤,기타,37.498516836864624,127.03256226766959,영업/정상,"서울특별시 강남구 테헤란로10길 9 (역삼동,지하1층)"
호텔소울하다,기타,37.49873103126483,127.0324600205966,영업/정상,"서울특별시 강남구 테헤란로10길 5, 지하1층 (역삼동)"
전주순대국,기타,37.52829506783659,127.03711746975235,영업/정상,"서울특별시 강남구 압구정로 326 (신사동,지상1층 108호)"
스시츠루,기타,37.498651922372815,127.03293202843301,영업/정상,"서울특별시 강남구 테헤란로14길 8, 지하1층 비101호 (역삼동, 강남역두산위브센티움)"
하남돼지집 대치은마점,기타,37.49872943686208,127.06201011197682,영업/정상,"서울특별시 강남구 삼성로58길 9, 1층 (대치동)"
콩이지,기타,37.519116984800405,127.02766401833907,영업/정상,"서울특별시 강남구 도산대로 174 (논현동,정안빌딩 4층)"
카페 바이 캣,기타,37.4736843687545,127.0512693682582,영업/정상,"서울특별시 강남구 논현로6길 22, 지하1층 (개포동)"
커피마블,기타,37.521670306256205,127.04835767348716,영업/정상,"서울특별시 강남구 삼성로 743, 지상1층 (청담동)"
제일꼼장어&갈비살,기타,37.48905243574131,127.06847508932911,영업/정상,"서울특별시 강남구 개포로82길 9-17, 지상1층 4호 (개포동)"
프라텔리Tre,기타,37.50286030045384,127.02691872184288,영업/정상,"서울특별시 강남구 봉은사로4길 31, 지상3층 (역삼동)"
커피효과(COFFEEHYOGUA),기타,37.5246192961254,127.02381806222323,영업/정상,"서울특별시 강남구 압구정로 138, 지상1층 (신사동)"
진심8분찌개,기타,37.50803482471271,127.05846905559643,영업/정상,"서울특별시 강남구 테헤란로 511, PARK TEN 삼성 지하1층 B101호 (삼성동)"
토담,기타,37.506650349253476,127.04002144910106,영업/정상,"서울특별시 강남구 언주로 547, 1층 (역삼동)"
싸다김밥 강남르네상스점,기타,37.50104646514782,127.04264120318989,영업/정상,"서울특별시 강남구 언주로85길 7, 지상1층 (역삼동)"
갈비삼대,기타,37.50362210508104,127.03933540322355,영업/정상,"서울특별시 강남구 언주로93길 32-6 (역삼동,이담빌딩지상1층)"
논골집 영동점,기타,37.50780878993045,127.02421251516716,영업/정상,"서울특별시 강남구 강남대로122길 12 (논현동,지상1,2층)"
템포러리 가든,기타,37.524955089235085,127.04776687611381,영업/정상,"서울특별시 강남구 압구정로79길 8, 1층 101호 (청담동)"
신논현 보물섬,기타,37.50761037303611,127.02644224408692,영업/정상,"서울특별시 강남구 강남대로120길 38 (논현동,1층)"
매드후라이치킨,기타,37.505885888496806,127.04803114645544,영업/정상,서울특별시 강남구 선릉로 519 (역삼동)
백마 김씨네,기타,37.487175281670346,127.04565500311763,영업/정상,"서울특별시 강남구 남부순환로 2743 (도곡동,지하1층,지상1,2,3층)"
스시아오마츠,기타,37.50520236127337,127.05539152742065,영업/정상,"서울특별시 강남구 테헤란로78길 16, 노벨과개미 지하1층 12호 (대치동)"
교촌치킨 삼성1호,기타,37.512043148595126,127.04902273212932,영업/정상,"서울특별시 강남구 봉은사로 451, 지상1층 102호 (삼성동)"
에이,기타,37.502846796283194,127.0387792883511,영업/정상,"서울특별시 강남구 논현로94길 30, 효빌딩 지하1층 (역삼동)"
청담영양센타,기타,37.51950554026221,127.05168023468505,영업/정상,서울특별시 강남구 학동로87길 7 (청담동)
상해루,기타,37.50784679434225,127.02336813443041,영업/정상,"서울특별시 강남구 강남대로 512, 지하1층 (논현동)"
조이양조,기타,37.526110438271054,127.03728867845032,영업/정상,"서울특별시 강남구 선릉로157길 27-4, 지상2층 (신사동)"
일미원,기타,37.48604300655628,127.0996852995946,영업/정상,"서울특별시 강남구 광평로46길 5-6, 지상1층,지하1층 (수서동)"
88노가리 강남,기타,37.499865740003386,127.0284810662075,영업/정상,"서울특별시 강남구 강남대로96길 18, 지상2층 (역삼동)"
에이셉피자 강남점(ASAP PIZZA),기타,37.510893097010964,127.03513107282994,영업/정상,"서울특별시 강남구 봉은사로37길 43, 지상1층 102호 (논현동)"
타코칸타빌레,기타,37.48877694433219,127.0673243100103,영업/정상,"서울특별시 강남구 개포로82길 7, 삼성빌딩 지상3층 302호 (개포동)"
고양진 생갈비 김치찌개,기타,37.49772601279262,127.0292970420504,영업/정상,"서울특별시 강남구 테헤란로4길 6, 강남역 센트럴 푸르지오 시티 지상1층 106,107,108호 (역삼동)"
오이시야 강남점,기타,37.51471573713034,127.02266865296949,영업/정상,"서울특별시 강남구 강남대로146길 28, 201동 지하1층 5호 (논현동, 논현아파트)"
라화쿵부,기타,37.49717461415632,127.06135143526548,영업/정상,"서울특별시 강남구 삼성로 225, 1층 108,109호 (대치동)"
온히어 온샐러드 앤 포케,기타,37.49817677880218,127.0336434519445,영업/정상,"서울특별시 강남구 논현로85길 52, 역삼 푸르지오 시티 지상1층 107호 (역삼동)"
진도집,기타,37.50869604164154,127.02423882785908,영업/정상,"서울특별시 강남구 학동로4길 43 (논현동,지상1층)"
봉피양압구정점,기타,37.52064869335404,127.02755127052627,영업/정상,"서울특별시 강남구 논현로 805, 봉피양 1층 (신사동)"
(주)광양본가,기타,37.50185976552331,127.06600308921819,영업/정상,"서울특별시 강남구 도곡로99길 16 (대치동,지상1층)"
아랑졸,기타,37.504762471980214,127.04362988399109,영업/정상,"서울특별시 강남구 언주로98길 22, 지상2층 202호 (역삼동)"
아이피호텔휘트니스,기타,37.51398566342548,127.03587590882915,영업/정상,"서울특별시 강남구 언주로 640 (논현동,지하2층)"
주식회사 마사타코,기타,37.522004534947754,127.0217412517591,영업/정상,"서울특별시 강남구 압구정로10길 30-8, 1층 (신사동)"
박고볼래,기타,37.51594686713497,127.04097187872249,영업/정상,"서울특별시 강남구 선릉로129길 3-6 (논현동,삼아프라자 지상2층 201호)"
키친바락,기타,37.50583302659964,127.05943073188328,영업/정상,"서울특별시 강남구 삼성로84길 23, 지상1층 101호 (대치동, 효령주택)"
카레공간(대치점),기타,37.50520236127337,127.05539152742065,영업/정상,"서울특별시 강남구 테헤란로78길 16, 노벨빌딩 지하1층 B09-1호 (대치동)"
진(珍)양재순대(삼성점),기타,37.512706436492046,127.06538674013247,영업/정상,"서울특별시 강남구 봉은사로114길 38, 경인빌딩 103호 (삼성동)"
미분당,기타,37.50380747905022,127.02621351581314,영업/정상,서울특별시 강남구 강남대로110길 16 (역삼동)
아지트(Azit),기타,37.48537773252112,127.03735342502934,영업/정상,"서울특별시 강남구 남부순환로 2629, 지하1층 2호 (도곡동)"
버터풀앤크리멀러스,기타,37.510425554947574,127.05640461461704,영업/정상,"서울특별시 강남구 테헤란로83길 47, 지상1층 (삼성동)"
폰트,기타,37.50859530026902,127.05971847792408,영업/정상,"서울특별시 강남구 테헤란로 517, 현대백화점 지하1층 (삼성동)"
연탄마을,기타,37.500952985834004,127.03333698243253,영업/정상,서울특별시 강남구 테헤란로19길 13 (역삼동)
하시라(hasira),기타,37.52304540807889,127.04894499323858,영업/정상,"서울특별시 강남구 도산대로90길 17-4, NAO 빌딩 지상1층 A호 (청담동)"
야식은 요기,기타,37.518452692779164,127.03802979554996,영업/정상,"서울특별시 강남구 학동로43길 38, 지하2층 제비201호 중 주방23-1호 (논현동, 논현웰스톤)"
케이크 에비뉴,기타,37.522625288647774,127.02207814428007,영업/정상,"서울특별시 강남구 압구정로10길 13, 지상1층 103호 (신사동)"
옥돌식당,기타,37.50763041726392,127.0322249441242,영업/정상,서울특별시 강남구 논현로111길 16 (논현동)
손에손잡고 삼성직영점,기타,37.50880903837996,127.0583768811851,영업/정상,"서울특별시 강남구 테헤란로87길 17, 마젤란 21 아스테리움 지상1층 102호 (삼성동)"
사랑방,기타,37.50241564942969,127.03668739406584,영업/정상,서울특별시 강남구 논현로94길 3 (역삼동)
카페 자몽,기타,37.51040946130939,127.05515165113957,영업/정상,"서울특별시 강남구 삼성로 546, 흥국에프엔비빌딩 지상1층 101호 (삼성동)"
핫썬치킨대치점,기타,37.49391038118678,127.06021288196536,영업/정상,"서울특별시 강남구 남부순환로395길 9 (대치동,제일상가지상2층204,205호)"
맥시칸치킨 논현점,기타,37.51128353649387,127.02387778049753,영업/정상,"서울특별시 강남구 학동로6길 7, 지상1층 2호 (논현동)"
(주)썬앳푸드 모던샤브하우스 강남파이낸스센터점,기타,37.49981009291828,127.03662878226913,영업/정상,"서울특별시 강남구 테헤란로 152, 강남파이낸스센터 지상1층 (역삼동)"
오사청담(OSA Cheongdam),기타,37.524669523042554,127.04270814913467,영업/정상,"서울특별시 강남구 선릉로152길 37, 청담동 올리브빌딩 지상2층 (청담동)"
담미온,기타,37.50946988166016,127.05605227529827,영업/정상,"서울특별시 강남구 삼성로100길 8 (삼성동,지상1층)"
백억하누 선릉점,기타,37.50385994932464,127.04315978724321,영업/정상,"서울특별시 강남구 언주로 508 (역삼동,상록회관 지하1층)"
더블유더블유디자이너클럽일호점,기타,37.52468434751557,127.04008740408537,영업/정상,"서울특별시 강남구 선릉로 818, 디자이너클럽 지상6층 (청담동)"
숨후카바,기타,37.51865131031574,127.02000429419846,영업/정상,"서울특별시 강남구 도산대로1길 26-3, 지하1층 (신사동)"
핌피 갤러리아 압구정점,기타,37.52856183010993,127.04005459356938,영업/정상,"서울특별시 강남구 압구정로 343, 갤러리아백화점 지하1층 (압구정동)"
안다미로 팬케이크 신사,기타,37.52034912168899,127.02160336797198,영업/정상,"서울특별시 강남구 강남대로160길 37, 1층 (신사동)"
뱅인타코 갤러리아점,기타,37.52856183010993,127.04005459356938,영업/정상,"서울특별시 강남구 압구정로 343, 갤러리아백화점 명품관 WEST 지하1층 (압구정동)"
도담게장,기타,37.524072624122184,127.0411110722684,영업/정상,"서울특별시 강남구 도산대로57길 7, 지하1층 (청담동)"
유엔미,기타,37.51651915115269,127.0363269134996,영업/정상,"서울특별시 강남구 언주로134길 8 (논현동,(지하1층))"
하우스오브제이비,기타,37.52413901971239,127.04377182266134,영업/정상,"서울특별시 강남구 도산대로 439, 소봉빌딩 지하1층 (청담동)"
신사 소문도,기타,37.52190403064142,127.03165488059054,영업/정상,"서울특별시 강남구 언주로151길 20, 더포틴빌딩 인 도산 1층 101호 (신사동)"
대아 부대찌개,기타,37.49418331028585,127.03667420651216,영업/정상,"서울특별시 강남구 논현로71길 35, 지상1층 (역삼동)"
포도,기타,37.507166965404664,127.04056094202879,영업/정상,"서울특별시 강남구 언주로 548, 지상2층 (역삼동)"
엉클조소시지 신사점,기타,37.517618770727864,127.02233702676334,영업/정상,"서울특별시 강남구 도산대로 127, 경서빌딩 지상1층 (신사동)"
아부라 소바,기타,37.51705580736958,127.03765098501013,영업/정상,"서울특별시 강남구 언주로134길 25, 지상1층 일부호 (논현동)"
뻘밭에핀꽃,기타,37.50909029775221,127.05832408553916,영업/정상,"서울특별시 강남구 테헤란로87길 21, 지하1층 (삼성동, 동성빌딩)"
함박스테이크 전문점 헤야,기타,37.47439366054752,127.10406662318532,영업/정상,"서울특별시 강남구 자곡로 192, 강남푸르지오시티 2차 지상1층 106호 (자곡동)"
동천홍,기타,37.528203457859256,127.03229684148717,영업/정상,서울특별시 강남구 언주로173길 14 (신사동)
카페 디올(Cafe Dior),기타,37.524701220916924,127.04637443562487,영업/정상,"서울특별시 강남구 압구정로 464, 5층 (청담동)"
계화옥,기타,37.5037072874986,127.03736054710122,영업/정상,"서울특별시 강남구 테헤란로27길 36, 지상1층 (역삼동)"
분식이,기타,37.518027318476115,127.01975937269687,영업/정상,"서울특별시 강남구 강남대로156길 8, 1층 (신사동)"
주식회사 더오다리집 강남,기타,37.502804413927855,127.0367187154275,영업/정상,서울특별시 강남구 봉은사로30길 74 (역삼동)
청담역 연지횟집,기타,37.51746802878183,127.04999005032982,영업/정상,"서울특별시 강남구 삼성로 651, 상가동 지하1층 B08호 (삼성동, 래미안 라클래시)"
(주)스타럭스 박스 비어 앤 드링크스,기타,37.52635283091536,127.03818455703062,영업/정상,"서울특별시 강남구 선릉로157길 22, 지하1층 (신사동)"
헤즈업,기타,37.518036180341724,127.02202616934287,영업/정상,"서울특별시 강남구 강남대로152길 33, 3층 (신사동)"
미무(한시적),기타,37.52733428976068,127.0274700342024,영업/정상,"서울특별시 강남구 압구정로 165, 현대백화점본점 지하1층 (압구정동)"
MD푸드,기타,37.509866400370846,127.03546377457924,영업/정상,"서울특별시 강남구 언주로115길 15, 2층 (논현동)"
모모코 부엌,기타,37.48159842786995,127.04388612264245,영업/정상,"서울특별시 강남구 논현로24길 9, 크레이드 1층 (도곡동)"
미무(한시적),기타,37.52856183010993,127.04005459356938,영업/정상,"서울특별시 강남구 압구정로 343, 갤러리아백화점 지하1층 (압구정동)"
주식회사 요크(한시적),기타,37.512521154961824,127.05881929973503,영업/정상,"서울특별시 강남구 영동대로 513, 코엑스 B,C,D홀호 (삼성동)"
카시코이(한시적),기타,37.50859530026902,127.05971847792408,영업/정상,"서울특별시 강남구 테헤란로 517, 현대백화점 B1F 식품관 (삼성동)"
브롱스브루잉컴퍼니 광안리BP점(한시적),기타,37.512521154961824,127.05881929973503,영업/정상,"서울특별시 강남구 영동대로 513, 코엑스 B,C,D홀의 일부호 (삼성동)"
미도한우마을,기타,37.48877694433219,127.0673243100103,영업/정상,"서울특별시 강남구 개포로82길 7, 삼성빌딩 1층 2호 (개포동)"
히스피커피 신사점,기타,37.52215489886021,127.02012083347135,영업/정상,"서울특별시 강남구 압구정로4길 7, 지하1층 (신사동)"
하이치마라 대치직영점,기타,37.50037878395283,127.0522275521094,영업/정상,"서울특별시 강남구 선릉로72길 13, 1층 (대치동)"
숙성회136 선릉점,기타,37.503171016957346,127.05184033491649,영업/정상,"서울특별시 강남구 테헤란로64길 27, 2층 (대치동)"
배가 한식 뷔페,기타,37.523370208848384,127.05587174406043,영업/정상,"서울특별시 강남구 영동대로 732, 청담빌딩 지하1층 (청담동)"
왙안다오(Quan An Dao),기타,37.51848762201806,127.02153126992437,영업/정상,"서울특별시 강남구 강남대로156길 28-2, 지상1층 (신사동)"
육식사관학교 본점,기타,37.51054182685763,127.03594543667222,영업/정상,"서울특별시 강남구 언주로 615, 논현 아이파크 103동 지하1층 B109호 (논현동)"
칸티크,기타,37.52509872274036,127.04071831944674,영업/정상,"서울특별시 강남구 도산대로55길 24, 지하1층 (청담동)"
디디치킨 논현본점,기타,37.51054182685763,127.03594543667222,영업/정상,"서울특별시 강남구 언주로 615, 논현 아이파크 103동 지하1층 B101호 (논현동)"
노브랜드 버거 역삼역점,기타,37.50130718686139,127.03717257383644,영업/정상,"서울특별시 강남구 테헤란로 201, 아주빌딩 지상1층 (역삼동)"
다이닝브랜즈그룹 주식회사 비에이치씨 삼성점,기타,37.510964250632206,127.05610914745094,영업/정상,"서울특별시 강남구 삼성로104길 16, 1층 (삼성동)"
대치럭키로또,기타,37.50209232692697,127.05361797589464,영업/정상,"서울특별시 강남구 선릉로76길 38, 지상1층 3호 (대치동)"
슈퍼맥 논현본점,기타,37.506520887484285,127.02428319492022,영업/정상,"서울특별시 강남구 봉은사로1길 27 (논현동,지상2층)"
우슴 강남논현점,기타,37.50815140144015,127.02416297659957,영업/정상,"서울특별시 강남구 강남대로122길 15, 상당빌딩 지상1층 101호 (논현동)"
안주가든,기타,37.505632387068864,127.04677910717479,영업/정상,"서울특별시 강남구 테헤란로53길 18 (역삼동,지상1층)"
오늘의 위스키 압구정점,기타,37.526056418855354,127.03813349384733,영업/정상,"서울특별시 강남구 선릉로157길 21, 지하1층 (신사동)"
참치공방강남지점,기타,37.495022762573505,127.03089252872745,영업/정상,"서울특별시 강남구 강남대로78길 18, 2층 (역삼동)"
나베야 신사점,기타,37.51978660647241,127.02050707979501,영업/정상,"서울특별시 강남구 강남대로160길 21, 지상1층 101호 (신사동)"
오오키,기타,37.512869306389206,127.03377878335706,영업/정상,"서울특별시 강남구 논현로124길 27, 1층 101호 (논현동)"
병철이네치맛살,기타,37.52122861763507,127.02727923916541,영업/정상,"서울특별시 강남구 도산대로27길 21, 지상1층 (신사동)"
대한불닭발 강남점,기타,37.49300157535366,127.0391171527819,영업/정상,"서울특별시 강남구 논현로63길 16, 1층 119호 (역삼동, 강남서해그랑블)"
십방,기타,37.4945520960199,127.03712772200576,영업/정상,"서울특별시 강남구 논현로71길 28, 지상1층 (역삼동)"
우지커피 양재역점,기타,37.485713727520874,127.03680741949528,영업/정상,"서울특별시 강남구 남부순환로359길 10, 지상1층 (도곡동)"
민속 막국수,기타,37.49320655274424,127.04084323280216,영업/정상,"서울특별시 강남구 논현로 310-1, 1층 (역삼동)"
미가대구요리전문점,기타,37.477475471095815,127.04585883786095,영업/정상,"서울특별시 강남구 논현로18길 10-6, 지상1층 102호 (개포동)"
스페이스 유포리아,기타,37.52497564780578,127.04337869988143,영업/정상,"서울특별시 강남구 도산대로63길 15, 웰스어드바이저스빌딩 지하1층 (청담동)"
비비엣반미,기타,37.5077175400198,127.05375246942167,영업/정상,"서울특별시 강남구 삼성로95길 24, 1층 101호 (삼성동)"
계도 강남358타워점,기타,37.49503904291086,127.02970354160853,영업/정상,"서울특별시 강남구 강남대로 358, 강남358타워 지상2층 205호 (역삼동)"
난달라푸드테크놀로지 삼성,기타,37.51061725862691,127.05607859349807,영업/정상,"서울특별시 강남구 테헤란로81길 60-5, 지하1층 B02호 (삼성동)"
좋은집밥,기타,37.4945535808092,127.04071916514079,영업/정상,"서울특별시 강남구 논현로68길 8 (역삼동,지상1층)"
투썸플레이스 센트럴강남점,기타,37.49595318184444,127.02910087895417,영업/정상,"서울특별시 강남구 강남대로 372, FINE TOWER 지상1층 (역삼동)"
린다린다,기타,37.52319069638453,127.0463470656959,영업/정상,"서울특별시 강남구 삼성로149길 15, 지상1층 102호 (청담동)"
몬안베띠 대치점,기타,37.50230380815538,127.05868447429367,영업/정상,"서울특별시 강남구 삼성로 345, CMS S 지상1층 103호 (대치동)"
오방칼국수 역삼본점,칼국수,37.498420849582885,127.03695985029394,영업/정상,"서울특별시 강남구 논현로85길 5-13, 지상1층 (역삼동)"
(주)더케이에프엔비 키키푸드,기타,37.50890085474024,127.0363640379943,영업/정상,"서울특별시 강남구 봉은사로37길 7-6, 나동 지하1층 비101호 (논현동)"
갓포우오 압구정로데오점,기타,37.52596184377199,127.03764919825417,영업/정상,"서울특별시 강남구 선릉로157길 23-4, 2층 (신사동)"
주식회사 논두렁오리주물럭선릉직영점,기타,37.50375060873148,127.05409405684411,영업/정상,"서울특별시 강남구 삼성로81길 44 (대치동,지상1층)"
강남한우마장동박현규(주) 1호점,기타,37.51041045594766,127.0242798427818,영업/정상,"서울특별시 강남구 강남대로128길 27, 지상1층 105호 (논현동)"
을밀대 역삼,기타,37.49817677880218,127.0336434519445,영업/정상,"서울특별시 강남구 논현로85길 52, 지상2층 207-1,208-1,209-1호 (역삼동, 역삼 푸르지오 시티)"
커피스미스 본사점,기타,37.49729027209724,127.03215782185156,영업/정상,"서울특별시 강남구 테헤란로8길 25, 1층 (역삼동)"
아이디,기타,37.51748772008454,127.04006794487587,영업/정상,"서울특별시 강남구 선릉로131길 9, 하나빌딩 지하1층 (논현동)"
피피서울(PP SEOUL),기타,37.527218372640604,127.0392006423718,영업/정상,"서울특별시 강남구 선릉로161길 15, 지하1층 (신사동)"
아즈마,기타,37.52198896378203,127.04938291769311,영업/정상,"서울특별시 강남구 도산대로92길 42, 도빌딩청담 지하1층 (청담동)"
시드니 서울(Sydney Seoul),기타,37.52208601346877,127.0412026557572,영업/정상,"서울특별시 강남구 도산대로58길 18, 2층 (청담동)"
바 머스크 신사,기타,37.523087987061444,127.0321850054131,영업/정상,"서울특별시 강남구 언주로153길 10-5, 해담빌딩 1층 (신사동)"
샐러디 강남세곡점,기타,37.46632328430812,127.1009088237734,영업/정상,"서울특별시 강남구 헌릉로569길 21-30, 드림하이 오피스텔 1층 114호 (세곡동)"
율,기타,37.50977805355603,127.05697113910631,영업/정상,"서울특별시 강남구 테헤란로83길 36, 1층 (삼성동)"
육회바른연어 세곡동점,기타,37.46679461445116,127.10093523035589,영업/정상,"서울특별시 강남구 헌릉로569길 9, 강남지웰파인즈 1층 104호 (세곡동)"
가마솥순대국밥,국밥,37.52136830088468,127.02188394641331,영업/정상,"서울특별시 강남구 압구정로10길 34-1, 1층 (신사동)"
쉬잇(sheat),기타,37.50935856138973,127.0239042738095,영업/정상,"서울특별시 강남구 학동로4길 33, 1층 105호 (논현동)"
바움(VAUM),기타,37.49211720237122,127.03846500986137,영업/정상,"서울특별시 강남구 논현로63길 31, 3층 (역삼동)"
파크루안,기타,37.499070520394675,127.0383672675086,영업/정상,서울특별시 강남구 논현로 430 (역삼동)
얌야미올푸드 강남점,기타,37.49693983475854,127.05088838993821,영업/정상,"서울특별시 강남구 도곡로57길 18, 1층 (역삼동)"
고움,기타,37.494428246564276,127.03868162946418,영업/정상,"서울특별시 강남구 도곡로23길 33, COMMON Life 역삼 지상1층 101호 (역삼동)"
슈뚜웍,기타,37.50331227607704,127.04633325591085,영업/정상,"서울특별시 강남구 테헤란로 322, 한신인터밸리24 지하2층 B136호 (역삼동)"
김치옥 학동역점,기타,37.51445282891691,127.03333245278738,영업/정상,"서울특별시 강남구 학동로 224, 삼환아르누보3 지상1층 103호,104호 (논현동)"
아노브피자,기타,37.52856183010993,127.04005459356938,영업/정상,"서울특별시 강남구 압구정로 343, 갤러리아백화점 west B1 (압구정동)"
야야할매 김치찜 역삼점,기타,37.50085838008427,127.04058796164693,영업/정상,"서울특별시 강남구 언주로85길 32, 역삼역센트럴푸르지오시티 지하1층 B104B, CA02호 (역삼동)"
코어(CORE),기타,37.52650926400925,127.03894942390522,영업/정상,"서울특별시 강남구 선릉로157길 14-8, 지하2층 (신사동)"
에스원,기타,37.52566293383423,127.0451592915794,영업/정상,"서울특별시 강남구 압구정로72길 11, 2004 4층 (청담동)"
한가대로,기타,37.51017554652001,127.05443117964035,영업/정상,"서울특별시 강남구 삼성로 545, 1~3층 (삼성동)"
더 키친 일뽀르노 코엑스몰점,기타,37.512521154961824,127.05881929973503,영업/정상,"서울특별시 강남구 영동대로 513, 코엑스 지하1층 P105호 (삼성동)"
주식회사 요크(한시적),기타,37.512521154961824,127.05881929973503,영업/정상,"서울특별시 강남구 영동대로 513, 코엑스 3층 C홀의 일부호 (삼성동)"
할머니의부뚜막 선릉점,기타,37.5077175400198,127.05375246942167,영업/정상,"서울특별시 강남구 삼성로95길 24, 1층 102호 (삼성동)"
노블발렌티,기타,37.515433911129044,127.06484227569767,영업/정상,서울특별시 강남구 봉은사로 637 (삼성동)
신사순대국,기타,37.51788859898197,127.0194887333658,영업/정상,"서울특별시 강남구 강남대로 628, 비율라빌딩 2층 (신사동)"
바다양푼이MJ부대찌개,기타,37.51445282891691,127.03333245278738,영업/정상,"서울특별시 강남구 학동로 224, 삼환아르누보3 지하1층 B112호,B113호 (논현동)"
담소 소사골 순대육개장 강남신사점,기타,37.51683012008563,127.02376419193641,영업/정상,서울특별시 강남구 논현로149길 61 (논현동)
다온정,기타,37.5118457030839,127.0469808423447,영업/정상,"서울특별시 강남구 봉은사로63길 7, 수목빌딩 A동 지하1층 (삼성동)"
육분삼십 역삼역점,기타,37.50195499187103,127.0387259151691,영업/정상,"서울특별시 강남구 테헤란로29길 5, 1층 (역삼동)"
구구냉삼 본점,기타,37.50224139655148,127.02659467142207,영업/정상,"서울특별시 강남구 봉은사로2길 37 (역삼동,지상1층)"
샹하이 논현점,기타,37.51209621565282,127.02168929893791,영업/정상,"서울특별시 강남구 학동로1길 11 (논현동,지상1층)"
유메노조미케이터링,기타,37.50162927456229,127.05084611152881,영업/정상,"서울특별시 강남구 선릉로 410, 2층 201호 (대치동)"
피자익스프레스,기타,37.521775385589564,127.02191774686779,영업/정상,"서울특별시 강남구 압구정로10길 28, 지하1층 (신사동)"
착한치킨,기타,37.502921426273524,127.03711242168022,영업/정상,"서울특별시 강남구 봉은사로30길 73, 3층 19호 (역삼동)"
레드앤그린버거,기타,37.502921426273524,127.03711242168022,영업/정상,"서울특별시 강남구 봉은사로30길 73, 3층 19호 (역삼동)"
하이커피,기타,37.49275739842474,127.03842845865283,영업/정상,"서울특별시 강남구 도곡로21길 15, 상가동 1층 3호 (역삼동, 역삼동월드메르디앙아파트)"
웅칼 강남점,기타,37.50028469276989,127.02814743560731,영업/정상,"서울특별시 강남구 테헤란로1길 28-8, 1층 (역삼동)"
오드볼 후카바 강남 by 칠링,기타,37.4965560492363,127.03094168857973,영업/정상,"서울특별시 강남구 강남대로84길 24-7, 지하1층 (역삼동)"
블루토스낵 익스프레스 논현점,기타,37.51194401681227,127.02744710135717,영업/정상,"서울특별시 강남구 학동로18길 13, 2층 201호 (논현동)"
진구곱창 강남역CGV점2,기타,37.501622263720385,127.02709458330838,영업/정상,"서울특별시 강남구 강남대로100길 14, 지하2층 (역삼동)"
더 헤리티지(The Heritage),기타,37.50620478224171,127.0350799327387,영업/정상,"서울특별시 강남구 논현로106길 6, 1층 (역삼동)"
꽃돌이네,기타,37.52814023687721,127.03642435972131,영업/정상,"서울특별시 강남구 언주로174길 29, 1층 103호 (신사동)"
지평옥,기타,37.52317093154308,127.0305608223157,영업/정상,"서울특별시 강남구 논현로164길 27, 지상1층 101호 (신사동)"
바나프레소 학동역점,기타,37.514785681631786,127.0323086192743,영업/정상,"서울특별시 강남구 학동로 213, 제현빌딩 지상1층 (논현동)"
진전복삼계탕 신논현점,기타,37.51013351328258,127.02725416190307,영업/정상,"서울특별시 강남구 학동로20길 55, 해림빌딩 지상1층 101호, 102호 (논현동)"
보금집 논현본점,기타,37.520407250459,127.03609523539045,영업/정상,"서울특별시 강남구 언주로148길 14, 청호불교문화원 다동 지상1층 102호 (논현동)"
클리프 도산,기타,37.525110043497804,127.03908660308257,영업/정상,"서울특별시 강남구 선릉로155길 5, 지하2층 (신사동)"
푸드코트 FLAVOUR6 퀴즈노스,기타,37.48866230678969,127.08598238394443,영업/정상,"서울특별시 강남구 일원로 81, 삼성서울병원 암병원 지하1층 (일원동)"
금성순대,기타,37.519452530802695,127.02958225240522,영업/정상,"서울특별시 강남구 논현로150길 13, 혜창빌딩 지상1층 (논현동)"
혼술바 제주보름 강남선릉점,기타,37.50579977124392,127.04725760562408,영업/정상,"서울특별시 강남구 테헤란로55길 18, 2층 201호 (역삼동)"
쌈도락,기타,37.49942728561998,127.04469803872237,영업/정상,"서울특별시 강남구 언주로 408, 역삼자이 지하1층 B20호 (역삼동)"
플러팅박스,기타,37.51962065496595,127.03173957203599,영업/정상,"서울특별시 강남구 논현로150길 36-5, 1층 102호 (논현동)"
로데오라,기타,37.526977548057026,127.03723790340844,영업/정상,"서울특별시 강남구 압구정로50길 28, 상가101동 지상1층 154호 (신사동, 로데오현대아파트)"
포비 포커앤비어,기타,37.50302663977145,127.05191581218642,영업/정상,"서울특별시 강남구 선릉로82길 23, 4층 (대치동)"
니호우양꼬치양갈비,기타,37.50912220637801,127.0229887970136,영업/정상,"서울특별시 강남구 강남대로124길 3-6, 호은빌딩 2층 (논현동)"
후토시 카이호,기타,37.483648124747404,127.06029667545728,영업/정상,"서울특별시 강남구 선릉로12길 5, 1층 102호 가호, 나호 (개포동)"
샤브바압구정,기타,37.5254308226984,127.02668742684901,영업/정상,"서울특별시 강남구 논현로175길 25, 다보빌딩 지상1층 106호 (신사동)"
러프 앤 가프 커피바(RUFF & GAFH COFFEE BAR),기타,37.507284939407164,127.06137768685417,영업/정상,"서울특별시 강남구 테헤란로92길 11, 1층 일부호 (대치동)"
토루미,기타,37.50739182231499,127.02581721502528,영업/정상,"서울특별시 강남구 강남대로120길 28, 지상1층 (논현동)"
다미곱창 신사직영점,기타,37.51750324399021,127.02142371558342,영업/정상,"서울특별시 강남구 강남대로152길 24, 지상1층 (신사동)"
엉클부대찌개 일원점,기타,37.4901889297854,127.0848639122942,영업/정상,"서울특별시 강남구 일원로9길 40, 지상1층 102호 (일원동)"
커피 리브레(한시적),기타,37.512521154961824,127.05881929973503,영업/정상,"서울특별시 강남구 영동대로 513, 코엑스 B홀호 (삼성동)"
시공커피 라운지,기타,37.506056101232744,127.0460653016779,영업/정상,"서울특별시 강남구 테헤란로53길 28, 1층 (역삼동)"
타쿠,기타,37.523618104319276,127.02705036135804,영업/정상,"서울특별시 강남구 논현로161길 14, 지상2층 (신사동)"
밸런스마켓,기타,37.50145650206672,127.04268895037328,영업/정상,"서울특별시 강남구 언주로 427, 1층 107호 (역삼동, 디오빌역삼)"
리암앤노아스 바이 크리에잇쿠키,기타,37.50295200727982,127.03511915854179,영업/정상,"서울특별시 강남구 테헤란로25길 36, 2층 (역삼동)"
이팔청춘,기타,37.50597216198109,127.02520780617243,영업/정상,"서울특별시 강남구 강남대로114길 11 (논현동,지상1층)"
더 커피 컴퍼니 신사점 (The Coffee Company),기타,37.520407639473184,127.0210126515765,영업/정상,"서울특별시 강남구 강남대로162길 30, 지하1층, 1층 (신사동)"
토속촌앤와이씨,기타,37.50005270984397,127.04150842338898,영업/정상,"서울특별시 강남구 언주로85길 23-12, 1층 (역삼동)"
육연정,기타,37.5032811046872,127.0482583764597,영업/정상,"서울특별시 강남구 선릉로89길 13, 지하1층 (역삼동)"
(주)경희 고기준 청담,기타,37.523041528338496,127.0419871816441,영업/정상,"서울특별시 강남구 도산대로 420, 청담스퀘어 지상2층 221호 (청담동)"
여운,기타,37.519061410639196,127.02208712492327,영업/정상,"서울특별시 강남구 강남대로156길 39, 지하1층 (신사동)"
고도리140(GODORI),기타,37.50331227607704,127.04633325591085,영업/정상,"서울특별시 강남구 테헤란로 322, 한신인터밸리24 지하2층 B140호 (역삼동)"
오연,기타,37.493660659474145,127.0310157799875,영업/정상,"서울특별시 강남구 역삼로 109, 1층 104호 (역삼동, 에스케이허브젠)"
한우식탁,기타,37.49478452174757,127.03520593793624,영업/정상,"서울특별시 강남구 역삼로 145, 우성빌딩 지상1층 2호 (역삼동)"
가마 한그릇감자탕 본점,기타,37.5042566371266,127.05411448796855,영업/정상,"서울특별시 강남구 삼성로85길 39, 가리온 지상1층 5호 (대치동)"
메가엠지씨커피 역삼자이점,기타,37.50038283188885,127.04304784349898,영업/정상,"서울특별시 강남구 언주로81길 6, 1층 101호 (역삼동)"
레코드피자 강남역점,기타,37.49502263702246,127.03122705478883,영업/정상,"서울특별시 강남구 역삼로3길 22 (역삼동,지상1층)"
희피희피바이트(bite),기타,37.52191484325116,127.02249305191344,영업/정상,"서울특별시 강남구 가로수길 59, 디자인위크 행사장 (신사동)"
문스타,기타,37.52191484325116,127.02249305191344,영업/정상,"서울특별시 강남구 가로수길 59, 디자인위크 행사장 (신사동)"
가배테옥,기타,37.49648203251633,127.03116246157232,영업/정상,"서울특별시 강남구 테헤란로6길 32, 1층 102호 (역삼동)"
텐쇼2018,기타,37.51657871566174,127.02909960551291,영업/정상,"서울특별시 강남구 논현로139길 3, 1층 (논현동)"
재재F&B,기타,37.52191484325116,127.02249305191344,영업/정상,"서울특별시 강남구 가로수길 59, 디자인위크 행사장 (신사동)"
(주)이야이야앤프렌즈,기타,37.52290624091764,127.02278552179982,영업/정상,"서울특별시 강남구 가로수길 74, 디자인위크 행사장 (신사동)"
비타본시샤서울,기타,37.52599482370191,127.03724786012556,영업/정상,"서울특별시 강남구 선릉로157길 27-6, 1층 (신사동)"
압구선셋,기타,37.526890966899494,127.0390853333859,영업/정상,"서울특별시 강남구 언주로172길 65, 5층 (신사동)"
만수정,기타,37.51788859898197,127.0194887333658,영업/정상,"서울특별시 강남구 강남대로 628, 비율라빌딩 지상1층 (신사동)"
김건욱횟집 포항물회,기타,37.50530143270705,127.05780929759902,영업/정상,"서울특별시 강남구 삼성로 430, 하이글로빌딩 1층 (대치동)"
주식회사 무니무니,기타,37.526760666301534,127.03972734150857,영업/정상,"서울특별시 강남구 압구정로56길 16, 지상1층 (신사동)"
베리하운드(BERRY HOUND),기타,37.498578720535896,127.04266465335851,영업/정상,"서울특별시 강남구 언주로75길 20, 1층 (역삼동)"
(주)5YR,기타,37.50200540793349,127.05255462537406,영업/정상,"서울특별시 강남구 선릉로76길 25, 진범빌딩 지하1층 (대치동)"
에삐,기타,37.5058471236569,127.04860284896793,영업/정상,"서울특별시 강남구 선릉로 518, 지상1층 (삼성동)"
아이스크림스토리 논현역점,기타,37.510108089759626,127.0232324681306,영업/정상,"서울특별시 강남구 학동로4길 20, 명진빌딩 지상1층 101호 (논현동)"
씨엘드 청담(Ciel de cheongdam),기타,37.52418904645439,127.04192276659222,영업/정상,"서울특별시 강남구 선릉로152길 30, 스페이스 청담(SPACE CHUNGDAM) 6층,옥상층 (청담동)"
방앗간,기타,37.508753760538625,127.02515037427365,영업/정상,"서울특별시 강남구 학동로4길 43-16, 지상1층 103호 (논현동)"
강남맛집 백년가교동짬뽕,기타,37.50225589276705,127.04388996510536,영업/정상,"서울특별시 강남구 언주로90길 8, 13층 1301호 (역삼동)"
삼동소바코엑스점,기타,37.512521154961824,127.05881929973503,영업/정상,"서울특별시 강남구 테헤란로87길 58, 컨벤션별관 지하2층 2A16호 (삼성동)"
어썸스윗 압구정점,기타,37.52738990047494,127.03095685021555,영업/정상,"서울특별시 강남구 압구정로34길 11, 압구정스퀘어 지하1층 B107호 (신사동)"
역삼722,기타,37.500571574917615,127.04231101173295,영업/정상,"서울특별시 강남구 언주로85길 13, 제1층 103호 (역삼동, 경남아파트)"
미복정,기타,37.50891380039874,127.05634982246758,영업/정상,"서울특별시 강남구 삼성로96길 7, 1층 (삼성동)"
테니하우스,기타,37.52557645062231,127.02603467056032,영업/정상,"서울특별시 강남구 압구정로 152, 극동타워 지상1층 106호,107호 (신사동)"
피자월,기타,37.52636464810178,127.04738541453591,영업/정상,"서울특별시 강남구 도산대로81길 28, 꼬모빌딩 지상1층 (청담동)"
명월당,기타,37.52583135651843,127.04692090300614,영업/정상,"서울특별시 강남구 압구정로 455, 플럭서스 빌딩 6층 (청담동)"
천길감자국 강남역삼역 본점,기타,37.50163710367722,127.03563373913131,영업/정상,"서울특별시 강남구 테헤란로25길 20, 역삼현대벤쳐텔 지하1층 101호 (역삼동)"
제주 자작 서울혼술바 강남 6호점,기타,37.5190700229615,127.02142921729605,영업/정상,"서울특별시 강남구 강남대로156길 31-9, 2층 (신사동)"
지하닭발,기타,37.511102578034105,127.05583054181714,영업/정상,"서울특별시 강남구 삼성로104길 15, 지하1층 (삼성동)"
카페레브,기타,37.50712927295721,127.03578717806943,영업/정상,"서울특별시 강남구 언주로107길 42, 1층 일부호 (역삼동)"
청담미역 강남구청점,기타,37.515555544711106,127.04236734449843,영업/정상,"서울특별시 강남구 선릉로 660, 브라운스톤 레전드 지하1층 B110호,B111호 중 11호 (삼성동, 브라운스톤 레전드)"
양평찐코다리,기타,37.50918372828225,127.04361561910493,영업/정상,"서울특별시 강남구 선릉로107길 6, 1층 101호 (역삼동)"
청담동 순도리,기타,37.517467408110086,127.02064966949183,영업/정상,서울특별시 강남구 강남대로152길 15 (신사동)
러브수,기타,37.516692711725106,127.02352272856938,영업/정상,"서울특별시 강남구 논현로149길 65, 1층 102호 (논현동)"
비노보노,기타,37.52060347445123,127.02722767449569,영업/정상,"서울특별시 강남구 도산대로25길 11, 2층 201호 (신사동)"
양은이네 삼성역점,기타,37.510694310094046,127.05662503317146,영업/정상,"서울특별시 강남구 테헤란로83길 50, 1층 (삼성동)"
숯불본진 강남본점,기타,37.50539989087884,127.03513952605174,영업/정상,"서울특별시 강남구 논현로 552, 문화빌딩 2층 201호 (역삼동)"
랩(LAB),기타,37.51447196994386,127.05868591851412,영업/정상,"서울특별시 강남구 영동대로115길 15, 지상1층 (삼성동)"
스시노아야,기타,37.52532523242768,127.04877772014677,영업/정상,"서울특별시 강남구 압구정로79길 19, 레인 에비뉴 2층 202호 (청담동)"
현대낙지집,기타,37.524482307893166,127.0266920350172,영업/정상,"서울특별시 강남구 논현로167길 17, 지상1층 (신사동)"
윌셔 블러바드(한시적),기타,37.52028193202085,127.0231183964652,영업/정상,서울특별시 강남구 가로수길 34 (신사동)
빌리언박스 포스코점,기타,37.5080139610026,127.0553955587808,영업/정상,"서울특별시 강남구 삼성로 517, 지하1층 110호 (삼성동, 채널리저브)"
본죽앤비빔밥 압구정역점,기타,37.5233647139751,127.02741978359451,영업/정상,"서울특별시 강남구 압구정로28길 48, 1층 105호 (신사동)"
하우스734푸드,기타,37.48202443597121,127.08213220272552,영업/정상,"서울특별시 강남구 광평로10길 15, 지하1층, 지상1층 (일원동, 상록수아파트)"
송씨해물점,기타,37.5069550139376,127.02696403729784,영업/정상,"서울특별시 강남구 강남대로116길 37, 지하1층 (논현동)"
삼보(Sambo),기타,37.504916856254205,127.0426584069315,영업/정상,"서울특별시 강남구 언주로98길 12, 지상1층 (역삼동)"
압구正불백,기타,37.50854333601183,127.03224676236917,영업/정상,"서울특별시 강남구 논현로113길 12, 1층 일부호 (논현동)"
일상미식,기타,37.50821437960834,127.03251788074064,영업/정상,"서울특별시 강남구 논현로113길 7, 지하1층 B101호 (논현동, 리더스빌)"
타코젠(한시적),기타,37.52733428976068,127.0274700342024,영업/정상,"서울특별시 강남구 압구정로 165, 현대백화점본점 지하1층 일부호 (압구정동)"
솥탐 강남역점,기타,37.500185081746736,127.02777784560517,영업/정상,"서울특별시 강남구 테헤란로1길 28-4, JWHouse 지상3층 (역삼동)"
브루클린 크래프트,기타,37.506947531944625,127.02506968834344,영업/정상,"서울특별시 강남구 강남대로118길 21, 석광빌딩 2층 (논현동)"
페레힐(한시적),기타,37.50859530026902,127.05971847792408,영업/정상,"서울특별시 강남구 테헤란로 517, 현대백화점 지하1층 식품관 일부호 (삼성동)"
미스티,기타,37.526753363401674,127.04146301506049,영업/정상,"서울특별시 강남구 선릉로162길 12, 마드레스 지하1층 (청담동)"
한국피자헛 대치동점,기타,37.49977989803162,127.06456857096066,영업/정상,"서울특별시 강남구 도곡로 532, 태안빌딩 1층 (대치동)"
비,기타,37.52693214510024,127.03423945567705,영업/정상,"서울특별시 강남구 언주로170길 8 (신사동,지하2층)"
삐삠빱 논현직영점,기타,37.51054182685763,127.03594543667222,영업/정상,"서울특별시 강남구 언주로 615, 논현 아이파크 지하1층 B131호 (논현동)"
한국피자헛 압구정역점,기타,37.525273184054484,127.0273736757905,영업/정상,"서울특별시 강남구 압구정로28길 22, 지상1층 (신사동)"
한우고기 대한민국,기타,37.50673059623012,127.0623598247486,영업/정상,"서울특별시 강남구 영동대로85길 17-5, 지하1,지상1~3층 (대치동)"
본죽앤비빔밥 선릉역점,기타,37.504701538880624,127.04591963926977,영업/정상,"서울특별시 강남구 선릉로93길 34, 지상1층 (역삼동)"
담우,기타,37.52204150684624,127.04168981934272,영업/정상,"서울특별시 강남구 선릉로146길 23, 3층 (청담동)"
앤드커피,기타,37.495607776556895,127.03390921113868,영업/정상,"서울특별시 강남구 역삼로9길 24, 지상1층 (역삼동)"
푸롤리 더폴라(FULOLLI THE POLAR) 코엑스점,기타,37.512521154961824,127.05881929973503,영업/정상,"서울특별시 강남구 영동대로 513, 코엑스 1층 B004호 (삼성동)"
경성경양식 일원점,기타,37.48485122418924,127.08527683250699,영업/정상,"서울특별시 강남구 광평로19길 15, 상가동 지하1층 B7-1,2,3,4,9호 (일원동, 목련타운아파트)"
을지다락 신사가로수길,기타,37.52167859331876,127.0221589575499,영업/정상,"서울특별시 강남구 압구정로10길 29, 신성빌딩 지상2층 (신사동)"
김해김씨부엌(주),기타,37.49161420575852,127.03335101537587,영업/정상,"서울특별시 강남구 도곡로3길 20-10, 108호 (역삼동)"
채운 컴퍼니(JCU company),기타,37.52299893385239,127.04704698506809,영업/정상,"서울특별시 강남구 도산대로78길 13, 지상1층 (청담동)"
순수치킨신사점,기타,37.5190700229615,127.02142921729605,영업/정상,"서울특별시 강남구 강남대로156길 31-9, 지상2층 (신사동)"
육연사 선릉본점,기타,37.506128854003215,127.04671769457595,영업/정상,"서울특별시 강남구 테헤란로55길 28, 1층 (역삼동)"
쓰리버즈 앳 시에나,기타,37.5270999257499,127.0466915112116,영업/정상,"서울특별시 강남구 도산대로81길 42, 지하1층 (청담동)"
쎄쎄,기타,37.51152984609211,127.03142235557651,영업/정상,"서울특별시 강남구 논현로 647, 힐탑관광호텔 지상1층 1호 (논현동)"
최고야 닭갈비2,기타,37.51017988997355,127.05740670701866,영업/정상,"서울특별시 강남구 삼성로100길 23-2, 지상2층 (삼성동)"
레스토랑 네,기타,37.52129007890684,127.04449010157366,영업/정상,"서울특별시 강남구 선릉로146길 58, 청담16 지하1층 (청담동)"
맘스터치앤피자 선릉역점,기타,37.50458024856959,127.04706245318782,영업/정상,"서울특별시 강남구 테헤란로 327, 빅토리아오피스텔 지상1층,2층 201호 (역삼동)"
청운반점,기타,37.49509956481508,127.04488409349206,영업/정상,"서울특별시 강남구 언주로65길 13, 제이케이빌딩 1층 103호 104호 (역삼동)"
코엑스연회(한시적),기타,37.512521154961824,127.05881929973503,영업/정상,"서울특별시 강남구 영동대로 513, 코엑스 2층,3층 (삼성동)"
맛짱조개본점,기타,37.516611073665324,127.037016952482,영업/정상,"서울특별시 강남구 언주로134길 18, 신승빌딩 1층 (논현동)"
유유서울,기타,37.52064869335404,127.02755127052627,영업/정상,"서울특별시 강남구 논현로 805, 지하1층 (신사동)"
스시이담 청담점,기타,37.52259741395491,127.04009198482333,영업/정상,"서울특별시 강남구 도산대로56길 8, 2층 (청담동)"
광장포차,기타,37.49991394434757,127.02864011332838,영업/정상,"서울특별시 강남구 강남대로96길 20, 혜진빌딩 2층 (역삼동)"
위글리,기타,37.50971623935137,127.03352390377331,영업/정상,"서울특별시 강남구 봉은사로29길 35, 지하2층 B201호, B202호 주방13호 (논현동, 한양수자인 어반게이트)"
깐부치킨,기타,37.506172992230404,127.04939385082395,영업/정상,"서울특별시 강남구 선릉로94길 11, 삼성2빌딩 지상1층 (삼성동)"
주식회사 완도돌김밥,기타,37.49782549970645,127.05240483055152,영업/정상,"서울특별시 강남구 선릉로 314, 지상1층 102호 (대치동)"
두찜 강남삼성점,기타,37.509405853371995,127.05692627163504,영업/정상,"서울특별시 강남구 테헤란로83길 31, 도선빌딩 지하1층 (삼성동)"
압구정 화차,기타,37.52598923454307,127.02787274839149,영업/정상,"서울특별시 강남구 압구정로28길 9, 지상1층 (신사동)"
아라시(arashi),기타,37.52357702801435,127.04892582519433,영업/정상,"서울특별시 강남구 도산대로90길 16, Jade49 지상1층 (청담동)"
미미미 신논현,기타,37.50615434009952,127.02490411631051,영업/정상,"서울특별시 강남구 강남대로116길 10, 5층 (논현동)"
임옥정,기타,37.50284011257186,127.03744102263121,영업/정상,"서울특별시 강남구 테헤란로27길 23, 지상1층,2층 (역삼동)"
우동키노야 삼성동,기타,37.51058629224636,127.05424364156217,영업/정상,"서울특별시 강남구 삼성로 549, 정화빌딩 1층 103호 (삼성동)"
카탈리 스튜디오,기타,37.51076059923866,127.05082218170823,영업/정상,"서울특별시 강남구 봉은사로68길 21, 지하1층 (삼성동)"
커브,기타,37.52637415025265,127.04448393825756,영업/정상,"서울특별시 강남구 압구정로 434-3, 1층 (청담동)"
코엑스 연회(한시적),기타,37.512521154961824,127.05881929973503,영업/정상,"서울특별시 강남구 영동대로 513, 코엑스 1층 동문 로비 1층 (삼성동)"
주쥬베,기타,37.524745717252756,127.0430980079493,영업/정상,"서울특별시 강남구 도산대로61길 14, 에버홈빌딩 1층 (청담동)"
맥켄지,기타,37.522278345481574,127.04231478714044,영업/정상,"서울특별시 강남구 선릉로146길 27-8, 지상1층 (청담동)"
그우동집,기타,37.495262903835616,127.04562488085273,영업/정상,"서울특별시 강남구 언주로 311, 로즈1타워 1층 104호 (역삼동)"
맘스터치(강남대성학원점),기타,37.49565373487038,127.03198743590019,영업/정상,"서울특별시 강남구 강남대로78길 33, 지상1층 (역삼동)"
강남 킷사텐 카페,기타,37.49741797119301,127.06532707074464,영업/정상,"서울특별시 강남구 삼성로 212, 내제비블럭 1층 166호 (대치동, 은마아파트)"
클럽 아사이 보라 센터필드점,기타,37.50321166394403,127.04149158215341,영업/정상,"서울특별시 강남구 테헤란로 231, 센터필드 B2층 WB53호 (역삼동)"
파머스포케 신사점,기타,37.51977829154681,127.02403641270017,영업/정상,"서울특별시 강남구 논현로151길 50, 지하1층 (신사동)"
산더미수백집,기타,37.518452692779164,127.03802979554996,영업/정상,"서울특별시 강남구 학동로43길 38, 지하1층 B102호 (논현동, 논현웰스톤)"
옥된장 삼성2호점,기타,37.505722210850955,127.05862845882054,영업/정상,"서울특별시 강남구 삼성로86길 14, 지상1층 (대치동)"
라스칼라,기타,37.51383608791865,127.03496908737364,영업/정상,"서울특별시 강남구 언주로 641, 펜트힐 루 논현 지상1층 101~127호 (논현동)"
속초어시장 선릉역점,기타,37.5042566371266,127.05411448796855,영업/정상,"서울특별시 강남구 삼성로85길 39, 가리온 지상1층 106~109호 (대치동)"
어면,기타,37.5119535463242,127.0507357197329,영업/정상,"서울특별시 강남구 봉은사로 466, 지상1층 103호 (삼성동)"
개수리막국수 수서점,기타,37.48593950493941,127.09953380574558,영업/정상,"서울특별시 강남구 광평로46길 5-4, 지상1층 (수서동)"
멘야포모 강남구청점,기타,37.518493214358685,127.04625993656155,영업/정상,"서울특별시 강남구 학동로 421 (청담동,지상1층107호)"
2018심양양꼬치 강남점,기타,37.50013926738232,127.02839940418086,영업/정상,"서울특별시 강남구 강남대로96길 17 (역삼동,지상2층)"
이즈미,기타,37.52573940626635,127.0329379976552,영업/정상,"서울특별시 강남구 언주로 843, 2층 (신사동)"
미스터피자 대치점,기타,37.502001884840105,127.05475320361352,영업/정상,"서울특별시 강남구 역삼로 437, 1층 (대치동)"
홍수,기타,37.49931556948604,127.02855745620147,영업/정상,"서울특별시 강남구 강남대로94길 14, 2층 (역삼동)"
마라붐 대치점,기타,37.49744991337473,127.05346731451152,영업/정상,"서울특별시 강남구 선릉로62길 9, 1층 101~102호 (대치동)"
우(U) by  Lapuce,기타,37.515796235025306,127.03356140920776,영업/정상,"서울특별시 강남구 논현로132길 39, 1층 (논현동)"
파이브가이즈 대치,기타,37.4993902156522,127.06112676263012,영업/정상,"서울특별시 강남구 도곡로 501, SM TOWER 지하1층 B105~108호 (대치동)"
파라다이스,기타,37.52191484325116,127.02249305191344,영업/정상,"서울특별시 강남구 가로수길 59, 디자인위크 행사장 (신사동)"
한사발포차 역삼점,기타,37.49441673560114,127.0317458575541,영업/정상,"서울특별시 강남구 역삼로3길 10-2, 1층 (역삼동)"
포카드 선릉점 (주)원윌앤코,기타,37.503925457684744,127.05312216934364,영업/정상,"서울특별시 강남구 선릉로86길 42, 3층 (대치동)"
주몽,기타,37.525146767481615,127.03891596324566,영업/정상,"서울특별시 강남구 도산대로53길 30, 지상1층, 2층 (신사동)"
택터스커피,기타,37.52127660443521,127.04848158722521,영업/정상,"서울특별시 강남구 삼성로 739, 이따리아나빌딩 가동 지하1층 (청담동)"
슬로우캘리 논현아이파크점,기타,37.51054182685763,127.03594543667222,영업/정상,"서울특별시 강남구 언주로 615, 논현 아이파크 103동 지상1층 114호 (논현동)"
맘스피자 신사역점,기타,37.5169672697537,127.0224081228185,영업/정상,"서울특별시 강남구 도산대로 126, 지하1층 (논현동)"
웍시 강남역삼점,기타,37.50034099016605,127.03168319596598,영업/정상,"서울특별시 강남구 강남대로94길 54, 2층 2-A호 (역삼동)"
명인등심(청담유통),기타,37.520661823792494,127.02977824775108,영업/정상,"서울특별시 강남구 도산대로 211, 동현빌딩 지상2층 (신사동)"
멕시칸,기타,37.502538911217734,127.05855577555685,영업/정상,"서울특별시 강남구 삼성로 347 (대치동,지상1층)"
(주)소노인터내셔널 삼성지점,기타,37.50959124747711,127.05927363531747,영업/정상,"서울특별시 강남구 테헤란로87길 22 (삼성동,도심공항터미널 4층)"
난리브루스,기타,37.52797374778474,127.03720009306171,영업/정상,"서울특별시 강남구 압구정로46길 5-6, 압구정로데오스타 지상1층 102호 (신사동)"
밀밭식당,기타,37.50366098627476,127.04429478219924,영업/정상,"서울특별시 강남구 테헤란로 309, 지하1층 9,10호 (역삼동, 삼성제일빌딩)"
블루보틀커피코리아 삼성,기타,37.50859530026902,127.05971847792408,영업/정상,"서울특별시 강남구 테헤란로 517, 현대백화점 지상1층 (삼성동)"
럭키족발 강남역점,기타,37.500185081746736,127.02777784560517,영업/정상,"서울특별시 강남구 테헤란로1길 28-4, JWHouse 2층 201호 (역삼동)"
케이찹사라다 신사직영점,기타,37.518576991310965,127.02146988331393,영업/정상,"서울특별시 강남구 강남대로156길 28, 지상1층 101호 (신사동)"
금커피 별빙수,팥빙수,37.493668089701224,127.03728752072789,영업/정상,"서울특별시 강남구 논현로67길 32, 1층 104호 (역삼동)"
산노,기타,37.52725381071226,127.0345547322838,영업/정상,"서울특별시 강남구 압구정로42길 24-5, 지상1층 (신사동)"
미라클브루어리(한시적),기타,37.512521154961824,127.05881929973503,영업/정상,"서울특별시 강남구 영동대로 513, 코엑스 3층 D홀 D-717호 (삼성동)"
팔칠막창,기타,37.49870082171724,127.06806830868007,영업/정상,"서울특별시 강남구 영동대로 221, 지하1층 일부5호 (대치동)"
퀵셀리(QUCELI),기타,37.49944825259747,127.05331360501827,영업/정상,"서울특별시 강남구 역삼로64길 26, 1층 101호 (대치동)"
153구포국수 언주역삼점,기타,37.507713102796544,127.03597155008814,영업/정상,"서울특별시 강남구 봉은사로 218, 트라이업 타워 지상1층 (역삼동)"
좋은초밥,기타,37.50297359241314,127.04653232570449,영업/정상,"서울특별시 강남구 테헤란로 322, 한신인터밸리24 지하2층 B151호 (역삼동)"
착한 갈비찜,기타,37.49870067584982,127.03157677479244,영업/정상,"서울특별시 강남구 테헤란로 124, 삼원타워 지하1층 B135호 (역삼동)"
온기,기타,37.49569528103095,127.03144356578979,영업/정상,"서울특별시 강남구 테헤란로6길 46, 지상1층 101호 (역삼동)"
블루보틀커피코리아 압구정,기타,37.52541904657491,127.02886887630903,영업/정상,"서울특별시 강남구 논현로 854, 지상1층 101호, 2층 201호 (신사동)"
뼈탄집 강남역점,기타,37.49497044938872,127.03071239543056,영업/정상,"서울특별시 강남구 강남대로78길 16 (역삼동,지상2층)"
야키토리로만 논현점,기타,37.50573492404817,127.0259939473537,영업/정상,서울특별시 강남구 봉은사로5길 9 (논현동)
리드뱅(READVIN),기타,37.527218372640604,127.0392006423718,영업/정상,"서울특별시 강남구 선릉로161길 15, 지하1층 (신사동)"
베리하운드(BERRY HOUND)(한시적),기타,37.512521154961824,127.05881929973503,영업/정상,"서울특별시 강남구 영동대로 513, 코엑스 C홀 4001호 (삼성동)"
(주)커피빈 코리아,기타,37.512521154961824,127.05881929973503,영업/정상,"서울특별시 강남구 영동대로 513, 코엑스 A홀 지상1층 (삼성동)"
송송푸드,기타,37.50890085474024,127.0363640379943,영업/정상,"서울특별시 강남구 봉은사로37길 7-6, 나동 지하1층 103호 (논현동)"
비트윈,기타,37.51074775189111,127.05588948560819,영업/정상,"서울특별시 강남구 테헤란로81길 64-4, 1~2층 (삼성동)"
바스티드(BASTIDE),기타,37.52287687885329,127.04376899855404,영업/정상,"서울특별시 강남구 선릉로148길 52, 1층 (청담동)"
불이아(삼성점),기타,37.51117524351896,127.0572584302866,영업/정상,"서울특별시 강남구 테헤란로87길 55, 지상1,2층 (삼성동)"
소로소로 오뎅,기타,37.49817677880218,127.0336434519445,영업/정상,"서울특별시 강남구 논현로85길 52, 역삼 푸르지오 시티 1층 113호 (역삼동)"
호떡킹앤더팝(한시적),기타,37.52733428976068,127.0274700342024,영업/정상,"서울특별시 강남구 압구정로 165, 현대백화점본점지하1층 식품행사장 (압구정동)"
더블에스푸드(한시적),기타,37.49705816399829,127.05359375262299,영업/정상,"서울특별시 강남구 도곡로 401, 롯데백화점 지하1층 일부호 (대치동)"
카페749(cafe749),기타,37.49651272335522,127.0356940014494,영업/정상,"서울특별시 강남구 논현로75길 37, 1층 101호 (역삼동, 드림캐슬)"
드렁큰도우(한시적),기타,37.52733428976068,127.0274700342024,영업/정상,"서울특별시 강남구 압구정로 165, 현대백화점본점 지하1층 식품행사장 일부호 (압구정동)"
헤즈업 압구정로데오점,기타,37.526180234223226,127.03754414423194,영업/정상,"서울특별시 강남구 선릉로157길 27, 3층 (신사동)"
민성옥,기타,37.50788041681197,127.03824305319444,영업/정상,"서울특별시 강남구 언주로 563, 401동 지상1층 101호, 102호, 103호, 104호 (역삼동)"
카린지린가네스낵바 뱅뱅사거리점,기타,37.489257427505436,127.03307746876055,영업/정상,"서울특별시 강남구 강남대로58길 12, 지상1층 105호 (도곡동)"
논현1647 본점,기타,37.51528909508536,127.02215675629941,영업/정상,"서울특별시 강남구 강남대로146길 25, 지하1층 (논현동)"
이가네 양꼬치 강남중앙점,기타,37.4998165113903,127.02831780965872,영업/정상,서울특별시 강남구 강남대로96길 16 (역삼동)
생활맥주 직판점,기타,37.49854340335709,127.03504106478107,영업/정상,"서울특별시 강남구 테헤란로20길 19, 엘지에클라트 1층 101호 (역삼동)"
달빛화로,기타,37.50249525315332,127.03701381528388,영업/정상,"서울특별시 강남구 봉은사로30길 78, 지상3층 (역삼동)"
엄마손한식뷔페,기타,37.50893124027564,127.02381281791503,영업/정상,서울특별시 강남구 학동로4길 38 (논현동)
시울(SIWOOL),기타,37.525750916038355,127.04904380104439,영업/정상,"서울특별시 강남구 도산대로85길 17, 지상1층 (청담동)"
왕건카레 선릉점,기타,37.50331227607704,127.04633325591085,영업/정상,"서울특별시 강남구 테헤란로 322, 한신인터밸리24 지하2층 B138호 (역삼동)"
키토리,기타,37.49772601279262,127.0292970420504,영업/정상,"서울특별시 강남구 테헤란로4길 6, 강남역 센트럴 푸르지오 시티 1층 127호 (역삼동)"
롱브르378(한시적),기타,37.52733428976068,127.0274700342024,영업/정상,"서울특별시 강남구 압구정로 165, 현대백화점본점 지하1층 (압구정동)"
피크,기타,37.507331233792,127.03640916680509,영업/정상,"서울특별시 강남구 봉은사로34길 9, 지하 1층 (역삼동)"
디어왈낫(Dear Walnat),기타,37.48491986901187,127.04362413916436,영업/정상,"서울특별시 강남구 논현로36길 22, 희망빌딩 1층 101호 (도곡동)"
능라도 역삼점,기타,37.502116731012734,127.0355523384114,영업/정상,"서울특별시 강남구 논현로93길 6, 지상1층, 지하1층 (역삼동)"
와구족,기타,37.50085838008427,127.04058796164693,영업/정상,"서울특별시 강남구 언주로85길 32, 역삼역센트럴푸르지오 2층 207호 (역삼동)"
살롱드카페,기타,37.51152984609211,127.03142235557651,영업/정상,"서울특별시 강남구 논현로 647, 힐탑관광호텔 1층 (논현동)"
미스터육회연어왕 강남점,기타,37.500755309314705,127.03429343778207,영업/정상,"서울특별시 강남구 강남대로94길 88, 지상1층 2호 (역삼동)"
압구정순대국 선정릉점,기타,37.51217537204646,127.04786126472553,영업/정상,"서울특별시 강남구 선릉로112길 52, 지상1층 (삼성동)"
삼성동 명인등심,기타,37.51141305277484,127.05677949721535,영업/정상,"서울특별시 강남구 봉은사로86길 30 (삼성동,지상2층)"
명동관,기타,37.49083919682402,127.05724071554444,영업/정상,"서울특별시 강남구 남부순환로 2912 (대치동,센트럴500지하1층103,104호)"
진미식당,기타,37.50846666049686,127.03441500120051,영업/정상,"서울특별시 강남구 봉은사로29길 11 (논현동,1층)"
스마일 키친,기타,37.51162333670406,127.05541883397127,영업/정상,"서울특별시 강남구 봉은사로82길 25, 지상1층 101호 (삼성동)"
피자헛 개포중앙점,기타,37.47874531145276,127.04855964926753,영업/정상,"서울특별시 강남구 개포로 238, 동우빌딩 지상1층 106호,107호 (개포동)"
주식회사 부케드 뺑,기타,37.52406514533856,127.03734590985921,영업/정상,"서울특별시 강남구 도산대로49길 18, 지하1층 (신사동)"
코코스타코1983 (논현점),기타,37.50971623935137,127.03352390377331,영업/정상,"서울특별시 강남구 봉은사로29길 35, 지하2층 B201,B202,B203호중 주방7호 (논현동, 한양수자인 어반게이트)"
일번지,기타,37.504875029419075,127.04298262009371,영업/정상,"서울특별시 강남구 언주로98길 16, 지하1층 (역삼동)"
(주)샤브남바완 강남역삼,기타,37.504647325176684,127.04126317339903,영업/정상,"서울특별시 강남구 언주로 517, KT영동지사, 신라 스테이호텔 지상1층 (역삼동)"
멘션X(MansionX),기타,37.525954492436455,127.03810030354336,영업/정상,"서울특별시 강남구 도산대로51길 41, 2층 (신사동)"
드림식당,기타,37.49920892138716,127.04392156003382,영업/정상,"서울특별시 강남구 언주로 405, 지상1층 103호 (역삼동)"
논현 무샤,기타,37.51744029181575,127.03026743152435,영업/정상,"서울특별시 강남구 논현로142길 11, 지상1층 1호 (논현동)"
빙동댕 삼성점,기타,37.51239500880936,127.04532930707722,영업/정상,"서울특별시 강남구 봉은사로59길 21, 지상1층 (삼성동)"
카페 큐리어스(Cafe Curious),기타,37.52328369524897,127.04293940523989,영업/정상,"서울특별시 강남구 도산대로 430, 1층 A호 (청담동)"
주식회사 도메스틱루트,기타,37.52533675017158,127.03788276507943,영업/정상,"서울특별시 강남구 도산대로51길 33, 2층 (신사동)"
루브르,기타,37.52245642315148,127.04057262487272,영업/정상,"서울특별시 강남구 선릉로148길 12, 지하1층 (청담동)"
미분당 강남구청역점,기타,37.51821688035373,127.04066859722937,영업/정상,"서울특별시 강남구 선릉로 709, 지상1층 101호 (논현동)"
탕화쿵푸마라탕 압구정로데오직영점,기타,37.52609686400707,127.03793925283624,영업/정상,"서울특별시 강남구 선릉로157길 23, 지상2층 (신사동)"
용용푸드,기타,37.49942728561998,127.04469803872237,영업/정상,"서울특별시 강남구 언주로 408, 역삼자이 상가동 지하1층 B07호 (역삼동)"
석암생소금구이 신사점,기타,37.51752940290302,127.02080129181958,영업/정상,"서울특별시 강남구 강남대로152길 17, 지상1층,2층 (신사동)"
청담유식,기타,37.52130261018318,127.05739497919156,영업/정상,"서울특별시 강남구 학동로101길 11, 지하1층 비114,비115,비116,비117호 (청담동)"
제로웍 - 설탕0% 정통중식 미식다이어트,기타,37.50085838008427,127.04058796164693,영업/정상,"서울특별시 강남구 언주로85길 32, 역삼역센트럴푸르지오 B1층 B126호 CA33호 (역삼동)"
영동 쭈미골,기타,37.517100335683764,127.03637145375059,영업/정상,"서울특별시 강남구 언주로136길 10, 2층 201호 (논현동)"
매쓰핑거,기타,37.52797374778474,127.03720009306171,영업/정상,"서울특별시 강남구 압구정로46길 5-6, 압구정로데오스타 에이동 106호 (신사동)"
양산도 청담점,기타,37.52293553277212,127.0398314241714,영업/정상,"서울특별시 강남구 도산대로 404, 퍼스트빌딩 지상2층 (청담동)"
어반테이블 선릉,기타,37.5064085771111,127.04931628375176,영업/정상,"서울특별시 강남구 선릉로96길 13, 지하1층 (삼성동)"
영국카레,기타,37.50971623935137,127.03352390377331,영업/정상,"서울특별시 강남구 봉은사로29길 35, 지하2층 제비201호,제비202호 중 주방19호 (논현동, 한양수자인 어반게이트)"
샤브보트R 강남 뱅뱅사거리점,기타,37.489656123291816,127.03285531350713,영업/정상,"서울특별시 강남구 도곡로 112, 1층 105호 (도곡동)"
다소곳,기타,37.51802607187791,127.02275260855171,영업/정상,"서울특별시 강남구 강남대로152길 42, 2층 (신사동)"
트위드(tweed),기타,37.49774698519704,127.03140295382025,영업/정상,"서울특별시 강남구 테헤란로8길 16, 지희빌딩 지하1층 (역삼동)"
처갓집양념치킨 삼성점,기타,37.510388992730235,127.05340584497014,영업/정상,"서울특별시 강남구 삼성로103길 12, 1층 122호 (삼성동, 신도브래뉴주상복합)"
밥원-저당도시락,기타,37.50319011092509,127.03698636821505,영업/정상,"서울특별시 강남구 봉은사로30길 69, 지하1층 B102호 (역삼동, 힐하우스)"
바나프레소 삼성GBC점,기타,37.51371671642019,127.06489639190086,영업/정상,"서울특별시 강남구 봉은사로112길 18, 1층 (삼성동)"
번들(Bundle),기타,37.515473857710376,127.02953704368736,영업/정상,"서울특별시 강남구 논현로135길 3, 1층 (논현동)"
운정한우설렁탕 언주역본점,기타,37.50740157183354,127.03316753897111,영업/정상,"서울특별시 강남구 봉은사로 177, 오헤븐 빌딩 지상1층 (논현동)"
라티커피(LATTY COFFEE),기타,37.4789828802006,127.04651741648443,영업/정상,"서울특별시 강남구 개포로17길 6, 지상1층 (개포동)"
딥하우스(diphouz),기타,37.52320023638167,127.03489561161865,영업/정상,"서울특별시 강남구 언주로152길 15-6, 지상1층 (신사동)"
우짱베기 역삼점,기타,37.49942728561998,127.04469803872237,영업/정상,"서울특별시 강남구 언주로 408, 역삼자이 B01호 (역삼동)"
라벨르(La Belle),기타,37.52186992274676,127.03927297396778,영업/정상,"서울특별시 강남구 선릉로 753, 정주빌딩 5층 501호 (논현동)"
서관면옥 삼성점,기타,37.509965656232716,127.05454357231879,영업/정상,"서울특별시 강남구 삼성로 541, 1층 및 2층 (삼성동)"
비비엔(Vivienne),기타,37.494694380689836,127.03834395907589,영업/정상,"서울특별시 강남구 논현로71길 15, 지상1층 (역삼동)"
넘버 일레븐 셀러(No.11 Celler),기타,37.52572595848253,127.04535160564404,영업/정상,"서울특별시 강남구 도산대로75길 25, 3층 (청담동)"
카마바,기타,37.52187754143887,127.04254881638356,영업/정상,"서울특별시 강남구 선릉로146길 33, 2층 (청담동)"
해운대 대구탕,기타,37.51021432574635,127.0269001742765,영업/정상,"서울특별시 강남구 학동로20길 58, 지상1층 102호 (논현동)"
맹꽁이네,기타,37.50070247992649,127.05401209930554,영업/정상,"서울특별시 강남구 선릉로72길 34, 지하1층 3호 (대치동)"
커리큘럼,기타,37.5224820726793,127.04077003587422,영업/정상,"서울특별시 강남구 선릉로148길 14, 베리굿빌딩 지하1층 (청담동)"
행운아구찜 역삼본점,기타,37.497815191336585,127.03567154133916,영업/정상,"서울특별시 강남구 테헤란로22길 32, 1층 102호 (역삼동)"
슈파 런치,기타,37.512521154961824,127.05881929973503,영업/정상,"서울특별시 강남구 영동대로 513, 코엑스 지하1층 I106호 (삼성동)"
이방인 혼술바 서울 강남점,기타,37.508722716139765,127.02360548676134,영업/정상,"서울특별시 강남구 학동로2길 45, 2층 (논현동)"
제육일번가,기타,37.5110682782022,127.02622060403792,영업/정상,"서울특별시 강남구 학동로12길 21, 지하1층 104호 (논현동)"
오덮밥,기타,37.5110682782022,127.02622060403792,영업/정상,"서울특별시 강남구 학동로12길 21, 지하1층 109호 (논현동)"
피핌,기타,37.50129200613137,127.04177975842912,영업/정상,"서울특별시 강남구 테헤란로38길 11, 지상1층 (역삼동)"
선비칼국수 역삼역점,칼국수,37.50094918532847,127.03551808949534,영업/정상,"서울특별시 강남구 테헤란로 147, 성지하이츠Ⅱ 지하1층 7호 (역삼동)"
혼밥선생,기타,37.5110682782022,127.02622060403792,영업/정상,"서울특별시 강남구 학동로12길 21, 지하1층 103호 (논현동)"
아야진생태찌개 역삼점,기타,37.4945960652876,127.03944994554541,영업/정상,"서울특별시 강남구 논현로 329, 지상1,2,3층 (역삼동)"
근본집 삼성본점,기타,37.50935428132622,127.05795184972119,영업/정상,"서울특별시 강남구 삼성로96길 27, 진솔빌딩 1층 (삼성동)"
죽이냥 역삼본점,기타,37.49565692105216,127.04560671642466,영업/정상,"서울특별시 강남구 언주로 313, 지상1층 103호 (역삼동)"
탕에이마라,기타,37.49582964016155,127.0398367752478,영업/정상,"서울특별시 강남구 역삼로 204, 삼환 아르누보 지하1층 B07,B08 중 103호 (역삼동)"
국밥참맛있는집 대치점,국밥,37.5059626508482,127.05936260877583,영업/정상,"서울특별시 강남구 삼성로86길 22, 1층 (대치동)"
토말실비,기타,37.511102578034105,127.05583054181714,영업/정상,"서울특별시 강남구 삼성로104길 15, 지상1층 (삼성동)"
왕건카레 수서역점,기타,37.487326826880114,127.10314006660364,영업/정상,"서울특별시 강남구 광평로 280, 로즈데일오피스텔 지하2층 104호 (수서동)"
십이율 청담점,기타,37.52763988217953,127.04004739025201,영업/정상,"서울특별시 강남구 압구정로56길 6, 6층 (신사동)"
크레이지카츠 역삼,기타,37.49981009291828,127.03662878226913,영업/정상,"서울특별시 강남구 테헤란로 152, 강남파이낸스센터 지하1층 피2-2호 (역삼동)"
우마주 더블랙 도곡점,기타,37.49295141140623,127.04359021707721,영업/정상,"서울특별시 강남구 도곡로 226, 선일빌딩 지상1층 (도곡동)"
시골가마솥김치찜 강남본점,기타,37.49328266204001,127.03664017118756,영업/정상,"서울특별시 강남구 도곡로17길 29, 지상1층 (역삼동)"
오늘도 내일도 김치찌개,기타,37.50971623935137,127.03352390377331,영업/정상,"서울특별시 강남구 봉은사로29길 35, 제지하2층 17-1호 (논현동, 한양수자인 어반게이트)"
골포드,기타,37.49612889833165,127.03175676357213,영업/정상,"서울특별시 강남구 강남대로78길 33-10, 지하1층 (역삼동)"
와인 마케트,기타,37.510636712124104,127.05733881284443,영업/정상,"서울특별시 강남구 삼성로100길 23-18, 지상1층 (삼성동)"
보틀라운지,기타,37.51558484247042,127.0415684796978,영업/정상,"서울특별시 강남구 선릉로 661, 석영빌딩 지상1층 104호 (논현동)"
리우디,기타,37.5211390800159,127.03707002314762,영업/정상,"서울특별시 강남구 언주로148길 31, 2층 (논현동)"
강남오뎅 압구정직영점,기타,37.521910530399204,127.03117059972969,영업/정상,"서울특별시 강남구 도산대로37길 13, 1층 (신사동)"
카멜커피,기타,37.523447599955546,127.03598690304987,영업/정상,"서울특별시 강남구 도산대로45길 16-8, 지상1층 (신사동)"
신촌깻잎떡볶이 선릉점,기타,37.502419174934005,127.05218197192492,영업/정상,"서울특별시 강남구 역삼로63길 20, 지상1층 103호 (대치동)"
애프터 모브(after Mauve),기타,37.50249885650761,127.05404510998727,영업/정상,"서울특별시 강남구 삼성로75길 52, 1층 102호 (대치동)"
메리나잇,기타,37.52544975527901,127.03725360091714,영업/정상,"서울특별시 강남구 도산대로49길 38, 지하1층 (신사동)"
제이스(J's),기타,37.52292272125893,127.04269510420202,영업/정상,"서울특별시 강남구 선릉로148길 39, 지하1층 2호 (청담동)"
메쉬커피(Mesh Coffee-24),기타,37.51929929662368,127.02502368952098,영업/정상,"서울특별시 강남구 도산대로17길 8, 지상1층 101호 (신사동)"
트래키(TRAKII),기타,37.485622033498096,127.03590803810151,영업/정상,"서울특별시 강남구 강남대로42길 23, 1층 101호 (도곡동)"
느린마을양조장 학동역점,기타,37.51761324100423,127.03056494951511,영업/정상,서울특별시 강남구 논현로142길 15 (논현동)
피자사만다 강남구청점,기타,37.51459116447978,127.04147113831515,영업/정상,"서울특별시 강남구 선릉로125길 5-6, 1층 (논현동)"
(주)로우앤리얼,기타,37.52292272125893,127.04269510420202,영업/정상,"서울특별시 강남구 선릉로148길 39, 지상1층 (청담동)"
맡김,기타,37.508840414312075,127.04153679162012,영업/정상,"서울특별시 강남구 봉은사로48길 10, 1층 102호 (역삼동)"
오오쥬,기타,37.52620399650317,127.0447436862755,영업/정상,"서울특별시 강남구 선릉로162길 51, 2호  1층 (청담동)"
화정국밥,국밥,37.50704616404345,127.03551335086584,영업/정상,"서울특별시 강남구 언주로107길 46, 지상층 101호 (역삼동)"
우연정가,기타,37.52537267554398,127.05160382815112,영업/정상,"서울특별시 강남구 압구정로79길 54, 2층 (청담동)"
냉삼옥 강남자곡본점,기타,37.474009997686174,127.10353912679132,영업/정상,"서울특별시 강남구 자곡로 186, 빌리브 파비오 더 까사 1층 105호, 106호, 107호 (자곡동)"
스페이스2437,기타,37.515715853836035,127.0399535460287,영업/정상,"서울특별시 강남구 학동로50길 14, 지하1층 (논현동)"
수목림 개포동역점,기타,37.48877694433219,127.0673243100103,영업/정상,"서울특별시 강남구 개포로82길 7, 삼성빌딩 1층 108호 (개포동)"
테이스트먼트,기타,37.514580156070686,127.02058994948821,영업/정상,"서울특별시 강남구 강남대로146길 6, 1층 (논현동, 앤샵2 빌딩)"
올 위(All We),기타,37.514836775720866,127.04137970773905,영업/정상,"서울특별시 강남구 선릉로125길 7, 지하1층 (논현동)"
모서리,기타,37.52130261018318,127.05739497919156,영업/정상,"서울특별시 강남구 학동로101길 11, 지하2층 B205호 (청담동)"
펍마이,기타,37.51140352789532,127.05608474013431,영업/정상,"서울특별시 강남구 봉은사로84길 30, 2층 (삼성동)"
티아드(TIAD),기타,37.520248282774894,127.02533588776745,영업/정상,"서울특별시 강남구 도산대로19길 24-1, 어반인사이트빌딩 지하1층, 지상1층 (신사동)"
치즈웨이브 강남점,기타,37.50971623935137,127.03352390377331,영업/정상,"서울특별시 강남구 봉은사로29길 35, 지하2층 주방4호 (논현동, 한양수자인 어반게이트)"
남도창평국밥,국밥,37.50365975697102,127.0359027299671,영업/정상,"서울특별시 강남구 논현로 528, 온누리빌딩 지상1층 (역삼동)"
브롱스 강남스퀘어점,기타,37.499534562573956,127.0282639823862,영업/정상,"서울특별시 강남구 강남대로94길 11, 제이빌딩 지하1층 (역삼동)"
야화혼술바 논현점,기타,37.50831001803717,127.0254035669213,영업/정상,"서울특별시 강남구 강남대로122길 30, 지하1층 01호 (논현동)"
유메오뎅 신사,기타,37.51916526468235,127.02026099167885,영업/정상,"서울특별시 강남구 강남대로158길 17, 레드포인트 빌딩 1층 (신사동)"
강호의 도리,기타,37.500338744810556,127.05319419760325,영업/정상,"서울특별시 강남구 역삼로64길 11, 지상1층 101호 (대치동)"
프라임 위스키,기타,37.50085838008427,127.04058796164693,영업/정상,"서울특별시 강남구 언주로85길 32, 역삼역센트럴푸르지오 1동 지상1층 106호 (역삼동)"
나인 위스키,기타,37.50697913960668,127.06089475610497,영업/정상,"서울특별시 강남구 영동대로85길 34, 대치2차 아이파크 지상1층 104호 (대치동)"
제주아홉 혼술바 서울 강남점,기타,37.507265042161954,127.02438575062027,영업/정상,"서울특별시 강남구 강남대로120길 11, 2층 (논현동)"
감포리장님댁,기타,37.52071738225474,127.03714742643572,영업/정상,"서울특별시 강남구 도산대로46길 21, 101동 제비124호,126호 (논현동, 한진로즈힐아파트)"
루미에(Lumie),기타,37.50545804212156,127.04448108765214,영업/정상,"서울특별시 강남구 언주로98길 31-11, 지상1층 (역삼동)"
울루루 커피(ULULU COFFEE),기타,37.51986777491887,127.04000119121208,영업/정상,"서울특별시 강남구 선릉로 733, 지상1층 (논현동)"
????지,기타,37.48416216086456,127.04659239243459,영업/정상,"서울특별시 강남구 남부순환로378길 34-4, 지상1층 (도곡동)"
어여화,기타,37.52403387600071,127.04075867504994,영업/정상,"서울특별시 강남구 선릉로152길 16, 2층 (청담동)"
이복희 해장,기타,37.50424375519393,127.05281617754007,영업/정상,"서울특별시 강남구 테헤란로70길 14-12, 지상1층 (대치동)"
바다풍경,기타,37.51089007141804,127.06579234905102,영업/정상,"서울특별시 강남구 테헤란로113길 13, 칠성빌딩 지상1층 (삼성동)"
티스파,기타,37.51143674388135,127.04270131155373,영업/정상,"서울특별시 강남구 봉은사로51길 20, 지상1층 (논현동)"
트러스트 스페셜티 커피 선릉역점,기타,37.50452824574755,127.04462875485996,영업/정상,"서울특별시 강남구 언주로98길 36, 루트원 레지던스 지상1층 101호 (역삼동)"
미성양꼬치,기타,37.51027479718628,127.05604135495115,영업/정상,"서울특별시 강남구 테헤란로81길 56-3, 지상1층,지상2층 (삼성동)"
삼바리,기타,37.51877161786243,127.02066860429736,영업/정상,"서울특별시 강남구 압구정로2길 46 (신사동,강남상가1층)"
청석골식당,기타,37.51985721923982,127.03207019664579,영업/정상,서울특별시 강남구 도산대로38길 12 (논현동)
로네펠트 선릉점,기타,37.50674349935644,127.05214987453402,영업/정상,"서울특별시 강남구 테헤란로69길 13, 명지빌딩 지상1층 (삼성동)"
한잔(HANJAN),기타,37.49539989631866,127.03040580524147,영업/정상,"서울특별시 강남구 테헤란로4길 46, 1층 112호 (역삼동, 쌍용플래티넘밸류)"
쏭빠,기타,37.524662671178234,127.04625698127683,영업/정상,"서울특별시 강남구 도산대로75길 6, 지하1층 (청담동)"
맛있는하루,기타,37.50878257207008,127.03492928502016,영업/정상,"서울특별시 강남구 논현로114길 18, 지하1층 3호 (논현동)"
심재,기타,37.48368156340169,127.04486455782633,영업/정상,"서울특별시 강남구 논현로28길 34 (도곡동,지상1층)"
헬키푸키 논현,기타,37.5109682221864,127.02719974070361,영업/정상,"서울특별시 강남구 강남대로124길 68, 지상1층 103호 (논현동)"
주식회사 우아한 강남키친,기타,37.50357434023682,127.05428035340167,영업/정상,"서울특별시 강남구 삼성로81길 43, 지상2층 1호 (대치동)"
토리키치 삼성점,기타,37.50985901216266,127.05617252127934,영업/정상,"서울특별시 강남구 테헤란로81길 48, 1층 (삼성동)"
헬시플레져,기타,37.50482288825335,127.03573175599452,영업/정상,"서울특별시 강남구 논현로102길 6, 지상1층 101호 (역삼동)"
용삼계탕,기타,37.51089806753298,127.02285483316274,영업/정상,서울특별시 강남구 학동로4길 8 (논현동)
노마드,기타,37.52655126842906,127.05344870292554,영업/정상,"서울특별시 강남구 도산대로101길 28, 지하1층 (청담동)"
스시 산원,기타,37.50655825851737,127.05085339135539,영업/정상,"서울특별시 강남구 선릉로100길 42, 1층 1호 (삼성동, LG선릉에클라트)"
압구정통갈비,기타,37.52449088918631,127.02648682049946,영업/정상,"서울특별시 강남구 논현로167길 19, 지하1층 (신사동)"
현성별당,기타,37.49956459257767,127.04012834964492,영업/정상,"서울특별시 강남구 언주로81길 42, 지하2층 (역삼동)"
맛도푸르다,기타,37.51460221911353,127.04373048741157,영업/정상,"서울특별시 강남구 봉은사로57길 59 (삼성동,지상1층)"
마가렛,기타,37.49534084644992,127.05265202234067,영업/정상,"서울특별시 강남구 선릉로 225, 1층 111호 (도곡동, 도곡렉슬상가)"
디센트 도산대로점,기타,37.5207884979931,127.03017676061116,영업/정상,"서울특별시 강남구 도산대로 215, 지상1층 (신사동, 나현빌딩)"
꼼터,기타,37.51731445244771,127.03838602388664,영업/정상,"서울특별시 강남구 언주로134길 35 (논현동,지상1층)"
최가네버섯매운탕칼국수,칼국수,37.52542931272782,127.03818993706362,영업/정상,"서울특별시 강남구 도산대로51길 36 (신사동,지상2,3층)"
와바 도곡점,기타,37.48867259728632,127.05210218727476,영업/정상,"서울특별시 강남구 언주로30길 21, B동 3층 301호 (도곡동)"
남원추어탕,기타,37.50694161865868,127.05260031468008,영업/정상,"서울특별시 강남구 테헤란로69길 16 (삼성동,한성빌딩 102호)"
배정철 어도,기타,37.520407250459,127.03609523539045,영업/정상,"서울특별시 강남구 언주로148길 14, 1층 (논현동)"
미시마,기타,37.493001495297264,127.04179603270042,영업/정상,서울특별시 강남구 도곡로 209 (역삼동)
(주)아비스트 라운지,기타,37.52138673630369,127.03492230473913,영업/정상,"서울특별시 강남구 도산대로 306, 지상9층 (논현동)"
제이에스가든(js garden),기타,37.52201619327091,127.03634914404948,영업/정상,"서울특별시 강남구 도산대로 318, 지상1층 (논현동, 어넥스C동)"
우리집 김밥,기타,37.50460502541753,127.04670824779495,영업/정상,"서울특별시 강남구 테헤란로51길 7, 수지빌딩 지상1층 102호 (역삼동)"
라운지,기타,37.52494020038009,127.02562754403327,영업/정상,"서울특별시 강남구 논현로175길 39 (신사동,.지하1층)"
압구정상회,기타,37.52522704261278,127.03830491017175,영업/정상,"서울특별시 강남구 선릉로155길 13-2, 2층 (신사동)"
육회한 차돌,기타,37.50085838008427,127.04058796164693,영업/정상,"서울특별시 강남구 언주로85길 32, 역삼역센트럴푸르지오 지하1층 B114호 중 CA20호 (역삼동)"
레몬,기타,37.52745047473873,127.034612555542,영업/정상,"서울특별시 강남구 압구정로42길 24-6, 지하1층 (신사동)"
정삼이네 수제비 김밥,기타,37.50079058419191,127.06337840031713,영업/정상,"서울특별시 강남구 삼성로72길 64, 1층동 4호호 (대치동,서주빌딩)"
요란,기타,37.51255190985456,127.05062430655428,영업/정상,"서울특별시 강남구 봉은사로 467, 세창빌딩 지상1층 (삼성동)"
바나프레소 역삼삼보점,기타,37.50041751749916,127.03348463730407,영업/정상,"서울특별시 강남구 테헤란로19길 5, 삼보빌딩 지상1층 (역삼동)"
에르메스21,기타,37.5237873491855,127.04685722214221,영업/정상,"서울특별시 강남구 도산대로 458 (청담동,지상14층)"
옥이네,기타,37.504340751137015,127.05586992733424,영업/정상,"서울특별시 강남구 삼성로81길 22, 지상1층 102호 (대치동)"
청담골반상,기타,37.51028806287963,127.03903391467956,영업/정상,"서울특별시 강남구 언주로114길 17, 지상1층 (논현동)"
엔티엔스 코노이스페이스,기타,37.5212709880199,127.02302226384528,영업/정상,"서울특별시 강남구 압구정로12길 41, 지하1층 (신사동)"
한사리감자탕&뼈구이 청담점,기타,37.525024533913715,127.0498233941262,영업/정상,"서울특별시 강남구 압구정로79길 32, 지상1층 102호 (청담동)"
희래등,기타,37.52131969232285,127.01966605825025,영업/정상,"서울특별시 강남구 도산대로1길 72, 지상1층 (신사동)"
청기와타운 역삼점,기타,37.49901911262547,127.03644688796466,영업/정상,"서울특별시 강남구 논현로85길 11, 2층 (역삼동)"
왕선왕족발보쌈,기타,37.50588973059903,127.02822289991634,영업/정상,"서울특별시 강남구 봉은사로 129 (논현동,거평타운오피스텔 지하1층 109호)"
고센가&스튜디오 율,기타,37.52397775352709,127.03683477411519,영업/정상,"서울특별시 강남구 압구정로46길 71-2, 지상1층 (신사동)"
닭장맥주 신논현역점,기타,37.506620953957565,127.02423478285836,영업/정상,"서울특별시 강남구 봉은사로1길 29, 2층, 3층, 4층 (논현동)"
히어로,기타,37.49162111133789,127.03284691973391,영업/정상,"서울특별시 강남구 도곡로3길 22 (역삼동,지하1층)"
탄탄면공방,기타,37.50904780086485,127.06089284405361,영업/정상,"서울특별시 강남구 테헤란로 521, 파르나스타워 지하1층 F-22호 (삼성동)"
잠수교집,기타,37.52276937141446,127.03206292264662,영업/정상,"서울특별시 강남구 언주로153길 14, 1층 101호 (신사동)"
KFC 압구정 로데오점,기타,37.52829330762409,127.03744577944532,영업/정상,"서울특별시 강남구 압구정로 328, 지상1층 (신사동)"
아사이퍼플 삼성점,기타,37.50520236127337,127.05539152742065,영업/정상,"서울특별시 강남구 테헤란로78길 16, 노벨과개미 1층, 2층 (대치동)"
만목,기타,37.50270316174208,127.05086749981949,영업/정상,"서울특별시 강남구 선릉로82길 9, 지상1층 (대치동)"
일광상회,기타,37.50695564801725,127.02437853709858,영업/정상,"서울특별시 강남구 봉은사로1길 34 (논현동,지상1층101호)"
바다를 훔친 언니,기타,37.51758003125734,127.02038905774359,영업/정상,서울특별시 강남구 강남대로154길 12 (신사동)
시골빈대떡,파전,37.50544426339075,127.04708704458699,영업/정상,"서울특별시 강남구 테헤란로53길 14 (역삼동,지상1층)"
해초록 사랑,기타,37.5098274229848,127.05461754379353,영업/정상,"서울특별시 강남구 삼성로 539 (삼성동,지하1층)"
미도,기타,37.52339383135422,127.04365764612126,영업/정상,"서울특별시 강남구 도산대로 442, 피엔폴루스 지하1층 (청담동)"
우정소갈비 코엑스점,기타,37.51487298608517,127.06070436648093,영업/정상,"서울특별시 강남구 영동대로112길 6, 정원빌딩 지상2층 (삼성동)"
미팅룸 선정릉,기타,37.510142176655904,127.04434784378111,영업/정상,"서울특별시 강남구 봉은사로 404, 씨티라이프 61 지하1층 B101호 (삼성동)"
아루,기타,37.52524986727795,127.03618016260526,영업/정상,"서울특별시 강남구 언주로164길 34-2, 2층 (신사동)"
보보식당,기타,37.52785997311762,127.03624526772107,영업/정상,"서울특별시 강남구 언주로174길 30, 로빈명품관 지상1층 102호,103호 (신사동)"
SOL(쏠),기타,37.525110043497804,127.03908660308257,영업/정상,"서울특별시 강남구 선릉로155길 5, 3층 (신사동)"
술비치 청담,기타,37.517227820774984,127.03921577146647,영업/정상,"서울특별시 강남구 선릉로131길 21, 지상1층 (논현동)"
맛고을,기타,37.48277522570943,127.06221668952682,영업/정상,"서울특별시 강남구 선릉로4길 13, 지하1층 (개포동)"
무(MUU),기타,37.509299696950634,127.02720960440472,영업/정상,"서울특별시 강남구 강남대로122길 55, 지상1층 102호 (논현동)"
굽네치킨 도곡스타점,기타,37.484549522374955,127.04362986786596,영업/정상,"서울특별시 강남구 논현로34길 20, 지상1층 101호 (도곡동)"
청정어가,기타,37.505534330680035,127.04694016862034,영업/정상,"서울특별시 강남구 테헤란로53길 16, 지상2층 (역삼동, 예안빌딩)"
한강수,기타,37.48964858105235,127.03355004151877,영업/정상,"서울특별시 강남구 강남대로58길 17, 지상1층 (도곡동)"
부돼찌개,기타,37.5177078521297,127.02123101180219,영업/정상,"서울특별시 강남구 강남대로152길 23, 지하1층 B02호 (신사동)"
인생김치찌개 논현점2,기타,37.50968284790631,127.02559393571661,영업/정상,"서울특별시 강남구 강남대로124길 39, 지하1층 103호 (논현동)"
논현닭한마리,기타,37.51597210746702,127.03937899767044,영업/정상,"서울특별시 강남구 선릉로129길 26, 지상2층 (논현동)"
이화수 전통육개장,기타,37.4990202758522,127.03574909177279,영업/정상,"서울특별시 강남구 논현로85길 22, 1층 (역삼동)"
노박사골뱅이,기타,37.48877694433219,127.0673243100103,영업/정상,"서울특별시 강남구 개포로82길 7 (개포동,삼성빌딩지상1층104호)"
닭갈비두목,기타,37.496240327730675,127.03773066015935,영업/정상,서울특별시 강남구 논현로75길 13 (역삼동)
국민한우집 삼성역본점,기타,37.50644901126636,127.05950142015455,영업/정상,"서울특별시 강남구 테헤란로86길 15 (대치동,지상1층)"
연경,기타,37.51877161786243,127.02066860429736,영업/정상,"서울특별시 강남구 압구정로2길 46, 2층 210호 (신사동, ---------)"
교동전선생 삼성역점,기타,37.50770316501531,127.06468754548813,영업/정상,"서울특별시 강남구 영동대로86길 6, 2층 (대치동, 지산빌딩)"
트리블리,기타,37.513974809274075,127.0366823370174,영업/정상,"서울특별시 강남구 학동로42길 25, 케이공간 지상1층 01호 (논현동)"
크라이베이비,기타,37.52748438230821,127.0349159590908,영업/정상,"서울특별시 강남구 압구정로42길 22, 지상1층 (신사동)"
신선양곱창,기타,37.522103114754465,127.03776921627397,영업/정상,"서울특별시 강남구 언주로150길 43, 지상1층 (논현동)"
영동반점,기타,37.50860356622475,127.02548022322298,영업/정상,"서울특별시 강남구 강남대로122길 31, louis(루이스빌딩) 지상1층 (논현동)"
선릉 불고기,기타,37.50354659833505,127.05350387037436,영업/정상,"서울특별시 강남구 선릉로82길 43, 1층 101호 (대치동)"
스포트라이트,기타,37.51111713682289,127.02576918110462,영업/정상,"서울특별시 강남구 학동로12길 16, 지상1층 (논현동)"
왕스펍(Wang's Pub),기타,37.50088345665304,127.02748482594296,영업/정상,"서울특별시 강남구 강남대로98길 11, 메트로 빌딩 지하1층 (역삼동)"
에스프레소바시,기타,37.5114927519551,127.05009308762682,영업/정상,"서울특별시 강남구 봉은사로68길 7, 지상1층 (삼성동)"
츠케도,기타,37.49987896141306,127.02945368787252,영업/정상,"서울특별시 강남구 강남대로94길 27, 지상1층 104호 (역삼동)"
강남한끼밥상,기타,37.49396878348001,127.03816020783033,영업/정상,"서울특별시 강남구 역삼로20길 22, 지상1층 106호 (역삼동)"
PBA 라운지,기타,37.52071738225474,127.03714742643572,영업/정상,"서울특별시 강남구 도산대로46길 21, 101동 지하1층 B111호 (논현동, 한진로즈힐아파트)"
쎄쎄쎄푸드빌리지,기타,37.51585550050607,127.04076262488054,영업/정상,"서울특별시 강남구 선릉로129길 9-6, 지하1층 (논현동)"
핀덴(Finden)압구정,기타,37.52164058769303,127.03002699164414,영업/정상,"서울특별시 강남구 도산대로33길 16, 1층 (신사동)"
논현바다,기타,37.51025052665593,127.02286887606753,영업/정상,"서울특별시 강남구 학동로2길 17, 1층 (논현동)"
힙스테틱(HIPSTHETIC),기타,37.526629328139265,127.03919687320624,영업/정상,"서울특별시 강남구 언주로172길 66, 지상1층 1호 (신사동)"
안동국시,기타,37.48601218983306,127.0992117429995,영업/정상,"서울특별시 강남구 광평로46길 5, 지하1층 (수서동, 취락구조 궁마을7호)"
텐후쿠,기타,37.525562697843974,127.04774761517682,영업/정상,"서울특별시 강남구 도산대로81길 18, 지상2층 (청담동)"
국민고기냉면연구소(논현점),냉면,37.516428574031664,127.03426432131867,영업/정상,"서울특별시 강남구 학동로37길 17, 지상1층,2층 (논현동)"
소풍,기타,37.50358314622866,127.05206205552065,영업/정상,"서울특별시 강남구 선릉로86길 28, 2층 (대치동)"
죽여주는 떡볶이,기타,37.50971106815816,127.02467137335555,영업/정상,"서울특별시 강남구 강남대로126길 26, 지상1층 103호 (논현동)"
원조감자탕 일미집,기타,37.507156112472956,127.05383835564221,영업/정상,"서울특별시 강남구 테헤란로77길 11-8, 지상1층 101호 (삼성동)"
토리시키,기타,37.521871897392955,127.04316482808458,영업/정상,"서울특별시 강남구 선릉로148길 48-18, 지상1층 (청담동)"
진평면옥,기타,37.50051561503524,127.03146649550061,영업/정상,"서울특별시 강남구 강남대로94길 53, 지상1층 (역삼동)"
송송카레,기타,37.49638072786206,127.03993154741589,영업/정상,"서울특별시 강남구 역삼로 207, 지상1층 (역삼동)"
더타코부스 서울 한티역점,기타,37.49824413618982,127.05365358848378,영업/정상,"서울특별시 강남구 선릉로64길 17, 디앤비빌딩 지상1층 102호 (대치동)"
제주은희네해장국 강남역점,기타,37.49821296239223,127.03163805984613,영업/정상,"서울특별시 강남구 테헤란로8길 11, 지상1층 1호 (역삼동)"
강남족발,기타,37.47787346344225,127.04869585953426,영업/정상,"서울특별시 강남구 개포로24길 18, 2층 201호 (개포동)"
불닭발동대문엽기떡볶이 개포동역점,기타,37.48913646714988,127.06752080016594,영업/정상,"서울특별시 강남구 개포로 506, 지상1층 3호 (개포동)"
카페지오,기타,37.51051156737723,127.06554337048864,영업/정상,"서울특별시 강남구 테헤란로107길 10, 지상1층 (삼성동)"
신발닭발,기타,37.50085838008427,127.04058796164693,영업/정상,"서울특별시 강남구 언주로85길 32, 역삼역센트럴푸르지오 지하1층 B118A호, CA26호 (역삼동)"
비플리끄,기타,37.50788041681197,127.03824305319444,영업/정상,"서울특별시 강남구 언주로 563, 401동 지상1층 123호 (역삼동)"
명품 순대국밥,국밥,37.49470491251357,127.08351442732219,영업/정상,"서울특별시 강남구 개포로 646, 가야빌딩 지상1층 101호 (일원동)"
겟올라잇,기타,37.52473230260528,127.0416034264374,영업/정상,"서울특별시 강남구 도산대로57길 18, 지하1층 (청담동)"
1974옛날삼겹살,기타,37.49479319008758,127.04089604950225,영업/정상,"서울특별시 강남구 도곡로25길 32, 1층 101호 (역삼동)"
군선생 포스코사거리점,기타,37.50589345018619,127.05830671245229,영업/정상,"서울특별시 강남구 삼성로86길 11, 거봉INC 지하1층 (대치동)"
달인대보칼국수 강남논현점,칼국수,37.51054182685763,127.03594543667222,영업/정상,"서울특별시 강남구 언주로 615, 논현 아이파크 103동 지상1층 113호 (논현동)"
더 라운지앤바,기타,37.52025412662377,127.02847822086234,영업/정상,"서울특별시 강남구 도산대로 203, 지상1층 (신사동)"
영동식당,기타,37.51770373420136,127.03772941706427,영업/정상,"서울특별시 강남구 언주로136길 27, 지하1층 (논현동)"
윤화돈까스 기사식당,기타,37.49340307656769,127.04303478642731,영업/정상,"서울특별시 강남구 도곡로 221 (역삼동,셀라빌딩1층)"
후웨이즈텐카민(Huis ten carmine),기타,37.50924072189028,127.04380688148824,영업/정상,"서울특별시 강남구 선릉로107길 4, 1층 (역삼동)"
디자인뮤지엄,기타,37.51116735127029,127.03832915797878,영업/정상,"서울특별시 강남구 언주로116길 19, 지하1층 (논현동)"
맥심(MAXIM),기타,37.50777538752969,127.05660909828119,영업/정상,"서울특별시 강남구 삼성로 508, 지하1층 지101호 (삼성동, LG트윈텔2)"
김북순큰남비집,기타,37.5207335403448,127.01997046450751,영업/정상,"서울특별시 강남구 압구정로2길 15, 지하1층 B101호 (신사동, 신사아이빌)"
을지로골뱅이,기타,37.51085529462469,127.05573821061776,영업/정상,"서울특별시 강남구 삼성로104길 12 (삼성동,지상1층)"
자연담,기타,37.511624447096004,127.03631053961001,영업/정상,"서울특별시 강남구 언주로 620 (논현동,지상1층1호)"
벤또랑,기타,37.51046472706423,127.06027605014796,영업/정상,서울특별시 강남구 테헤란로87길 36 (삼성동)
사이공핫팟,기타,37.533026741970474,127.0279255640881,영업/정상,"서울특별시 강남구 압구정로29길 71 (압구정동,상가2동1층103호)"
육회바른연어 강남대치점,기타,37.501091990214306,127.05175173159972,영업/정상,"서울특별시 강남구 역삼로 409, 지상1층 107호 (대치동, 아티스톤)"
한정식애덕,기타,37.51236444400152,127.02180148899882,영업/정상,"서울특별시 강남구 학동로1길 14 (논현동,지상2층)"
씨트루스,기타,37.50856679166254,127.0641468957995,영업/정상,"서울특별시 강남구 테헤란로 606 (대치동,지상22층)"
더 튠(The Tune),기타,37.48278552742675,127.04562871855713,영업/정상,"서울특별시 강남구 논현로24길 37, 지상1층 102호 (도곡동)"
메르카토521(MERCATO521),기타,37.50904780086485,127.06089284405361,영업/정상,"서울특별시 강남구 테헤란로 521, 파르나스타워 지상1층 (삼성동)"
골목낙지,기타,37.50535639634068,127.04403895154809,영업/정상,"서울특별시 강남구 봉은사로44길 81, 지상1층 (역삼동)"
용궁,기타,37.46925413555886,127.11883233502265,영업/정상,"서울특별시 강남구 헌릉로745길 25 (율현동,강남자동차매매상가A동지하1층114호)"
쿠킹라이브러리,기타,37.52565783774487,127.03565454843844,영업/정상,"서울특별시 강남구 압구정로46길 46, 지하1층 (신사동, 현대카드 신사동 사옥)"
순애씨 포차,기타,37.507569746061456,127.02830097595992,영업/정상,"서울특별시 강남구 강남대로120길 62, 1층 101호 (논현동)"
강남7833,기타,37.49125685454806,127.03427337967346,영업/정상,"서울특별시 강남구 강남대로62길 35-3, 지하1층 (역삼동)"
더(THE) 마늘안동갈비,기타,37.50183808126203,127.03319283752899,영업/정상,"서울특별시 강남구 테헤란로19길 28, 지상1층 (역삼동)"
우후죽순 신사점,기타,37.51863617923737,127.02229186681414,영업/정상,"서울특별시 강남구 강남대로154길 41, 지상1층,2층 (신사동)"
알렉스 루카,기타,37.49380054614207,127.03054162025052,영업/정상,"서울특별시 강남구 강남대로 338, 지하1층 B01호 (역삼동)"
냉삼식당 역삼점,기타,37.49394459180046,127.03532580663433,영업/정상,"서울특별시 강남구 역삼로14길 10, 지하1층, 지상1층 (역삼동)"
도무스압구정(DOMVS),기타,37.526244431338256,127.03630235426992,영업/정상,"서울특별시 강남구 압구정로46길 35, 지하1층, 2층 (신사동)"
쥬베룩(JUVELOOK),기타,37.50965560616002,127.0633835484061,영업/정상,"서울특별시 강남구 영동대로 502, K뷰티스퀘어 1층 (삼성동)"
저스트카츠 푸드,기타,37.510758251177194,127.02292383805394,영업/정상,"서울특별시 강남구 학동로4길 10, 101호 일부호 (논현동)"
저스트카츠 딜리버리,기타,37.510758251177194,127.02292383805394,영업/정상,"서울특별시 강남구 학동로4길 10, 101호중 일부호 (논현동)"
점심특선,기타,37.51700749278545,127.02255706247159,영업/정상,"서울특별시 강남구 도산대로 128, 국민연금강남회관 지하1층 (논현동)"
감성맥주,기타,37.49394459180046,127.03532580663433,영업/정상,"서울특별시 강남구 역삼로14길 10, 2층 (역삼동)"
피에르 청담,기타,37.52566293383423,127.0451592915794,영업/정상,"서울특별시 강남구 압구정로72길 11, 2004 3층 (청담동)"
그린온샐러드 압구정본점,기타,37.524057735887894,127.02791593357462,영업/정상,"서울특별시 강남구 논현로 841, 제이비 미소 빌딩 1층 118호 (신사동)"
담소,기타,37.524138079710546,127.03702156954517,영업/정상,"서울특별시 강남구 도산대로49길 17, 산딸기빌딩 지상4층 (신사동)"
우동명가 다카마쓰 강남본점,기타,37.49702710547764,127.02976901919028,영업/정상,"서울특별시 강남구 강남대로84길 15, 지상1층 102-2호 (역삼동)"
쩐쩐면,기타,37.47302103523719,127.05193371160667,영업/정상,"서울특별시 강남구 논현로4길 22, 지상1층 102호 (개포동)"
오드린,기타,37.48272757820099,127.04614718515326,영업/정상,"서울특별시 강남구 논현로24길 42, 1층 102호 (도곡동)"
에띠베라프룻,기타,37.488259733997936,127.03979140630095,영업/정상,"서울특별시 강남구 남부순환로365길 43, 1층 107호 (도곡동)"
청바진,기타,37.49492123586405,127.03149624034441,영업/정상,"서울특별시 강남구 역삼로3길 20-4, 지하1층 (역삼동)"
솥삼조,기타,37.503869577226304,127.04010183672946,영업/정상,"서울특별시 강남구 테헤란로37길 25, 대호빌딩 지상1층 (역삼동)"
카페마스카라,기타,37.49214471279021,127.08683927391492,영업/정상,"서울특별시 강남구 양재대로53길 23, 골든빌 지상1층 102호 (일원동, 골든빌)"
베트남쌀국수,기타,37.50331227607704,127.04633325591085,영업/정상,"서울특별시 강남구 테헤란로 322, 한신인터밸리24 지하2층 B146호 (역삼동)"
압구정생식빵X옵션블랙,기타,37.524610328197035,127.03070239286099,영업/정상,"서울특별시 강남구 압구정로34길 51, 1층 101호 (신사동)"
펍마이마이 (삼성점),기타,37.51140352789532,127.05608474013431,영업/정상,"서울특별시 강남구 봉은사로84길 30, 지상1층 (삼성동)"
연가,기타,37.498420849582885,127.03695985029394,영업/정상,"서울특별시 강남구 논현로85길 5-13, 지하1층 (역삼동)"
천비인,기타,37.51877161786243,127.02066860429736,영업/정상,"서울특별시 강남구 압구정로2길 46, 지상1층 44,N16호 (신사동, ---------)"
지호한방삼계탕 도곡점,기타,37.48403864532794,127.04453139316131,영업/정상,"서울특별시 강남구 논현로28길 33, 1층 (도곡동)"
짝패식당,기타,37.48851996356718,127.10325621679499,영업/정상,"서울특별시 강남구 광평로51길 6-11, 지하1층 (수서동, 문암빌딩)"
천화동인 다이닝,기타,37.509965656232716,127.05454357231879,영업/정상,"서울특별시 강남구 삼성로 541, 지하1층 B01호 (삼성동)"
노커피 서울,기타,37.52480296965606,127.02575036880745,영업/정상,"서울특별시 강남구 압구정로20길 19, 지상1층 (신사동)"
플랜라이트,기타,37.51796928068871,127.0250456232026,영업/정상,"서울특별시 강남구 도산대로 150, 지하1층 A호 (논현동)"
신 차이홍(新 차이홍),기타,37.50656084475693,127.05903411450832,영업/정상,"서울특별시 강남구 테헤란로86길 12 (대치동,지하1층)"
테판 플레이,기타,37.50601145867296,127.02482163039046,영업/정상,"서울특별시 강남구 봉은사로1길 18, 지상2층 (논현동)"
영칼로리포케&샐러드 서울학동역점 (YOUNGKCAL),기타,37.514357697185346,127.02884990841412,영업/정상,"서울특별시 강남구 학동로25길 11, 씨플레이스 지하1층 103호 (논현동)"
정희 강남역점,기타,37.502223285970345,127.02698113529252,영업/정상,"서울특별시 강남구 강남대로102길 15, 지상1층 (역삼동)"
규카츠정 강남점,기타,37.500332854679456,127.02765462615808,영업/정상,"서울특별시 강남구 테헤란로1길 28-1, 지하1층 (역삼동)"
귀한 김치찜 논현점,기타,37.50878257207008,127.03492928502016,영업/정상,"서울특별시 강남구 논현로114길 18, 지하1층 5호 (논현동)"
베트남 노상식당,기타,37.49717461415632,127.06135143526548,영업/정상,"서울특별시 강남구 삼성로 225, 아주빌딩 지상1층 106호 (대치동)"
오늘찜닭어때 강남점,기타,37.50249885650761,127.05404510998727,영업/정상,"서울특별시 강남구 삼성로75길 52, 성진빌딩 지상1층 103호 (대치동)"
너가찾던곱도리탕 강남점,기타,37.50249885650761,127.05404510998727,영업/정상,"서울특별시 강남구 삼성로75길 52, 성진빌딩 지상1층 103호 (대치동)"
압구정변강쇠떡볶이,기타,37.52071738225474,127.03714742643572,영업/정상,"서울특별시 강남구 도산대로46길 21 (논현동,한진로즈힐아파트101동지하1층117호)"
낙지마을,기타,37.49421596507827,127.0776167654936,영업/정상,"서울특별시 강남구 개포로109길 34, 지하1층 (개포동, B111호,112호,113호,114호,114-1호)"
토보시,기타,37.52020754242858,127.0266199880513,영업/정상,"서울특별시 강남구 논현로151길 18, 지상1층 (신사동)"
육회관블랙 신사점,기타,37.51877161786243,127.02066860429736,영업/정상,"서울특별시 강남구 압구정로2길 46, 지상2층 201호 (신사동, ---------)"
류창희국수인,기타,37.514260330991824,127.06437344407452,영업/정상,"서울특별시 강남구 영동대로106길 41, 동영빌딩 1층 104호 (삼성동)"
해선옥,기타,37.505188833369864,127.04218244215808,영업/정상,"서울특별시 강남구 언주로98길 5, 1층 102호 (역삼동)"
코튼클럽 압구정로데오,기타,37.5270125673389,127.03933355678299,영업/정상,"서울특별시 강남구 압구정로54길 14, 지하1층 (신사동)"
연꽃치 일원점,기타,37.49069821071676,127.08658580476585,영업/정상,"서울특별시 강남구 일원로9길 62, 지상1층 103호 (일원동)"
자담치킨 (역삼점),기타,37.49798405867348,127.03439215966614,영업/정상,서울특별시 강남구 논현로85길 47 (역삼동)
등촌샤브칼국수 삼성점,칼국수,37.51043451011324,127.05566696846066,영업/정상,"서울특별시 강남구 테헤란로81길 51, 지상2층 (삼성동)"
술이 그린 밤,기타,37.50912220637801,127.0229887970136,영업/정상,"서울특별시 강남구 강남대로124길 3-6, 지상1층 (논현동)"
우연이네,기타,37.50938258588006,127.02299141808952,영업/정상,"서울특별시 강남구 학동로2길 32, 1,2층 (논현동)"
신대흥장,기타,37.50077435892257,127.03339495737215,영업/정상,서울특별시 강남구 강남대로94길 75 (역삼동)
예촌,기타,37.49705816399829,127.05359375262299,영업/정상,"서울특별시 강남구 도곡로 401 (대치동,롯데백화점 지하1층)"
위고키친 강남점,기타,37.50085838008427,127.04058796164693,영업/정상,"서울특별시 강남구 언주로85길 32, 역삼역센트럴푸르지오 지하1층 B104A호 CA03호 (역삼동)"
탕비실 커피워크,기타,37.49419129458969,127.04111588455719,영업/정상,"서울특별시 강남구 논현로66길 9, 지상1층 102호 (역삼동)"
잇??,기타,37.508554925738686,127.04049432129882,영업/정상,"서울특별시 강남구 언주로108길 15, 1층 103호 (역삼동)"
슬로우앤로 역삼초교사거리점,기타,37.49409942941632,127.03264458669359,영업/정상,"서울특별시 강남구 역삼로 121, 유성빌딩 지상1층 (역삼동)"
패티 버거(FATTY BURGER),기타,37.511304953743725,127.05238559385455,영업/정상,"서울특별시 강남구 삼성로107길 18, 지상1층 101호 (삼성동)"
서래향,기타,37.50450227392841,127.04636985638798,영업/정상,"서울특별시 강남구 선릉로93길 29, 지상1층 (역삼동)"
고향마을,기타,37.50069200764595,127.03462628219589,영업/정상,"서울특별시 강남구 테헤란로21길 6 (역삼동,지상2층)"
피아노,기타,37.49133230762707,127.03509712335787,영업/정상,"서울특별시 강남구 도곡로7길 8, 디에스빌딩 본관 지하1층 (역삼동)"
봄,기타,37.52847753994433,127.03541239164683,영업/정상,"서울특별시 강남구 언주로174길 17, 지하1층 (신사동)"
주류상회비(Be) 대치은마점,기타,37.49894603452467,127.06250012590063,영업/정상,"서울특별시 강남구 도곡로84길 6, 지상1층 105호 (대치동)"
식물원김밥 역삼점,기타,37.49667193348535,127.04476623937448,영업/정상,"서울특별시 강남구 언주로69길 6, 1층 102호 (역삼동)"
커피프린스 논현점,기타,37.509409800130896,127.02532841918132,영업/정상,"서울특별시 강남구 강남대로124길 35, 지상1층 103호 (논현동)"
풀파워샐러드 역삼점,기타,37.49300157535366,127.0391171527819,영업/정상,"서울특별시 강남구 논현로63길 16, 1층 제125호 (역삼동, 강남서해그랑블)"
버번 스트리드(Bourbon Street),기타,37.52583785019377,127.03805912783514,영업/정상,"서울특별시 강남구 도산대로51길 39, 지하1층 (신사동)"
바 론도,기타,37.498291923614545,127.03189622972849,영업/정상,"서울특별시 강남구 테헤란로8길 11-5, 13층 (역삼동)"
진담,기타,37.5188243046656,127.0215821280818,영업/정상,"서울특별시 강남구 강남대로156길 31, 지상1층 (신사동)"
솥내음 강남 역삼 선릉역점,기타,37.505590954373886,127.04769835050814,영업/정상,"서울특별시 강남구 선릉로93길 8, 2층 (역삼동)"
누젤라(NuGela) 본점,기타,37.52224435706778,127.02370885372015,영업/정상,"서울특별시 강남구 논현로161길 57, 지상1층 102호 (신사동)"
청계산갈비살,기타,37.516741569514885,127.0377900461186,영업/정상,"서울특별시 강남구 학동로45길 7 (논현동,지하1층, 지상1층)"
간단포차,기타,37.507485451384106,127.02384155990748,영업/정상,"서울특별시 강남구 강남대로122길 6, 1층 (논현동)"
참맛갈비살,기타,37.491224080400066,127.0389105100255,영업/정상,"서울특별시 강남구 논현로57길 26 (도곡동,(축적변경으로지번정정))"
역삼집,기타,37.493628801041304,127.03546731420845,영업/정상,"서울특별시 강남구 역삼로14길 14, 지상1층 우측호 (역삼동)"
무명떡볶이,기타,37.51776082320232,127.03601007984325,영업/정상,"서울특별시 강남구 언주로138길 6, 지상1층 (논현동)"
와인코르크,기타,37.50090799932625,127.02725836608009,영업/정상,"서울특별시 강남구 테헤란로1길 40, 지상3층 (역삼동)"
루클라비더화이트,기타,37.518292543307396,127.02914608122418,영업/정상,"서울특별시 강남구 논현로 742, 파티오나인 5층 (논현동)"
물고기자리,기타,37.5163612984907,127.03374022621084,영업/정상,"서울특별시 강남구 언주로133길 18, 지상2층 (논현동)"
쌀똑핫도그 논현점,기타,37.5109682221864,127.02719974070361,영업/정상,"서울특별시 강남구 강남대로124길 68, 1층 101호 (논현동)"
엠오디 서울(MOD SEOUL),기타,37.52761107512142,127.03848949725648,영업/정상,"서울특별시 강남구 선릉로161길 24, Y&B 찬화빌딩 1층 (신사동)"
시원일식,기타,37.5024334110491,127.05833466161704,영업/정상,"서울특별시 강남구 삼성로71길 6 (대치동,지상1층)"
훈,기타,37.50577854891033,127.05985629003138,영업/정상,"서울특별시 강남구 삼성로84길 28, 지상1층 (대치동)"
카페601,기타,37.49717791779305,127.05218849754655,영업/정상,"서울특별시 강남구 선릉로 309, SJ빌딩 6층 601호 (역삼동)"
에이치와인,기타,37.507056224755935,127.03222935075742,영업/정상,"서울특별시 강남구 봉은사로 163, 1층 101호 (논현동)"
카페 타임 더 한섬하우스 서울점,기타,37.50031046747299,127.06421080426057,영업/정상,"서울특별시 강남구 도곡로 529, 4층 (대치동)"
스시 히야마,기타,37.510108089759626,127.0232324681306,영업/정상,"서울특별시 강남구 학동로4길 20, 명진빌딩 지상1층 104호 (논현동)"
153구포국수 강남역점,기타,37.49772601279262,127.0292970420504,영업/정상,"서울특별시 강남구 테헤란로4길 6, 강남역 센트럴 푸르지오 시티 지하1층 B102호,B103호,B104호 (역삼동)"
수타손짜장,기타,37.49434795190433,127.07961586766422,영업/정상,"서울특별시 강남구 개포로 623, 대청타워 지하1층 103호,104호 (개포동)"
에버플레이스,기타,37.47910953879486,127.04858969389689,영업/정상,"서울특별시 강남구 개포로 237, 유진빌딩 지하1층 (개포동)"
포틀러(POTLER),기타,37.52754488661893,127.04786053681636,영업/정상,"서울특별시 강남구 압구정로75길 28-1, 1층 (청담동)"
뉴욕프라이즈강남점,기타,37.49860960820537,127.02834304780684,영업/정상,"서울특별시 강남구 테헤란로 103 (역삼동,지상1층)"
찌개마을시골촌,기타,37.51345990165375,127.03374137508433,영업/정상,"서울특별시 강남구 학동로34길 17, 지상1층 (논현동)"
처갓집 양념치킨 역삼점,기타,37.494062179415856,127.04322649495501,영업/정상,"서울특별시 강남구 논현로64길 33, 지상1층 (역삼동, 한호빌딩)"
피끄니크,기타,37.486615109387266,127.03371897860328,영업/정상,"서울특별시 강남구 강남대로48길 6, 지상1층 101호 (도곡동)"
돈만은소,기타,37.51507931341125,127.04150596427716,영업/정상,"서울특별시 강남구 선릉로125길 6, 지상1층 (논현동)"
대도 숯불갈비덮밥 대치점,기타,37.50357434023682,127.05428035340167,영업/정상,"서울특별시 강남구 삼성로81길 43, 지상2층 13호 (대치동)"
서울깍두기(강남역삼점),기타,37.49532561081569,127.03253079467511,영업/정상,"서울특별시 강남구 역삼로7길 17, 네스빌 지상1층 103호 (역삼동)"
해담일식,기타,37.50388618117075,127.04084648547268,영업/정상,"서울특별시 강남구 언주로93길 12, 1층 (역삼동)"
마들렌케익,기타,37.502510857218624,127.05026658010526,영업/정상,"서울특별시 강남구 선릉로 420 (대치동,2층1호)"
터키쉬 오븐(TURKISH OVEN),기타,37.48342921532525,127.04619501828313,영업/정상,"서울특별시 강남구 논현로26길 46-10, 도곡빌딩 1층,5층 (도곡동)"
달식당,기타,37.52268552473775,127.02117218484337,영업/정상,"서울특별시 강남구 논현로175길 101 (신사동,지상1층)"
아이스벅,기타,37.50704385245655,127.03854043098296,영업/정상,서울특별시 강남구 논현로106길 52 (역삼동)
혼디브루잉스테이션,기타,37.47936820083478,127.05023511893984,영업/정상,"서울특별시 강남구 개포로 255, 1층 (개포동)"
하루반상 신사역점,기타,37.51710912465256,127.02388995576153,영업/정상,"서울특별시 강남구 도산대로12길 9, 1층 (논현동)"
마리네,기타,37.5080139610026,127.0553955587808,영업/정상,"서울특별시 강남구 삼성로 517, 지하1층 B103호 (삼성동, 채널리저브)"
홍루루,기타,37.4917319537374,127.03235280890986,영업/정상,"서울특별시 강남구 도곡로3길 25, 삼성애니텔 지상1층 101호 102호 103호 (역삼동)"
응급실국물떡볶이 역삼점,기타,37.502921426273524,127.03711242168022,영업/정상,"서울특별시 강남구 봉은사로30길 73, 3층 20호 (역삼동)"
힐로,기타,37.491007360758694,127.03401011461685,영업/정상,"서울특별시 강남구 강남대로62길 31 (역삼동,예원빌딩 지상2층)"
육초참치(강남구청점),기타,37.515555544711106,127.04236734449843,영업/정상,"서울특별시 강남구 선릉로 660, B1층 7호 (삼성동, 브라운스톤 레전드)"
아담치킨 강남역삼점,기타,37.49485748877768,127.03457956384428,영업/정상,"서울특별시 강남구 역삼로11길 10, 1층 103호 (역삼동)"
8번가,기타,37.50680595676352,127.03331109639295,영업/정상,"서울특별시 강남구 봉은사로 176, 지상1층 (역삼동)"
수수커피 강남N타워점,기타,37.50011785425546,127.03222166172274,영업/정상,"서울특별시 강남구 테헤란로 129, 지하1층 2,3호 (역삼동)"
다돈식당,기타,37.48894290112299,127.03335720061293,영업/정상,"서울특별시 강남구 도곡로2길 13, 예인빌딩 지상1층 (도곡동)"
포시애틀(선릉점),기타,37.50331227607704,127.04633325591085,영업/정상,"서울특별시 강남구 테헤란로 322, 한신인터밸리24 지하2층 제비137호 (역삼동)"
칠랑고,기타,37.50259258082613,127.05271219220145,영업/정상,"서울특별시 강남구 역삼로67길 19, 지상1층 101호 (대치동)"
감자바우,기타,37.50782323170488,127.0453959768021,영업/정상,"서울특별시 강남구 선릉로 551 (역삼동,지상2층)"
트루아,기타,37.504946732846086,127.04710603526792,영업/정상,"서울특별시 강남구 선릉로93길 17 (역삼동,현진빌딩 지상3층)"
호신각,기타,37.50821156572074,127.05712793879516,영업/정상,"서울특별시 강남구 테헤란로81길 16, 지상2층 (삼성동)"
스코파 더 쉐프(Scopa the chef),기타,37.52554713910381,127.05074643091996,영업/정상,"서울특별시 강남구 도산대로89길 13 (청담동,2층)"
술,기타,37.51927520901146,127.02467623818882,영업/정상,"서울특별시 강남구 도산대로17길 9 (신사동,지하1층)"
박대박,기타,37.52676502666687,127.03858071662444,영업/정상,"서울특별시 강남구 언주로172길 60, 지상1층 (신사동)"
두찜 강남도곡점,기타,37.486436768996,127.0386318966525,영업/정상,"서울특별시 강남구 남부순환로363길 12-29, 102호 (도곡동)"
다미,기타,37.52661388562685,127.02940806833642,영업/정상,"서울특별시 강남구 언주로167길 46 (신사동,지상4층)"
키라노 플러스,기타,37.52805217061036,127.03689128527027,영업/정상,"서울특별시 강남구 압구정로46길 5-2, 지하1층 B101호 (신사동)"
두부마을 찬,기타,37.48297169624405,127.06225242270608,영업/정상,"서울특별시 강남구 선릉로6길 18, 지상1층 (개포동)"
대봉집,기타,37.51828578401193,127.02144621809188,영업/정상,"서울특별시 강남구 압구정로2길 57, 지하1,지상1층 (신사동)"
토말,기타,37.51371609959825,127.04121581745933,영업/정상,"서울특별시 강남구 선릉로121길 13, 지상1, 2층 (논현동)"
남순남순대국 본점,기타,37.48918794273756,127.03343607185607,영업/정상,서울특별시 강남구 도곡로4길 12 (도곡동)
당산오돌 대치점,기타,37.5064359987136,127.05909849307768,영업/정상,"서울특별시 강남구 테헤란로86길 14 (대치동,지상1층)"
사오월 곱창,기타,37.49532561081569,127.03253079467511,영업/정상,"서울특별시 강남구 역삼로7길 17, 네스빌 1층 104호 (역삼동)"
안동국시 소호헌,기타,37.50390584992176,127.05916512680268,영업/정상,"서울특별시 강남구 역삼로81길 8 (대치동,지상1층)"
선주레시피,기타,37.505656575928384,127.04706172322861,영업/정상,"서울특별시 강남구 테헤란로55길 17, URBAN9 지상1층 (역삼동)"
누락된업소,기타,37.51140539863109,127.02833282817558,영업/정상,"서울특별시 강남구 학동로20길 27, 지상1층 (논현동)"
검탄소,기타,37.49294342813352,127.03096479195099,영업/정상,"서울특별시 강남구 역삼로 106, BIEL 106 지상1층 102호 (역삼동)"
육미안 강남,기타,37.503026816740025,127.02634597773336,영업/정상,"서울특별시 강남구 강남대로106길 9, 지상1층 (역삼동)"
비플리끄,기타,37.52474764616693,127.04238447948035,영업/정상,"서울특별시 강남구 도산대로59길 16, 4층 (청담동, 테이블2025)"
오브,기타,37.521473638646754,127.03696676259766,영업/정상,"서울특별시 강남구 언주로150길 32, 천지일가 2층 (논현동)"
살롱드 까레,기타,37.517603766228255,127.03891689743556,영업/정상,"서울특별시 강남구 선릉로131길 22-3, 지상1층 102호 (논현동)"
치폴리니 강남점,기타,37.50971623935137,127.03352390377331,영업/정상,"서울특별시 강남구 봉은사로29길 35, 지하2층 B201호, B202호,B203호 주방21호 (논현동, 한양수자인 어반게이트)"
바른커피,기타,37.50231084355936,127.03930950769461,영업/정상,"서울특별시 강남구 테헤란로33길 7, 지상1층 (역삼동)"
잇쇼우,기타,37.506765184992176,127.04808443368391,영업/정상,"서울특별시 강남구 선릉로 524, 1층 109호 (삼성동, 선릉대림아크로텔)"
고향식당,기타,37.51205857511415,127.05162391141577,영업/정상,"서울특별시 강남구 봉은사로74길 5, 지상1층 101호 (삼성동, 현대빌라트)"
에이펍(A펍),기타,37.5267916158101,127.0383005805385,영업/정상,"서울특별시 강남구 언주로172길 56, 서현빌딩 지상5층,6층 (신사동)"
스시 카이레이,기타,37.527375042466524,127.03477769967279,영업/정상,"서울특별시 강남구 압구정로42길 24-4, 2층 (신사동)"
족발야시장&무청감자탕 선릉역점,기타,37.5040970442061,127.05266168155788,영업/정상,"서울특별시 강남구 선릉로86길 37, 덕우빌딩 지상1층 102호 (대치동)"
누드크랩 강남점,기타,37.494627554246975,127.034686586013,영업/정상,"서울특별시 강남구 역삼로 139, 102호 (역삼동)"
샐러링 삼성역점,기타,37.50660278129163,127.05870790129651,영업/정상,"서울특별시 강남구 테헤란로84길 9, 지상1층 (대치동)"
해머스미스커피 학동역점,기타,37.514357697185346,127.02884990841412,영업/정상,"서울특별시 강남구 학동로25길 11, 지하1층 102호 (논현동, 시플레이스)"
그린나래,기타,37.52293299544595,127.02536387067481,영업/정상,"서울특별시 강남구 압구정로18길 32, 지상1층 (신사동)"
순두부열전,기타,37.50501720022644,127.05482562348773,영업/정상,"서울특별시 강남구 테헤란로78길 14-9, 지하1층 (대치동)"
깐부치킨 강남구청역3번출구점,기타,37.51786682191086,127.03987718196494,영업/정상,"서울특별시 강남구 선릉로131길 12, 지상1층 (논현동)"
자전거라이브,기타,37.49691535422775,127.04222148995365,영업/정상,"서울특별시 강남구 역삼로34길 3, 지하1층 (역삼동)"
돼지통 역삼2호점,기타,37.503296045259226,127.03886214051242,영업/정상,"서울특별시 강남구 테헤란로33길 23 (역삼동,지상1층101호)"
젠틀커피,기타,37.48481722535183,127.0449411425601,영업/정상,서울특별시 강남구 논현로30길 41 (도곡동)
아루,기타,37.52768535774756,127.0301898048003,영업/정상,"서울특별시 강남구 압구정로 210 (신사동,지하1층)"
미트 플레이스,기타,37.521980722100636,127.03844492643142,영업/정상,"서울특별시 강남구 도산대로54길 10, 지상1층 (논현동)"
마요네즈 신논현점,기타,37.5058109610499,127.02542561625208,영업/정상,서울특별시 강남구 강남대로114길 14 (논현동)
육미당 몽산,기타,37.50009086067306,127.02824075110699,영업/정상,"서울특별시 강남구 강남대로96길 15, 2층동 (역삼동,정해빌딩)"
해중천,기타,37.510348121468596,127.0543390464822,영업/정상,서울특별시 강남구 삼성로 547 (삼성동)
46 이너스 피자,기타,37.51094149506014,127.03366584377535,영업/정상,"서울특별시 강남구 논현로120길 18, 1층 (논현동)"
문배동육칼(역삼점),기타,37.50102186774733,127.0346023091684,영업/정상,"서울특별시 강남구 강남대로94길 91 (역삼동,지상1층)"
이야기가있는나무,기타,37.51787923782894,127.03141317533427,영업/정상,"서울특별시 강남구 논현로142길 27 (논현동,.1층)"
락앤웍,기타,37.50619047645498,127.06371724813351,영업/정상,"서울특별시 강남구 영동대로 417, 지하1층 6호 (대치동, 오토웨이타워)"
호랑,기타,37.50527979185483,127.05416060244623,영업/정상,"서울특별시 강남구 선릉로90길 62, 지상2층 (대치동)"
박실장 논현점,기타,37.51336618842899,127.03220654202434,영업/정상,"서울특별시 강남구 학동로30길 13, 1층 (논현동)"
쌍떼,기타,37.5188957818032,127.02487590273503,영업/정상,"서울특별시 강남구 도산대로17길 3, 지하1층 (신사동)"
일상의 즐거움 인더 백,기타,37.50859530026902,127.05971847792408,영업/정상,"서울특별시 강남구 테헤란로 517, 지하1층 (삼성동, 현대백화점 식품팀)"
카페화실,기타,37.49946348005706,127.02761699484489,영업/정상,"서울특별시 강남구 테헤란로1길 17, 지상5층 (역삼동)"
버터그린,기타,37.4876021700128,127.0398770647785,영업/정상,"서울특별시 강남구 남부순환로365길 36, 지상1층 (도곡동)"
선학 쭈꾸미,기타,37.52307027938689,127.05647710767201,영업/정상,"서울특별시 강남구 영동대로138길 9, 2층 203호 (청담동)"
메타비젼,기타,37.50126748200194,127.02752207687946,영업/정상,"서울특별시 강남구 봉은사로18길 84, 지상1층 (역삼동)"
오프너,기타,37.52659941944698,127.03852023111534,영업/정상,"서울특별시 강남구 선릉로157길 20-8, 1층 (신사동)"
춘리(CHUN-LI),기타,37.50952514436708,127.03895479161527,영업/정상,"서울특별시 강남구 언주로 604, 지하1층 101호 (논현동, ACROHILLS논현)"
더 바 바이 에어드랍(The Bar by Airdrop),기타,37.5204225293758,127.02328015056894,영업/정상,"서울특별시 강남구 가로수길 36, 지하1층 101호 (신사동)"
스탠다드 브레드,기타,37.52404022964691,127.03828051069968,영업/정상,"서울특별시 강남구 도산대로53길 13, 지상1층 (신사동)"
보울박스 역삼역점,기타,37.497774803465646,127.03246708676632,영업/정상,"서울특별시 강남구 논현로85길 70, 지상1층 103호 (역삼동)"
별을품은곱창,기타,37.49007610624193,127.0844825811112,영업/정상,"서울특별시 강남구 일원로9길 36, 지상1층 101호 (일원동, 동측)"
아낙 본점,기타,37.51149919012705,127.02803516645929,영업/정상,"서울특별시 강남구 학동로20길 30, 지상1층 101호 (논현동)"
마미분식,기타,37.52254586975832,127.04651884474943,영업/정상,"서울특별시 강남구 도산대로78길 26, 지하1층 (청담동)"
도원반점 대치은마점,기타,37.49894603452467,127.06250012590063,영업/정상,"서울특별시 강남구 도곡로84길 6, 지상2층 201호 (대치동)"
comme chez toi(꼼쉐뚜와),기타,37.52292857848072,127.02684170373323,영업/정상,"서울특별시 강남구 논현로159길 15, 1층 102호 (신사동)"
타코벨 강남지점,기타,37.50021275739102,127.0269929773381,영업/정상,서울특별시 강남구 강남대로 420 (역삼동)
재원,기타,37.50359816961587,127.03975796994877,영업/정상,"서울특별시 강남구 언주로93길 28-4 (역삼동,지하1층)"
시올돈(일원점),기타,37.48950599435013,127.08255542727079,영업/정상,"서울특별시 강남구 일원로9길 12, 지상1층 (일원동)"
에이(A),기타,37.50812735622836,127.03041271931725,영업/정상,"서울특별시 강남구 논현로115길 33, 5층 (논현동)"
어원,기타,37.498845370103105,127.06237146619686,영업/정상,"서울특별시 강남구 삼성로58길 13, 지상2층 (대치동)"
청담(삼성점),기타,37.51323636078641,127.0559717104585,영업/정상,"서울특별시 강남구 봉은사로 516, 지하2층 B201호 (삼성동, 미켈란147)"
스마일,기타,37.508300139110325,127.02834350624553,영업/정상,"서울특별시 강남구 논현로121길 64 (논현동,지하1층)"
지천,기타,37.51596630479663,127.02677846479905,영업/정상,"서울특별시 강남구 학동로21길 46 (논현동,지상1,2층)"
송화,기타,37.500928866226154,127.03366637365254,영업/정상,"서울특별시 강남구 테헤란로19길 12, 1층 (역삼동)"
석배,기타,37.49415913600187,127.07868928853152,영업/정상,"서울특별시 강남구 개포로 621 (개포동,도시개발공사지하1층B105호)"
나비,기타,37.51890827802549,127.02296265417847,영업/정상,서울특별시 강남구 도산대로13길 15 (신사동)
창고43 청담점,기타,37.52391778124471,127.04196483360488,영업/정상,"서울특별시 강남구 도산대로 421, 청담동JS 빌딩 지상1층, 2층 (청담동)"
이구펍29클라스(CLASS),기타,37.50000825424131,127.02767415602415,영업/정상,서울특별시 강남구 테헤란로1길 26 (역삼동)
레트로아,기타,37.52339383135422,127.04365764612126,영업/정상,"서울특별시 강남구 도산대로 442, 피엔폴루스 지상3층 301호 (청담동)"
까치양조장,기타,37.50328185232003,127.02671722218113,영업/정상,"서울특별시 강남구 봉은사로4길 23, 지상2,3층 (역삼동)"
브레이크타임 위드 캘리디자인(Breaktime with CALLEE design),기타,37.513196881462726,127.02661349781755,영업/정상,"서울특별시 강남구 학동로17길 6, 1층 (논현동)"
비에이치씨 대치점(BHC대치점),기타,37.499448954765036,127.06427449566416,영업/정상,"서울특별시 강남구 삼성로58길 39, 지상1층 106호 (대치동)"
카스랑,기타,37.47755797685293,127.04876933771021,영업/정상,"서울특별시 강남구 개포로22길 23 (개포동,지상1층)"
순남시래기 역삼점,기타,37.5012516617907,127.04022006413064,영업/정상,"서울특별시 강남구 테헤란로34길 5, 지상1층 (역삼동, 용빌딩)"
백수산,기타,37.50356127381031,127.03645040729214,영업/정상,"서울특별시 강남구 봉은사로30길 62 (역삼동,지상2층)"
아구아구,기타,37.50474274537886,127.04515050755296,영업/정상,"서울특별시 강남구 테헤란로47길 17, 지상2층 (역삼동)"
창포,기타,37.49764886326095,127.05403697162423,영업/정상,서울특별시 강남구 선릉로62길 19 (대치동)
달의왈츠,기타,37.512942531949825,127.03475711684736,영업/정상,서울특별시 강남구 언주로125길 5 (논현동)
주식회사 팔레드고몽,기타,37.52573369408599,127.04711018816555,영업/정상,"서울특별시 강남구 압구정로77길 5 (청담동,지상1층)"
미조,기타,37.50583381991263,127.03038729649049,영업/정상,"서울특별시 강남구 봉은사로18길 4, 지하1층 (역삼동)"
핫썬치킨 삼성역점,기타,37.50601821804773,127.05953246647539,영업/정상,"서울특별시 강남구 삼성로86길 24 (대치동,,1층)"
브이오디 스위트(VOD SUITE),기타,37.51081021846092,127.03297800403524,영업/정상,"서울특별시 강남구 논현로120길 6, 지상1층 (논현동)"
"산호일식 탕,활전복죽",기타,37.50297359241314,127.04653232570449,영업/정상,"서울특별시 강남구 테헤란로 322, 한신인터밸리24빌딩 지하2층 B120호 (역삼동)"
우주 서울,기타,37.52593825187081,127.03745789206361,영업/정상,"서울특별시 강남구 선릉로157길 27-5, 지상5층 (신사동)"
히든 플레이스,기타,37.501689434713896,127.05895699271682,영업/정상,"서울특별시 강남구 삼성로 337, 지하1층 (대치동)"
다트플렉스 강남점,기타,37.507965774593444,127.02360953238906,영업/정상,"서울특별시 강남구 학동로2길 56, 원창빌딩 지상2층 (논현동)"
타르틴코리아 청담,기타,37.524606020762256,127.03987831265344,영업/정상,"서울특별시 강남구 선릉로 816, 지상1층 (청담동)"
밀,기타,37.52230414210493,127.0272480198519,영업/정상,"서울특별시 강남구 논현로157길 9, 지상2층 (신사동)"
이조식당,기타,37.48801674446367,127.10184847065206,영업/정상,"서울특별시 강남구 밤고개로1길 10 (수서동,현대벤처빌빌딩 지하1층33호)"
달이 걸린 집,기타,37.52229531495606,127.02738275870713,영업/정상,"서울특별시 강남구 도산대로27길 37 (신사동,지상2층)"
여유당,기타,37.49103394888451,127.08689138635111,영업/정상,"서울특별시 강남구 일원로9길 65, 지하1층,지상1층 (일원동)"
뜯고기 강남구청점,기타,37.51690196272041,127.03652170060688,영업/정상,"서울특별시 강남구 언주로134길 11, 지상1층 (논현동)"
서울 양어장(강남 본점),기타,37.50310030290286,127.03878869270324,영업/정상,"서울특별시 강남구 논현로94길 31, 1층 (역삼동)"
우리명품치킨,기타,37.486426916050085,127.03815415440823,영업/정상,"서울특별시 강남구 남부순환로363길 16 (도곡동,지상1층)"
뽕나무쟁이 대치점,기타,37.50337029638159,127.05193504397013,영업/정상,"서울특별시 강남구 역삼로65길 33 (대치동,(지하1층))"
운치 논현점,기타,37.507485451384106,127.02384155990748,영업/정상,"서울특별시 강남구 강남대로122길 6 (논현동,지상1,2층)"
한성양꼬치,기타,37.49545846725804,127.03126284142482,영업/정상,"서울특별시 강남구 강남대로78길 25, 지상2층 (역삼동)"
엘빈,기타,37.49934886419327,127.03524434216736,영업/정상,"서울특별시 강남구 테헤란로22길 9 (역삼동,1층)"
에키야(역삼점),기타,37.49436990548992,127.03383984320025,영업/정상,"서울특별시 강남구 역삼로 129, 지상1층 (역삼동)"
더채플 앳 청담,기타,37.52221017926203,127.03889183852017,영업/정상,"서울특별시 강남구 선릉로 757, 2,4,5층 (논현동)"
88대패 역삼초교점,기타,37.491728190739884,127.03183980265206,영업/정상,"서울특별시 강남구 강남대로66길 14, 1층 106호 (역삼동)"
더 머스크(The Musk),기타,37.5226587387686,127.03483036383591,영업/정상,"서울특별시 강남구 언주로152길 14, 지상1층 101호 (신사동, 로데오빌딩)"
시골애 청국장,기타,37.49432938220161,127.08238249890054,영업/정상,"서울특별시 강남구 개포로 638, 지상1층 102,103호 (일원동)"
산삼반점,기타,37.48707261475469,127.09844291196134,영업/정상,"서울특별시 강남구 광평로47길 17 (수서동,수서7단지상가 지상2층 201,202,203호)"
비이플러스,기타,37.50685096551998,127.0378000485665,영업/정상,"서울특별시 강남구 논현로106길 42, 지상1층 (역삼동)"
(주)오프닝웍스,기타,37.51196142691882,127.03047831661272,영업/정상,"서울특별시 강남구 논현로123길 12-2, 지상2층 (논현동)"
파이굽는집,기타,37.52018427528063,127.03386072107692,영업/정상,"서울특별시 강남구 언주로147길 4, 1층 (논현동)"
장군숯불갈비,기타,37.47943939988983,127.04962851206525,영업/정상,서울특별시 강남구 개포로31길 5 (개포동)
깐쵸 간장 새우,기타,37.51001850960684,127.03477713065826,영업/정상,"서울특별시 강남구 봉은사로33길 33, 지상1층 42호 (논현동, 양지상가)"
레드 175,기타,37.49358216790649,127.06239925172248,영업/정상,"서울특별시 강남구 남부순환로 2942, 풍림프라자 1층 103호 (대치동)"
곤지암할매소머리국밥 강남1호점,국밥,37.50971623935137,127.03352390377331,영업/정상,"서울특별시 강남구 봉은사로29길 35, 지하2층 비201, 비202, 비203 중 20-2호 (논현동, 한양수자인 어반게이트)"
코지아일랜드(Cozy Island),기타,37.52031528750944,127.02263405016377,영업/정상,"서울특별시 강남구 가로수길 31-5, 지하1층 103호 (신사동)"
파파존스 논현점,기타,37.516243210007104,127.03893187784429,영업/정상,"서울특별시 강남구 학동로 328 (논현동,지상1층)"
춘천명물닭갈비,기타,37.477860339643065,127.04797154946266,영업/정상,"서울특별시 강남구 개포로22길 14, 지상1층 (개포동)"
벤투스,기타,37.52197334516884,127.03826507984512,영업/정상,"서울특별시 강남구 언주로150길 50, 진명빌딩 지하1층 (논현동)"
"(주)위미니 강남점(조여사의 순두부, 포밥인 뉴욕)",기타,37.49269141366099,127.0306593211146,영업/정상,"서울특별시 강남구 강남대로 330, 지하1층 (역삼동, 우덕빌딩)"
반포등심,기타,37.520407250459,127.03609523539045,영업/정상,"서울특별시 강남구 언주로148길 14 (논현동,나동2층)"
테타 라운지바(TETA LOUNGE BAR),기타,37.5255398830605,127.03773555503317,영업/정상,"서울특별시 강남구 선릉로155길 23, 테라201 4층 (신사동)"
모아,기타,37.50920133689143,127.03630957264693,영업/정상,"서울특별시 강남구 언주로113길 13, 지하1층층 (논현동)"
153구포국수 양재역점,기타,37.48514456922606,127.03575694615022,영업/정상,"서울특별시 강남구 남부순환로 2615, 지상1층 134호 (도곡동, 극동스타클래스)"
선릉닭곰탕,기타,37.50271014005325,127.05176452427492,영업/정상,"서울특별시 강남구 역삼로63길 23, 지하1층 (대치동)"
바나프레소 강남효성점,기타,37.49702710547764,127.02976901919028,영업/정상,"서울특별시 강남구 강남대로84길 15, 지상1층 107호 (역삼동)"
그냥찌개집,기타,37.49779810634242,127.03290800958712,영업/정상,"서울특별시 강남구 테헤란로10길 21, A동 지상1층 (역삼동, 세명프라자)"
자주포차,기타,37.490026922191376,127.08343740221825,영업/정상,"서울특별시 강남구 양재대로35길 5 (일원동,지상1층)"
진전복삼계탕 압구정직영점,기타,37.52593860272878,127.02758697385379,영업/정상,"서울특별시 강남구 논현로175길 11, 지상1층 103호,104호 (신사동)"
요거하다,기타,37.48522727766169,127.04333327711403,영업/정상,"서울특별시 강남구 논현로38길 22, 지상5층 (도곡동)"
곰푸드,기타,37.505947435295354,127.03718684473424,영업/정상,"서울특별시 강남구 언주로103길 35, 지하1층 101호 (역삼동)"
도파닉,기타,37.5267916158101,127.0383005805385,영업/정상,"서울특별시 강남구 언주로172길 56, 지하1층 (신사동, 서현빌딩)"
대봉김밥,기타,37.50195593399148,127.0442421740445,영업/정상,"서울특별시 강남구 언주로86길 11, 지상1층 107,108,109,110호 (역삼동, 한화 진넥스빌)"
복만당,기타,37.50788041681197,127.03824305319444,영업/정상,"서울특별시 강남구 언주로 563, 401(근린생활시설)동 1층 116호 (역삼동)"
(주)쿠시마사,기타,37.519973995008144,127.03133488947631,영업/정상,"서울특별시 강남구 논현로150길 35, 지상1층 (논현동)"
카라,기타,37.516737986607126,127.02187984349217,영업/정상,서울특별시 강남구 도산대로 120 (논현동)
모던출장뷔페,기타,37.49615608436234,127.04537426653263,영업/정상,"서울특별시 강남구 언주로 317, 지상3층 308호 (역삼동)"
봉금,기타,37.51932538635609,127.02164591306814,영업/정상,"서울특별시 강남구 도산대로11길 31-10, 지상1층 (신사동)"
신주쿠야 압구정스퀘어본점,기타,37.52738990047494,127.03095685021555,영업/정상,"서울특별시 강남구 압구정로34길 11 (신사동,압구정스퀘어지상1층102호)"
덮밥파는 덮밥집 대치점,기타,37.50357434023682,127.05428035340167,영업/정상,"서울특별시 강남구 삼성로81길 43, 지상2층 15호 (대치동)"
한앤둘 치킨 선릉점,기타,37.50528252887274,127.04680906994074,영업/정상,"서울특별시 강남구 선릉로93길 18 (역삼동,지상1층)"
우지커피 역삼중앙점,기타,37.496385656695956,127.03737125344537,영업/정상,"서울특별시 강남구 논현로75길 16, 지상1층 101호 (역삼동)"
본가왕뼈감자탕,기타,37.52229531495606,127.02738275870713,영업/정상,"서울특별시 강남구 도산대로27길 37, 1층 (신사동)"
난 플라워카페,기타,37.510142176655904,127.04434784378111,영업/정상,"서울특별시 강남구 봉은사로 404, 1층 101호 (삼성동, 씨티라이프61)"
시오(SIIO),기타,37.52053206827792,127.03922411940535,영업/정상,"서울특별시 강남구 도산대로54길 33, 1층 (논현동)"
청춘닭꼬치 논현직영점,기타,37.50815140144015,127.02416297659957,영업/정상,"서울특별시 강남구 강남대로122길 15, 상당빌딩 지상1층 102호 (논현동)"
유황 고기 전문점,기타,37.50802527091545,127.05430706449566,영업/정상,"서울특별시 강남구 테헤란로77길 22, 지하1층 B04호 (삼성동, 풍림아파트)"
푸니양강,기타,37.50928783816803,127.026907464437,영업/정상,"서울특별시 강남구 학동로6길 53-1, 지상1층 101호 (논현동, 원시티)"
밀박스,기타,37.49952714003444,127.02926000613817,영업/정상,"서울특별시 강남구 테헤란로5길 11 (역삼동,지상1층)"
예자네 밥상,기타,37.507766603906596,127.06690740828148,영업/정상,서울특별시 강남구 테헤란로114길 30 (대치동)
여미(YEOMI),기타,37.52559411567508,127.03643696215246,영업/정상,"서울특별시 강남구 언주로164길 35-3, 2층 (신사동)"
카페포엠,기타,37.52227342151476,127.02100710725449,영업/정상,"서울특별시 강남구 압구정로4길 13-11, 지상1층-지상2층 (신사동)"
오스카,기타,37.50505197078168,127.04727141318398,영업/정상,"서울특별시 강남구 선릉로93길 15, 2H타워 지하1층 (역삼동)"
함박곱창족발,기타,37.509297566576585,127.02326669927626,영업/정상,"서울특별시 강남구 학동로2길 33, 지하1층 (논현동)"
설기옥 선릉본점,기타,37.50594904598185,127.04990783561945,영업/정상,"서울특별시 강남구 테헤란로63길 9, 지상1층 104호,104-1호 (삼성동)"
브라운 돈까스,기타,37.515555544711106,127.04236734449843,영업/정상,"서울특별시 강남구 선릉로 660, 103호 (삼성동)"
어로장,기타,37.50314024271206,127.04794942606821,영업/정상,"서울특별시 강남구 테헤란로52길 15, 금천빌딩 지상1층 101호 (역삼동)"
정식당 1층,기타,37.52567384861831,127.04108445523994,영업/정상,"서울특별시 강남구 선릉로158길 11, 1층 (청담동)"
주식회사 베레푸드,기타,37.48843904383731,127.10298379619555,영업/정상,"서울특별시 강남구 광평로51길 6-9, 1,2,3층 (수서동)"
비비드vivid,기타,37.517969034554355,127.02186316723629,영업/정상,"서울특별시 강남구 강남대로152길 31, 지하1층 (신사동)"
이여곰탕,기타,37.498803336995984,127.03610225379833,영업/정상,서울특별시 강남구 논현로85길 23 (역삼동)
커리146 강남점,기타,37.503055644611514,127.0504978356168,영업/정상,"서울특별시 강남구 선릉로86길 8, 지하1층 (대치동)"
미나리밭오리사냥강남역점,기타,37.50028469276989,127.02814743560731,영업/정상,"서울특별시 강남구 테헤란로1길 28-8, 지하1층 (역삼동)"
샤브로21 삼성역,기타,37.50851430328014,127.06631778714286,영업/정상,"서울특별시 강남구 영동대로86길 27, 지상1층 (대치동)"
회판장 강남점,기타,37.50011594723549,127.02804496460442,영업/정상,"서울특별시 강남구 강남대로96길 11-4 (역삼동,지하1층)"
비   피아노,기타,37.51970714884793,127.04006049912479,영업/정상,"서울특별시 강남구 선릉로 731 (논현동,지상6층)"
양심장어 강남도곡점,기타,37.485642372851174,127.04433874681227,영업/정상,"서울특별시 강남구 남부순환로 2728, 유일빌딩 지상1층 102호 (도곡동)"
오꼬뎅,기타,37.507867108178104,127.04035831897527,영업/정상,"서울특별시 강남구 언주로106길 7, 1층 A-1호 (역삼동)"
호떡과사랑은뜨겁게,기타,37.488800081331306,127.06836275169084,영업/정상,"서울특별시 강남구 개포로82길 13-15, 지상1층 110호 (개포동)"
갓텐스시 도곡점,기타,37.489710774953146,127.0544905363916,영업/정상,"서울특별시 강남구 언주로30길 57, 상가동 지하1층 (도곡동, 타워팰리스)"
롤리폴리꼬또 roly poly cotto,기타,37.51151351053263,127.04224495916534,영업/정상,"서울특별시 강남구 봉은사로51길 23, 함하우스 지상1층 (논현동)"
로데오 끝집,기타,37.5262498731829,127.03717727092905,영업/정상,"서울특별시 강남구 선릉로157길 31, 2층 (신사동)"
비노 아미쿠스,기타,37.48279811268648,127.04626452720159,영업/정상,"서울특별시 강남구 양재천로 191, 동화빌딩 지상1층 105-2호 (도곡동)"
웨이브,기타,37.50780649327915,127.04008295577775,영업/정상,"서울특별시 강남구 언주로108길 6, 지하1층 (역삼동)"
고향집,기타,37.508928108862676,127.02419223503375,영업/정상,"서울특별시 강남구 학동로4길 39, 지상1층 (논현동)"
바른치킨 대치점,기타,37.49314853030718,127.05907640986165,영업/정상,"서울특별시 강남구 남부순환로 2917 (대치동,청실상가 지상1층102-가,나호)"
화이트와인개러지,기타,37.523220833196405,127.0469332156704,영업/정상,"서울특별시 강남구 삼성로149길 7, 지하1층 (청담동)"
바나프레소 한티역점,기타,37.49732923166169,127.05207266961361,영업/정상,"서울특별시 강남구 선릉로 311, 지상1층 105호 (역삼동)"
치킨이맛있는집,기타,37.47644618063524,127.04794898700936,영업/정상,"서울특별시 강남구 논현로16길 14-3, 1층 101,102호 (개포동)"
레스토랑 덱스터(RESTAURANT DEXTER),기타,37.52318607424521,127.04655032937406,영업/정상,"서울특별시 강남구 삼성로149길 13, 지하1층 (청담동)"
한촌설렁탕 강남세브란스점,기타,37.49435953269636,127.04608546469748,영업/정상,"서울특별시 강남구 도곡로 255, studie 타워 지상2층 (역삼동)"
외계인피자 강남점,기타,37.51054182685763,127.03594543667222,영업/정상,"서울특별시 강남구 언주로 615, 논현 아이파크 103동 지하1층 B116호 (논현동)"
스테인(stay in),기타,37.5048565658192,127.042822591615,영업/정상,"서울특별시 강남구 언주로98길 14, 지하1층 (역삼동)"
남우,기타,37.51890120109736,127.02379308968739,영업/정상,"서울특별시 강남구 도산대로15길 9, 지상2층 (신사동)"
포메인 레드,기타,37.52573910147046,127.02759014632534,영업/정상,"서울특별시 강남구 압구정로28길 14, 1층 (신사동)"
또래오래 대치2점,기타,37.50124651025451,127.06328811111617,영업/정상,"서울특별시 강남구 삼성로72길 57 (대치동,유진빌딩 지상1층101호)"
닭가대표 숯불직화구이치킨 강남역삼대표,기타,37.50175444987345,127.0340865468286,영업/정상,"서울특별시 강남구 테헤란로21길 25, 태림빌딩 지상1층 (역삼동)"
만학 현대백화점 무역센터점,기타,37.50859530026902,127.05971847792408,영업/정상,"서울특별시 강남구 테헤란로 517, 현대백화점 지하 1층 (삼성동)"
키친스탠다드 강남점 55호,기타,37.50736932020773,127.03739743154303,영업/정상,"서울특별시 강남구 언주로107길 23, 지상2층 주방55호 (역삼동)"
두비두바(DoobeDoBar),기타,37.5090225837282,127.02276125804701,영업/정상,"서울특별시 강남구 강남대로 524, 건일빌딩 지상1층 105호 (논현동)"
미림숯불돼지갈비,기타,37.477848091169584,127.04672824834451,영업/정상,서울특별시 강남구 논현로18길 20 (개포동)
온더보더 코엑스 도심공항점,기타,37.50959124747711,127.05927363531747,영업/정상,"서울특별시 강남구 테헤란로87길 22, 지상1층 R003호 (삼성동, 도심공항몰)"
우돈청,기타,37.52659458459472,127.03674877171733,영업/정상,"서울특별시 강남구 언주로170길 37 (신사동,미보담플라자 구관101호)"
강남쪽갈비,기타,37.517448561855524,127.03897793194793,영업/정상,"서울특별시 강남구 선릉로131길 24 (논현동,지상1층)"
안방,기타,37.516953365407495,127.03636061772468,영업/정상,서울특별시 강남구 학동로41길 14 (논현동)
크레이지스푼,기타,37.50520236127337,127.05539152742065,영업/정상,"서울특별시 강남구 테헤란로78길 16, 노벨빌딩 지하1층 B08-1호 (대치동)"
유희,기타,37.51937333094477,127.0217642724862,영업/정상,"서울특별시 강남구 도산대로11길 31-8, 지하1층 (신사동)"
청담오뎅,기타,37.515555544711106,127.04236734449843,영업/정상,"서울특별시 강남구 선릉로 660, 1층 F114호 (삼성동)"
셀렉티드 닉스,기타,37.49618798433461,127.03087830652318,영업/정상,"서울특별시 강남구 테헤란로4길 37, 지상1층 (역삼동)"
풍광중식뷔페,기타,37.49539989631866,127.03040580524147,영업/정상,"서울특별시 강남구 테헤란로4길 46, 지하1층 비상가114호 (역삼동, 쌍용플래티넘밸류)"
자연 그리고 옹기랑,기타,37.511286296115394,127.05642052253307,영업/정상,"서울특별시 강남구 삼성로104길 21, 3층 (삼성동)"
개좋은카페독스(Dog's),기타,37.50295823773275,127.05660935165598,영업/정상,"서울특별시 강남구 역삼로77길 6, 지상1층 (대치동)"
종로빈대떡 압구정점,파전,37.528057914463076,127.0310211679467,영업/정상,"서울특별시 강남구 압구정로 216, 코끼리상가 지상1층 10호 (신사동)"
우동이야기,기타,37.51039790008076,127.0611933146357,영업/정상,"서울특별시 강남구 영동대로 511 (삼성동,(매장번호C8))"
호남집,기타,37.4820292814043,127.04334308059103,영업/정상,서울특별시 강남구 논현로28길 2 (도곡동)
프랭크버거 압구정역점,기타,37.525513760648444,127.02707222939269,영업/정상,"서울특별시 강남구 논현로171길 15, 카로시티1 지상1층 102호,108호 (신사동)"
주식회사 스마트랩,기타,37.50070247992649,127.05401209930554,영업/정상,"서울특별시 강남구 선릉로72길 34, 지하1층 (대치동)"
도산어묵당,기타,37.52071738225474,127.03714742643572,영업/정상,"서울특별시 강남구 도산대로46길 21, 지하1층 B125호 (논현동, 한진로즈힐아파트)"
휴고,기타,37.525017514018906,127.03696179271957,영업/정상,"서울특별시 강남구 도산대로49길 31, 아뜨레빌딩 1층 106호 (신사동)"
누데이크 하우스 노웨어 도산,기타,37.525382388211185,127.03569472042778,영업/정상,"서울특별시 강남구 압구정로46길 50, QUEENMAMA MARKET 지하1층 (신사동)"
더블 트러블,기타,37.50343081418445,127.02839201893266,영업/정상,"서울특별시 강남구 강남대로102길 40, 지하1층 (역삼동, 제이빌딩)"
엘피(LP),기타,37.520058971783634,127.02460730107869,영업/정상,"서울특별시 강남구 도산대로17길 22, 지상1층 101호 (신사동)"
깐부치킨 청담1호점,기타,37.525698002661805,127.05111853432352,영업/정상,"서울특별시 강남구 도산대로89길 18, 지상1층 (청담동)"
드 미뉴엣,기타,37.52157515722645,127.02728066104345,영업/정상,"서울특별시 강남구 도산대로27길 25, 1층 101호 (신사동)"
이케맨 강남역점,기타,37.50062652701438,127.02769265919993,영업/정상,"서울특별시 강남구 강남대로98길 12, 지상2층 (역삼동)"
코나모즈,기타,37.507467352017436,127.02667084339046,영업/정상,"서울특별시 강남구 강남대로118길 45, 지상1,2층 (논현동)"
이맛,기타,37.51028776492477,127.05735141060667,영업/정상,서울특별시 강남구 삼성로100길 23-6 (삼성동)
쥬씨 역삼상록회관점,기타,37.50501566469819,127.04327676852411,영업/정상,"서울특별시 강남구 언주로98길 17 (역삼동,지상1층)"
(주)토종맛집 대치점,기타,37.50607475929007,127.05970291043792,영업/정상,"서울특별시 강남구 삼성로86길 26, 드림 빌딩 지하1층 (대치동)"
김이순장춘,기타,37.517466553258416,127.02375514707249,영업/정상,"서울특별시 강남구 도산대로 138 (논현동,2층)"
미스터피자코엑스2호점,기타,37.51039790008076,127.0611933146357,영업/정상,서울특별시 강남구 영동대로 511 (삼성동)
김미영 앤드 집밥,기타,37.503799431218454,127.06005898676311,영업/정상,"서울특별시 강남구 역삼로 519 (대치동,지상1층)"
예당,기타,37.48891710890566,127.03303143082657,영업/정상,서울특별시 강남구 도곡로2길 12 (도곡동)
정직유부 대치점,기타,37.4992037877254,127.0630993764294,영업/정상,"서울특별시 강남구 도곡로 516 (대치동,1층102호)"
소바박스,기타,37.515555544711106,127.04236734449843,영업/정상,"서울특별시 강남구 선릉로 660, 지하1층 B110,B111호 중  키친42 강남구청점 4호 (삼성동, 브라운스톤 레전드)"
우나기정,기타,37.49539989631866,127.03040580524147,영업/정상,"서울특별시 강남구 테헤란로4길 46, 지상1층 113호 (역삼동, 쌍용플래티넘밸류)"
연남토마(강남점),기타,37.503144518882465,127.02678433642991,영업/정상,서울특별시 강남구 강남대로106길 15 (역삼동)
핑크레이디(Pink Lady),기타,37.533026741970474,127.0279255640881,영업/정상,"서울특별시 강남구 압구정로29길 71, 상가3동 지하1층 4호 (압구정동, 현대아파트)"
샌드위치 히어로(SANDWICH HERO),기타,37.50097200452842,127.03439610760228,영업/정상,"서울특별시 강남구 강남대로94길 89, 지하1층 (역삼동)"
미술바,기타,37.52508954406721,127.04170918074853,영업/정상,"서울특별시 강남구 도산대로57길 22 (청담동,(지하2층))"
생활맥주 강남일원점,기타,37.49007610624193,127.0844825811112,영업/정상,"서울특별시 강남구 일원로9길 36, 지상1층 102호 (일원동)"
맥주창고,기타,37.50590281788156,127.04878302775305,영업/정상,"서울특별시 강남구 선릉로94길 3 (삼성동, 지하1층)"
고반식당 선릉점,기타,37.5025468766948,127.05185699961835,영업/정상,서울특별시 강남구 역삼로63길 21 (대치동)
영덕물회,기타,37.505019844623135,127.04420281326672,영업/정상,"서울특별시 강남구 테헤란로43길 28 (역삼동,지상2층)"
프로티너(PROTEINER) 선릉점,기타,37.505081336678295,127.05352246189088,영업/정상,"서울특별시 강남구 선릉로90길 56 (대치동,대우아이빌명문가101동지상1층111호)"
로이든 바,기타,37.50375060873148,127.05409405684411,영업/정상,"서울특별시 강남구 삼성로81길 44, 경성빌딩 지상2층 (대치동)"
원미옥,기타,37.50048044857534,127.03289419850371,영업/정상,"서울특별시 강남구 테헤란로13길 8-5, 블루-b 1층 (역삼동)"
순남시래기,기타,37.49757691358805,127.06074495059856,영업/정상,"서울특별시 강남구 삼성로51길 10-20, 지하1층 (대치동)"
방아다리,기타,37.495574232269064,127.040654228733,영업/정상,"서울특별시 강남구 논현로72길 14, 지상1층 (역삼동)"
초가집삼계탕,기타,37.505567327535054,127.04720843346985,영업/정상,서울특별시 강남구 테헤란로55길 15 (역삼동)
육일점,기타,37.5267916158101,127.0383005805385,영업/정상,"서울특별시 강남구 언주로172길 56 (신사동,지상2층)"
미친 짜글이,기타,37.50284011257186,127.03744102263121,영업/정상,"서울특별시 강남구 테헤란로27길 23, 지하1층 4호 (역삼동)"
그릴 앤 샐러드,기타,37.49595988182085,127.03382585343121,영업/정상,"서울특별시 강남구 역삼로9길 28, 도원빌딩 지하1층 3호 (역삼동)"
바 루네디(BAR LUNEDI),기타,37.523411430665675,127.03755196872207,영업/정상,"서울특별시 강남구 도산대로49길 6-3, 지상3층 (신사동)"
차이(Chai)진,기타,37.51513790407832,127.04265255190744,영업/정상,"서울특별시 강남구 선릉로126길 6, 지상1층 (삼성동)"
본 인 브라질(Born in Brazil),기타,37.503026816740025,127.02634597773336,영업/정상,"서울특별시 강남구 강남대로106길 9, 지상2층 (역삼동)"
인테그랄레(integrale),기타,37.51595992037478,127.02184660793039,영업/정상,"서울특별시 강남구 도산대로6길 11, 논현J빌딩 지상1층 (논현동)"
구일일 족발보쌈,기타,37.50163710367722,127.03563373913131,영업/정상,"서울특별시 강남구 테헤란로25길 20, 역삼현대벤쳐텔 지상2층 211호 (역삼동)"
춘리마라탕 압구정점,기타,37.52485462182022,127.02485148421655,영업/정상,"서울특별시 강남구 압구정로20길 7, 지상1층 (신사동)"
할머니가래떡볶이 대치점,기타,37.49870082171724,127.06806830868007,영업/정상,"서울특별시 강남구 영동대로 221, 지상1층 7호 (대치동)"
우미우니 압구정본점,기타,37.52560590524735,127.03841232451013,영업/정상,"서울특별시 강남구 선릉로155길 16, 선린 지하1층 (신사동)"
정육식당,기타,37.502185609955475,127.05643144111713,영업/정상,서울특별시 강남구 역삼로 450 (대치동)
다케야,기타,37.51902847034475,127.02337521372152,영업/정상,"서울특별시 강남구 도산대로13길 16 (신사동,지하1층)"
골뱅이신사,기타,37.51866693752655,127.02183266961893,영업/정상,"서울특별시 강남구 강남대로156길 32, 지하1층 (신사동)"
빌로우 신사점,기타,37.52224435706778,127.02370885372015,영업/정상,"서울특별시 강남구 논현로161길 57, 지상1층 101호 (신사동)"
에빠뉘,기타,37.52187754143887,127.04254881638356,영업/정상,"서울특별시 강남구 선릉로146길 33, 지상3층 (청담동)"
빽돈 신논현직영점2,기타,37.507789491321724,127.02369371716395,영업/정상,"서울특별시 강남구 학동로2길 58, 지상2층 (논현동)"
히노카츠,기타,37.48593685341592,127.03666393461984,영업/정상,"서울특별시 강남구 남부순환로359길 14, 지상1층 (도곡동)"
iL COFFEE(일커피),기타,37.51410299222631,127.06495127927997,영업/정상,"서울특별시 강남구 봉은사로112길 12, 1층 (삼성동)"
수정,기타,37.5192164242249,127.04861719481397,영업/정상,"서울특별시 강남구 삼성로133길 15 (청담동,근정빌딩3층)"
더 아이비 랩,기타,37.52514675628779,127.03638027773538,영업/정상,"서울특별시 강남구 언주로164길 34-1, 지상1층 (신사동)"
비마이플라워,기타,37.51071430147491,127.05577187675608,영업/정상,"서울특별시 강남구 테헤란로81길 62-1, 지상1층 (삼성동)"
온기정,기타,37.522207978073816,127.02087781300814,영업/정상,"서울특별시 강남구 압구정로4길 13-9, 지상1층 (신사동)"
480 그라디(GRADI),기타,37.52164980451272,127.0388026339696,영업/정상,"서울특별시 강남구 도산대로54길 17, 지상1층 (논현동)"
싸다김밥 뱅뱅사거리점,기타,37.49023144291284,127.0329898095458,영업/정상,"서울특별시 강남구 도곡로 115, 거암빌딩 지상1층 (역삼동)"
미래향,기타,37.49859153378744,127.05882834595619,영업/정상,서울특별시 강남구 도곡로 443 (대치동)
(주)?騁末첨예醍葯乎?,기타,37.51699179431573,127.06051789323296,영업/정상,"서울특별시 강남구 영동대로122길 15 (삼성동,지상1층)"
뽀모(POMO),기타,37.49959349943713,127.05168047585005,영업/정상,"서울특별시 강남구 선릉로 334, 지상1층 102호 (대치동)"
솔잎정가네,기타,37.49234486698241,127.03164550199537,영업/정상,"서울특별시 강남구 역삼로2길 15, 금성빌딩 1층 (역삼동)"
영심이는(세컨드),기타,37.50660278129163,127.05870790129651,영업/정상,서울특별시 강남구 테헤란로84길 9 (대치동)
문경세재,기타,37.516947461301655,127.03702043831935,영업/정상,"서울특별시 강남구 언주로134길 17 (논현동,지상2층)"
북쌔즈,기타,37.503829977339976,127.04482784406801,영업/정상,"서울특별시 강남구 테헤란로 311, 아남타워빌딩 2층 202호 (역삼동)"
막,기타,37.4990202758522,127.03574909177279,영업/정상,"서울특별시 강남구 논현로85길 22, 동경빌딩 지하1층 (역삼동)"
주식회사 더케이에프앤비 구름카츠,기타,37.50890085474024,127.0363640379943,영업/정상,"서울특별시 강남구 봉은사로37길 7-6, 나동 지하1층 B103호 (논현동)"
우온정칼국수,칼국수,37.50859530026902,127.05971847792408,영업/정상,"서울특별시 강남구 테헤란로 517, 지하1층 (삼성동)"
도삭,기타,37.49830905742541,127.05286532337642,영업/정상,"서울특별시 강남구 선릉로64길 11-5, 지상1층 (대치동)"
리빙빈대떡,파전,37.478271930540735,127.04681608635889,영업/정상,"서울특별시 강남구 논현로20길 24 (개포동,1층)"
하삼동커피 도곡점,기타,37.48242415417471,127.04303931530706,영업/정상,"서울특별시 강남구 논현로 142 (도곡동,1층)"
압구정 이수쭈꾸미,기타,37.52707598154342,127.0362139558591,영업/정상,"서울특별시 강남구 압구정로46길 26, 지상1층 (신사동)"
뮤즈,기타,37.51006293141938,127.05656290871386,영업/정상,"서울특별시 강남구 테헤란로83길 41, 일신빌딩 지하1층 (삼성동)"
까페 한과와락,기타,37.502931248212626,127.02715705584446,영업/정상,"서울특별시 강남구 봉은사로4길 31-5, 1층,2층,3층 (역삼동)"
곱도리탕전문점 강남논현점,기타,37.51054182685763,127.03594543667222,영업/정상,"서울특별시 강남구 언주로 615, 논현 아이파크 103동 지상1층 106호 (논현동)"
소반,기타,37.52368165602019,127.03275268412413,영업/정상,"서울특별시 강남구 언주로 823, ROY빌딩 지하1층 (신사동)"
남부 선릉점,기타,37.505554800514275,127.04752631414104,영업/정상,"서울특별시 강남구 선릉로93길 10, 지상1층 (역삼동)"
허수아비돈까스,기타,37.51379339049187,127.06433602212239,영업/정상,서울특별시 강남구 봉은사로108길 19 (삼성동)
이지상사 카메오,기타,37.509579238903676,127.04365732679217,영업/정상,"서울특별시 강남구 선릉로 575 (역삼동,지상2층)"
진미,기타,37.51028806287963,127.03903391467956,영업/정상,"서울특별시 강남구 언주로114길 17, 1층 103호 (논현동)"
청숫골,기타,37.52059446743145,127.05008804960865,영업/정상,서울특별시 강남구 학동로81길 25 (청담동)
삼성동 밀밭,기타,37.51230593265678,127.05260416547439,영업/정상,"서울특별시 강남구 봉은사로78길 6 (삼성동,지상1층)"
쉐플로,기타,37.48520214032812,127.04419550705295,영업/정상,"서울특별시 강남구 논현로36길 29 (도곡동,지상1층)"
권가(家)야왕족발,기타,37.50586602497383,127.04714841543503,영업/정상,"서울특별시 강남구 테헤란로55길 20, 지하1층 (역삼동)"
단일메뉴 김치찌개 전문점 양푼이집 압구정 본점,기타,37.522402024690535,127.02761701751591,영업/정상,"서울특별시 강남구 도산대로27길 40, 지상1층 102호 (신사동)"
백소정 일원점,기타,37.489639465830216,127.08217655777732,영업/정상,"서울특별시 강남구 일원로9길 7 (일원동,지상1층)"
대통령삼겹살 신논현역점,기타,37.50375849188647,127.02606519524043,영업/정상,서울특별시 강남구 강남대로110길 14 (역삼동)
압구정김밥,기타,37.51845931061263,127.02605154445065,영업/정상,"서울특별시 강남구 도산대로 158 (논현동,세양아펙스타워104호)"
레스토랑 우오보(uovo),기타,37.48189021598788,127.0438863339386,영업/정상,"서울특별시 강남구 논현로26길 8, 지상1층 (도곡동)"
마지카츠,기타,37.50085838008427,127.04058796164693,영업/정상,"서울특별시 강남구 언주로85길 32, 역삼역센트럴푸르지오 지하1층 B102B호 CA08호 (역삼동)"
이나세 INASE,기타,37.50904780086485,127.06089284405361,영업/정상,"서울특별시 강남구 테헤란로 521, 파르나스몰 지하1층 F-15호 (삼성동)"
강남진해장,기타,37.49952714003444,127.02926000613817,영업/정상,"서울특별시 강남구 테헤란로5길 11, 1층 (역삼동)"
혜성키친,기타,37.50085838008427,127.04058796164693,영업/정상,"서울특별시 강남구 언주로85길 32, 역삼역센트럴푸르지오 지하1층 B103B-CA05호 (역삼동)"
불닭발동대문엽기떡볶이 양재점,기타,37.4856977527941,127.03693603545887,영업/정상,"서울특별시 강남구 남부순환로359길 8, 지상2층 (도곡동)"
핫쵸,기타,37.520905313391786,127.02354344975353,영업/정상,"서울특별시 강남구 도산대로15길 32-10, 지하1층 (신사동)"
현대북어,기타,37.49889282185917,127.03660999612977,영업/정상,"서울특별시 강남구 역삼로17길 64 (역삼동,지하1층)"
담미온,기타,37.500795227607256,127.03451829917604,영업/정상,"서울특별시 강남구 테헤란로21길 8, 지상1층 (역삼동)"
맛찬들왕소금구이 삼성점,기타,37.5114023119571,127.05658037053881,영업/정상,"서울특별시 강남구 삼성로104길 23 (삼성동,지상1층)"
탑 포차,기타,37.51057614839711,127.03206650833613,영업/정상,"서울특별시 강남구 논현로 639, 지하1층 (논현동)"
라떼퀸,기타,37.49492825811605,127.03541069336993,영업/정상,"서울특별시 강남구 역삼로 149, 1층 (역삼동)"
97-22,기타,37.52448422131595,127.0450015579621,영업/정상,서울특별시 강남구 압구정로80길 19-2 (청담동)
M키친(엠키친),기타,37.511436980695635,127.0237431384168,영업/정상,"서울특별시 강남구 학동로6길 3, 1층 좌측 첫번째호 (논현동)"
키친스탠다드 강남점 68호,기타,37.50736932020773,127.03739743154303,영업/정상,"서울특별시 강남구 언주로107길 23, 지상2층 주방68호 (역삼동)"
피자알볼로 논현점,기타,37.512869306389206,127.03377878335706,영업/정상,"서울특별시 강남구 논현로124길 27, 지상1층 102호 (논현동)"
갓포라멘,기타,37.52549387088329,127.03793603374183,영업/정상,"서울특별시 강남구 선릉로155길 21, 지상1층 (신사동)"
청담정국,기타,37.5223050100243,127.05773590499582,영업/정상,"서울특별시 강남구 학동로101길 26, 청담 삼익상가 지하1층 B28호 (청담동)"
야신,기타,37.50530804171412,127.04249099940904,영업/정상,"서울특별시 강남구 언주로98길 5-4, 지상1층 (역삼동)"
사람사는고깃집 김일도도곡점,기타,37.48452239048325,127.04483676112012,영업/정상,"서울특별시 강남구 논현로30길 38 (도곡동,지상1층)"
봉인(Bong Inn),기타,37.522065547389076,127.02150413407456,영업/정상,"서울특별시 강남구 압구정로10길 30-9, 지상1층 (신사동)"
자연의 원죽,기타,37.51521269255384,127.06095243539596,영업/정상,"서울특별시 강남구 영동대로112길 9, 제일빌딩 1층 102호 (삼성동)"
728키친,기타,37.52382034302802,127.03035296474681,영업/정상,"서울특별시 강남구 논현로168길 25, 지상1층 (신사동)"
엔스시,기타,37.522843188873935,127.02309429814132,영업/정상,"서울특별시 강남구 압구정로14길 22, 지상1층 101호 (신사동)"
스시츠카무 파르나스몰점,기타,37.50904780086485,127.06089284405361,영업/정상,"서울특별시 강남구 테헤란로 521, 파르나스타워 지하1층 F-20호 (삼성동)"
츠키요와,기타,37.52615558118633,127.04149316074609,영업/정상,"서울특별시 강남구 선릉로158길 13-12, 지하2층 (청담동)"
우연이네2,기타,37.50938258588006,127.02299141808952,영업/정상,"서울특별시 강남구 학동로2길 32, 지하1층 (논현동)"
강남 쌀국수(양재점),기타,37.485874193970226,127.03641722371393,영업/정상,"서울특별시 강남구 남부순환로359길 13, 지상1층 101호 (도곡동)"
주식회사 따스한에프앤비(압구정곱창),기타,37.52700891463758,127.03563719565282,영업/정상,"서울특별시 강남구 압구정로42길 25-8, 지상1층 1호 (신사동)"
커피 더주다,기타,37.4783096211579,127.05029969230856,영업/정상,"서울특별시 강남구 개포로30길 13, 지상1층 (개포동)"
또또분식,기타,37.5223050100243,127.05773590499582,영업/정상,"서울특별시 강남구 학동로101길 26, 청담 삼익상가 지하1층 51호 (청담동)"
사나이제육,기타,37.50816429794322,127.02497875564713,영업/정상,"서울특별시 강남구 강남대로122길 24, 지상1층 (논현동)"
롬커피(ROME COFFEE),기타,37.51625788982547,127.04006136083552,영업/정상,"서울특별시 강남구 학동로50길 7, 1층 103호 (논현동)"
주식회사 에스이오홀딩스 구테로이테 강남구청지점,기타,37.517654887438596,127.03965145095795,영업/정상,"서울특별시 강남구 선릉로131길 16, 지상1층 (논현동)"
이치규 본점,기타,37.505722210850955,127.05862845882054,영업/정상,"서울특별시 강남구 삼성로86길 14, 지상2층 (대치동)"
서울집,기타,37.50364522763823,127.03990568153502,영업/정상,"서울특별시 강남구 언주로93길 22-3, 1층 (역삼동)"
네모오징어 역삼2호점,기타,37.50314255601884,127.0350298024945,영업/정상,"서울특별시 강남구 테헤란로25길 40 (역삼동,지상1층)"
선릉돈까스,기타,37.50314024271206,127.04794942606821,영업/정상,"서울특별시 강남구 테헤란로52길 15, 지하1층 102-2호 (역삼동)"
생어거스틴 역삼점,기타,37.49981009291828,127.03662878226913,영업/정상,"서울특별시 강남구 테헤란로 152 (역삼동,강남파이낸스 지하1층)"
해머스미스커피 뱅뱅사거리점,기타,37.49045500282066,127.03229581773502,영업/정상,"서울특별시 강남구 도곡로1길 7, 1층 (역삼동)"
오히커피(Ordinary Heroes),기타,37.49475052900159,127.04062712060473,영업/정상,"서울특별시 강남구 도곡로25길 31, 지상1층 103호 (역삼동)"
다푸김밥,기타,37.49090953802012,127.03318305198923,영업/정상,"서울특별시 강남구 도곡로3길 10, 1층 (역삼동)"
아우라엔알,기타,37.50689655339636,127.05303701431266,영업/정상,"서울특별시 강남구 테헤란로77길 11-18, 창애빌딩 지하1층 (삼성동)"
실하다 푸드 Lab 대치,기타,37.50357434023682,127.05428035340167,영업/정상,"서울특별시 강남구 삼성로81길 43, 지상2층 3호 (대치동)"
우신정육,기타,37.510851408341786,127.05632091563089,영업/정상,서울특별시 강남구 테헤란로83길 53 (삼성동)
후꾸짱,기타,37.52547426190595,127.03655368441679,영업/정상,"서울특별시 강남구 언주로164길 37 (신사동,지상1,2층)"
강남식당,기타,37.528198813064,127.03199344694382,영업/정상,"서울특별시 강남구 언주로173길 18, 지상1층 (신사동)"
난장캠프,기타,37.50850826423784,127.05695959521745,영업/정상,"서울특별시 강남구 테헤란로81길 22, 지상2층 (삼성동)"
소소호프,기타,37.48497356361628,127.04254442658713,영업/정상,"서울특별시 강남구 남부순환로370길 9, 1층 (도곡동)"
돈가네 김치찌개,기타,37.47625131173737,127.04774727993643,영업/정상,서울특별시 강남구 논현로16길 14-4 (개포동)
배달삼겹 맛있으면돼지,기타,37.508349830775906,127.03475758684478,영업/정상,"서울특별시 강남구 봉은사로29길 8, 유정빌딩 지하1층 (논현동)"
쥬디(그녀의 커피),기타,37.52192420961991,127.0435647026499,영업/정상,"서울특별시 강남구 선릉로148길 52-18, 1층 (청담동)"
한성참숯 양꼬치,기타,37.4988386905832,127.03347860859152,영업/정상,"서울특별시 강남구 논현로87길 41, 지상201호 (역삼동, 신일유토빌)"
티아라,기타,37.517705434099945,127.04078052660232,영업/정상,"서울특별시 강남구 선릉로 703 (논현동,지하1층)"
주식회사 더케이에프앤비 요녀석 타코앤브리또,기타,37.50903472659918,127.03656027345019,영업/정상,"서울특별시 강남구 봉은사로37길 11, 지하1층 (논현동)"
스카이라운지,기타,37.50372237485384,127.03682413805741,영업/정상,"서울특별시 강남구 논현로98길 12, 2층 (역삼동)"
카츠로우,기타,37.52244767204527,127.04748551179205,영업/정상,"서울특별시 강남구 삼성로147길 8, 3층 (청담동)"
무티 청담,기타,37.522339291621584,127.04350509878867,영업/정상,"서울특별시 강남구 선릉로148길 48-9, 지하1층,지상1층 (청담동)"
점보씨푸드 도곡점,기타,37.48867259728632,127.05210218727476,영업/정상,"서울특별시 강남구 언주로30길 21, A동 지하1층 B101-31호 (도곡동, 아카데미스위트)"
마라공방 강남역점,기타,37.49642673200609,127.02919180490872,영업/정상,"서울특별시 강남구 강남대로84길 6, 2층 (역삼동)"
엔오알(NOR),기타,37.5202519490023,127.03112303308696,영업/정상,"서울특별시 강남구 도산대로 220, 엠포리아 빌딩 지하1층 (논현동)"
진(Jin),기타,37.51560360579286,127.02070360357243,영업/정상,"서울특별시 강남구 강남대로146길 7-14, 지하1층 (논현동)"
소쿠리 베니스 SOCURI VENICE,기타,37.50297359241314,127.04653232570449,영업/정상,"서울특별시 강남구 테헤란로 322, 한신인터밸리24 지상2층 322호,323호 (역삼동)"
서민제육 역삼점,기타,37.50496723260514,127.03966016971232,영업/정상,"서울특별시 강남구 테헤란로37길 41, 지하1층 (역삼동)"
24시전주명가콩나물국밥 서울대치점,국밥,37.499460093419316,127.06358384944929,영업/정상,"서울특별시 강남구 도곡로 522, 1층 (대치동)"
박박키친,기타,37.50530804171412,127.04249099940904,영업/정상,"서울특별시 강남구 언주로98길 5-4, 지하1층 (역삼동)"
주식회사 써니데이컴퍼니,기타,37.51585550050607,127.04076262488054,영업/정상,"서울특별시 강남구 선릉로129길 9-6, 지하1층 (논현동)"
카페드미욜,기타,37.526890966899494,127.0390853333859,영업/정상,"서울특별시 강남구 언주로172길 65 (신사동,1층)"
모퉁이,기타,37.522614607200396,127.04479385000501,영업/정상,"서울특별시 강남구 도산대로68길 15, 리즈빌딩 1층 (청담동)"
유(You),기타,37.50452315071407,127.04287451225586,영업/정상,"서울특별시 강남구 언주로94길 9 (역삼동,지하1층)"
1키로 탕수육,기타,37.50691039151892,127.0409520005848,영업/정상,"서울특별시 강남구 봉은사로44길 36, 지하1층 1호 (역삼동)"
매드후라이치킨,기타,37.50397783173597,127.0532774592813,영업/정상,"서울특별시 강남구 선릉로86길 44, 지상1층,2층 (대치동)"
우생,기타,37.506134916897764,127.02717885014349,영업/정상,"서울특별시 강남구 강남대로112길 35, 지상1층 (논현동)"
맛나분식,기타,37.48928798431902,127.08181848392175,영업/정상,"서울특별시 강남구 일원로 53 (일원동,지상1층)"
오하이,기타,37.52240190759775,127.03796307671642,영업/정상,"서울특별시 강남구 도산대로 328, 7층 (논현동, HS빌딩)"
백미우,기타,37.519548838670374,127.02987515367661,영업/정상,"서울특별시 강남구 논현로150길 17, 지상1층 (논현동)"
올드페리도넛 가로수길점,기타,37.52076370715645,127.02116475999162,영업/정상,"서울특별시 강남구 강남대로162길 35, 지상1층 일부호 (신사동)"
무궁화칼국수 현대백화점 무역센터점,칼국수,37.50859530026902,127.05971847792408,영업/정상,"서울특별시 강남구 테헤란로 517, 현대백화점 지하1층 일부호 (삼성동)"
온가솥밥 삼성점,기타,37.51448606891902,127.06547895381293,영업/정상,"서울특별시 강남구 봉은사로114길 12, 대웅제약빌딩 본관동 지하1층 7호 (삼성동)"
더_비(The_B),기타,37.52241391906489,127.05430582110613,영업/정상,"서울특별시 강남구 학동로97길 41, 리유빌딩 지상5층 (청담동)"
아우라지왕순대,기타,37.50583109098066,127.04781622862265,영업/정상,"서울특별시 강남구 테헤란로57길 16 (역삼동,지상1층)"
숯불가든 청숫,기타,37.51521459342471,127.05240996653471,영업/정상,"서울특별시 강남구 삼성로 622, 대명빌딩 지상1층 (삼성동)"
동해산새우구이,기타,37.5223050100243,127.05773590499582,영업/정상,
라운지 바이 블그레,기타,37.52248979381743,127.02103918203686,영업/정상,"서울특별시 강남구 논현로175길 101-4, 지상1층,5층 (신사동)"
냠냠익스프레스,기타,37.518500935377624,127.03032298304268,영업/정상,"서울특별시 강남구 도산대로30길 21-4, 지하1층 (논현동)"
골드플레이스,기타,37.50576277238253,127.02969651765143,영업/정상,"서울특별시 강남구 봉은사로 138, 더스위트캐슬 지상1층 (역삼동)"
티티엠서울(TTM SEOUL),기타,37.51609087704955,127.03429268386772,영업/정상,"서울특별시 강남구 언주로133길 11, 1층 (논현동, 복합문화센터 A동)"
도리도리,기타,37.52774588756646,127.03860967651286,영업/정상,"서울특별시 강남구 압구정로50길 7, 정동상가 지상1층 5호 (신사동)"
오롱마차,기타,37.5059964006095,127.04849579639432,영업/정상,"서울특별시 강남구 선릉로 520, 선릉빌딩 지상1층 (삼성동)"
삽겹살은 원래 보약이다 강남점,기타,37.50736932020773,127.03739743154303,영업/정상,"서울특별시 강남구 언주로107길 23, 2층 (역삼동)"
덮밥 유니버스,기타,37.50816422626424,127.05746914447518,영업/정상,"서울특별시 강남구 테헤란로83길 11, 제지하1층 제비101호 주방4-2호 (삼성동)"
깐부치킨 역삼GS타워점,기타,37.50269976416069,127.03754075296355,영업/정상,"서울특별시 강남구 논현로94길 15, 지상1층 (역삼동)"
베지그린(Veg Green),기타,37.47699372265058,127.04734979411309,영업/정상,"서울특별시 강남구 개포로20길 24-10, 1층 (개포동)"
(주)커리몽,기타,37.51466335038316,127.06095877790513,영업/정상,"서울특별시 강남구 봉은사로 605 (삼성동,대승빌딩지상2층)"
청담호프,기타,37.52295705541285,127.0446512756967,영업/정상,"서울특별시 강남구 도산대로68길 10, 지하1층 102호 (청담동)"
(주)카페쟈니브로스,기타,37.51937387443421,127.03210180551875,영업/정상,"서울특별시 강남구 언주로147길 27, 1층 우측호 (논현동)"
레드갈비찜,기타,37.512844113681275,127.03506424884098,영업/정상,"서울특별시 강남구 언주로 631, 지상2층 202호 (논현동)"
일언 족발,기타,37.50903472659918,127.03656027345019,영업/정상,"서울특별시 강남구 봉은사로37길 11, 1층 (논현동)"
진식당,기타,37.478673167419075,127.04476428782696,영업/정상,"서울특별시 강남구 논현로 98, 문화빌딩 지하1층 (개포동)"
오끼참치 앤 스시,기타,37.51750324399021,127.02142371558342,영업/정상,"서울특별시 강남구 강남대로152길 24, 지상2층 (신사동)"
수림복,기타,37.506898738425065,127.05491976603508,영업/정상,"서울특별시 강남구 테헤란로77길 6, 지상2층 (삼성동)"
룰라톤,기타,37.522207978073816,127.02087781300814,영업/정상,"서울특별시 강남구 압구정로4길 13-9, 지하1층 (신사동)"
접수,기타,37.50608065168438,127.02631291289808,영업/정상,"서울특별시 강남구 강남대로114길 24 (논현동,지상1층)"
보보스,기타,37.502552199301604,127.03987171395438,영업/정상,"서울특별시 강남구 테헤란로33길 6-5 (역삼동,지상5층)"
피터폴앤드메리,기타,37.52503732319793,127.02677889738263,영업/정상,"서울특별시 강남구 압구정로28길 22-9 (신사동,지하1층)"
강정희 간장새우,기타,37.50258931271467,127.05209964429592,영업/정상,"서울특별시 강남구 역삼로63길 22 (대치동,지상1층)"
주식회사 바랗,기타,37.52238009528425,127.03517366391243,영업/정상,"서울특별시 강남구 도산대로 309 (신사동,삼공빌딩 지하1층)"
니뽕내뽕 강남역점,기타,37.500551871789895,127.02740956719127,영업/정상,"서울특별시 강남구 강남대로98길 8 (역삼동,지상2,3층)"
명품청운러우,기타,37.4967535297312,127.04506895370072,영업/정상,"서울특별시 강남구 언주로 323, 지상2층 201호 (역삼동)"
과일에반하다프루타 신논현점,기타,37.50934504643725,127.02666407026977,영업/정상,"서울특별시 강남구 학동로6길 51, 지상1층 102호 (논현동)"
크리스탈 제이드 도곡점,기타,37.488658767370374,127.05301618281284,영업/정상,"서울특별시 강남구 언주로30길 39, 린스퀘어 지하1층 (도곡동)"
우천식육식당 강남구청점,기타,37.5157091463354,127.04124249726661,영업/정상,"서울특별시 강남구 선릉로127길 6, 지상1층 (논현동)"
김치찜에 진심 강남점,기타,37.502921426273524,127.03711242168022,영업/정상,"서울특별시 강남구 봉은사로30길 73, 지상2층 1호 (역삼동)"
포몬스역삼점,기타,37.49468101293774,127.033309069141,영업/정상,서울특별시 강남구 역삼로7길 8 (역삼동)
만땅스시,기타,37.50972936472209,127.02639420486531,영업/정상,"서울특별시 강남구 학동로20길 68, 1층 2호 (논현동)"
도산회동 주식회사,기타,37.51901712416639,127.02260555492772,영업/정상,"서울특별시 강남구 강남대로156길 46, 지상2,3층 (신사동)"
그랜드힐 컨벤션,기타,37.50657497520942,127.0670290630137,영업/정상,"서울특별시 강남구 역삼로 607, 1층 (대치동)"
멘야유메미루 강남점,기타,37.49772601279262,127.0292970420504,영업/정상,"서울특별시 강남구 테헤란로4길 6, 강남역 센트럴 푸르지오 시티 지상1층 113호 (역삼동)"
미우가 역삼점,기타,37.50471439509131,127.04496081141194,영업/정상,"서울특별시 강남구 언주로98길 39, 지하1층 (역삼동)"
영동가든,기타,37.514589639738766,127.06503812456874,영업/정상,"서울특별시 강남구 봉은사로112길 6, 익성빌딩 지상1층 102호 (삼성동)"
내림손 삼계탕,기타,37.51216196911044,127.06534269224233,영업/정상,서울특별시 강남구 봉은사로114길 42 (삼성동)
티 하우스,기타,37.51432228578461,127.03488398841677,영업/정상,"서울특별시 강남구 언주로 647, 지하2층 (논현동)"
도토리마을,기타,37.47370354407065,127.04934155841464,영업/정상,"서울특별시 강남구 논현로8길 3 (개포동,지상1층)"
고메갈비,기타,37.504544262391384,127.05420910695064,영업/정상,"서울특별시 강남구 삼성로85길 38, 지하1층 110호 (대치동)"
냥만꽃카페,기타,37.52829506783659,127.03711746975235,영업/정상,"서울특별시 강남구 압구정로 326, 지상1층 109호 (신사동)"
카레샵 단풍,기타,37.525659183237494,127.03864613624725,영업/정상,"서울특별시 강남구 선릉로157길 13-5, 1층 (신사동, HYUN 657)"
주식회사 빅바이트컴퍼니 쉐이크쉑 강남스퀘어,기타,37.49437641833323,127.0298570207918,영업/정상,"서울특별시 강남구 강남대로 352, 지상1층 (역삼동)"
까발로비안코,기타,37.51097461240454,127.05539862896353,영업/정상,"서울특별시 강남구 삼성로104길 9 (삼성동,지상1,2층)"
강남연가,기타,37.511234291074466,127.05572085721477,영업/정상,"서울특별시 강남구 봉은사로82길 31, 예논빌딩 지상2층 (삼성동)"
청담도시락,기타,37.526432664432285,127.04966699324389,영업/정상,"서울특별시 강남구 도산대로85길 30, 지상1층 133호,143호 (청담동, 청담신원아침도시마인)"
시골집,기타,37.51501310149699,127.06179392834541,영업/정상,"서울특별시 강남구 봉은사로103길 6, 지하1층 (삼성동)"
라멘모토,기타,37.518878092774386,127.02360606099907,영업/정상,"서울특별시 강남구 도산대로13길 14-4, 202호 (신사동)"
더벤티 강남구청역점,기타,37.517955968665596,127.04075883295931,영업/정상,"서울특별시 강남구 선릉로 705, 지상1층 (논현동)"
말죽거리,기타,37.485622033498096,127.03590803810151,영업/정상,"서울특별시 강남구 남부순환로355길 9, 지하1층 2호 (도곡동)"
76 Pub,기타,37.52790851451168,127.03749434702642,영업/정상,"서울특별시 강남구 압구정로46길 5-10, 지상1층 (신사동)"
주식회사 동어동락,기타,37.50891380039874,127.05634982246758,영업/정상,서울특별시 강남구 삼성로96길 7 (삼성동)
한솔호프,기타,37.48189006597755,127.07751060896013,영업/정상,"서울특별시 강남구 광평로10길 6 (일원동,한솔상가 101호)"
브로스,기타,37.52774588756646,127.03860967651286,영업/정상,"서울특별시 강남구 압구정로50길 7, 정동상가 지상1층 101호 (신사동)"
오르조 르브텀,기타,37.52771575027698,127.03949241565579,영업/정상,"서울특별시 강남구 압구정로54길 4, 지상1,2층 (신사동)"
고기가득덮밥 강남구청역점,기타,37.51623749922227,127.04105040699524,영업/정상,"서울특별시 강남구 선릉로129길 5, 지상1층 102호 (논현동)"
할리스 도곡점,기타,37.48451102595698,127.04613314895482,영업/정상,"서울특별시 강남구 논현로28길 54, 덕원빌딩 지상1층 (도곡동)"
마루,기타,37.51914191322459,127.01980735597891,영업/정상,"서울특별시 강남구 강남대로160길 10 (신사동,지하1층)"
렁두 타이,기타,37.49358216790649,127.06239925172248,영업/정상,"서울특별시 강남구 남부순환로 2942, 풍림프라자 지하1층 149호, 150호 (대치동)"
일언주먹고기,기타,37.48979401404574,127.08352898883169,영업/정상,"서울특별시 강남구 일원로9길 24, 지상1층 102호 (일원동)"
한솥은마점,기타,37.49891225617895,127.0619543716901,영업/정상,서울특별시 강남구 도곡로 510 (대치동)
이디야커피 삼성한전점,기타,37.51044118769748,127.06504828741072,영업/정상,"서울특별시 강남구 테헤란로107길 11 (삼성동,지상1층105호)"
오츄카,기타,37.485831237948624,127.04507008122158,영업/정상,"서울특별시 강남구 남부순환로 2734, 중앙빌딩 지상1층 (도곡동)"
강남 솔(SOL),기타,37.498345513630554,127.03207108696743,영업/정상,"서울특별시 강남구 테헤란로8길 11-7, 지하1층 (역삼동)"
시티헌터,기타,37.519052858392584,127.02357268588503,영업/정상,"서울특별시 강남구 가로수길 14-3, 지하1층 (신사동)"
에이엔아더(A.N.OTHER),기타,37.51625018454237,127.03743024289803,영업/정상,"서울특별시 강남구 학동로 313, 지상1층 (논현동)"
강초월,기타,37.528508762667435,127.03500869205386,영업/정상,"서울특별시 강남구 언주로174길 13, 지상1층 (신사동)"
알고기(R고기),기타,37.52204150684624,127.04168981934272,영업/정상,"서울특별시 강남구 선릉로146길 23, 1층 (청담동)"
라1품마리탕,기타,37.49453229771134,127.03437127220911,영업/정상,"서울특별시 강남구 역삼로 135, 지상2층 (역삼동)"
오늘그릴(개포점),기타,37.47894480050729,127.0505574315888,영업/정상,"서울특별시 강남구 개포로36길 4-4, 지상1층 101호 (개포동)"
모스가든,기타,37.516643229727315,127.02836896395317,영업/정상,"서울특별시 강남구 논현로139길 12, 지상1층 (논현동)"
(주)썬앳푸드비스트로서울삼성점,기타,37.512521154961824,127.05881929973503,영업/정상,"서울특별시 강남구 영동대로 511 (삼성동,오크우드호텔 지상1층6호)"
텐프로,기타,37.49729027209724,127.03215782185156,영업/정상,"서울특별시 강남구 테헤란로8길 25 (역삼동,지하1층)"
디존,기타,37.52330256921529,127.04869070356737,영업/정상,"서울특별시 강남구 삼성로146길 9, 지상1층 좌측 두번째호 (청담동)"
와일드버팔로,기타,37.527218372640604,127.0392006423718,영업/정상,"서울특별시 강남구 선릉로161길 15, 1층 (신사동)"
카야루(KAYARU),기타,37.50347865599148,127.05023590125383,영업/정상,"서울특별시 강남구 선릉로86길 5-4, 우영빌딩 지상1층 2호 (대치동)"
바스버거 선릉점,기타,37.504711020466786,127.05573432469686,영업/정상,"서울특별시 강남구 삼성로85길 19, 대치빌딩 지상1층 (대치동)"
생활생돈,기타,37.50511892812496,127.04652965277143,영업/정상,"서울특별시 강남구 테헤란로51길 16 (역삼동,지상1층)"
한마리소,기타,37.51623749922227,127.04105040699524,영업/정상,서울특별시 강남구 선릉로129길 5 (논현동)
인생식당,기타,37.528057914463076,127.0310211679467,영업/정상,"서울특별시 강남구 압구정로 216, 코끼리상가 지상1층 21호 (신사동)"
국미당,기타,37.486164755877645,127.03622115071275,영업/정상,"서울특별시 강남구 남부순환로359길 19, 1층 (도곡동)"
그릴1492 삼성1호점,기타,37.50658209931863,127.05335455970578,영업/정상,"서울특별시 강남구 삼성로91길 36, 지상1층 (삼성동)"
강정희 간장새우,기타,37.50258931271467,127.05209964429592,영업/정상,"서울특별시 강남구 역삼로63길 22 (대치동,지상1층)"
스시 신카이,기타,37.52528326960647,127.04723834983494,영업/정상,"서울특별시 강남구 압구정로 461, 네이처 포엠 지하1층 B105호 (청담동)"
가성빛피자 강남점,기타,37.50179505466299,127.03448897838442,영업/정상,"서울특별시 강남구 테헤란로25길 15-10, 1층 (역삼동)"
그랑디르,기타,37.52771575027698,127.03949241565579,영업/정상,"서울특별시 강남구 압구정로54길 4, 3층 301호 (신사동)"
포케올데이 신사점,기타,37.5208364259689,127.02394444227123,영업/정상,"서울특별시 강남구 도산대로17길 33, 지상2층 (신사동)"
우가나,기타,37.52419522522128,127.03738219399123,영업/정상,"서울특별시 강남구 도산대로49길 20, 지상2층 (신사동)"
고메램 신사점,기타,37.517382805992526,127.02033487909247,영업/정상,"서울특별시 강남구 강남대로152길 11, 2층 (신사동)"
게릿(Get Lit),기타,37.52290366211883,127.0273860421523,영업/정상,"서울특별시 강남구 논현로159길 9, 지상2층 (신사동)"
쪼가리,기타,37.50765544956465,127.02569738470439,영업/정상,"서울특별시 강남구 강남대로120길 31 (논현동,지상1층)"
비스트로 야마자키,기타,37.49436990548992,127.03383984320025,영업/정상,"서울특별시 강남구 역삼로 129 (역삼동,지상1층)"
타이 엘리펀트,기타,37.497583006654295,127.03111040410451,영업/정상,"서울특별시 강남구 강남대로84길 33, 대우디오빌플러스 지하1층 103호 (역삼동)"
헤라,기타,37.49946875402865,127.04330417881096,영업/정상,"서울특별시 강남구 언주로79길 8 (역삼동,지상1층)"
퓨전레스토랑미니미,기타,37.523829344557655,127.03273441509756,영업/정상,"서울특별시 강남구 언주로 825 (신사동,포도빌딩 지하1층)"
라무진,기타,37.525235808861886,127.05010503674362,영업/정상,서울특별시 강남구 압구정로79길 36 (청담동)
아이언케이스,기타,37.526164618248934,127.03682645837277,영업/정상,"서울특별시 강남구 압구정로48길 36, 3층 (신사동)"
라미청담 주식회사,기타,37.525416345267196,127.04837796997145,영업/정상,"서울특별시 강남구 압구정로79길 15, 1층 (청담동)"
청담만옥,기타,37.52421311994252,127.04160989558216,영업/정상,"서울특별시 강남구 선릉로152길 26, 재림빌딩 지하1층,지상1,2층 (청담동)"
코너스톤디,기타,37.50208177912707,127.05989340783407,영업/정상,"서울특별시 강남구 삼성로70길 6, 지상1층 (대치동)"
카페얌,기타,37.51245831860277,127.03207674285521,영업/정상,"서울특별시 강남구 논현로124길 5, 지상2층 201-13호 (논현동)"
맛도락,기타,37.479792044225036,127.04632819729736,영업/정상,서울특별시 강남구 개포로15길 32-9 (개포동)
우오하나,기타,37.5198901226293,127.02042825776624,영업/정상,"서울특별시 강남구 압구정로2길 29, 1층 (신사동)"
마왕족발 삼성점,기타,37.51721077548359,127.04628692140743,영업/정상,"서울특별시 강남구 선릉로130길 56, 1층 8,9호 (삼성동)"
(주)옥스인터내셔날,기타,37.51413032215389,127.02918100047414,영업/정상,"서울특별시 강남구 학동로 171 (논현동,지상7층)"
수차이나,기타,37.52526321552259,127.02687102657774,영업/정상,서울특별시 강남구 압구정로28길 22-10 (신사동)
콜마인,기타,37.521934089811396,127.02517124468969,영업/정상,"서울특별시 강남구 논현로157길 36, 101호 (신사동)"
옐로우자켓,기타,37.52363647494702,127.02300398732662,영업/정상,"서울특별시 강남구 논현로175길 75, 지하1층 (신사동)"
봉추찜닭,기타,37.50163710367722,127.03563373913131,영업/정상,"서울특별시 강남구 테헤란로25길 20 (역삼동,역삼벤쳐텔212호)"
노르디,기타,37.52339909947811,127.03149340353862,영업/정상,"서울특별시 강남구 도산대로37길 36, 지상1층 (신사동)"
썸,기타,37.48999717105834,127.03395492665885,영업/정상,"서울특별시 강남구 도곡로 124, 지하1층 (도곡동)"
미가한우. 치킨처럼,기타,37.51579841723969,127.03058007749408,영업/정상,"서울특별시 강남구 논현로136길 6 (논현동,지상1층)"
수록,기타,37.52563242055967,127.02816290773119,영업/정상,"서울특별시 강남구 논현로 859 (신사동,지하1층)"
후지,기타,37.52180319960481,127.05712225804999,영업/정상,서울특별시 강남구 학동로101길 21 (청담동)
도깨비,기타,37.519150295552585,127.02575985862464,영업/정상,"서울특별시 강남구 도산대로 159, 지하2층 (신사동)"
보슬보슬 압구정본점,기타,37.528057914463076,127.0310211679467,영업/정상,"서울특별시 강남구 압구정로 216, 코끼리상가 지상1층 16,17,18,19호 (신사동)"
안안,기타,37.49943857606884,127.02991500227016,영업/정상,"서울특별시 강남구 강남대로92길 31, 지상1층 (역삼동)"
희래등,기타,37.49481706932411,127.03713642934174,영업/정상,서울특별시 강남구 역삼로20길 6 (역삼동)
마르케,기타,37.508866924407116,127.02308738805485,영업/정상,"서울특별시 강남구 강남대로124길 5, 지상1층 101호,102호 (논현동)"
진오봉참치,기타,37.50096137788107,127.03062279266865,영업/정상,"서울특별시 강남구 테헤란로7길 22, 한국과학기술회관 지하2층 204호,205호 (역삼동)"
게새장터,기타,37.497583006654295,127.03111040410451,영업/정상,"서울특별시 강남구 강남대로84길 33, 대우디오빌플러스 지하1층 107호 (역삼동)"
디저트플래넷,기타,37.50904780086485,127.06089284405361,영업/정상,"서울특별시 강남구 테헤란로 521, 파르나스타워 지하1층 R-39호 (삼성동)"
누앙스미묘한차이,기타,37.52606480191635,127.0452828809793,영업/정상,"서울특별시 강남구 압구정로72길 7, 1층 (청담동)"
감성수작 더보스에이엠(The Boss A.M),기타,37.502789984003535,127.03489243429081,영업/정상,"서울특별시 강남구 테헤란로25길 35 (역삼동,지하1층)"
노리,기타,37.49765850674039,127.05334544539211,영업/정상,"서울특별시 강남구 선릉로64길 10-1, 지상1층 (대치동)"
듀얼라운지 강남구청,기타,37.51625323024564,127.03979850663906,영업/정상,"서울특별시 강남구 학동로50길 6, 지상2층 (논현동)"
어촌화로,기타,37.517512523206165,127.04619298638954,영업/정상,"서울특별시 강남구 선릉로130길 57, 옥탑층 (삼성동)"
참나무집,기타,37.524065835026285,127.05025920194778,영업/정상,"서울특별시 강남구 도산대로92길 6 (청담동,지상1층102호)"
보엠,기타,37.52640588946508,127.04125635626458,영업/정상,"서울특별시 강남구 도산대로55길 46 (청담동,지상7층)"
한남북엇국,기타,37.52305146702215,127.04539386358918,영업/정상,"서울특별시 강남구 삼성로149길 27, 지하1~지상2층 (청담동)"
화이트(WHITE),기타,37.50689655339636,127.05303701431266,영업/정상,"서울특별시 강남구 테헤란로77길 11-18, 창애빌딩 1층 (삼성동)"
삼정마리스,기타,37.50612256363703,127.03118032422752,영업/정상,"서울특별시 강남구 봉은사로 150, 삼정관광호텔 지상1층 (역삼동)"
수잔라메종 티룸,기타,37.512191692762265,127.0526682269499,영업/정상,"서울특별시 강남구 봉은사로78길 8, 지상1층 (삼성동)"
오시정,기타,37.51239882018158,127.04095297219939,영업/정상,"서울특별시 강남구 봉은사로49길 37-5, 1층 (논현동)"
도리연 닭도리탕,기타,37.51738707777583,127.02111319555318,영업/정상,"서울특별시 강남구 강남대로152길 20, 포토피아 지상2층 (신사동)"
미켈러바코리아,기타,37.5208364259689,127.02394444227123,영업/정상,"서울특별시 강남구 도산대로17길 33, 지상1층 (신사동)"
이닛(INNIT),기타,37.516681183598585,127.02866914415637,영업/정상,"서울특별시 강남구 논현로139길 8, CNA 사옥 1층 (논현동)"
레끌레 청담,기타,37.524955089235085,127.04776687611381,영업/정상,"서울특별시 강남구 압구정로79길 8, 3층 (청담동)"
주식회사 케어엑스,기타,37.51745073205699,127.02430360930866,영업/정상,"서울특별시 강남구 도산대로16길 6-4, 6층 (논현동)"
광양불고기,기타,37.50915841437071,127.05497536413185,영업/정상,"서울특별시 강남구 삼성로 529, 지상1,2층 (삼성동)"
만남의공간,기타,37.48866230678969,127.08598238394443,영업/정상,"서울특별시 강남구 일원로 81 (일원동,지상1층)"
탐라 흑돼지 김치찌개전문,기타,37.47614043512138,127.04786196274405,영업/정상,"서울특별시 강남구 논현로16길 14-6, 지상1층 (개포동)"
모멘텀라운지,기타,37.508311636156044,127.05458715759771,영업/정상,"서울특별시 강남구 테헤란로79길 25-1, 1층 (삼성동, 준빌딩)"
미라지,기타,37.51046472706423,127.06027605014796,영업/정상,
무궁화 식당,기타,37.49436796386666,127.03026938877758,영업/정상,"서울특별시 강남구 역삼로1길 17 (역삼동,지상1층)"
아담만두,기타,37.4889484295321,127.06801707157001,영업/정상,"서울특별시 강남구 개포로82길 9-11, 지상1층 105호 (개포동)"
샤블랑157,기타,37.50816422626424,127.05746914447518,영업/정상,"서울특별시 강남구 테헤란로83길 11, 지상2층 201호 (삼성동)"
소공동 뚝배기,기타,37.51005381846732,127.03595752229621,영업/정상,"서울특별시 강남구 봉은사로37길 28 (논현동,지상1층)"
제리야,기타,37.52021836141591,127.02425785726074,영업/정상,"서울특별시 강남구 도산대로17길 23, 1층 101호 (신사동)"
부라보 쪽갈비 개포점,기타,37.47766614296477,127.04865718005506,영업/정상,"서울특별시 강남구 개포로22길 21, 1층 (개포동)"
?h스커피(perks),기타,37.5080139610026,127.0553955587808,영업/정상,"서울특별시 강남구 삼성로 517, 지상1층 108-1호 (삼성동, 채널리저브)"
파머스마켓 팥집,기타,37.52493617873158,127.02782041498597,영업/정상,"서울특별시 강남구 압구정로28길 25, 1층 4호 (신사동)"
한우촌 안동갈비,기타,37.527308884921595,127.0397199086047,영업/정상,"서울특별시 강남구 선릉로161길 8, 지상1층 101호 (신사동)"
더노벰버라운지 강남역KG타워점,기타,37.49926417268793,127.0292459295019,영업/정상,"서울특별시 강남구 테헤란로5길 7, KG Tower 지상1층 (역삼동)"
엄지네집,기타,37.51176831285752,127.02820543860707,영업/정상,"서울특별시 강남구 학동로20길 24, 지상1층 (논현동)"
한통,기타,37.48298602545099,127.04277871426768,영업/정상,"서울특별시 강남구 논현로 148, 1층 (도곡동)"
뮤즈프레쉬,기타,37.50374294607325,127.0258892465556,영업/정상,"서울특별시 강남구 봉은사로2길 13, 화성빌딩 지상2층 (역삼동)"
델리박스 피자앤치킨,기타,37.50711003861231,127.03876204239046,영업/정상,"서울특별시 강남구 논현로106길 54 (역삼동,지상1층)"
강서면옥,기타,37.5285969383211,127.0348070807171,영업/정상,"서울특별시 강남구 언주로174길 11, 지상1층 (신사동)"
비,기타,37.527368358878014,127.0339583637973,영업/정상,"서울특별시 강남구 언주로 862 (신사동,지하1층)"
탕화쿵푸 강남직영점,기타,37.50165239950277,127.02637492654759,영업/정상,"서울특별시 강남구 강남대로 438, 스타플렉스 2층 202호,203호,204호 (역삼동)"
클럽하우스,기타,37.5146689896016,127.03402163395837,영업/정상,서울특별시 강남구 학동로 228 (논현동)
리틀케어레시피,기타,37.51174381417287,127.02530682911608,영업/정상,"서울특별시 강남구 학동로12길 8, 1층 (논현동)"
미드나이트,기타,37.50936995110835,127.02606644447619,영업/정상,"서울특별시 강남구 학동로6길 46 (논현동,지상1층)"
청년분식,기타,37.49240903545035,127.03202358981508,영업/정상,"서울특별시 강남구 역삼로4길 16, 성우스타우스오피스텔 지상1층 110(북쪽)호 (역삼동)"
서울옥,기타,37.503433383386756,127.04781454798282,영업/정상,"서울특별시 강남구 선릉로89길 16, 능현오피스텔 비101,비102,비103호 (역삼동)"
화다인,기타,37.507965774593444,127.02360953238906,영업/정상,"서울특별시 강남구 학동로2길 56, 원창빌딩 지상4층 401호 (논현동)"
(주)드마리스대치점,기타,37.496733734494725,127.0718401262323,영업/정상,"서울특별시 강남구 남부순환로 지하 3104, 지하1층 (대치동, 학여울역)"
로코 하우스,기타,37.50882803312265,127.06567757213976,영업/정상,"서울특별시 강남구 테헤란로108길 8, 유민빌딩 지상1층 (대치동)"
미진해산,기타,37.521054831775345,127.03606074885707,영업/정상,"서울특별시 강남구 언주로148길 19, 청호빌딩 지상1층 101호 (논현동)"
떡볶이참잘하는집 떡참 강남일원점,기타,37.49109413192898,127.08242819542609,영업/정상,"서울특별시 강남구 양재대로33길 25, 지상1층 (일원동)"
이카리,기타,37.505019844623135,127.04420281326672,영업/정상,"서울특별시 강남구 테헤란로43길 28, 지상1층 (역삼동)"
슬로우캘리 압구정점,기타,37.525513760648444,127.02707222939269,영업/정상,"서울특별시 강남구 논현로171길 15, 카로시티1 지상1층 105호 (신사동)"
능제,기타,37.52033405782669,127.0245285350426,영업/정상,"서울특별시 강남구 논현로153길 45 (신사동,3층302호)"
언양불고기,기타,37.510343871474056,127.02282308287597,영업/정상,"서울특별시 강남구 학동로2길 15, 1층 (논현동)"
전주콩나물국밥,국밥,37.50377742932512,127.05319969007647,영업/정상,"서울특별시 강남구 선릉로86길 40-3 (대치동,지상2층)"
강삼가든,기타,37.50226061521365,127.0273115943381,영업/정상,"서울특별시 강남구 강남대로102길 20, 지상1층 (역삼동)"
다운타우너 강남,기타,37.499438407025444,127.0279385483389,영업/정상,"서울특별시 강남구 테헤란로1길 16, 1층 101호 (역삼동)"
사와스시,기타,37.52555959942667,127.03289459337662,영업/정상,"서울특별시 강남구 언주로 841 (신사동,지상1층)"
창고43 강남점,기타,37.49533845448433,127.02955319899517,영업/정상,"서울특별시 강남구 강남대로 362, 지하1층 (역삼동, 대륭강남타워)"
미소야,기타,37.49835686330391,127.06829337812286,영업/정상,서울특별시 강남구 영동대로 219 (대치동)
리북집,기타,37.50863050165397,127.02364815868842,영업/정상,"서울특별시 강남구 학동로2길 47, 2층 (논현동)"
황금어장,기타,37.504762471980214,127.04362988399109,영업/정상,"서울특별시 강남구 언주로98길 22, 지상1층 101호,지상2층 201호 (역삼동)"
그랜드키친,기타,37.50904780086485,127.06089284405361,영업/정상,"서울특별시 강남구 테헤란로 521, 지상1층 (삼성동)"
문배동육칼(삼성점),기타,37.50876443735551,127.05614047177161,영업/정상,"서울특별시 강남구 삼성로96길 3, 1층 (삼성동)"
대포집,기타,37.50610754946716,127.02552929430554,영업/정상,"서울특별시 강남구 강남대로114길 15, 1층 (논현동)"
헤비스모커,기타,37.50860356622475,127.02548022322298,영업/정상,"서울특별시 강남구 강남대로122길 31, louis(루이스빌딩) 지상2층 (논현동)"
맘스터치 한티역점,기타,37.49808552715981,127.05326850099797,영업/정상,"서울특별시 강남구 선릉로64길 11-2, 지상1층 103, 104호 (대치동)"
새마을식당,기타,37.507410452460775,127.0353453402843,영업/정상,서울특별시 강남구 봉은사로 210 (역삼동)
부거부거,기타,37.50094918532847,127.03551808949534,영업/정상,"서울특별시 강남구 테헤란로 147, 성지빌딩층 16,17호 (역삼동)"
애란,기타,37.48470664087082,127.09777607598792,영업/정상,"서울특별시 강남구 광평로 220-10, 지상1층 (수서동)"
오아시스,기타,37.489606036296465,127.03339067287857,영업/정상,서울특별시 강남구 도곡로4길 5 (도곡동)
현풍닭칼국수 강남역삼점,칼국수,37.49854340335709,127.03504106478107,영업/정상,"서울특별시 강남구 테헤란로20길 19, 엘지에클라트 지상1층 109호 (역삼동)"
아선재,기타,37.50411745464233,127.06486109942688,영업/정상,"서울특별시 강남구 영동대로 333, 동원빌딩 지하1층 (대치동)"
주식회사 더오다리집 강남,기타,37.502472304232136,127.036936302157,영업/정상,"서울특별시 강남구 논현로94길 7, 지상2층 (역삼동)"
윈,기타,37.521015810483135,127.03550738610105,영업/정상,"서울특별시 강남구 언주로150길 14, 지하1층 (논현동)"
네네치킨일원점,기타,37.49210571206272,127.08469711381755,영업/정상,"서울특별시 강남구 일원로5길 54 (일원동,지상1층)"
은혜식당,기타,37.50320691747206,127.03661820641555,영업/정상,"서울특별시 강남구 봉은사로30길 68, 지상2층 6호 (역삼동)"
나의가야,기타,37.50859530026902,127.05971847792408,영업/정상,"서울특별시 강남구 테헤란로 517, 현대백화점 지상10층 (삼성동)"
테보,기타,37.52196856965597,127.02044406333778,영업/정상,"서울특별시 강남구 압구정로4길 13-3, 지상1층 (신사동)"
더피자스탠드 논현점,기타,37.510146387528245,127.02291793176278,영업/정상,"서울특별시 강남구 학동로2길 19, 지상1층 101호 (논현동)"
브리온,기타,37.52291957855973,127.02057873952154,영업/정상,"서울특별시 강남구 압구정로 108, 덕산빌딩 지상1층 4호 (신사동)"
빙츄르,기타,37.51129439461192,127.02826004532159,영업/정상,"서울특별시 강남구 학동로20길 31, 102호 (논현동)"
돈까스1985,기타,37.50859530026902,127.05971847792408,영업/정상,"서울특별시 강남구 테헤란로 517, 지하1층 (삼성동)"
옛날김치돼지찌개,기타,37.488800081331306,127.06836275169084,영업/정상,"서울특별시 강남구 개포로82길 13-15, 1층 2,7호 (개포동)"
맛고을,기타,37.50739882591134,127.03557877838334,영업/정상,서울특별시 강남구 봉은사로 212 (역삼동)
기쁨이네 분식,기타,37.46400000954552,127.10730858512954,영업/정상,"서울특별시 강남구 밤고개로34길 4, 1층 5호 (세곡동, 세곡상가)"
형식炯食,기타,37.500590199254376,127.04276255216791,영업/정상,"서울특별시 강남구 테헤란로38길 29, 이원빌딩 지하1층 1-2호 (역삼동)"
제주화로집 신논현점,기타,37.50681785768764,127.02550308067548,영업/정상,"서울특별시 강남구 강남대로118길 26, 지상1층 (논현동)"
퍼그피자하우스 강남점,기타,37.50283843487972,127.02739383134006,영업/정상,"서울특별시 강남구 봉은사로6길 34, 지상1층 (역삼동)"
제주은희네해장국 신사지점,기타,37.52128034422174,127.03130794728041,영업/정상,"서울특별시 강남구 도산대로37길 5, 지하1층 (신사동)"
김씨마구로 수서역점,기타,37.48372656026895,127.10533536708137,영업/정상,"서울특별시 강남구 밤고개로 99, 지하2층 (수서동, SRT 수서역 환승통로 승강장측 일부)"
무샤무샤,기타,37.51162486471262,127.04518482199158,영업/정상,"서울특별시 강남구 선릉로112길 19 (삼성동,지상1층)"
꼬꾸이누룽지통닭(대치점),기타,37.49835686330391,127.06829337812286,영업/정상,"서울특별시 강남구 영동대로 219, 1층 6호 (대치동)"
동경 전통 육개장,기타,37.50096137788107,127.03062279266865,영업/정상,"서울특별시 강남구 테헤란로7길 22, 과학기술회관 증축관 지하1층 105호 (역삼동)"
봉산평양냉면,냉면,37.51282348133165,127.02165890702173,영업/정상,"서울특별시 강남구 학동로1길 21, 지상1층 (논현동)"
더치즈샵(THE CHEESESHOP),기타,37.503925457684744,127.05312216934364,영업/정상,"서울특별시 강남구 선릉로86길 42, 지상1층 일부호 (대치동)"
백범호 국수,기타,37.511098340763844,127.04559276247507,영업/정상,"서울특별시 강남구 봉은사로 415, 청림빌딩 지상1층 101호 (삼성동)"
더 코너하우스,기타,37.52348580500693,127.03778333873676,영업/정상,"서울특별시 강남구 도산대로49길 6-7, 지상1층 (신사동)"
강진 문어 보쌈,기타,37.52212156082334,127.03094545969377,영업/정상,"서울특별시 강남구 논현로158길 31, 지상1층 (신사동)"
맛있는제주,기타,37.50516763491407,127.04245309228361,영업/정상,"서울특별시 강남구 언주로98길 7, 지상2층 (역삼동)"
아메리칸테이블,기타,37.515829843641164,127.0657451945736,영업/정상,"서울특별시 강남구 영동대로112길 66, 1층 (삼성동)"
두두,기타,37.4886526610414,127.03409117616118,영업/정상,"서울특별시 강남구 도곡로4길 24 (도곡동,지상1층)"
(주)와인테크-까사비노,기타,37.52639064182671,127.04402091412393,영업/정상,"서울특별시 강남구 선릉로162길 43, 1층 (청담동)"
주식회사곰바우,기타,37.51488361886774,127.05880321043942,영업/정상,"서울특별시 강남구 영동대로115길 10, 지하1층, 지상1층 (삼성동)"
봉이화로,기타,37.499102336545604,127.06040673426651,영업/정상,"서울특별시 강남구 삼성로 301, 지하1층 B02호 (대치동, 하늘도시)"
신전떡볶이 강남논현점,기타,37.50998006853162,127.02665770546278,영업/정상,"서울특별시 강남구 학동로20길 62, 지상1층 102호 (논현동)"
노마,기타,37.51846893979755,127.03764725980216,영업/정상,"서울특별시 강남구 학동로43길 35 (논현동,지하1층)"
남도미향,기타,37.52008054618341,127.05595132941005,영업/정상,"서울특별시 강남구 학동로 523 (청담동,지상 1,2층)"
두껍삼 역삼직영점,기타,37.49784141836361,127.03187400724056,영업/정상,"서울특별시 강남구 테헤란로8길 17, 지상1, 2, 3층 (역삼동)"
고수닭갈비,기타,37.49971809899404,127.02799166805053,영업/정상,서울특별시 강남구 강남대로96길 12 (역삼동)
역전할머니맥주 압구정로데오,기타,37.52705557154047,127.03914277055655,영업/정상,"서울특별시 강남구 선릉로161길 15-3, 2층 (신사동)"
오트보트,기타,37.49772601279262,127.0292970420504,영업/정상,"서울특별시 강남구 테헤란로4길 6, 강남역 센트럴 푸르지오 시티 지하1층 B119호 (역삼동)"
앙마꼬치,기타,37.51255190985456,127.05062430655428,영업/정상,"서울특별시 강남구 봉은사로 467, 세창빌딩 지상1층 (삼성동)"
메이더블유 커피앤티,기타,37.513502216320965,127.06153168317536,영업/정상,"서울특별시 강남구 영동대로106길 5, 1층 (삼성동)"
송추가마골 강남지점,기타,37.4994358838183,127.03359069441342,영업/정상,"서울특별시 강남구 테헤란로 134, 포스코P&S타워 지하1층 (역삼동)"
깐부치킨,기타,37.52691652816877,127.03021566196928,영업/정상,"서울특별시 강남구 압구정로32길 11, 캐럴라인타워 1동 103호 (신사동)"
카페 루카,기타,37.5111020979409,127.03945659271811,영업/정상,"서울특별시 강남구 봉은사로43길 28, 101호 (논현동)"
강남주먹고기투,기타,37.50846666049686,127.03441500120051,영업/정상,서울특별시 강남구 봉은사로29길 11 (논현동)
상황버섯 약수삼계탕,기타,37.503385806951904,127.03653470030005,영업/정상,"서울특별시 강남구 봉은사로30길 64, 지상1층 (역삼동, 해석빌딩)"
양조장,기타,37.508846316774935,127.04418304513206,영업/정상,"서울특별시 강남구 선릉로 563 (역삼동,지상1층)"
요이벤스프카레 선릉점,기타,37.5030796694327,127.04937095067383,영업/정상,"서울특별시 강남구 선릉로 427, 지상1층 (역삼동)"
에코사랑목역점,기타,37.49161420575852,127.03335101537587,영업/정상,"서울특별시 강남구 도곡로3길 20-10, 지상1층 115호 (역삼동)"
뮬리,기타,37.502116731012734,127.0355523384114,영업/정상,"서울특별시 강남구 논현로93길 6, 1층 (역삼동)"
구봉산 돼지 갈비,기타,37.47697410970801,127.04799936357492,영업/정상,서울특별시 강남구 논현로16길 23 (개포동)
커피십오일,기타,37.50559421892382,127.04642751584424,영업/정상,"서울특별시 강남구 테헤란로53길 21 (역삼동,지상1층102호)"
(주)아워홈아모리스역삼,기타,37.5020942234229,127.03679819604724,영업/정상,"서울특별시 강남구 논현로 508 (역삼동,외1필지)"
서울황태,기타,37.51680705243116,127.03812691896714,영업/정상,"서울특별시 강남구 학동로45길 8, 유화빌딩 지상1층 101A호 (논현동)"
한솥,기타,37.493660659474145,127.0310157799875,영업/정상,"서울특별시 강남구 역삼로 109 (역삼동,지상1층103호)"
역삼각 중화요리,기타,37.50643446378827,127.03961278252326,영업/정상,"서울특별시 강남구 테헤란로39길 65, 청담빌딩 지하1층 (역삼동)"
윰드(Ummd),기타,37.52208601346877,127.0412026557572,영업/정상,"서울특별시 강남구 도산대로58길 18, 지상1층 (청담동)"
대치고운여성전용 한증막,기타,37.50070184742118,127.06319439083047,영업/정상,"서울특별시 강남구 삼성로64길 35, 지하1층 (대치동)"
더샴페인,기타,37.52574801120243,127.04282199745131,영업/정상,"서울특별시 강남구 압구정로60길 17-14 (청담동,지상2층)"
캠핑칼삼겹 강남본점,기타,37.49240903545035,127.03202358981508,영업/정상,"서울특별시 강남구 역삼로4길 16, 성우스타우스오피스텔 지하1층 비08호 (역삼동)"
키친스탠다드 강남점 63호,기타,37.50736932020773,127.03739743154303,영업/정상,"서울특별시 강남구 언주로107길 23, 지상2층 주방63호 (역삼동)"
더 타코부스,기타,37.525184176684036,127.03694733561879,영업/정상,"서울특별시 강남구 도산대로49길 35, 지상1층 3,4호 (신사동)"
노랑통닭 역삼점,기타,37.49396878348001,127.03816020783033,영업/정상,"서울특별시 강남구 역삼로20길 22, 지상1층 3호 (역삼동)"
도슬박,기타,37.527271710756054,127.03540661739333,영업/정상,"서울특별시 강남구 압구정로42길 25-3, KH빌딩 지상1층 (신사동)"
박서방숯불구이,기타,37.5011266153493,127.06447176006176,영업/정상,서울특별시 강남구 삼성로64길 51 (대치동)
장독묵은지,기타,37.48867399853818,127.06680617836673,영업/정상,서울특별시 강남구 삼성로 38 (개포동)
별양집,기타,37.504441829037965,127.04368674014272,영업/정상,"서울특별시 강남구 테헤란로43길 17, 지상1층,지하1층 (역삼동)"
회식의 달인,기타,37.50908275839987,127.02345058074391,영업/정상,"서울특별시 강남구 학동로2길 39, 2층 (논현동)"
오제제,기타,37.49503904291086,127.02970354160853,영업/정상,"서울특별시 강남구 강남대로 358, 강남358타워 지상2층 201호 (역삼동)"
(주)바디프랜드,기타,37.481369462731706,127.04400487573469,영업/정상,"서울특별시 강남구 양재천로 163, 4층 (도곡동)"
폴인포케 강남역점,기타,37.50042258313348,127.0274683002455,영업/정상,"서울특별시 강남구 테헤란로1길 32, 지상2층 1호 (역삼동)"
호텔컬리넌 개포,기타,37.476846953046675,127.04592245912748,영업/정상,"서울특별시 강남구 논현로 74-1, 지하1층 (개포동)"
다인맛집,기타,37.512727431801586,127.02190142418542,영업/정상,"서울특별시 강남구 학동로1길 22 (논현동,지하1층)"
돈지가,기타,37.50715731306915,127.03530501712642,영업/정상,서울특별시 강남구 봉은사로30길 7 (역삼동)
화이린,기타,37.514447767755655,127.02908337586712,영업/정상,"서울특별시 강남구 논현로131길 14 (논현동,지상1층)"
아바이왕순대,기타,37.528057914463076,127.0310211679467,영업/정상,서울특별시 강남구 압구정로 216 (신사동)
한잔 더,기타,37.51581479983111,127.04102167138515,영업/정상,"서울특별시 강남구 선릉로129길 9-7, 지하1층 (논현동, 미림빌딩)"
올인원키친,기타,37.5071210816503,127.02563849292959,영업/정상,"서울특별시 강남구 강남대로118길 31, 지하1층 일부호 (논현동)"
스페이스메이(Restaurant Space May),기타,37.500603838533415,127.04108572180806,영업/정상,"서울특별시 강남구 언주로85길 27, 지상1층 (역삼동)"
부리또리 강남본점,기타,37.49772601279262,127.0292970420504,영업/정상,"서울특별시 강남구 테헤란로4길 6, 강남역 센트럴 푸르지오 시티 지하1층 B105호 (역삼동)"
누락된 업소,기타,37.52508954406721,127.04170918074853,영업/정상,"서울특별시 강남구 도산대로57길 22, 지하2층호 (청담동)"
레스토랑 론도,기타,37.498291923614545,127.03189622972849,영업/정상,"서울특별시 강남구 테헤란로8길 11-5, 13층 (역삼동)"
밥도,기타,37.52693931460137,127.04183235329415,영업/정상,"서울특별시 강남구 압구정로60길 8 (청담동,지하1층)"
장수옥,기타,37.49093766830762,127.03461281931419,영업/정상,"서울특별시 강남구 강남대로62길 38 (역삼동,동림빌딩1층)"
바틀드(Bottled),기타,37.49821296239223,127.03163805984613,영업/정상,"서울특별시 강남구 테헤란로8길 11, 지상1층 2호 (역삼동)"
육품 강남본점,기타,37.500332854679456,127.02765462615808,영업/정상,서울특별시 강남구 테헤란로1길 28-1 (역삼동)
본가스시,기타,37.50859530026902,127.05971847792408,영업/정상,서울특별시 강남구 테헤란로 517 (삼성동)
이자카야나무(선릉점),기타,37.50570051558476,127.048146469406,영업/정상,"서울특별시 강남구 선릉로 517 (역삼동,지하1층)"
우성각,기타,37.4865168787329,127.05188290856825,영업/정상,"서울특별시 강남구 언주로 118 (도곡동,우성캐릭터지하1층6,7,8호)"
스시류,기타,37.504282895468755,127.05829686055158,영업/정상,"서울특별시 강남구 삼성로 416, 1층 (대치동)"
허머스키친,기타,37.50904780086485,127.06089284405361,영업/정상,"서울특별시 강남구 테헤란로 521, 지하1층 F-26호 (삼성동, 파르나스몰)"
에프씨브이(FCV),기타,37.497798430241566,127.05344105035118,영업/정상,"서울특별시 강남구 선릉로64길 14, 지하1층 (대치동)"
바나프레소 강남구청점,기타,37.518455387307775,127.04662634159116,영업/정상,"서울특별시 강남구 학동로 423, 청우빌딩 지상2층 (청담동)"
육사공,기타,37.4986777754104,127.03405581770551,영업/정상,"서울특별시 강남구 테헤란로16길 13 (역삼동,지상1층)"
해피스마일 Happy Smile,기타,37.49798405867348,127.03439215966614,영업/정상,"서울특별시 강남구 논현로85길 47, 지상1층 105호 (역삼동)"
리스토랑,기타,37.48506293767889,127.04319022564934,영업/정상,"서울특별시 강남구 논현로36길 17, 지상1층 (도곡동)"
으뜸청담맛집,기타,37.51834644119566,127.04244275745472,영업/정상,"서울특별시 강남구 선릉로132길 15, 지상1층 (청담동)"
한옥집 김치찜,기타,37.520237748481925,127.0351161686059,영업/정상,서울특별시 강남구 언주로148길 6 (논현동)
타미하우스 도곡점,기타,37.48812055362653,127.05107766375514,영업/정상,"서울특별시 강남구 언주로30길 13 (도곡동,대림아크로텔지하1층008호)"
모,기타,37.52578442770314,127.03869007517409,영업/정상,"서울특별시 강남구 선릉로157길 13-3 (신사동,지상1층)"
장수촌 풍천장어,기타,37.48951705668069,127.03313126174199,영업/정상,"서울특별시 강남구 도곡로4길 6, 1,2층 (도곡동)"
비엔오,기타,37.52512162695531,127.05063531023515,영업/정상,"서울특별시 강남구 도산대로89길 8 (청담동,L.H빌딩 지하1층)"
도니네,기타,37.49281107823658,127.03944588267815,영업/정상,"서울특별시 강남구 논현로63길 15 (역삼동,지상1층)"
라 뻬를라(La Perla),기타,37.52227020627583,127.02155028785432,영업/정상,"서울특별시 강남구 압구정로10길 30-12, 지상1층 (신사동)"
무한미니훠궈&볶음요리,기타,37.5004853414216,127.02776271942523,영업/정상,"서울특별시 강남구 테헤란로1길 28-5, 지상3층 (역삼동)"
몽갈비,기타,37.518550564449704,127.02800067721013,영업/정상,"서울특별시 강남구 논현로149길 5, 지상1층 (논현동)"
노숙자아구샤브샤브,기타,37.47809870494019,127.04820880334267,영업/정상,서울특별시 강남구 개포로22길 13 (개포동)
울돌목가는길,기타,37.51212144092041,127.05430755205167,영업/정상,서울특별시 강남구 삼성로 566 (삼성동)
뜸들이다 역삼점,기타,37.50064165435421,127.04017728143688,영업/정상,"서울특별시 강남구 테헤란로34길 14, 지상1층 101호 (역삼동)"
압꾸정닭강정,기타,37.51877161786243,127.02066860429736,영업/정상,"서울특별시 강남구 압구정로2길 46, 지상1층 (신사동, ---------)"
오늘은 철판,기타,37.5115152621893,127.0510912321009,영업/정상,"서울특별시 강남구 봉은사로72길 11, 지하1층 (삼성동)"
파이프라인 커피 스튜디오,기타,37.48222417555329,127.0449318404292,영업/정상,"서울특별시 강남구 논현로24길 25, 1층 일부호 (도곡동)"
타코투고,기타,37.50359412904925,127.05587315421515,영업/정상,"서울특별시 강남구 삼성로75길 26-8, 지상1층 (대치동)"
카츠오우 도곡점,기타,37.48466054906852,127.04509323419975,영업/정상,"서울특별시 강남구 논현로30길 42, 지상1층 (도곡동)"
태영식당,기타,37.505178063248636,127.06828347891084,영업/정상,"서울특별시 강남구 역삼로107길 20-28, 1동 지상1층 (대치동)"
샹볼뮈지니,기타,37.50335400786798,127.03800009267947,영업/정상,"서울특별시 강남구 논현로94길 25-7, 지상1층 (역삼동)"
뮤지드 아트,기타,37.51877161786243,127.02066860429736,영업/정상,"서울특별시 강남구 압구정로2길 46, 강남상가 지상2층 209-1호 (신사동, ---------)"
미니네 초밥,기타,37.476978094509086,127.05027916862402,영업/정상,"서울특별시 강남구 개포로22길 39-10, 지하1층 (개포동)"
아지트업,기타,37.52102604934135,127.03668921032767,영업/정상,"서울특별시 강남구 언주로148길 27, 지하1층 (논현동)"
신라스테이 역삼바(Bar),기타,37.504647325176684,127.04126317339903,영업/정상,"서울특별시 강남구 언주로 517, 2층 (역삼동, KT영동지사 호텔동)"
에이1(A1),기타,37.52667141192568,127.03900726841199,영업/정상,"서울특별시 강남구 언주로172길 64, 지하1층 (신사동)"
노이르 뮤직 후카바,기타,37.52587567880639,127.03833760567733,영업/정상,"서울특별시 강남구 도산대로51길 42, 지상2층 (신사동)"
비밀베이커리 압구정점,기타,37.524057735887894,127.02791593357462,영업/정상,"서울특별시 강남구 논현로 841, 제이비 미소 빌딩 지상1층 116호 (신사동)"
투뿔집,기타,37.51513150538149,127.0428484249835,영업/정상,"서울특별시 강남구 학동로56길 32, 지상1층 102호 (삼성동)"
삼성역전,기타,37.511286296115394,127.05642052253307,영업/정상,"서울특별시 강남구 삼성로104길 21, 지하1층 (삼성동)"
안뜨레,기타,37.505303330492296,127.02886701898474,영업/정상,서울특별시 강남구 봉은사로 130 (역삼동)
사랑의집,기타,37.49741797119301,127.06532707074464,영업/정상,"서울특별시 강남구 삼성로 212 (대치동,은마상가 A브럭 7-6)"
청담수산,기타,37.52300580951641,127.04023931217802,영업/정상,"서울특별시 강남구 도산대로 408 (청담동,지상1,2,3층)"
노모어피자 역삼직영점,기타,37.50291486321762,127.03899100354926,영업/정상,"서울특별시 강남구 논현로94길 32, 여산빌딩 2층 (역삼동)"
알마튜나(도곡점),기타,37.48498669525048,127.04575154468272,영업/정상,"서울특별시 강남구 논현로30길 50, 지상1층 (도곡동)"
더케이엠씨에이 레스토랑,기타,37.52430511004891,127.03884374538906,영업/정상,"서울특별시 강남구 선릉로 807, 지상1층 (신사동)"
윈펍,기타,37.50572024890585,127.04738854288688,영업/정상,"서울특별시 강남구 테헤란로57길 17, 엠스빌딩 지하1층 (역삼동)"
고고니 본점,기타,37.486974996226905,127.10343629891844,영업/정상,"서울특별시 강남구 광평로56길 8-9 (수서동,목화오피스텔102)"
똥싸게,기타,37.50601145867296,127.02482163039046,영업/정상,"서울특별시 강남구 봉은사로1길 18 (논현동,지하1층)"
놀부부대찌개,기타,37.52478476307834,127.02734540762779,영업/정상,"서울특별시 강남구 논현로167길 12, 지상1층 (신사동)"
솔솥 청담점,기타,37.52419200165266,127.03859185228455,영업/정상,"서울특별시 강남구 도산대로53길 16, 1층 (신사동)"
(주)공영식품 기소야삼성점,기타,37.50801457950897,127.05754855208768,영업/정상,서울특별시 강남구 삼성로92길 13 (삼성동)
한우리외식산업(주),기타,37.5212075446398,127.03469765358041,영업/정상,서울특별시 강남구 도산대로 304 (논현동)
한식1989,기타,37.477475471095815,127.04585883786095,영업/정상,"서울특별시 강남구 논현로18길 10-6, 지상1층 101호 (개포동)"
오(O),기타,37.52609839039133,127.04107240804649,영업/정상,"서울특별시 강남구 도산대로55길 40, 지하1층 (청담동)"
블랙루머다이오트,기타,37.52797374778474,127.03720009306171,영업/정상,"서울특별시 강남구 압구정로46길 5-6, 압구정로데오스타 지상1층 105호 (신사동)"
에프원,기타,37.504280061693194,127.0454625050656,영업/정상,"서울특별시 강남구 테헤란로47길 8, 지하1층 (역삼동)"
최씨부엌,기타,37.495194295080225,127.0317817722817,영업/정상,"서울특별시 강남구 역삼로5길 21, 지상1층 (역삼동)"
해랑가정식백반,기타,37.51246848983795,127.0344501964177,영업/정상,"서울특별시 강남구 학동로38길 38 (논현동,지상1층)"
더블유,기타,37.493660659474145,127.0310157799875,영업/정상,"서울특별시 강남구 역삼로 109 (역삼동,에스케이허브젠 지상1층 111호)"
라비뉴,기타,37.522402024690535,127.02761701751591,영업/정상,"서울특별시 강남구 도산대로27길 40 (신사동,지하1층)"
신궁전,기타,37.50164243397811,127.035076861278,영업/정상,"서울특별시 강남구 테헤란로25길 15-3, 지하1층 (역삼동)"
남도뷔페,기타,37.514184052433514,127.06384217305228,영업/정상,"서울특별시 강남구 영동대로106길 33, 화성빌딩 지하1층 (삼성동)"
구테로이테 청담점,기타,37.52550425385821,127.05043813140357,영업/정상,"서울특별시 강남구 압구정로79길 39, 지상1층 (청담동)"
정군비어(가로수길점),기타,37.517969034554355,127.02186316723629,영업/정상,서울특별시 강남구 강남대로152길 31 (신사동)
김한분,기타,37.50688369141595,127.05943678659689,영업/정상,"서울특별시 강남구 테헤란로88길 10 (대치동,지상1층106호)"
참숯골,기타,37.50561279067703,127.02946900789395,영업/정상,"서울특별시 강남구 봉은사로 134 (역삼동,외2필지)"
오가네족발,기타,37.485119844633815,127.04358893101384,영업/정상,"서울특별시 강남구 논현로36길 21 (도곡동,지상1층)"
농민백암,기타,37.503713369677165,127.05300413450362,영업/정상,"서울특별시 강남구 선릉로86길 40-4 (대치동,지상1층)"
정스치킨,기타,37.524065835026285,127.05025920194778,영업/정상,"서울특별시 강남구 도산대로92길 6, 지상1층 (청담동)"
준 일식,기타,37.504645364785965,127.04744400649686,영업/정상,"서울특별시 강남구 테헤란로 329 (역삼동,지하1층)"
양자강,기타,37.50109861700904,127.0402475315777,영업/정상,"서울특별시 강남구 테헤란로34길 7 (역삼동,외1필지 지상2층)"
에이플러스(Aplus),기타,37.50133801032489,127.03315327998095,영업/정상,"서울특별시 강남구 테헤란로19길 19 (역삼동,지상2층)"
감탄성신,기타,37.50290324694017,127.02666601254109,영업/정상,"서울특별시 강남구 강남대로106길 14 (역삼동,지상1층)"
리얼부대,기타,37.49309506737403,127.08532770164861,영업/정상,"서울특별시 강남구 일원로3길 71, 1층 코너호 (일원동)"
유키즈시,기타,37.50831384510651,127.06546765925698,영업/정상,"서울특별시 강남구 영동대로86길 17, 육인빌딩 지하1층 (대치동)"
마노디셰프 삼성점,기타,37.50909029775221,127.05832408553916,영업/정상,"서울특별시 강남구 테헤란로87길 21 (삼성동,지하1층)"
스노우폭스 선릉역점,기타,37.50570189223452,127.05155068061808,영업/정상,"서울특별시 강남구 테헤란로 415, 1층 (삼성동)"
신동궁감자탕뼈숯불구이,기타,37.5041011580717,127.05288605235386,영업/정상,"서울특별시 강남구 선릉로86길 39 (대치동,1층)"
남원추어탕,기타,37.50344104961895,127.0487798955239,영업/정상,서울특별시 강남구 선릉로89길 7 (역삼동)
나구야,기타,37.49687981406749,127.04072308415648,영업/정상,서울특별시 강남구 역삼로 217 (역삼동)
여여재 평상,기타,37.5098274229848,127.05461754379353,영업/정상,"서울특별시 강남구 삼성로 539, 초록빌딩 지상3층 (삼성동)"
두루,기타,37.52261030662724,127.04184436068735,영업/정상,"서울특별시 강남구 선릉로148길 28, 5층 (청담동)"
대인가,기타,37.50209754520591,127.03138182653896,영업/정상,"서울특별시 강남구 테헤란로13길 39 (역삼동,지상1층)"
르82,기타,37.4816946607964,127.04475947938874,영업/정상,"서울특별시 강남구 양재천로 167, 1층 (도곡동)"
브릿지앤드,기타,37.52876760364481,127.03319853468331,영업/정상,"서울특별시 강남구 압구정로 230, LF 서관 지하1층 (신사동)"
족발장인네 칼국수,칼국수,37.50631955447769,127.02694603723864,영업/정상,"서울특별시 강남구 강남대로114길 32, 지상1층 101호 (논현동)"
로이푸드,기타,37.50826298597257,127.02532174580752,영업/정상,"서울특별시 강남구 강남대로122길 28, 지상1층 01호 (논현동)"
라와마라탕 강남점,기타,37.495217070782424,127.03134935306511,영업/정상,"서울특별시 강남구 강남대로78길 24, 2층 (역삼동)"
어육가,기타,37.49942728561998,127.04469803872237,영업/정상,"서울특별시 강남구 언주로 408, 역삼자이 상가동 지하1층 B11호 (역삼동)"
청담배짱이,기타,37.490657518506424,127.0336893954804,영업/정상,"서울특별시 강남구 강남대로62길 26, 지하1층 (역삼동)"
마들마들,기타,37.52655404076346,127.03462363257331,영업/정상,"서울특별시 강남구 압구정로42길 36, 지상1층 101호 (신사동, 금광아크존1)"
신촌설렁탕(역삼점),기타,37.500678330164426,127.03207808361255,영업/정상,서울특별시 강남구 강남대로94길 59 (역삼동)
크레센트,기타,37.52389374086157,127.05412389343165,영업/정상,"서울특별시 강남구 영동대로 737 (청담동,지상1층)"
하이엔드위스키,기타,37.51068761361664,127.05533155478349,영업/정상,"서울특별시 강남구 삼성로104길 8, 2층 (삼성동)"
영동육회,기타,37.507265042161954,127.02438575062027,영업/정상,"서울특별시 강남구 강남대로120길 11, 지하1층 일부호 (논현동)"
정육점 강남점,기타,37.4980842333713,127.02938922751893,영업/정상,"서울특별시 강남구 테헤란로 110, 켐브리지 강남빌딩 지하1층 (역삼동)"
항아리,기타,37.498340115505634,127.0345162381115,영업/정상,"서울특별시 강남구 테헤란로20길 20 (역삼동,지상1층,지상2층)"
모델,기타,37.499606208996106,127.0438184131579,영업/정상,"서울특별시 강남구 언주로 409 (역삼동,지상1층)"
야마토야,기타,37.533026741970474,127.0279255640881,영업/정상,"서울특별시 강남구 압구정로29길 71, 점포4동 지상1층 106호 (압구정동, 현대아파트)"
용마산한우곱창강남,기타,37.50685096551998,127.0378000485665,영업/정상,"서울특별시 강남구 논현로106길 42, 지상1층 (역삼동)"
앨리스(Alice),기타,37.504916856254205,127.0426584069315,영업/정상,"서울특별시 강남구 언주로98길 12, 지하1층 (역삼동)"
갤러리101스페이스,기타,37.508132495889576,127.06191145349665,영업/정상,"서울특별시 강남구 테헤란로 528 (대치동,지하1층)"
생선생,기타,37.52154698483503,127.03124151100299,영업/정상,"서울특별시 강남구 논현로152길 38 (신사동,지상2층)"
마라차이즈,기타,37.50425500641158,127.05145858940072,영업/정상,"서울특별시 강남구 테헤란로64길 13, 1층 104호 (대치동)"
토담골,기타,37.50867775174831,127.0366222314622,영업/정상,"서울특별시 강남구 봉은사로37길 5, 태양빌딩 지하1층 (논현동)"
킹스맨,기타,37.52424585323722,127.04239413657471,영업/정상,"서울특별시 강남구 선릉로152길 34, 지상6층 1호 (청담동)"
크리켓서울,기타,37.52564411298462,127.03661131300082,영업/정상,"서울특별시 강남구 언주로164길 35-6, 지상1층 (신사동)"
누락된 업소,기타,37.51877385732428,127.0244571822376,영업/정상,서울특별시 강남구 강남대로152길 64 (신사동)
청담명태조림전문점,기타,37.5221298041098,127.05694393721046,영업/정상,서울특별시 강남구 학동로101길 33 (청담동)
죠야,기타,37.51549439872133,127.03238741455613,영업/정상,"서울특별시 강남구 논현로132길 25, 두오모앤코 지상9층 (논현동)"
도우 하우스,기타,37.49523293837467,127.03815727362597,영업/정상,"서울특별시 강남구 역삼로 172, 지상1층 (역삼동)"
바나프레소 강남역사거리점,기타,37.499033347049085,127.02766515180326,영업/정상,"서울특별시 강남구 강남대로 406, GLASS TOWER 지상1층 102호 (역삼동)"
몰레꿀라(MOLECULA),기타,37.52578442770314,127.03869007517409,영업/정상,"서울특별시 강남구 선릉로157길 13-3, 지상2층 (신사동)"
라화쿵부 삼성아이파크점,기타,37.507049992251545,127.06182236983138,영업/정상,"서울특별시 강남구 영동대로85길 20, 지하1층 B106-2호 (대치동)"
지안정,기타,37.5156052104947,127.04085262088974,영업/정상,"서울특별시 강남구 선릉로127길 10, GOOD 지하1층 (논현동)"
순딜리버리 5호점,기타,37.513353374559664,127.02132348064708,영업/정상,"서울특별시 강남구 강남대로136길 5-4, 지하1층 5호 (논현동)"
풍년집 큰 아들네,기타,37.49375325424519,127.03574861629292,영업/정상,"서울특별시 강남구 역삼로14길 13, 지상1층 (역삼동)"
강씨가문의 족발,기타,37.51240794907132,127.02148748492509,영업/정상,"서울특별시 강남구 학동로1길 15, 지상1층 (논현동)"
몰타참치,기타,37.504971497153164,127.05468600829543,영업/정상,"서울특별시 강남구 테헤란로78길 14-11 (대치동,돌채타워지상2층)"
압구정쌍커피,기타,37.5253075698724,127.03874259696754,영업/정상,"서울특별시 강남구 선릉로155길 11, 1층 103호 (신사동)"
아리노 마마,기타,37.48514456922606,127.03575694615022,영업/정상,"서울특별시 강남구 남부순환로 2615, 지상1층 132호,133호 (도곡동, 극동스타클래스)"
슬로우캘리 역삼점,기타,37.49817677880218,127.0336434519445,영업/정상,"서울특별시 강남구 논현로85길 52, 역삼 푸르지오 시티 지상1층 103호 (역삼동)"
국당,기타,37.514867799738596,127.04185775016454,영업/정상,"서울특별시 강남구 선릉로 653 (논현동,지상1층)"
홍성원,기타,37.525736177109614,127.05212509392399,영업/정상,"서울특별시 강남구 압구정로79길 61 (청담동,지상1층)"
키친스탠다드 강남점 58호,기타,37.50736932020773,127.03739743154303,영업/정상,"서울특별시 강남구 언주로107길 23, 지상2층 주방58호 (역삼동)"
무아국수,기타,37.51655166515923,127.0401389040349,영업/정상,"서울특별시 강남구 학동로 338 (논현동,강남파라곤 지하1층 114호)"
나즈드라비,기타,37.500246547690715,127.02798464890815,영업/정상,"서울특별시 강남구 테헤란로1길 28-6, 지하층 (역삼동)"
야미케이크,기타,37.51976699023921,127.02470842041096,영업/정상,"서울특별시 강남구 논현로151길 42, 지하1층 (신사동)"
탄탄면공방(강남점),기타,37.49582822343953,127.03051300522289,영업/정상,"서울특별시 강남구 테헤란로4길 40, 지상1층 (역삼동)"
샌드백카페,기타,37.49561560768395,127.04484102301512,영업/정상,"서울특별시 강남구 도곡로37길 29, 지하1층 101호 (역삼동)"
막간(maggan),기타,37.49402676609787,127.03609541870954,영업/정상,"서울특별시 강남구 논현로71길 43, 지상1층 (역삼동)"
죽~이요 본점,기타,37.50423802244204,127.02564617116201,영업/정상,"서울특별시 강남구 봉은사로2길 7, 2층 203호 (역삼동)"
솔밤,기타,37.51556821133409,127.03421968975441,영업/정상,"서울특별시 강남구 학동로 231, 지상2층 201호 (논현동)"
미림양장,기타,37.52574451250028,127.03677187337023,영업/정상,"서울특별시 강남구 언주로168길 40, 지하1층 (신사동)"
사위식당 역삼,기타,37.50053851789022,127.03343068766199,영업/정상,"서울특별시 강남구 테헤란로19길 7, 지상1층 101호 (역삼동)"
영동죽집,기타,37.50916788345753,127.02458355478463,영업/정상,서울특별시 강남구 강남대로124길 22 (논현동)
마티스커피,기타,37.475139471811005,127.04930659724018,영업/정상,"서울특별시 강남구 논현로12길 21 (개포동,지상1층)"
마시리,기타,37.505411636310576,127.04025345588991,영업/정상,"서울특별시 강남구 언주로97길 12 (역삼동,지상1층)"
(주)커피빈코리아 선릉역3번출구세방빌딩점,기타,37.50379490791926,127.04901267972451,영업/정상,"서울특별시 강남구 선릉로 433, 세방빌딩 지상1층 일부 (역삼동)"
우시라멘,기타,37.47824428319061,127.04666333114223,영업/정상,"서울특별시 강남구 논현로20길 22, 지상1층 101호 (개포동, YH빌리지)"
단백하루(선릉점),기타,37.50406231790591,127.05506209394842,영업/정상,"서울특별시 강남구 삼성로81길 32, 지상1층 (대치동)"
통삼집,기타,37.509240441044014,127.02634983431321,영업/정상,"서울특별시 강남구 학동로6길 50, 지상1층 103호 (논현동)"
씨테라스,기타,37.52457581096401,127.0383056105035,영업/정상,"서울특별시 강남구 선릉로153길 13 (신사동,지상6층)"
솔트랑 청담,기타,37.52479910172573,127.04432582802353,영업/정상,"서울특별시 강남구 압구정로80길 30, 지하1층 (청담동)"
(주)디브릿지케이푸드라운지,기타,37.523337027252516,127.0370900043978,영업/정상,"서울특별시 강남구 도산대로49길 9, 지하1층,지하2층 (신사동)"
이름없는 파스타 한티역점,기타,37.497819991317705,127.05460201155982,영업/정상,"서울특별시 강남구 도곡로63길 12 (대치동,신농프라자지상1층102호)"
한정남의 샤오차이,기타,37.50688759899688,127.03918049459159,영업/정상,"서울특별시 강남구 테헤란로39길 73, 지상1층 (역삼동)"
메이카츠,기타,37.49782806545782,127.0610136497992,영업/정상,"서울특별시 강남구 삼성로 231, 지상1층 101호 (대치동)"
쪼우진가,기타,37.50331227607704,127.04633325591085,영업/정상,"서울특별시 강남구 테헤란로 322, 한신인터밸리24 제비동 지하2층 123호 (역삼동)"
돈번집 삼성점,기타,37.51255190985456,127.05062430655428,영업/정상,"서울특별시 강남구 봉은사로 467, 세창빌딩 지상2층 201호 (삼성동)"
브이오(VO),기타,37.52241494935824,127.04235127952393,영업/정상,"서울특별시 강남구 선릉로146길 27-10, 3층 (청담동)"
투헌드레드,기타,37.51992040292686,127.02216695953086,영업/정상,"서울특별시 강남구 강남대로158길 46, 지상1층 101호 (신사동)"
비노,기타,37.49853587074022,127.04374356009274,영업/정상,"서울특별시 강남구 역삼로 251 (역삼동,CHB전산센터신관지하1층)"
청운한식,기타,37.48812055362653,127.05107766375514,영업/정상,"서울특별시 강남구 언주로30길 13 (도곡동,지하1층7호)"
비비큐 대치은마점,기타,37.50001939690995,127.06610606450234,영업/정상,서울특별시 강남구 영동대로57길 16 (대치동)
컴피 스테이크하우스(Komfy steakhouse),기타,37.52659458459472,127.03674877171733,영업/정상,"서울특별시 강남구 언주로170길 37, 지상2층 202호 (신사동)"
미림,기타,37.52314577135756,127.02716019957617,영업/정상,"서울특별시 강남구 논현로159길 12 (신사동,지상2층)"
신사전,기타,37.51866428936511,127.02269814286461,영업/정상,"서울특별시 강남구 도산대로11길 18, 지상1층 1호 (신사동)"
아비꼬 신사가로수길점,기타,37.52114059422402,127.02224286387481,영업/정상,"서울특별시 강남구 압구정로10길 37, 지상1층 (신사동)"
명동칼국수 샤브샤브 학동점,칼국수,37.51479180337787,127.03114650586448,영업/정상,"서울특별시 강남구 논현로132길 8 (논현동,1층)"
오봉집 신논현점,기타,37.50835348539162,127.02342481110134,영업/정상,"서울특별시 강남구 학동로2길 50, 1층 101호 (논현동)"
하노이스토리,기타,37.4986942963497,127.03590020298319,영업/정상,"서울특별시 강남구 논현로85길 25, 지상1층 (역삼동)"
전주피순대,기타,37.49090953802012,127.03318305198923,영업/정상,서울특별시 강남구 도곡로3길 10 (역삼동)
감성족발 강남점,기타,37.49931556948604,127.02855745620147,영업/정상,"서울특별시 강남구 강남대로94길 14, 1층 2호 (역삼동)"
풍년닭도리탕,기타,37.50613062018734,127.02735410531633,영업/정상,"서울특별시 강남구 봉은사로7길 9 (논현동,1층)"
튀긴치킨 싫어서 구운치킨만 파는 집,기타,37.49582964016155,127.0398367752478,영업/정상,"서울특별시 강남구 역삼로 204, 삼환 아르누보 지하1층 B07, B08중 105호 (역삼동)"
벳남미식,기타,37.50669985336613,127.05373844817335,영업/정상,"서울특별시 강남구 삼성로91길 30, 2층 (삼성동)"
판다비즈,기타,37.505947435295354,127.03718684473424,영업/정상,"서울특별시 강남구 언주로103길 35, 지하1층 101호 (역삼동)"
마우이 서재,기타,37.527491146526046,127.03901959792695,영업/정상,"서울특별시 강남구 선릉로161길 18, 5층 (신사동)"
엘리스 부엌(ellie's kitchen),기타,37.5223050100243,127.05773590499582,영업/정상,"서울특별시 강남구 학동로101길 26, 청담 삼익상가 지상1층 161호 (청담동)"
포비든,기타,37.5225295772924,127.02909033798348,영업/정상,"서울특별시 강남구 압구정로30길 73 (신사동,지하1층)"
부엉이산장 청류 압구정로데오점,기타,37.526605769908244,127.0379559420508,영업/정상,"서울특별시 강남구 압구정로50길 25, 지상2층 (신사동)"
제주흑돼지수원왕갈비,기타,37.51315809066334,127.05268533212086,영업/정상,"서울특별시 강남구 봉은사로 479 (삼성동,지상2층,3층)"
애플가든 주식회사,기타,37.50488012809299,127.04637813731257,영업/정상,"서울특별시 강남구 선릉로93길 26 (역삼동,지하1층)"
미태리파스타 연구소,기타,37.50549354977341,127.0548744508512,영업/정상,"서울특별시 강남구 선릉로90길 70, 지상2층 (대치동)"
스쿨푸드 삼성 딜리버리점,기타,37.50199484972464,127.0567701645107,영업/정상,"서울특별시 강남구 역삼로78길 6, 지상1층 (대치동)"
스시인,기타,37.525643761826515,127.03454102053982,영업/정상,"서울특별시 강남구 압구정로42길 49, 3층 (신사동)"
담소정-담백하고 소박하고 정갈한 밥상,기타,37.500590199254376,127.04276255216791,영업/정상,"서울특별시 강남구 테헤란로38길 29, 이원빌딩 지하1층 5-1호 (역삼동)"
미도식당,기타,37.49339315758811,127.06734998772491,영업/정상,"서울특별시 강남구 남부순환로 3032 (대치동,미도상가 지하1층 28,29호)"
스크린토랑,기타,37.5080139610026,127.0553955587808,영업/정상,"서울특별시 강남구 삼성로 517, 지하1층 비117호 (삼성동, 채널리저브)"
비라운지(B.Lounge),기타,37.522243516549686,127.04125915179829,영업/정상,"서울특별시 강남구 도산대로58길 16, 지하1층 (청담동)"
더(The) 고깃집,기타,37.510502100738286,127.05726026960444,영업/정상,"서울특별시 강남구 삼성로100길 23-14, 지상1층 (삼성동)"
논현 차돌집,기타,37.508419314674626,127.02436769156134,영업/정상,"서울특별시 강남구 학동로4길 49 (논현동,지상1층)"
이곳,기타,37.528057914463076,127.0310211679467,영업/정상,서울특별시 강남구 압구정로 216 (신사동)
제이(J),기타,37.507413809625255,127.03755210332818,영업/정상,서울특별시 강남구 봉은사로38길 12 (역삼동)
그면에 반하面,기타,37.489973677795724,127.08326122660915,영업/정상,"서울특별시 강남구 양재대로33길 6, 지상1층 2호 (일원동)"
라엘,기타,37.524485350935876,127.04169242784744,영업/정상,"서울특별시 강남구 선릉로152길 25 (청담동,(지상2층))"
마오,기타,37.52199138823243,127.04053903776632,영업/정상,"서울특별시 강남구 도산대로56길 17, 지하1층,지상1층 (청담동)"
보네르,기타,37.520254043083966,127.02591835624143,영업/정상,"서울특별시 강남구 도산대로23길 19, 지상 1층 (신사동)"
브라더한정식도시락 강남일원점,기타,37.4910265075269,127.08769569982142,영업/정상,"서울특별시 강남구 일원로9길 76, 지상1층 101호 (일원동)"
신계리,기타,37.5047987745711,127.04343161919253,영업/정상,"서울특별시 강남구 언주로98길 20, 지하1층 B01호 (역삼동)"
피나포어(pinafore),기타,37.49675627150357,127.03755337151945,영업/정상,"서울특별시 강남구 역삼로19길 26, 지상1층 (역삼동)"
장독대,기타,37.50588973059903,127.02822289991634,영업/정상,"서울특별시 강남구 봉은사로 129, 지상1층 101호 (논현동, 거평타운)"
굴러들어온 복집,기타,37.49580175424792,127.04116102415165,영업/정상,"서울특별시 강남구 논현로72길 20, 지상1층 101호 (역삼동)"
(주)유아굿컴퍼니,기타,37.5214798318691,127.02233567092942,영업/정상,"서울특별시 강남구 가로수길 55-5, 지상1층 (신사동)"
도티,기타,37.510758251177194,127.02292383805394,영업/정상,"서울특별시 강남구 학동로4길 10, 지상1층 (논현동)"
김봉남포장마차,기타,37.499586373923634,127.03567472550439,영업/정상,"서울특별시 강남구 논현로87길 15, LS빌딩 1층 (역삼동)"
고화갈비살 수서점,기타,37.48851996356718,127.10325621679499,영업/정상,"서울특별시 강남구 광평로51길 6-11, 지상1층 (수서동)"
니혼슈바 슈토,기타,37.48736021792819,127.0348864388484,영업/정상,"서울특별시 강남구 강남대로48길 23, 1층 (도곡동, 호정빌딩)"
이즈,기타,37.52572501423883,127.02741383446067,영업/정상,"서울특별시 강남구 논현로171길 12 (신사동,지하1층)"
장생건강원,기타,37.509377385265694,127.02452101737484,영업/정상,"서울특별시 강남구 강남대로124길 23, 지상1층 102,103호 (논현동)"
스시 장종현,기타,37.5254949736098,127.04895344029043,영업/정상,"서울특별시 강남구 도산대로85길 13, 지상2층 (청담동)"
오브시에 개포직영점,기타,37.47468806007963,127.05404696412796,영업/정상,"서울특별시 강남구 논현로4길 57, 지상1층 (개포동)"
샤토블랑,기타,37.52359909931008,127.04574251738148,영업/정상,"서울특별시 강남구 도산대로 452 (청담동,JS빌딩 지하3층)"
남도랑,기타,37.49416865305187,127.03219135301816,영업/정상,"서울특별시 강남구 역삼로5길 5 (역삼동,지상1층)"
겐지(KENJI),기타,37.516248850972204,127.03101928867714,영업/정상,"서울특별시 강남구 논현로136길 11, 지상3층 (논현동)"
애월식당 압구정점,기타,37.52533675017158,127.03788276507943,영업/정상,"서울특별시 강남구 도산대로51길 33, 지상 1층 (신사동)"
앤레커피 코엑스점,기타,37.50959124747711,127.05927363531747,영업/정상,"서울특별시 강남구 테헤란로87길 22, 지하1층 R119호 (삼성동, 한국도심공항터미널)"
킨카이자카야 킨톤라멘,기타,37.52342857320163,127.0362057654204,영업/정상,"서울특별시 강남구 도산대로45길 10-5, 지하1층 (신사동)"
정일돈 삼성점,기타,37.51038967300391,127.05731649902275,영업/정상,"서울특별시 강남구 삼성로100길 23-8, 지상1층 (삼성동)"
대가,기타,37.477185099452626,127.04803132714284,영업/정상,"서울특별시 강남구 개포로20길 26 (개포동,지상1층)"
가시리,기타,37.496230696995084,127.03374727398084,영업/정상,"서울특별시 강남구 논현로79길 64 (역삼동,지상1층)"
스시 오오타니,기타,37.5224820726793,127.04077003587422,영업/정상,"서울특별시 강남구 선릉로148길 14, 베리굿빌딩 지상2층 (청담동)"
감성화로,기타,37.513575788305744,127.02714755080521,영업/정상,"서울특별시 강남구 논현로131길 41, 지하1층 (논현동)"
액트4,기타,37.519091614074014,127.02405060894162,영업/정상,"서울특별시 강남구 도산대로15길 12, 7층 (신사동)"
어글리,기타,37.49982892379707,127.02745386264145,영업/정상,"서울특별시 강남구 강남대로96길 5 (역삼동,재영빌딩 지상5층)"
에덴(Eden),기타,37.522386660099976,127.02793629181298,영업/정상,서울특별시 강남구 논현로 829 (신사동)
누누카츠&모밀,기타,37.50847746286273,127.05788668519753,영업/정상,"서울특별시 강남구 테헤란로83길 14, 지하1층 B104호,B105호 (삼성동, 두산위브센티움)"
양(YANG),기타,37.52287800938103,127.04050164669329,영업/정상,"서울특별시 강남구 도산대로 410, 지하1층 (청담동)"
청기와,기타,37.520407250459,127.03609523539045,영업/정상,서울특별시 강남구 언주로148길 14 (논현동)
갓포문,기타,37.48466054906852,127.04509323419975,영업/정상,"서울특별시 강남구 논현로30길 42, 지상2층 (도곡동)"
순딜리버리 14호점,기타,37.513353374559664,127.02132348064708,영업/정상,"서울특별시 강남구 강남대로136길 5-4, 지하1층 14호 (논현동)"
구십구 구(99 9),기타,37.50316333549303,127.05610735976644,영업/정상,"서울특별시 강남구 삼성로75길 26, 1층 102호 (대치동)"
참맛식당,기타,37.513885449349736,127.02888557530281,영업/정상,"서울특별시 강남구 학동로 165, 지상1층 110호, 111호 (논현동, 마일스디오빌)"
샐러드앤 미미,기타,37.52217028364412,127.04062772249198,영업/정상,"서울특별시 강남구 도산대로56길 15-1 (청담동,지하1층)"
솔트랑 스테이크 삼성,기타,37.50885063061025,127.06453692158235,영업/정상,"서울특별시 강남구 테헤란로 610, 호텔 글래드 강남 코엑스센터 지하1층 (대치동)"
팔도비빔밥,기타,37.50950719208622,127.02406201447234,영업/정상,"서울특별시 강남구 강남대로126길 18, 지상1층 103호 (논현동)"
용이네,기타,37.518027318476115,127.01975937269687,영업/정상,"서울특별시 강남구 강남대로156길 8 (신사동,지상1층)"
광화문 닭곰탕 & 칼국수,칼국수,37.503829977339976,127.04482784406801,영업/정상,"서울특별시 강남구 테헤란로 311 (역삼동,(지층 108-109호))"
비(B),기타,37.52272344275344,127.04278477711993,영업/정상,"서울특별시 강남구 선릉로148길 40, 지하1층 (청담동)"
영동숙수,기타,37.50826298597257,127.02532174580752,영업/정상,"서울특별시 강남구 강남대로122길 28, 1층 103호 (논현동)"
북촌손만두 청담점,기타,37.52202183100989,127.0407971219826,영업/정상,"서울특별시 강남구 선릉로146길 13, 지상2층 (청담동)"
천미향,기타,37.51361732023304,127.06444105576738,영업/정상,"서울특별시 강남구 봉은사로108길 21, 지상2층 (삼성동)"
청자골,기타,37.503658824483516,127.05606376343522,영업/정상,"서울특별시 강남구 역삼로77길 17 (대치동,지상1층)"
재키스키친코리아주식회사,기타,37.51046472706423,127.06027605014796,영업/정상,
차선책서울,기타,37.52554476084441,127.03860813037649,영업/정상,"서울특별시 강남구 선릉로155길 14, 1층,2층 (신사동)"
에드엣(add.),기타,37.522065547389076,127.02150413407456,영업/정상,"서울특별시 강남구 압구정로10길 30-9, 지하1층 (신사동)"
백미당본점,기타,37.52066107790254,127.033420846761,영업/정상,"서울특별시 강남구 언주로149길 8, 2층 (논현동)"
두릉도원 북촌순두부,기타,37.51053310504281,127.02352257389533,영업/정상,"서울특별시 강남구 학동로4길 15, 1층 107,108,109호 (논현동, 동화히스토리)"
피그닉,기타,37.51877161786243,127.02066860429736,영업/정상,"서울특별시 강남구 압구정로2길 46, 지상1층 20-1호 (신사동)"
양가네푸드 강남점,기타,37.49696314249097,127.04462809398946,영업/정상,"서울특별시 강남구 언주로71길 5-10, 지하1층 2호 (역삼동)"
청담더덕김밥(하랑재),기타,37.5223050100243,127.05773590499582,영업/정상,"서울특별시 강남구 학동로101길 26, 청담 삼익상가 지상1층 120호 (청담동)"
오븐데이 개포점,기타,37.47528956448009,127.05041109702265,영업/정상,"서울특별시 강남구 논현로10길 29, 1층 (개포동)"
클라우드,기타,37.498726586820325,127.04304957987573,영업/정상,"서울특별시 강남구 언주로75길 16, 지상1층 102호 (역삼동)"
대순집,기타,37.50851250714221,127.03295889679872,영업/정상,"서울특별시 강남구 논현로 613 (논현동,지상1층)"
커맛(타이니브라운),기타,37.50485875715353,127.03585809805074,영업/정상,"서울특별시 강남구 논현로102길 8, 지상1층 (역삼동)"
서초골,기타,37.49028355550766,127.03316026459375,영업/정상,서울특별시 강남구 도곡로 117 (역삼동)
우리집김밥,기타,37.50100380439089,127.06364587554184,영업/정상,"서울특별시 강남구 삼성로64길 41 (대치동,지하1층11,14호)"
부흥왕족발,기타,37.523128399791034,127.04878458144502,영업/정상,"서울특별시 강남구 삼성로146길 8, 지상1층 101호 (청담동)"
선릉 순대집,기타,37.50471344902549,127.04385683323984,영업/정상,"서울특별시 강남구 언주로98길 26 (역삼동,(역삼동703-8에서장소이전))"
주도락 강남점,기타,37.499865740003386,127.0284810662075,영업/정상,"서울특별시 강남구 강남대로96길 18, 지상1층 101호 (역삼동)"
예림,기타,37.50282548996486,127.04478456667569,영업/정상,"서울특별시 강남구 테헤란로 310, 지하1층 (역삼동)"
잔칫집,기타,37.52422149309227,127.02733394571518,영업/정상,"서울특별시 강남구 논현로163길 10 (신사동,베드로빌딩 1층)"
대청 만찬,기타,37.49434795190433,127.07961586766422,영업/정상,"서울특별시 강남구 개포로 623 (개포동,대청타워지하1층125,126,127호)"
사계절 이모카세,기타,37.526627580150894,127.03402508897436,영업/정상,"서울특별시 강남구 언주로168길 5, 지미안빌딩 지상1층 (신사동)"
문가네 고추장추어탕,기타,37.47372290178966,127.10698566068906,영업/정상,"서울특별시 강남구 밤고개로 231, 지상2층 201호 (자곡동)"
파랑해녀집 신사점,기타,37.519650187711115,127.02026015756854,영업/정상,"서울특별시 강남구 강남대로160길 19, 1층 (신사동)"
보카(boca),기타,37.52173140941037,127.03079758094346,영업/정상,"서울특별시 강남구 논현로152길 33, 5층 (신사동)"
고급양식,기타,37.49701847572391,127.03642607931087,영업/정상,"서울특별시 강남구 역삼로17길 33, 지상1층 (역삼동)"
21케이크 선릉삼성점,기타,37.503380194323334,127.05299490422645,영업/정상,"서울특별시 강남구 테헤란로68길 29, 지상1층 (대치동)"
시어머니 김치찜,기타,37.50357434023682,127.05428035340167,영업/정상,"서울특별시 강남구 삼성로81길 43, 지상2층 9호 (대치동)"
까페 라운지 드코스모(cafe LOUNGE de Cosmo),기타,37.52403586016794,127.04848688095441,영업/정상,"서울특별시 강남구 도산대로 508, 2층 (청담동)"
난랑,기타,37.51527213510413,127.0316024505796,영업/정상,서울특별시 강남구 논현로132길 13 (논현동)
프리버드이(2),기타,37.49586213103544,127.03222693513685,영업/정상,서울특별시 강남구 테헤란로8길 46 (역삼동)
짬뽕의전설,기타,37.49167029118842,127.03145695927101,영업/정상,서울특별시 강남구 강남대로66길 6 (역삼동)
3일소고기국밥,국밥,37.5116853554827,127.047088880377,영업/정상,"서울특별시 강남구 봉은사로63길 3, 1층 (삼성동)"
조프로커피,기타,37.49835963275035,127.03958472811036,영업/정상,"서울특별시 강남구 테헤란로28길 42, HJ빌딩 지하1층 (역삼동)"
냉동고집 역삼점,기타,37.501296008090556,127.03497830686499,영업/정상,"서울특별시 강남구 테헤란로25길 9, 지상2층 201호 (역삼동)"
마이니치라멘 선정릉점,기타,37.5118457030839,127.0469808423447,영업/정상,"서울특별시 강남구 봉은사로63길 7, 수목빌딩 지상1층 102호 (삼성동)"
덮음밥 역삼점,기타,37.50496723260514,127.03966016971232,영업/정상,"서울특별시 강남구 테헤란로37길 41, 지하1층 (역삼동)"
파파호,기타,37.521774261001845,127.05525416796382,영업/정상,서울특별시 강남구 영동대로137길 3 (청담동)
지알브이(GRV),기타,37.52182578019534,127.0314377493516,영업/정상,"서울특별시 강남구 도산대로37길 12, 지상2층 (신사동)"
루카(LUKA),기타,37.51818358089458,127.02299184762225,영업/정상,"서울특별시 강남구 강남대로152길 46, 지하1층 (신사동)"
비스트로 앤트로,기타,37.52314577135756,127.02716019957617,영업/정상,"서울특별시 강남구 논현로159길 12, 지상1층 (신사동)"
땀땀,기타,37.50040215319389,127.0279806384122,영업/정상,"서울특별시 강남구 강남대로98길 12-5, 지하1층,지상1~2층 (역삼동)"
우쥬라운지,기타,37.522003103136974,127.02132961232067,영업/정상,"서울특별시 강남구 압구정로4길 13-12, 1층 (신사동)"
향방,기타,37.51576536657937,127.02071028756794,영업/정상,"서울특별시 강남구 강남대로150길 10, 지상2층 (논현동)"
펠리체,기타,37.5027577597894,127.05697094993623,영업/정상,서울특별시 강남구 역삼로 455 (대치동)
루체파스타,기타,37.51997646288769,127.02685288966428,영업/정상,"서울특별시 강남구 논현로151길 17, 2층 201호 (신사동)"
153테이블 & 와인(153Table & Wine),기타,37.50996188652867,127.03517440498506,영업/정상,"서울특별시 강남구 언주로115길 18, 지상1층 102호 (논현동)"
피자리아 시오,기타,37.49963453449267,127.05893334906928,영업/정상,"서울특별시 강남구 삼성로63길 15, 지상2층 (대치동)"
흑돈92,기타,37.48812055362653,127.05107766375514,영업/정상,"서울특별시 강남구 언주로30길 13 (도곡동,대림아크로텔C동 지하1층 14-4호)"
쿄토푸서울(주),기타,37.50859530026902,127.05971847792408,영업/정상,"서울특별시 강남구 테헤란로 517, 지하1층 (삼성동)"
삼성족발,기타,37.51521269255384,127.06095243539596,영업/정상,"서울특별시 강남구 영동대로112길 9, 1층 4호 (삼성동)"
웨스트사이공,기타,37.512521154961824,127.05881929973503,영업/정상,"서울특별시 강남구 영동대로 511 (삼성동,159-1,2. 코엑스몰A-18지하1,2층)"
허밍(Humming),기타,37.509369943456214,127.03719812716545,영업/정상,"서울특별시 강남구 언주로 605, 지상1층 6호 (논현동)"
연어파는 육회집 대치점,기타,37.50357434023682,127.05428035340167,영업/정상,"서울특별시 강남구 삼성로81길 43, 지상2층 17호 (대치동)"
청담 불가마 24시 사우나,기타,37.52328380360901,127.04492785947343,영업/정상,"서울특별시 강남구 삼성로149길 32, 지하1층 (청담동)"
에이지 49 _ BAR,기타,37.52628638911268,127.03533818821016,영업/정상,"서울특별시 강남구 언주로168길 21, 지상2층 (신사동)"
청담곱창,기타,37.522082638431925,127.04794284596781,영업/정상,"서울특별시 강남구 학동로77길 52 (청담동,지상1층)"
명동칼국수,칼국수,37.50798923518987,127.06560528891723,영업/정상,서울특별시 강남구 영동대로86길 18 (대치동)
더순탄,기타,37.500590199254376,127.04276255216791,영업/정상,"서울특별시 강남구 테헤란로38길 29, 이원빌딩 지하1층 4호 (역삼동)"
진가네,기타,37.47681680525861,127.04776050897051,영업/정상,"서울특별시 강남구 논현로16길 17, 지상1층 104호 (개포동)"
오미식당,기타,37.50859530026902,127.05971847792408,영업/정상,"서울특별시 강남구 테헤란로 517, 지하1층 (삼성동, 현대백화점)"
도리짱 강남논현점,기타,37.50644343771189,127.02823605487434,영업/정상,"서울특별시 강남구 강남대로112길 49, 지상1층 (논현동)"
한솥 대치삼성아파트 입구점,기타,37.497840196692565,127.05925664980383,영업/정상,서울특별시 강남구 삼성로57길 22 (대치동)
순딜리버리 8호점,기타,37.513353374559664,127.02132348064708,영업/정상,"서울특별시 강남구 강남대로136길 5-4, 지하1층 8호 (논현동)"
빨강우산 부대찌개 선릉역 본점,기타,37.50381208310623,127.04524703703565,영업/정상,"서울특별시 강남구 테헤란로 313, 지하1층 7호 (역삼동)"
사오월,기타,37.49532561081569,127.03253079467511,영업/정상,"서울특별시 강남구 역삼로7길 17, 네스빌 지상1층 104호 (역삼동)"
퀸즈블러바드,기타,37.483522846295095,127.04527459421298,영업/정상,"서울특별시 강남구 논현로26길 38, 지상1층 (도곡동)"
남도 이모네,기타,37.521933119205634,127.03716633404952,영업/정상,"서울특별시 강남구 도산대로50길 6, 지상1층 (논현동)"
쿠바,기타,37.49481706932411,127.03713642934174,영업/정상,서울특별시 강남구 역삼로20길 6 (역삼동)
보니또,기타,37.521909416502,127.02732208141704,영업/정상,"서울특별시 강남구 논현로155길 8 (신사동,지상2층)"
원당뼈다귀감자탕,기타,37.500872031718735,127.03393789752137,영업/정상,서울특별시 강남구 강남대로94길 83 (역삼동)
믹스드 테이블(Mixed Table),기타,37.507860064837374,127.02433782017698,영업/정상,"서울특별시 강남구 강남대로122길 14 (논현동,지하1층)"
데블다이스,기타,37.50077411739681,127.02671271586524,영업/정상,"서울특별시 강남구 강남대로 428, 만이빌딩 지상3층 2-304호 (역삼동)"
삼미미 스시 앤 이자카야,기타,37.49532561081569,127.03253079467511,영업/정상,"서울특별시 강남구 역삼로7길 17 (역삼동,지상1층101호)"
사보르,기타,37.4889484295321,127.06801707157001,영업/정상,서울특별시 강남구 개포로82길 9-11 (개포동)
자연애함박 대치점,기타,37.50089105167129,127.05295813596422,영업/정상,"서울특별시 강남구 역삼로 420, 1층 9호 (대치동)"
1980 밀면회관 논현점,기타,37.50878257207008,127.03492928502016,영업/정상,"서울특별시 강남구 논현로114길 18, 지하1층 4호 (논현동)"
silver(실버),기타,37.521473638646754,127.03696676259766,영업/정상,"서울특별시 강남구 언주로150길 32, 천지일가 지상3층 (논현동)"
공감,기타,37.50477082326878,127.0462588650181,영업/정상,"서울특별시 강남구 선릉로93길 28, 지상2층 (역삼동)"
럭키,기타,37.503262820627306,127.03928584969348,영업/정상,"서울특별시 강남구 언주로93길 34, 2층 (역삼동)"
이즈미,기타,37.52733428976068,127.0274700342024,영업/정상,"서울특별시 강남구 압구정로 165 (압구정동,현대백화점 05-7)"
압구정식당,기타,37.52687712872435,127.0376773765681,영업/정상,서울특별시 강남구 압구정로50길 22 (신사동)
캐나다 핫도그,기타,37.518010204687336,127.02000043419041,영업/정상,"서울특별시 강남구 도산대로1길 20 (신사동,우진빌딩 지상1층)"
가마로강정 한티점,기타,37.5025468766948,127.05185699961835,영업/정상,"서울특별시 강남구 역삼로63길 21, 한티 빌딩 지상2층 (대치동)"
제주 순옥이네 명가,기타,37.50859530026902,127.05971847792408,영업/정상,"서울특별시 강남구 테헤란로 517, 10층 (삼성동, 현대백화점무역센터)"
안동한우 청담본가,기타,37.51990694630048,127.04693157030023,영업/정상,"서울특별시 강남구 삼성로135길 28, 지하1층 1호 (청담동, 골든아트빌)"
시래마당,기타,37.49575007340023,127.0317509190707,영업/정상,"서울특별시 강남구 테헤란로6길 45 (역삼동, 지하1층)"
비스트플래닛,기타,37.498425382180436,127.03169593093487,영업/정상,서울특별시 강남구 테헤란로8길 7 (역삼동)
기와강 프라이빗,기타,37.521138266191066,127.02893675768996,영업/정상,"서울특별시 강남구 논현로152길 9, 지상5층 (신사동)"
냉삼식당 강남점,기타,37.49555274362296,127.03160397249133,영업/정상,"서울특별시 강남구 테헤란로6길 48, 지상1층 (역삼동)"
찰스김밥,기타,37.50206493224016,127.05040944431072,영업/정상,"서울특별시 강남구 선릉로 416, 지상1층 3호 (대치동)"
우드스탁,기타,37.500916207286025,127.03226074465152,영업/정상,서울특별시 강남구 테헤란로13길 18 (역삼동)
부산집,기타,37.51576536657937,127.02071028756794,영업/정상,서울특별시 강남구 강남대로150길 10 (논현동)
아하,기타,37.52599482370191,127.03724786012556,영업/정상,"서울특별시 강남구 선릉로157길 27-6, 지하1층 103호 (신사동)"
신사식당,기타,37.52241037387344,127.02180640720509,영업/정상,"서울특별시 강남구 압구정로10길 18 (신사동,1층)"
6-5,기타,37.518069068303,127.02547094735199,영업/정상,"서울특별시 강남구 도산대로 154-4, 지상1층 101호 (논현동)"
리틀인디아,기타,37.5208085078924,127.02233466396024,영업/정상,"서울특별시 강남구 압구정로10길 43, 지상3층 (신사동, 엘로이벧)"
밀란,기타,37.478594238213084,127.04906131941202,영업/정상,"서울특별시 강남구 개포로28길 4 (개포동,지상1층101호)"
라꾸,기타,37.525833924850794,127.03890578705139,영업/정상,"서울특별시 강남구 도산대로53길 39 (신사동,성산빌딩2층)"
하로반,기타,37.50188023447749,127.03588990471188,영업/정상,"서울특별시 강남구 논현로93길 3, 지상2층 (역삼동)"
호제야,기타,37.50554402606114,127.02523142020063,영업/정상,"서울특별시 강남구 강남대로112길 11, 지상1층 (논현동)"
브레드_히어_(Bread_Here_),기타,37.49108117006084,127.0827434019997,영업/정상,"서울특별시 강남구 양재대로33길 24, 지상1층 (일원동)"
삼겹 찍먹의 정석 강남점,기타,37.50736932020773,127.03739743154303,영업/정상,"서울특별시 강남구 언주로107길 23, 2층 (역삼동)"
최전방부대찌개,기타,37.520407250459,127.03609523539045,영업/정상,서울특별시 강남구 언주로148길 14 (논현동)
밥석이조,기타,37.515555544711106,127.04236734449843,영업/정상,"서울특별시 강남구 선릉로 660, 지하1층 B110,B111 중 주방2호 (삼성동, 브라운스톤 레전드)"
최가네샤브샤브버섯칼국수 강남직영점,칼국수,37.49945577999478,127.02902067456624,영업/정상,"서울특별시 강남구 강남대로94길 20, 1층 (역삼동)"
까미,기타,37.51468154106885,127.0362992625578,영업/정상,서울특별시 강남구 학동로42길 14 (논현동)
먼데이투선데이,기타,37.52480953569313,127.04413274072222,영업/정상,"서울특별시 강남구 도산대로67길 13-3, EMPRESS빌딩 지하1층 (청담동)"
윗아웃비자,기타,37.4929468825697,127.03488228092107,영업/정상,"서울특별시 강남구 역삼로12길 22, 지상1층 102호 (역삼동)"
도미노피자 신사점,기타,37.523277821331675,127.02130380524116,영업/정상,"서울특별시 강남구 압구정로 114, 신사빌딩 지상1층 (신사동)"
경복,기타,37.50827396105355,127.04051511963426,영업/정상,"서울특별시 강남구 언주로108길 12, 지상1층 102호 (역삼동)"
밥스틸러 김치찜 역삼점,기타,37.50085838008427,127.04058796164693,영업/정상,"서울특별시 강남구 언주로85길 32, 역삼역센트럴푸르지오 지하1층 B118C호중 CA28-1호 (역삼동)"
먹자덮밥,기타,37.494284720643314,127.03489819699169,영업/정상,"서울특별시 강남구 역삼로 140, 청암빌딩 지하2층 1호 (역삼동)"
수서스넥,기타,37.49263427702002,127.09028354470078,영업/정상,
5센소 역삼점(5senso 역삼점),기타,37.50062640768005,127.03304957771135,영업/정상,"서울특별시 강남구 강남대로94길 72, 지상1층 나호 (역삼동)"
남도애찬,기타,37.49413197355454,127.03178560550731,영업/정상,"서울특별시 강남구 역삼로3길 8, 지상1층 (역삼동)"
동경규동 강남본점딜리버리,기타,37.49595693850821,127.03026659789342,영업/정상,"서울특별시 강남구 테헤란로4길 38-4, 태양빌딩 지하1층 (역삼동)"
에코사랑목도점,기타,37.49161420575852,127.03335101537587,영업/정상,"서울특별시 강남구 도곡로3길 20-10, 지상1층 116호 (역삼동)"
오뎅과 사케,기타,37.4992037877254,127.0630993764294,영업/정상,"서울특별시 강남구 도곡로 516 (대치동,삼성상가1층108호)"
다비드,기타,37.507965774593444,127.02360953238906,영업/정상,"서울특별시 강남구 학동로2길 56, 원창빌딩 5층 (논현동)"
파크하얏트서울 오프사이트 이벤트,기타,37.50833911877881,127.06671021034603,영업/정상,"서울특별시 강남구 테헤란로114길 20, 지상2층 201~202호 (대치동)"
더 코너 샵,기타,37.518204858797446,127.03039930509739,영업/정상,"서울특별시 강남구 논현로146길 16, 지상1층 (논현동)"
포시애틀 강남직영점,기타,37.49539989631866,127.03040580524147,영업/정상,"서울특별시 강남구 테헤란로4길 46, 지하1층 B119호 (역삼동, 쌍용플래티넘밸류)"
네모오징어 삼성역점,기타,37.507999428908676,127.06682601570382,영업/정상,"서울특별시 강남구 테헤란로114길 26, 지상1층 101호 (대치동)"
원키친,기타,37.5057813863921,127.0377556739197,영업/정상,"서울특별시 강남구 논현로102길 33, 지하1층 1호 (역삼동)"
카스톡스,기타,37.50121248807553,127.06464427884771,영업/정상,서울특별시 강남구 도곡로93길 13 (대치동)
마이쏭,기타,37.5233590094715,127.03570674776189,영업/정상,"서울특별시 강남구 도산대로45길 16-4 (신사동,지상1층)"
여우사이,기타,37.52661388562685,127.02940806833642,영업/정상,"서울특별시 강남구 언주로167길 46, 지하1층 (신사동)"
벙커,기타,37.50066875347961,127.03160043330571,영업/정상,"서울특별시 강남구 강남대로94길 55-3, 지하1층 (역삼동)"
압구정 막국수,기타,37.523236952439596,127.0314774983221,영업/정상,"서울특별시 강남구 논현로168길 39, 원빌딩 1층 (신사동)"
돈카라,기타,37.505718237153346,127.04919512665053,영업/정상,서울특별시 강남구 선릉로 514 (삼성동)
컴퍼니플러스,기타,37.52401842102548,127.04278016495057,영업/정상,"서울특별시 강남구 도산대로 429, 지하1층 (청담동)"
김봉남 포장마차 가로수길근처점,기타,37.519498333645856,127.0248608882223,영업/정상,"서울특별시 강남구 도산대로17길 12, 지상1층 (신사동)"
참바다횟집,기타,37.501060387614004,127.03886843070119,영업/정상,"서울특별시 강남구 테헤란로 206, 일월빌딩 지하1층 (역삼동)"
키라라,기타,37.5056568688279,127.02719497360596,영업/정상,"서울특별시 강남구 봉은사로 123 (논현동,타임빌딩지하103호)"
아워위스키,기타,37.50349246546153,127.03997656759547,영업/정상,서울특별시 강남구 언주로93길 24 (역삼동)
대동천,기타,37.50096137788107,127.03062279266865,영업/정상,"서울특별시 강남구 테헤란로7길 22, 과학기술회관 지하2층 201호 (역삼동)"
정원돈까스 포스코 대치학원가점,기타,37.503152683636245,127.05676331521725,영업/정상,"서울특별시 강남구 삼성로75길 17, 1층 (대치동)"
아메리칸무드(american mood),기타,37.51860777361939,127.02974942581234,영업/정상,"서울특별시 강남구 도산대로30길 20, 지하1층 (논현동)"
워터맨즈 카페 바이 노아(Watermans Cafe by Noah),기타,37.52723704113908,127.03556240545565,영업/정상,"서울특별시 강남구 압구정로42길 25-5, 지상1층 (신사동)"
고수,기타,37.522284664691234,127.0415661318739,영업/정상,"서울특별시 강남구 도산대로58길 15, 지상2층 (청담동)"
본죽앤비빔밥카페 강남점,기타,37.499745374848935,127.02896165179105,영업/정상,"서울특별시 강남구 강남대로94길 21 (역삼동,지상1층)"
동해식당,기타,37.50465336929182,127.0429157654452,영업/정상,"서울특별시 강남구 언주로94길 9-3 (역삼동,지상1층)"
팔 아트클럽(FAAL Art Club),기타,37.49838000586484,127.03095202413076,영업/정상,"서울특별시 강남구 테헤란로8길 8, 지상1층 (역삼동)"
꼬꼬아찌 강남역점,기타,37.500332854679456,127.02765462615808,영업/정상,"서울특별시 강남구 테헤란로1길 28-1 (역삼동,지상2층)"
매머드익스프레스 강남1호점,기타,37.49388344833005,127.03132611920483,영업/정상,"서울특별시 강남구 역삼로 113 (역삼동,지상1층)"
아낙감,기타,37.48508225141604,127.04280097947628,영업/정상,"서울특별시 강남구 논현로38길 14, 지상1층 (도곡동)"
치킨뱅이,기타,37.513894109755384,127.06490832906177,영업/정상,서울특별시 강남구 봉은사로112길 16 (삼성동)
하이포,기타,37.518887236869624,127.02408138934317,영업/정상,"서울특별시 강남구 도산대로15길 8, 지상1층 102호 (신사동)"
(주)샤틴,기타,37.486752067654365,127.05125883852217,영업/정상,"서울특별시 강남구 언주로 120 (도곡동,인스토피아 3층)"
강남면옥 대치점,기타,37.497442014709144,127.05735105683503,영업/정상,"서울특별시 강남구 도곡로 428 (대치동,1층)"
배달의 명가 강남점,기타,37.493727193780664,127.03474531422165,영업/정상,"서울특별시 강남구 역삼로12길 9, 지상1층 (역삼동)"
디앤디 압구정 로데오 바 두낫디스터브 라운지,기타,37.52743655387912,127.03925785152647,영업/정상,"서울특별시 강남구 선릉로161길 16, 지하1층 (신사동)"
스파게티 스토리,기타,37.493986248819056,127.03905332661947,영업/정상,"서울특별시 강남구 논현로67길 11 (역삼동,지상1층)"
세바스찬도시락,기타,37.50964925434606,127.03489324705113,영업/정상,"서울특별시 강남구 논현로116길 24, 지상1층 101호 (논현동, 푸빌)"
스시원,기타,37.51992980787141,127.04862422053354,영업/정상,"서울특별시 강남구 학동로77길 19, 지상1층 (청담동)"
밥심,기타,37.4910285736231,127.03161248762946,영업/정상,"서울특별시 강남구 강남대로 310, 유니온센터오피스텔 지하1층 59호 (역삼동)"
강남생면우동,기타,37.4967535297312,127.04506895370072,영업/정상,"서울특별시 강남구 언주로 323, 지상1층 102-2호 (역삼동)"
팔당반점 역삼직영점,기타,37.50454174040843,127.03481447669056,영업/정상,"서울특별시 강남구 논현로 541, 지하1,2층 (역삼동)"
구야네,기타,37.48999930375226,127.08292748392873,영업/정상,"서울특별시 강남구 양재대로33길 7, 1층 102호 (일원동)"
무교낙지,기타,37.50959124747711,127.05927363531747,영업/정상,"서울특별시 강남구 테헤란로87길 22, 지하1층 Q123호 (삼성동, 한국도심공항터미널 )"
고대광실,기타,37.50331227607704,127.04633325591085,영업/정상,"서울특별시 강남구 테헤란로 322, 지하2층 B116호 (역삼동)"
국보전,기타,37.51041850926674,127.05591105341684,영업/정상,서울특별시 강남구 테헤란로81길 60 (삼성동)
장정정,기타,37.50282835264768,127.05124870195289,영업/정상,"서울특별시 강남구 선릉로82길 15 (대치동,로뎀하우스지상1층)"
학동집,기타,37.51507466726608,127.03266306078066,영업/정상,"서울특별시 강남구 학동로33길 5 (논현동,지상1층)"
샤오치치마라 역삼본점,기타,37.504762471980214,127.04362988399109,영업/정상,"서울특별시 강남구 언주로98길 22, 지하1층 B102호 (역삼동)"
3일한우국밥 역삼직영점,국밥,37.49544989940029,127.03915922816196,영업/정상,"서울특별시 강남구 논현로 339, 지상1층 102호 (역삼동)"
디 청담,기타,37.52542423086691,127.05201447780196,영업/정상,"서울특별시 강남구 압구정로79길 58, 지상1층,2층 (청담동)"
미분당,기타,37.517877610445424,127.02008007752866,영업/정상,"서울특별시 강남구 도산대로1길 18, 지상1층 101호 (신사동)"
위클리푸드,기타,37.50818604107134,127.03055666804849,영업/정상,"서울특별시 강남구 논현로115길 31, 1층 (논현동)"
콘유,기타,37.519197370413266,127.02187713077522,영업/정상,"서울특별시 강남구 도산대로11길 31-7, 지하1층 102호 (신사동)"
알 카페(R Cafe),기타,37.51035259301084,127.02217239080959,영업/정상,"서울특별시 강남구 강남대로 540, 비전타워 지상1층 (논현동)"
오늘은 오므라이스 강남점,기타,37.50952514436708,127.03895479161527,영업/정상,"서울특별시 강남구 언주로 604, 지하1층 103호 (논현동, ACROHILLS논현)"
바스버거,기타,37.499637773344546,127.03583784057433,영업/정상,"서울특별시 강남구 테헤란로26길 10, 지하1층 (역삼동)"
엠3 위스키바,기타,37.4988386905832,127.03347860859152,영업/정상,"서울특별시 강남구 논현로87길 41, 신일유토빌 지상1층 105호 (역삼동)"
커피 밀(Coffee Mill),기타,37.498623668341914,127.05300191751058,영업/정상,"서울특별시 강남구 선릉로64길 11-10, 지하1층, 지상1층 (대치동)"
감정선프로젝트 베이킹 강남점,기타,37.50629403257515,127.02632110520183,영업/정상,"서울특별시 강남구 강남대로114길 25, 지하1층 1-1호 (논현동)"
헤즈업,기타,37.50386144631911,127.05292698007277,영업/정상,"서울특별시 강남구 선릉로86길 40, 지상3층 (대치동)"
텐핑거,기타,37.523991967034746,127.03991547208467,영업/정상,"서울특별시 강남구 선릉로152길 6, 옴므빌딩 지상1,2,3층 (청담동)"
콴쉬,기타,37.52119206467327,127.02910440013109,영업/정상,"서울특별시 강남구 논현로152길 11 (신사동,백승빌딩지하1층)"
안기 덮밥 마라탕,기타,37.49473212133419,127.035032692761,영업/정상,"서울특별시 강남구 역삼로 143, 지상1층 102호 (역삼동)"
개성칡냉면,냉면,37.48950599435013,127.08255542727079,영업/정상,서울특별시 강남구 일원로9길 12 (일원동)
무삥과팟타이,기타,37.49772601279262,127.0292970420504,영업/정상,"서울특별시 강남구 테헤란로4길 6, 강남역 센트럴 푸르지오 시티 지하1층 B123호 (역삼동)"
아이(바),기타,37.51018295981054,127.05754867486596,영업/정상,서울특별시 강남구 삼성로100길 27 (삼성동)
뽕사부,기타,37.51817920252615,127.04050977744315,영업/정상,"서울특별시 강남구 선릉로133길 3, 지상1층 (논현동)"
카토,기타,37.51666544625757,127.02216603806916,영업/정상,"서울특별시 강남구 도산대로8길 5, 지상1층 102호 (논현동)"
수서동 전집,파전,37.48866229226385,127.10319217922601,영업/정상,"서울특별시 강남구 밤고개로1길 30, 에이팩스빌딩 지상1층 3호 (수서동)"
(주)몽고네,기타,37.525110043497804,127.03908660308257,영업/정상,"서울특별시 강남구 선릉로155길 5, 1층 (신사동)"
(주)라이브러리,기타,37.52531414970706,127.04593439135432,영업/정상,"서울특별시 강남구 도산대로75길 16, 5층 (청담동)"
크라운돼지,기타,37.518497050664216,127.02050260085656,영업/정상,"서울특별시 강남구 강남대로156길 17-1, 지상1층,2층 (신사동)"
딩딤1968,기타,37.52000468315203,127.02093313751197,영업/정상,"서울특별시 강남구 강남대로160길 27, 1층 (신사동)"
골드 레이블 커피,기타,37.51613106503256,127.02142577032335,영업/정상,"서울특별시 강남구 도산대로6길 8, 신정빌딩 지하1층 (논현동)"
키다리아저씨,기타,37.50583302659964,127.05943073188328,영업/정상,"서울특별시 강남구 삼성로84길 23, 지하1층 (대치동)"
맛소담,기타,37.51838400348497,127.03139150829972,영업/정상,"서울특별시 강남구 도산대로34길 30, 지하1층 (논현동)"
가마치통닭 개포점,기타,37.48094736010486,127.05296744953615,영업/정상,"서울특별시 강남구 개포로 265, 개포동 메디시스빌딩 지상1층 106호 (개포동)"
오라이,기타,37.50811344303597,127.02481237683712,영업/정상,"서울특별시 강남구 강남대로122길 22, 지상1층 (논현동)"
마우어 베를린,기타,37.50999075160971,127.04134803171158,영업/정상,"서울특별시 강남구 봉은사로 315, 미래빌딩 지상1층,2층 (논현동)"
에코사랑목본점,기타,37.49161420575852,127.03335101537587,영업/정상,"서울특별시 강남구 도곡로3길 20-10, 지상1층 112호 (역삼동)"
투머치 토커(Too Much Tocer),기타,37.47488410412403,127.05284941130084,영업/정상,"서울특별시 강남구 논현로8길 53, 지상1층 102호 (개포동)"
이태리부대찌개 삼성점,기타,37.510964250632206,127.05610914745094,영업/정상,"서울특별시 강남구 삼성로104길 16, 2층 (삼성동)"
비비큐(BBQ) 학동점,기타,37.512851816214045,127.03437946795822,영업/정상,"서울특별시 강남구 언주로125길 11, 지상1층 (논현동)"
온복비빔국수,기타,37.500811209206134,127.05100838536464,영업/정상,"서울특별시 강남구 선릉로 402, 지상1층 102호 (대치동)"
옛날칼국수,칼국수,37.51046472706423,127.06027605014796,영업/정상,
빤스포장마차,기타,37.506223175529314,127.03810197517275,영업/정상,"서울특별시 강남구 봉은사로38길 32 (역삼동,지상1층)"
홍어아저씨 압구정점,기타,37.52265190338562,127.03122616475564,영업/정상,"서울특별시 강남구 논현로164길 38, C동 지하1층 B01호 (신사동, 칼릭스빌)"
빠니피자 (강남점),기타,37.49300157535366,127.0391171527819,영업/정상,"서울특별시 강남구 논현로63길 16, 지상1층 106호 (역삼동, 강남서해그랑블)"
코인커피,기타,37.507431527144696,127.0551999942141,영업/정상,"서울특별시 강남구 테헤란로79길 9, 지상1층 (삼성동)"
고메고매,기타,37.504544262391384,127.05420910695064,영업/정상,"서울특별시 강남구 삼성로85길 38 (대치동,지하1층B101호,B102호,B103호,B106호)"
열봉부엌,기타,37.518887236869624,127.02408138934317,영업/정상,"서울특별시 강남구 도산대로15길 8, 지상2층 (신사동)"
사우 커피바 SAU Coffee bar,기타,37.493763256927984,127.03538543435663,영업/정상,"서울특별시 강남구 역삼로14길 12, 지상1층 103호 (역삼동)"
신의주찹쌀순대전문점,기타,37.521533962042874,127.05555154675467,영업/정상,"서울특별시 강남구 영동대로 715 (청담동,외1필지)"
모카런던(MOCA London),기타,37.50876221964252,127.04320230665043,영업/정상,"서울특별시 강남구 봉은사로50길 20, VOOZ사옥 지하1층 (역삼동)"
타코로 쌈바,기타,37.52061646643512,127.03773873931975,영업/정상,"서울특별시 강남구 도산대로50길 27, 지상2층 (논현동)"
양재화로504 by설화한우,기타,37.485483621586425,127.03491695442719,영업/정상,"서울특별시 강남구 강남대로42길 11, 지상1층 (도곡동)"
하이들,기타,37.49664061977832,127.042312335897,영업/정상,"서울특별시 강남구 역삼로34길 7, 1층 (역삼동)"
고향집,기타,37.50567499876464,127.05848066222158,영업/정상,서울특별시 강남구 삼성로86길 12 (대치동)
샴,기타,37.52797374778474,127.03720009306171,영업/정상,"서울특별시 강남구 압구정로46길 5-6 (신사동,A동104호)"
포케올데이 삼성점,기타,37.50688369141595,127.05943678659689,영업/정상,"서울특별시 강남구 테헤란로88길 10, 신안메트로칸 지하1층 B108호 (대치동)"
키친스탠다드 강남점 59호,기타,37.50736932020773,127.03739743154303,영업/정상,"서울특별시 강남구 언주로107길 23, 지상2층 주방59호 (역삼동)"
순딜리버리 3호점,기타,37.513353374559664,127.02132348064708,영업/정상,"서울특별시 강남구 강남대로136길 5-4, 지하1층 3호 (논현동)"
태공치킨,기타,37.518089007885756,127.02158485043718,영업/정상,서울특별시 강남구 압구정로2길 59 (신사동)
세광양대창 강남역 중앙점,기타,37.49931556948604,127.02855745620147,영업/정상,"서울특별시 강남구 강남대로94길 14, 1층 (역삼동)"
칠리향 마라탕,기타,37.498803750103114,127.05831695819954,영업/정상,"서울특별시 강남구 도곡로77길 7, 102호 (대치동,금강빌딩)"
쏘주맥쭈,기타,37.50549969871325,127.0250794080447,영업/정상,"서울특별시 강남구 봉은사로1길 8, 지상1층 (논현동)"
순딜리버리 7호점,기타,37.513353374559664,127.02132348064708,영업/정상,"서울특별시 강남구 강남대로136길 5-4, 지하 1층 7호 (논현동)"
동경규동 학동점,기타,37.514205643005354,127.02831753843755,영업/정상,"서울특별시 강남구 논현로131길 24, 지상1층 101호 (논현동)"
오지힐 그라운즈 압구정,기타,37.52637607689811,127.03521934234703,영업/정상,"서울특별시 강남구 언주로168길 19, 지상1층 (신사동)"
우월,기타,37.52448977106614,127.0443947620327,영업/정상,"서울특별시 강남구 도산대로67길 7, 파크빌딩 지하1층 (청담동)"
악동부대찌개 강남점,기타,37.49696314249097,127.04462809398946,영업/정상,"서울특별시 강남구 언주로71길 5-10, 지하1층 3호 (역삼동)"
에이피(AP),기타,37.525556453306386,127.03880823083072,영업/정상,"서울특별시 강남구 선릉로155길 12, 웬즈데이빌딩 지하1층 (신사동)"
삼호복집,기타,37.50355131074894,127.04016895639937,영업/정상,"서울특별시 강남구 언주로93길 22-2, 지상2층 (역삼동)"
쑬로(ssulo),기타,37.527572583028935,127.03866030701727,영업/정상,"서울특별시 강남구 선릉로161길 22, 지하1층 (신사동)"
사또치킨,기타,37.523965859360274,127.04958585417793,영업/정상,"서울특별시 강남구 도산대로90길 3 (청담동,지상1층)"
딸랏,기타,37.52687712872435,127.0376773765681,영업/정상,"서울특별시 강남구 압구정로50길 22, 2층 전체호 (신사동)"
엠,기타,37.505722210850955,127.05862845882054,영업/정상,서울특별시 강남구 삼성로86길 14 (대치동)
슈하이,기타,37.518974012644854,127.03955770969186,영업/정상,"서울특별시 강남구 학동로53길 29, 지상1층 (논현동)"
만리향,기타,37.50620478224171,127.0350799327387,영업/정상,서울특별시 강남구 논현로106길 6 (역삼동)
오정푸드,기타,37.52775114970725,127.03783452274365,영업/정상,"서울특별시 강남구 선릉로161길 32, 지상1층 (신사동)"
최셰프연구소,기타,37.502921426273524,127.03711242168022,영업/정상,"서울특별시 강남구 봉은사로30길 73, 3층 16호 (역삼동)"
스아게 대치점,기타,37.500106840237514,127.05327588424905,영업/정상,"서울특별시 강남구 역삼로64길 15, 지상1층 101호 (대치동)"
어웨이크닝,기타,37.50968284790631,127.02559393571661,영업/정상,"서울특별시 강남구 강남대로124길 39, 지하1층 101호 (논현동)"
긴자료코 역삼점,기타,37.49854340335709,127.03504106478107,영업/정상,"서울특별시 강남구 테헤란로20길 19, 엘지에클라트 1동 106호 (역삼동)"
빈터커피로스터스,기타,37.521669561439936,127.02008631735946,영업/정상,"서울특별시 강남구 압구정로4길 14-2, 지상1층 (신사동)"
무브먼트(MOO.VEMENT),기타,37.52137242362419,127.0378238409241,영업/정상,"서울특별시 강남구 선릉로145길 20, 지하1층 (논현동)"
비에이치씨 개포4동점,기타,37.47487821433283,127.05081619031867,영업/정상,"서울특별시 강남구 논현로10길 28, 지상1층 (개포동)"
해마루,기타,37.527407689711126,127.03664250365273,영업/정상,"서울특별시 강남구 압구정로46길 17 (신사동,지하1층)"
더케이에프엔비 캔플러스,기타,37.50891528436637,127.035431405021,영업/정상,"서울특별시 강남구 봉은사로33길 13, 1층 101호,102호 중 일부호 (논현동)"
신家네 김밥,기타,37.50297359241314,127.04653232570449,영업/정상,"서울특별시 강남구 테헤란로 322, 한신인터밸리24 지하2층 B142호 (역삼동)"
수궁갈비집,기타,37.51430455527152,127.05842559649587,영업/정상,서울특별시 강남구 봉은사로97길 4 (삼성동)
브루웍스 역삼점,기타,37.502837389389235,127.03800608156023,영업/정상,"서울특별시 강남구 논현로94길 21 (역삼동,지상2층)"
파티오알,기타,37.52053875376351,127.057643687875,영업/정상,
맘스터치앤피자 학동역점,기타,37.51487587285715,127.03259880220095,영업/정상,"서울특별시 강남구 학동로 215, 지상1층 105호,106호 (논현동)"
꼬뜨바이 일판,기타,37.52856183010993,127.04005459356938,영업/정상,"서울특별시 강남구 압구정로 343, 갤러리아백화점 West 지하1층 (압구정동)"
가을캠프,기타,37.50182054245222,127.03831729362463,영업/정상,"서울특별시 강남구 테헤란로27길 6 (역삼동,지상2층)"
맛과정성 김&밥,기타,37.49210554272603,127.03903326458284,영업/정상,"서울특별시 강남구 도곡로 181 (역삼동,지상1층)"
스시 하루,기타,37.52577260856034,127.03234537523619,영업/정상,"서울특별시 강남구 언주로165길 9, 지상1층 (신사동)"
안남,기타,37.4865168787329,127.05188290856825,영업/정상,"서울특별시 강남구 언주로 118, 1층 133호 (도곡동, 우성캐릭터 199)"
베카 프리미엄 델리샵,기타,37.503799058205466,127.06024794471702,영업/정상,"서울특별시 강남구 역삼로 521, 대종빌딩 1층 101호 (대치동)"
백가향,기타,37.50743482155119,127.06292633877702,영업/정상,"서울특별시 강남구 영동대로85길 6, 지상2층 (대치동)"
청담제주물항,기타,37.52576943601022,127.05242737646047,영업/정상,"서울특별시 강남구 도산대로101길 9, 지상1층, 2층 (청담동)"
부철이네,기타,37.52230414210493,127.0272480198519,영업/정상,"서울특별시 강남구 논현로157길 9 (신사동,1층)"
서울김밥,기타,37.500466815227135,127.03085473259841,영업/정상,"서울특별시 강남구 테헤란로7길 22 (역삼동,지상1층)"
제이돈까스,기타,37.505284470363655,127.04072936219225,영업/정상,"서울특별시 강남구 언주로97길 7 (역삼동,썬힐빌딩지상2층)"
하이랜드(HIGH LAND),기타,37.49473630963291,127.0340517894338,영업/정상,"서울특별시 강남구 역삼로11길 3-3, 지상1층 (역삼동)"
정운,기타,37.50588973059903,127.02822289991634,영업/정상,서울특별시 강남구 봉은사로 129 (논현동)
더블유,기타,37.52438609432026,127.03866042072276,영업/정상,"서울특별시 강남구 도산대로53길 20 (신사동,그리에이트빌딩지하1층)"
시고로(SIGOLO),기타,37.52207330663672,127.04202444864882,영업/정상,"서울특별시 강남구 선릉로146길 27-3, 지상2층 (청담동)"
주나(JUNA),기타,37.52261030662724,127.04184436068735,영업/정상,"서울특별시 강남구 선릉로148길 28, 2층 (청담동)"
스시카와,기타,37.4831641799245,127.04464213350045,영업/정상,"서울특별시 강남구 논현로26길 29, 지하1층 (도곡동)"
홍콩할매불닭발,기타,37.52855787973778,127.03670317671356,영업/정상,"서울특별시 강남구 압구정로 322, 로이빌딩 지하1층 (신사동)"
야키토리 나루토 강남점,기타,37.50254929473264,127.02756066772042,영업/정상,"서울특별시 강남구 봉은사로6길 38, 지상1층 101,102호 (역삼동)"
수랏간 김치찜 & 김치찌개 강남점,기타,37.52775114970725,127.03783452274365,영업/정상,"서울특별시 강남구 선릉로161길 32, 지하1층 (신사동)"
만두집 1982,기타,37.527921400155854,127.03890118712752,영업/정상,"서울특별시 강남구 압구정로 338, 지상1층 5-가호,11호,12호,18호 (신사동)"
쇼헤이,기타,37.511813765623685,127.0458685820922,영업/정상,"서울특별시 강남구 봉은사로59길 12 (삼성동,지상1층101호)"
세겹,기타,37.49641279715612,127.03826294273502,영업/정상,"서울특별시 강남구 논현로75길 7 (역삼동,지상1층)"
놀부부대강남시티점,기타,37.50090799932625,127.02725836608009,영업/정상,"서울특별시 강남구 테헤란로1길 40 (역삼동,지상1층)"
해피쏭,기타,37.515990091309384,127.04030400511442,영업/정상,"서울특별시 강남구 선릉로129길 15, 지하1층 (논현동)"
일일향 골드,기타,37.50724540097265,127.03225443422767,영업/정상,"서울특별시 강남구 봉은사로 167, 2층 (논현동)"
두레식당,기타,37.508802920157535,127.02418602425529,영업/정상,"서울특별시 강남구 학동로4길 41, 1층 (논현동)"
투썸플레이스 강남역중앙점,기타,37.499438407025444,127.0279385483389,영업/정상,"서울특별시 강남구 테헤란로1길 16, 지상2층 (역삼동, 삼원빌딩)"
트라가 삼성점,기타,37.50774429319049,127.055534135176,영업/정상,"서울특별시 강남구 삼성로 511, 지하1층 (삼성동, 골든타워)"
삼성한방삼계탕,기타,37.51488586555875,127.06041239587248,영업/정상,"서울특별시 강남구 영동대로 602 (삼성동,미켈란107지하1층B103,B104,B105호)"
엘오소,기타,37.51664187971385,127.02254444555948,영업/정상,"서울특별시 강남구 도산대로 126-12 (논현동,지하1층)"
송가네,기타,37.507982811177776,127.03257202974382,영업/정상,"서울특별시 강남구 봉은사로25길 12 (논현동,지상1층)"
딕훼밀리7080,기타,37.488645200892286,127.03295672371226,영업/정상,서울특별시 강남구 강남대로 280 (도곡동)
수목원,기타,37.49391129258746,127.04468776332271,영업/정상,"서울특별시 강남구 도곡로 239, 경양빌딩 지하1층 (역삼동)"
예담,기타,37.523668437423964,127.05603766597733,영업/정상,"서울특별시 강남구 영동대로138길 23, 지하1층 (청담동)"
말모이,기타,37.51823198775547,127.03284895114643,영업/정상,"서울특별시 강남구 도산대로38길 40, 지하1층 (논현동)"
일편등심,기타,37.4996680786226,127.0278322985964,영업/정상,"서울특별시 강남구 테헤란로1길 20 (역삼동,지하1층)"
하루,기타,37.501009791138095,127.04128193477513,영업/정상,"서울특별시 강남구 언주로85길 24, PNM TOWER 지하1층 (역삼동)"
보니따파스타,기타,37.5071210816503,127.02563849292959,영업/정상,"서울특별시 강남구 강남대로118길 31, 지하1층 일부호 (논현동)"
팔공면옥,기타,37.51041045594766,127.0242798427818,영업/정상,"서울특별시 강남구 강남대로128길 27, 지상2층 202호 (논현동, 새호시티라이프빌딩)"
구공분식 강남점,기타,37.50831001803717,127.0254035669213,영업/정상,"서울특별시 강남구 강남대로122길 30, 지상2층 (논현동)"
마토,기타,37.52204150684624,127.04168981934272,영업/정상,서울특별시 강남구 선릉로146길 23 (청담동)
진수성찬,기타,37.51937972910754,127.05075453550032,영업/정상,서울특별시 강남구 학동로81길 5 (청담동)
복숭아꽃살구꽃,기타,37.49460152368819,127.03727546876551,영업/정상,서울특별시 강남구 논현로71길 26 (역삼동)
문어다,기타,37.47788247216742,127.04843299515723,영업/정상,"서울특별시 강남구 개포로22길 17, 102호 (개포동)"
삼성양곱창,기타,37.52087091249136,127.05762693725319,영업/정상,"서울특별시 강남구 학동로101길 7, 지상1층 109호 (청담동)"
참치논데 신사점,기타,37.51998737422219,127.02054817916193,영업/정상,"서울특별시 강남구 강남대로160길 23-3, 지상1층 (신사동)"
라틴펍쿠바,기타,37.49408114164376,127.03396577379976,영업/정상,"서울특별시 강남구 역삼로 130, 지하1층 (역삼동)"
옳음,기타,37.5252478955398,127.03603687899238,영업/정상,"서울특별시 강남구 압구정로46길 51, 지상2층 (신사동)"
동방주막,기타,37.52553311307922,127.03423606142381,영업/정상,"서울특별시 강남구 압구정로42길 54, 지하1층 (신사동)"
칠링,기타,37.52570432649377,127.036902563811,영업/정상,"서울특별시 강남구 도산대로49길 41, 3층 (신사동)"
오빠화이팅,기타,37.50725870467687,127.0245222724038,영업/정상,"서울특별시 강남구 강남대로120길 13, 1층 (논현동)"
후,기타,37.50528252887274,127.04680906994074,영업/정상,서울특별시 강남구 선릉로93길 18 (역삼동)
명동칼국수샤브샤브,칼국수,37.50145650206672,127.04268895037328,영업/정상,"서울특별시 강남구 언주로 427 (역삼동,1층역삼디오빌112호)"
(주)아워홈 맘초이,기타,37.49392390959944,127.03204812443428,영업/정상,"서울특별시 강남구 역삼로 115, 지하1층 (역삼동)"
진티엔,기타,37.50050314481742,127.05330263982164,영업/정상,"서울특별시 강남구 선릉로72길 26, 1층 (대치동)"
윤도령,기타,37.496601635622724,127.03257371533859,영업/정상,"서울특별시 강남구 테헤란로8길 37 (역삼동,지하1층102호)"
비엔나,기타,37.50736932020773,127.03739743154303,영업/정상,"서울특별시 강남구 언주로107길 23, 지하1층 (역삼동)"
브레드풀 Breadful,기타,37.5131814896519,127.04640974266385,영업/정상,"서울특별시 강남구 봉은사로63길 29, 지상1층 (삼성동)"
김밥천국,기타,37.49269402398625,127.07562822482916,영업/정상,"서울특별시 강남구 개포로 615 (개포동,석탑프라자지상1층123,124호)"
어머니밥상,기타,37.49434795190433,127.07961586766422,영업/정상,"서울특별시 강남구 개포로 623 (개포동,대청타워 지하1층 110,111호)"
갤러리. 카페 플랑크(GALLERY. CAFE PLANCK),기타,37.516609704593506,127.02632486653894,영업/정상,"서울특별시 강남구 학동로23길 55, 아이비스포츠빌딩 지하1층 (논현동)"
24/7 유부,기타,37.50510302972566,127.05941249337953,영업/정상,"서울특별시 강남구 역삼로83길 24, H 복합빌딩 지하1층 (대치동)"
공차 선릉역점,기타,37.50574384263793,127.05066964711605,영업/정상,"서울특별시 강남구 테헤란로 411, 성담빌딩 지상1층 (삼성동)"
주색,기타,37.50941052320556,127.03621382444794,영업/정상,"서울특별시 강남구 언주로113길 14, 지상1층 3호 (논현동)"
다비움,기타,37.51083578099103,127.03413719404384,영업/정상,"서울특별시 강남구 논현로118길 17-12 (논현동,지상1층)"
미러칼국수,칼국수,37.49741797119301,127.06532707074464,영업/정상,"서울특별시 강남구 삼성로 212, 지하층 32호 (대치동, 은마상가A블럭)"
황박게장집,기타,37.5027490473495,127.05042035815553,영업/정상,"서울특별시 강남구 선릉로86길 6-6 (대치동,지하1층)"
콩뿌리콩나물국밥 강남구청점,국밥,37.51705580736958,127.03765098501013,영업/정상,"서울특별시 강남구 언주로134길 25, 지상1층 (논현동)"
정참치,기타,37.504340751137015,127.05586992733424,영업/정상,"서울특별시 강남구 삼성로81길 22, 한정빌딩 지상1층 103호 (대치동)"
골든구스 서울 유니크,기타,37.5228699921614,127.03584407859887,영업/정상,"서울특별시 강남구 도산대로45길 8, MOID 지상1층 (신사동)"
고갯마루,기타,37.49935590819789,127.03942434309948,영업/정상,"서울특별시 강남구 테헤란로28길 27 (역삼동,지상1층)"
미미,기타,37.49240903545035,127.03202358981508,영업/정상,"서울특별시 강남구 역삼로4길 16, 지하1층 B05호 (역삼동, 성우스타우스오피스텔)"
에스토,기타,37.522065547389076,127.02150413407456,영업/정상,"서울특별시 강남구 압구정로10길 30-9, 지상2층 (신사동)"
돌마리 유황오리,기타,37.510604277186175,127.02419940268405,영업/정상,"서울특별시 강남구 학동로6길 18, 지상1층 (논현동)"
질할컴퍼니,기타,37.525235808861886,127.05010503674362,영업/정상,"서울특별시 강남구 압구정로79길 36, 지하1층 (청담동)"
카타죠우,기타,37.50388797366678,127.03962233469706,영업/정상,"서울특별시 강남구 언주로93길 28-8, 코넬빌딩 지상1층 2호 (역삼동)"
제주 몬트락 한티점,기타,37.4982448519777,127.0531915193979,영업/정상,"서울특별시 강남구 선릉로64길 11-4, 1,2층 (대치동)"
그랑씨엘,기타,37.52340324551728,127.03584590175186,영업/정상,"서울특별시 강남구 도산대로45길 16-6 (신사동,지상1층)"
하늘공원,기타,37.497906184751585,127.053742637433,영업/정상,"서울특별시 강남구 선릉로64길 18 (대치동,지상6층)"
희래등,기타,37.50847757359702,127.06618308813987,영업/정상,"서울특별시 강남구 테헤란로108길 15, 지상2층,3층 (대치동)"
푸른뷔페,기타,37.494278537590894,127.03071951767762,영업/정상,"서울특별시 강남구 역삼로1길 14, B동 2층 201호 (역삼동, 영신빌딩)"
신마포갈매기 신논현역점,기타,37.503864012270746,127.02582620301133,영업/정상,"서울특별시 강남구 강남대로110길 12 (역삼동,1,2층)"
한식한상,기타,37.5110682782022,127.02622060403792,영업/정상,"서울특별시 강남구 학동로12길 21, 지하1층 101호 (논현동)"
(주)사운드랩 선릉점,기타,37.50498185124722,127.04346361799637,영업/정상,"서울특별시 강남구 언주로98길 19, 지상1층 102호 (역삼동)"
칸티뿌르레스토랑 강남지점,기타,37.52426485381428,127.04000649066631,영업/정상,"서울특별시 강남구 선릉로152길 5, 지하1층 (청담동)"
팔당족발,기타,37.516741569514885,127.0377900461186,영업/정상,"서울특별시 강남구 학동로45길 7 (논현동,지상2층)"
수다 청담점,기타,37.524655509114915,127.04125942740042,영업/정상,"서울특별시 강남구 도산대로57길 15, 1,2층 (청담동)"
대삼식당,기타,37.51751501703523,127.03615940962538,영업/정상,"서울특별시 강남구 학동로41길 23 (논현동, 인현빌딩 1층)"
명륜진사갈비,기타,37.49691607534034,127.04499204763034,영업/정상,"서울특별시 강남구 언주로 325, 지상1층 (역삼동)"
제이제이,기타,37.52667898208213,127.04062103799292,영업/정상,"서울특별시 강남구 선릉로 838 (청담동,지하1층)"
재수돈 감자탕 삼성점,기타,37.511289892253075,127.05719948365652,영업/정상,"서울특별시 강남구 테헤란로87길 57, 감령빌딩 지상1,2층 (삼성동)"
김대리서식지-카페로빈스,기타,37.522372367732366,127.05403324030796,영업/정상,"서울특별시 강남구 학동로97길 43-5, 지상1층 (청담동)"
누와,기타,37.5194574115232,127.01911852061257,영업/정상,"서울특별시 강남구 강남대로 652, SINSA SQUARE 지상2층 202호, 203호 (신사동)"
황소양곱창,기타,37.49478825847318,127.03947216127442,영업/정상,서울특별시 강남구 논현로 333 (역삼동)
치폴라로쏘 삼성본점,기타,37.51531633875361,127.06039425849515,영업/정상,"서울특별시 강남구 영동대로114길 5, 지하2층 (삼성동)"
부부불이 동대문닭한마리,기타,37.520407250459,127.03609523539045,영업/정상,"서울특별시 강남구 언주로148길 14 (논현동,지상1층)"
김선생 조개찜,기타,37.5058109610499,127.02542561625208,영업/정상,"서울특별시 강남구 강남대로114길 14 (논현동,1층 서쪽)"
아름식당,기타,37.51392867491996,127.04880563276411,영업/정상,서울특별시 강남구 봉은사로69길 30 (삼성동)
소반애 청보리밥,기타,37.488999967856415,127.03408025775249,영업/정상,"서울특별시 강남구 도곡로4길 19, 지상1층 (도곡동)"
오늘도 고기국밥,국밥,37.49225837875556,127.0389276910569,영업/정상,"서울특별시 강남구 논현로63길 25, 지상1층 105호 (역삼동)"
천하무쌍,기타,37.50520236127337,127.05539152742065,영업/정상,"서울특별시 강남구 테헤란로78길 16, 노벨빌딩 지하1층 B02호 (대치동)"
제이엠 멀티샵,기타,37.50752947258814,127.03189236845861,영업/정상,"서울특별시 강남구 논현로111길 20, 논현씨엘 하우징 지하1층 (논현동)"
모리향,기타,37.501444365614944,127.05285277008151,영업/정상,"서울특별시 강남구 역삼로 419, 지상1층 (대치동)"
생선물은 고양이,기타,37.50854333601183,127.03224676236917,영업/정상,"서울특별시 강남구 논현로113길 12, 지상1층 (논현동)"
도쿄참치 강남 청담본점,기타,37.52188030335266,127.03805862247656,영업/정상,"서울특별시 강남구 언주로150길 48, 1층 102호 (논현동)"
오동도,기타,37.52229038258316,127.0471573941126,영업/정상,"서울특별시 강남구 삼성로145길 11, 1층 (청담동)"
주식회사 달링베이커리,기타,37.52268816133952,127.03027612819642,영업/정상,"서울특별시 강남구 논현로160길 25, 지상1층 (신사동)"
옆집떡볶이 대치점,기타,37.502538911217734,127.05855577555685,영업/정상,"서울특별시 강남구 삼성로 347, 대일빌딩 1층 (대치동)"
춘식당,기타,37.520151866143216,127.02596631057858,영업/정상,"서울특별시 강남구 도산대로23길 17, 1,2층 (신사동)"
계동치킨,기타,37.50810426476696,127.06503069955082,영업/정상,"서울특별시 강남구 영동대로86길 11 (대치동,지하1층)"
올리브,기타,37.522508286054155,127.02726273813354,영업/정상,서울특별시 강남구 논현로157길 10 (신사동)
청담까츠 강남구청역점,기타,37.51668653661626,127.04059047030417,영업/정상,"서울특별시 강남구 학동로 342, 에스케이 허브블루 지상1층 116호 (논현동)"
윙스탑 강남점,기타,37.50338458287181,127.02575601846455,영업/정상,"서울특별시 강남구 봉은사로2길 20, 지상1,2층 (역삼동)"
프렌즈스크린/아카데미 강남대치점,기타,37.501091990214306,127.05175173159972,영업/정상,"서울특별시 강남구 역삼로 409, 지하1층 B101호 (대치동, 아티스톤)"
잘아는밥집,기타,37.52814942842982,127.03804883840809,영업/정상,"서울특별시 강남구 압구정로 334 (신사동,(지하1층))"
라온매니지먼트,기타,37.524916359241736,127.04757189326614,영업/정상,"서울특별시 강남구 압구정로79길 6, 지하 1층 (청담동)"
으뜸김치찜,기타,37.49447727219255,127.03420154751092,영업/정상,"서울특별시 강남구 역삼로 133, 지하1층 2-1호 (역삼동)"
팥고당 강남구청역점,기타,37.51786682191086,127.03987718196494,영업/정상,"서울특별시 강남구 선릉로131길 12, 로뎀2빌딩 지상1층 (논현동)"
대패마?R,기타,37.50851859345439,127.02370188255132,영업/정상,"서울특별시 강남구 학동로2길 49, 지상1층 (논현동)"
유림복요리전문점,기타,37.498305969730126,127.03657588343096,영업/정상,"서울특별시 강남구 역삼로17길 54, 1층 (역삼동)"
어람촌,기타,37.504762471980214,127.04362988399109,영업/정상,서울특별시 강남구 언주로98길 22 (역삼동)
천린,기타,37.51239268479166,127.02810152649127,영업/정상,"서울특별시 강남구 강남대로128길 84, 지상2층 (논현동)"
이곧,기타,37.51466819565482,127.04282551055164,영업/정상,"서울특별시 강남구 선릉로122길 8 (삼성동,지상1층)"
윤쓰 패밀리,기타,37.51448606891902,127.06547895381293,영업/정상,"서울특별시 강남구 봉은사로114길 12, 대웅제약빌딩 본관동 지하층 8호 (삼성동)"
파라이&카이카이,기타,37.505987021135894,127.04006225601098,영업/정상,"서울특별시 강남구 테헤란로39길 55, 지하1층 (역삼동)"
지미스 타코(Jimmy's Tacos),기타,37.502194053078355,127.05666783681085,영업/정상,"서울특별시 강남구 역삼로 452, 지상1층 103호 (대치동)"
아지트,기타,37.52741288886308,127.04097736139366,영업/정상,서울특별시 강남구 압구정로 404 (청담동)
투뿔한우,기타,37.49725752735533,127.05185017699158,영업/정상,"서울특별시 강남구 선릉로63길 7, 지상1층 (역삼동)"
셜록,기타,37.52555561539196,127.04817506802651,영업/정상,"서울특별시 강남구 도산대로83길 17, 지하1층 (청담동, 여의주빌딩)"
에이지 64_Coffee,기타,37.52628638911268,127.03533818821016,영업/정상,"서울특별시 강남구 언주로168길 21, 지상1층 (신사동)"
라베르샤,기타,37.51078844002595,127.04212583270977,영업/정상,"서울특별시 강남구 봉은사로49길 12, 1층 (논현동, 코리아테크빌딩)"
쭈불앤쭈불,기타,37.50959124747711,127.05927363531747,영업/정상,"서울특별시 강남구 테헤란로87길 22, 지하1층 Q121호 (삼성동, 한국도심공항터미널)"
가나안,기타,37.502185609955475,127.05643144111713,영업/정상,"서울특별시 강남구 역삼로 450 (대치동,지상1층)"
치킨잇수다,기타,37.510532483256156,127.05738982657056,영업/정상,"서울특별시 강남구 삼성로100길 23-12 (삼성동,지상1층)"
예향정 선릉역점,기타,37.503055644611514,127.0504978356168,영업/정상,"서울특별시 강남구 선릉로86길 8, 지상2층 (대치동)"
드라쏠,기타,37.518240744901725,127.02724178297035,영업/정상,"서울특별시 강남구 논현로149길 15, 1층 101호 (논현동)"
신미감자탕,기타,37.51718063045631,127.01984484414349,영업/정상,"서울특별시 강남구 강남대로 620, 영일빌딩 1층 106호,107호,108호 (신사동)"
주식회사 스노우폭스코리아,기타,37.506758766171096,127.05393053740143,영업/정상,"서울특별시 강남구 삼성로91길 28, 케이엘타워 3층 (삼성동)"
다이스타운,기타,37.50224139655148,127.02659467142207,영업/정상,"서울특별시 강남구 봉은사로2길 37, 지상3층 (역삼동)"
노들강,기타,37.50624033663698,127.02598236906505,영업/정상,서울특별시 강남구 강남대로114길 21 (논현동)
담은 국밥,국밥,37.49870082171724,127.06806830868007,영업/정상,"서울특별시 강남구 영동대로 221, 지상1층 3호, 4호, 5호 (대치동)"
서강쇠떡볶이,기타,37.52687712872435,127.0376773765681,영업/정상,"서울특별시 강남구 압구정로50길 22, 지상1층 5호 (신사동)"
에이라운지,기타,37.520018240348364,127.03048116616488,영업/정상,"서울특별시 강남구 도산대로 216, 지상3층 (논현동)"
하우스,기타,37.514205643005354,127.02831753843755,영업/정상,"서울특별시 강남구 논현로131길 24 (논현동,지하1층)"
란주쿠,기타,37.511234291074466,127.05572085721477,영업/정상,"서울특별시 강남구 봉은사로82길 31 (삼성동,지상1층)"
이봉,기타,37.50656647603212,127.06279655296751,영업/정상,"서울특별시 강남구 테헤란로98길 28, 지상1층 (대치동)"
커플(COUPLE),기타,37.52620425290622,127.04556929796996,영업/정상,"서울특별시 강남구 압구정로 444, 지하1층 (청담동)"
주식회사 용마이앤씨,기타,37.523991967034746,127.03991547208467,영업/정상,"서울특별시 강남구 선릉로152길 6, 지상6층 (청담동)"
대진도원참치 강남역점,기타,37.49897450912179,127.029534581587,영업/정상,"서울특별시 강남구 테헤란로 113, 목화밀라트 지하1층 B101호 (역삼동)"
카미더가든,기타,37.50424252431902,127.03495497756478,영업/정상,"서울특별시 강남구 논현로 537, 지상1층 (역삼동)"
난바스낵 압구정로데오,기타,37.5257007428661,127.03800872061107,영업/정상,"서울특별시 강남구 도산대로51길 37, 지상2층 (신사동)"
꼬모 서울,기타,37.5112933282253,127.05223417756756,영업/정상,"서울특별시 강남구 봉은사로74길 19, 대성 지상1층 102호 (삼성동)"
대치 샤브샤브 퀸즈가든,기타,37.49801847969135,127.0530364858424,영업/정상,"서울특별시 강남구 선릉로64길 9, 대성빌딩 지상2층 (대치동)"
투썸플레이스 포스코사거리점,기타,37.50671011319896,127.05803997762037,영업/정상,"서울특별시 강남구 테헤란로 508, 지상1층 (대치동, 해성2빌딩)"
초미남(초밥에 미친 남자),기타,37.495192006320906,127.08500895088119,영업/정상,"서울특별시 강남구 개포로 662, 금산빌딩 지상1층 101호 (일원동)"
빠완,기타,37.50374955216926,127.05256991170846,영업/정상,"서울특별시 강남구 선릉로86길 34, 금아빌딩 2층 (대치동)"
종로 옛날 빈대떡,파전,37.486773273751425,127.10317785061767,영업/정상,"서울특별시 강남구 광평로56길 8-13 (수서동,수서타워 지하1층)"
역삼 통고집,기타,37.47690893981713,127.04944207089997,영업/정상,"서울특별시 강남구 개포로22길 35, 1층 102호 (개포동)"
원(元),기타,37.508392174568456,127.02470206681797,영업/정상,"서울특별시 강남구 강남대로122길 21, 지상1층 (논현동)"
맛도도,기타,37.50331227607704,127.04633325591085,영업/정상,"서울특별시 강남구 테헤란로 322, 한신인터밸리24 지하2층 비134호 (역삼동)"
엠엠에스,기타,37.52512698153881,127.0373202407473,영업/정상,"서울특별시 강남구 도산대로49길 32-1, 지상1층 (신사동)"
마니달오,기타,37.50235302656792,127.04672834748939,영업/정상,"서울특별시 강남구 테헤란로52길 16, 상가-2동 지하1층 19호 (역삼동, 테헤란아이파크)"
하쿠라멘 한티점,기타,37.497666971569735,127.05292799540105,영업/정상,"서울특별시 강남구 선릉로64길 6, 지상1층 3호 (대치동)"
쥬히커피,기타,37.506253357227195,127.0358696073364,영업/정상,"서울특별시 강남구 논현로106길 18, 지하1층 (우측)호 (역삼동)"
전주현대옥,기타,37.49388344833005,127.03132611920483,영업/정상,"서울특별시 강남구 역삼로 113, 1층 (역삼동)"
순천식당,기타,37.51216196911044,127.06534269224233,영업/정상,"서울특별시 강남구 봉은사로114길 42, 지상1층 101호 (삼성동)"
화랑불닭,기타,37.50690645886152,127.02495195492884,영업/정상,"서울특별시 강남구 강남대로118길 19, 지상2층 (논현동)"
공주빙수,팥빙수,37.51245831860277,127.03207674285521,영업/정상,"서울특별시 강남구 논현로124길 5, 지상2층 201-11호 (논현동)"
SPEVO 스페보,기타,37.49785142855222,127.03684961590326,영업/정상,"서울특별시 강남구 논현로81길 13, 삼화빌딩 지상1층 (역삼동)"
정희가,기타,37.52169858302099,127.03065493160241,영업/정상,"서울특별시 강남구 논현로152길 31, 1층 (신사동)"
소풍,기타,37.51671381783086,127.03481469813762,영업/정상,"서울특별시 강남구 언주로 709 (논현동,지하1층)"
큐큐치킨,기타,37.49269066912381,127.03938241924577,영업/정상,"서울특별시 강남구 논현로63길 17 (역삼동,지상1층)"
빈체로 파스타,기타,37.52464084212914,127.0405698382244,영업/정상,"서울특별시 강남구 도산대로55길 18, 지상1층 (청담동)"
일곱잔,기타,37.51781405147132,127.02229858438302,영업/정상,"서울특별시 강남구 도산대로11길 5, 지상2층 202호 (신사동)"
888라운지,기타,37.526829989675456,127.03573392992804,영업/정상,"서울특별시 강남구 언주로170길 25, 지하1층 (신사동)"
바우네나주곰탕 개포점,기타,37.47427693316772,127.04856152378933,영업/정상,"서울특별시 강남구 논현로 36, 지상1층 102호 (개포동)"
언주집,기타,37.50736932020773,127.03739743154303,영업/정상,서울특별시 강남구 언주로107길 23 (역삼동)
집,기타,37.527300494436616,127.04929886801051,영업/정상,"서울특별시 강남구 도산대로83길 46-3 (청담동,지상1층)"
트로이케밥(TROY KEBAB),기타,37.499438407025444,127.0279385483389,영업/정상,"서울특별시 강남구 테헤란로1길 16, 지상1층 (역삼동)"
카페 프라미스,기타,37.5054644668453,127.02589758837259,영업/정상,"서울특별시 강남구 봉은사로 113, 호텔 더 디자이너스 리즈 강남 프리미어 지상1층 (논현동)"
유가네 닭갈비(강남역점),기타,37.50165239950277,127.02637492654759,영업/정상,"서울특별시 강남구 강남대로 438 (역삼동,2층 214,215호)"
목포자매집,기타,37.5101352520829,127.0354349152467,영업/정상,서울특별시 강남구 언주로115길 14 (논현동)
(주)포코너스,기타,37.49274290349254,127.040991282249,영업/정상,"서울특별시 강남구 도곡로 203, 선보빌딩 지상1층 (역삼동)"
올라포케 강남점,기타,37.49539989631866,127.03040580524147,영업/정상,"서울특별시 강남구 테헤란로4길 46, 지하1층 제비상가104호 (역삼동, 쌍용플래티넘밸류)"
화담 수제도시락,기타,37.4910285736231,127.03161248762946,영업/정상,"서울특별시 강남구 강남대로 310, 지하1층 22호 (역삼동, 유니온오피스텔)"
청담떡볶이,기타,37.52053875376351,127.057643687875,영업/정상,"서울특별시 강남구 학동로 609, 지하1층 42호 (청담동, 청담삼익상가 )"
탕화쿵푸마라탕 역삼점,기타,37.503148786208236,127.03893132142058,영업/정상,"서울특별시 강남구 테헤란로33길 19, 지상1층 (역삼동)"
코타(KOTA),기타,37.525382576312694,127.03768018954042,영업/정상,"서울특별시 강남구 선릉로155길 23-3, 지상1층 (신사동)"
오버랩(overIap),기타,37.52186112995668,127.01991423743188,영업/정상,"서울특별시 강남구 압구정로4길 12, 지상2층 (신사동)"
옛날그맛명동칼국수,칼국수,37.501964810918054,127.03526672080818,영업/정상,서울특별시 강남구 테헤란로25길 21 (역삼동)
꿀잠,기타,37.496848831783346,127.03098963579764,영업/정상,"서울특별시 강남구 테헤란로6길 26, 지하1층 (역삼동)"
여왕의브런치,기타,37.50085838008427,127.04058796164693,영업/정상,"서울특별시 강남구 언주로85길 32, 역삼역센트럴푸르지오 지하1층 B109호 (역삼동)"
대구막창,기타,37.494975045523205,127.03938390725948,영업/정상,"서울특별시 강남구 논현로 333 (역삼동,지상1층)"
BTC(비티씨),기타,37.505965772837904,127.04621406155982,영업/정상,"서울특별시 강남구 선릉로99길 18, 지하1층 (역삼동)"
아카라,기타,37.51017223347196,127.03991672443973,영업/정상,"서울특별시 강남구 봉은사로43길 14, 지상1층 (논현동)"
YAKITORY KENHOME 야끼토리 켄홈,기타,37.493660659474145,127.0310157799875,영업/정상,"서울특별시 강남구 역삼로 109, 1층 109호 (역삼동, SK허브젠)"
"라운지,많",기타,37.51209621565282,127.02168929893791,영업/정상,"서울특별시 강남구 학동로1길 11, 2층 (논현동)"
수미정,기타,37.497583006654295,127.03111040410451,영업/정상,"서울특별시 강남구 강남대로84길 33, 대우디오빌플러스 지하1층 114호 (역삼동)"
어성,기타,37.52573940626635,127.0329379976552,영업/정상,"서울특별시 강남구 언주로 843, 지상2층 (신사동)"
두사라,기타,37.51739713082563,127.0201681266779,영업/정상,"서울특별시 강남구 도산대로1길 10, 2층 (신사동)"
펜트 하우스,기타,37.52110321047481,127.0313917451683,영업/정상,"서울특별시 강남구 도산대로 225, 지하2층 B201호 (신사동, 현대썬앤빌)"
바(Bar) 정류장,기타,37.50725792911846,127.02422844410796,영업/정상,"서울특별시 강남구 봉은사로1길 38, 3층 (논현동)"
초원양꼬치,기타,37.48996326932631,127.0841011501434,영업/정상,"서울특별시 강남구 일원로9길 30 (일원동,지상1층)"
속초오징어어시장 논현점,기타,37.50786811521852,127.02394763547342,영업/정상,서울특별시 강남구 강남대로122길 9 (논현동)
종로김밥르네상스점,기타,37.503216398695066,127.03914120847568,영업/정상,"서울특별시 강남구 테헤란로33길 20 (역삼동,지상1층)"
프라이드,기타,37.50084803646945,127.06013000923177,영업/정상,"서울특별시 강남구 삼성로 324, 신해청아파트 지상1층 108호 (대치동)"
축복회관,기타,37.51826565740171,127.0194614459917,영업/정상,서울특별시 강남구 강남대로 632 (신사동)
송향,기타,37.49705816399829,127.05359375262299,영업/정상,"서울특별시 강남구 도곡로 401 (대치동,롯데백화점 지하1층)"
제이브라운,기타,37.50788041681197,127.03824305319444,영업/정상,"서울특별시 강남구 언주로 563 (역삼동,일진스포월드 지상2층)"
손국시,기타,37.510146387528245,127.02291793176278,영업/정상,서울특별시 강남구 학동로2길 19 (논현동)
머.구리(muh.guri),기타,37.52644976817157,127.03488650146029,영업/정상,"서울특별시 강남구 언주로168길 15, 지상1층 102호 (신사동)"
국밥쟁이,국밥,37.49702710547764,127.02976901919028,영업/정상,"서울특별시 강남구 강남대로84길 15, 지하1층 B101,B102호 (역삼동)"
벳남미식,기타,37.49932714206763,127.0347647993644,영업/정상,"서울특별시 강남구 논현로87길 25, HB타워 지상1층 101호 (역삼동)"
대한민족 한방애연구소,기타,37.50163710367722,127.03563373913131,영업/정상,"서울특별시 강남구 테헤란로25길 20, 역삼현대벤쳐텔 지하1층 B04호 (역삼동)"
피자홈,기타,37.47392855255414,127.05330918928482,영업/정상,"서울특별시 강남구 논현로4길 42, 지상1층 (개포동)"
푸라닭역삼1동점,기타,37.49720228104135,127.03362601970446,영업/정상,"서울특별시 강남구 테헤란로14길 34, 지상1층 상가102호 (역삼동, 역삼동 EG SoulLeader)"
60년전통신촌황소곱창,기타,37.503699768189286,127.05241638549388,영업/정상,서울특별시 강남구 선릉로86길 32 (대치동)
프라임,기타,37.520455069864425,127.01927977908652,영업/정상,"서울특별시 강남구 도산대로1길 58, 지상1층 (신사동)"
파티오디(가로수길점),기타,37.522671550050816,127.02144741707248,영업/정상,"서울특별시 강남구 압구정로8길 12, 1층 (신사동)"
카페 제로원&콜렉터,기타,37.5194574115232,127.01911852061257,영업/정상,"서울특별시 강남구 강남대로 652, 지상1층 106호 (신사동)"
메종 블라인드(Maison Blind),기타,37.51877161786243,127.02066860429736,영업/정상,"서울특별시 강남구 압구정로2길 46, 강남상가 2층 213호 (신사동, ---------)"
씨에스알 테이블,기타,37.524610328197035,127.03070239286099,영업/정상,"서울특별시 강남구 압구정로34길 51, 1층 102호 (신사동)"
고가네철판불백,기타,37.49137327141994,127.0325245061568,영업/정상,"서울특별시 강남구 도곡로3길 19, 서희스타힐스오피스텔 지상1층 110호,111호 (역삼동)"
어반박스(Urban Box) 도시락 대치점,기타,37.50357434023682,127.05428035340167,영업/정상,"서울특별시 강남구 삼성로81길 43, 지상2층 11호 (대치동)"
금수복국 대치점,기타,37.50520236127337,127.05539152742065,영업/정상,"서울특별시 강남구 테헤란로78길 16, 노벨과개미 2층 (대치동)"
삼미미,기타,37.4988386905832,127.03347860859152,영업/정상,"서울특별시 강남구 논현로87길 41, 신일유토빌 지상1층 110-1호 (역삼동)"
바플러스와인코드,기타,37.49798405867348,127.03439215966614,영업/정상,"서울특별시 강남구 논현로85길 47, 2층 (역삼동)"
차텐,기타,37.51888538310022,127.02468012872953,영업/정상,"서울특별시 강남구 강남대로152길 68, 지상1층 (신사동)"
코지라멘,기타,37.50288036263588,127.05035350766666,영업/정상,"서울특별시 강남구 선릉로86길 6-4, 지상1층 (대치동)"
히즈빈스 디캠프점,기타,37.50783081565201,127.04516027441201,영업/정상,"서울특별시 강남구 선릉로 551, 새롬빌딩 지상2층 (역삼동)"
카스광장,기타,37.519745231538835,127.0314300453076,영업/정상,"서울특별시 강남구 논현로150길 36, 지하1층 (논현동)"
지앤,기타,37.50738591198661,127.06164741995701,영업/정상,"서울특별시 강남구 영동대로85길 20-7, 지하1층 (대치동)"
더나인클럽,기타,37.527339737877305,127.03523878984075,영업/정상,"서울특별시 강남구 압구정로42길 23, 지상1층 중실호 (신사동)"
육가온 미술관점,기타,37.507457670803134,127.06063515117556,영업/정상,"서울특별시 강남구 테헤란로 518, 한국섬유산업연합회 지하1층 106호 (대치동)"
두메,기타,37.4897250868077,127.03380229061001,영업/정상,서울특별시 강남구 강남대로58길 21 (도곡동)
청년다방 압구정점,기타,37.52741830692496,127.03046053545215,영업/정상,서울특별시 강남구 논현로176길 24 (신사동)
일프라가,기타,37.52508954406721,127.04170918074853,영업/정상,"서울특별시 강남구 도산대로57길 22 (청담동,지상1층)"
토노야,기타,37.504755660255235,127.05644863874402,영업/정상,"서울특별시 강남구 삼성로85길 11, 지하1층 비03호 (대치동)"
라꼬꼬뜨,기타,37.520350349430046,127.0220754257864,영업/정상,"서울특별시 강남구 강남대로160길 42 (신사동,지상1층)"
선릉청와대소금구이,기타,37.50622691780059,127.0495594100083,영업/정상,"서울특별시 강남구 선릉로94길 15, 지상1층 105호,106호,107호 (삼성동)"
황가솥뚜껑삼겹살,기타,37.48444115334114,127.04460091103478,영업/정상,"서울특별시 강남구 논현로30길 36 (도곡동,지하1층)"
거평식당,기타,37.50297359241314,127.04653232570449,영업/정상,"서울특별시 강남구 테헤란로 322, 한신인터밸리24빌딩 지하2층 B161호 (역삼동)"
밸런스포케,기타,37.50077435892257,127.03339495737215,영업/정상,"서울특별시 강남구 강남대로94길 75, 지상1층 103,104호 (역삼동)"
블러프,기타,37.52164980451272,127.0388026339696,영업/정상,"서울특별시 강남구 도산대로54길 17, 지하1층 (논현동)"
시크릿3점0,기타,37.52083766306557,127.03054826390107,영업/정상,"서울특별시 강남구 도산대로 217 (신사동,지상14층)"
자연도소금빵in도산,기타,37.52570432649377,127.036902563811,영업/정상,"서울특별시 강남구 도산대로49길 41, 지상1층 (신사동)"
신사이제,기타,37.520905313391786,127.02354344975353,영업/정상,"서울특별시 강남구 도산대로15길 32-10, 지상1층 (신사동)"
꼬치집,기타,37.47812694816359,127.04601550775742,영업/정상,"서울특별시 강남구 논현로20길 14, 거호빌딩 지상1층 (개포동)"
스탠다드시스템(Standard System),기타,37.52257946323391,127.04357056081246,영업/정상,"서울특별시 강남구 선릉로148길 48-5, 대현빌딩 지하1층 (청담동)"
리윤 스시쿠루미&청담유이,기타,37.52187754143887,127.04254881638356,영업/정상,"서울특별시 강남구 선릉로146길 33, 지상1,2층 (청담동)"
일루,기타,37.5118457030839,127.0469808423447,영업/정상,"서울특별시 강남구 봉은사로63길 7, B동 지하1층 (삼성동)"
생선쓰,기타,37.48877694433219,127.0673243100103,영업/정상,"서울특별시 강남구 개포로82길 7, 삼성빌딩 지상2층 4호 (개포동)"
제이크베이크(jake bake),기타,37.488259733997936,127.03979140630095,영업/정상,"서울특별시 강남구 남부순환로365길 43, 도곡코오롱 108호 (도곡동)"
동남회관,기타,37.50349246546153,127.03997656759547,영업/정상,"서울특별시 강남구 언주로93길 24, 태선빌딩 1층 (역삼동)"
경아식당 삼성코엑스점,기타,37.50901293584513,127.05807981673628,영업/정상,"서울특별시 강남구 테헤란로87길 21, 동성빌딩 지하1층 (삼성동)"
남강순대국,기타,37.519227928629725,127.02038636295097,영업/정상,"서울특별시 강남구 강남대로158길 19 (신사동,지상1층)"
신의주 부대찌개 삼성점,기타,37.514428466054966,127.06436065511872,영업/정상,서울특별시 강남구 봉은사로108길 3-10 (삼성동)
옛날집,기타,37.522683662812376,127.04262894064344,영업/정상,"서울특별시 강남구 선릉로148길 38 (청담동,지하1층)"
철화,기타,37.52066107790254,127.033420846761,영업/정상,"서울특별시 강남구 언주로149길 8, 지상5층 (논현동)"
해룡마을 국수집 선정릉역점,기타,37.510536394657485,127.04306053458859,영업/정상,"서울특별시 강남구 봉은사로 333, 지상1층 105호 (논현동, 선정릉역 모아엘가 퍼스트 홈)"
원조닭칼국수,칼국수,37.47447933429072,127.04960114506795,영업/정상,"서울특별시 강남구 논현로10길 13 (개포동,지상1층)"
박군푸드,기타,37.50094918532847,127.03551808949534,영업/정상,"서울특별시 강남구 테헤란로 147, 성지하이츠Ⅱ 지하1층 4,6호 (역삼동)"
금메달 순대국? 왕돈까스,기타,37.50971623935137,127.03352390377331,영업/정상,"서울특별시 강남구 봉은사로29길 35, 지하2층 B201호, B202호,B203호 중 주방20호 (논현동, 한양수자인 어반게이트)"
페리카나,기타,37.51041045594766,127.0242798427818,영업/정상,"서울특별시 강남구 강남대로128길 27 (논현동,지상1층 102호)"
평화로운집 신사가로수길점,기타,37.51894017837887,127.02187731331449,영업/정상,"서울특별시 강남구 강남대로156길 35, 1층 (신사동)"
경포대,기타,37.49643113697572,127.03054734410792,영업/정상,"서울특별시 강남구 테헤란로4길 31, 지하1층 (역삼동)"
광어군 오백양,기타,37.5067373484812,127.02612977666153,영업/정상,"서울특별시 강남구 강남대로116길 27, 서진플로렌스183스튜디오 지상1층 102호 (논현동)"
안동간고등어양반밥상,기타,37.50780649327915,127.04008295577775,영업/정상,서울특별시 강남구 언주로108길 6 (역삼동)
쉐이드트리,기타,37.50788041681197,127.03824305319444,영업/정상,"서울특별시 강남구 언주로 563 (역삼동,2층)"
키친스탠다드 강남점 67호,기타,37.50736932020773,127.03739743154303,영업/정상,"서울특별시 강남구 언주로107길 23, 지상2층 주방67호 (역삼동)"
베스트샐러드&포케,기타,37.50085838008427,127.04058796164693,영업/정상,"서울특별시 강남구 언주로85길 32, 역삼역센트럴푸르지오 지하1층 112호 중 CA23-1호 (역삼동)"
태건한우,기타,37.49761784892166,127.03328235150937,영업/정상,"서울특별시 강남구 논현로85길 59, 지하1층 (역삼동)"
반룡산,기타,37.50449438889183,127.05579192259762,영업/정상,"서울특별시 강남구 테헤란로78길 26 (대치동,지상1층)"
라그릴리아 도곡점,기타,37.48928307112221,127.05280405331841,영업/정상,"서울특별시 강남구 남부순환로 2806, 군인공제회관 지상1층 (도곡동)"
키친스탠다드 강남점 1호,기타,37.50736932020773,127.03739743154303,영업/정상,"서울특별시 강남구 언주로107길 23, 지상2층 주방1호 (역삼동)"
내아들밥상,기타,37.50732430841401,127.03121060680687,영업/정상,"서울특별시 강남구 봉은사로21길 8 (논현동,지상1층)"
압구정한량과 캐스크앤뀌베,기타,37.52578442770314,127.03869007517409,영업/정상,"서울특별시 강남구 선릉로157길 13-3, 지하1층 (신사동)"
진온더,기타,37.50463280235361,127.05375184097016,영업/정상,"서울특별시 강남구 삼성로85길 42, 지상1층 104-2호 (대치동, 대치동대우아이빌멤버스)"
밀떡팩토리 신사2호점,기타,37.51881365107612,127.02221148254607,영업/정상,"서울특별시 강남구 도산대로11길 21, 지하1층 (신사동)"
콜룸바(KOLUMBA),기타,37.511988458552956,127.04880428370663,영업/정상,"서울특별시 강남구 봉은사로 449, 지하2층,지상1층,지상17층 (삼성동)"
제주미향해장 뱅뱅사거리직영점,기타,37.489656123291816,127.03285531350713,영업/정상,"서울특별시 강남구 도곡로 112, 지상1층 102호 (도곡동)"
우주,기타,37.484022436760455,127.04380141658824,영업/정상,"서울특별시 강남구 논현로30길 23, 1층 (도곡동)"
이모네,기타,37.48920953429836,127.06796076359394,영업/정상,"서울특별시 강남구 개포로 508, 소망빌딩 1층 111호,112호 (개포동)"
슬로우캘리 Slow Cali 삼성점,기타,37.5080139610026,127.0553955587808,영업/정상,"서울특별시 강남구 삼성로 517, 지상1층 110-1호 (삼성동, 채널리저브)"
청개구리,기타,37.50932860848138,127.05620649157461,영업/정상,"서울특별시 강남구 테헤란로81길 37 (삼성동,지하1층)"
171 레스토랑,기타,37.48530842209479,127.04390558938407,영업/정상,"서울특별시 강남구 논현로38길 28 (도곡동,.지하1층)"
전주비빔밥,기타,37.51046472706423,127.06027605014796,영업/정상,
베러댄스윗(Better Than Sweet),기타,37.50569474164735,127.02666080581842,영업/정상,"서울특별시 강남구 강남대로112길 28 (논현동,지하2층)"
주신당 강남점,기타,37.49988050931543,127.02773482988059,영업/정상,"서울특별시 강남구 강남대로96길 9, 지하1층 (역삼동)"
경천애인2237,기타,37.50600576540431,127.05252821209604,영업/정상,"서울특별시 강남구 테헤란로 421, 지상3층 (삼성동, 암천빌딩)"
트라가,기타,37.50352173769799,127.03485067310929,영업/정상,"서울특별시 강남구 테헤란로25길 46, 1층 (역삼동)"
카페 타임 서울점,기타,37.527237033986815,127.04166002961945,영업/정상,"서울특별시 강남구 압구정로 410, 지상4층 (청담동)"
칸티나 H,기타,37.49842134714168,127.03777378286135,영업/정상,"서울특별시 강남구 논현로 427-1, 지하2층 (역삼동)"
누나네,기타,37.511017517591014,127.05676329746322,영업/정상,"서울특별시 강남구 삼성로100길 23-15, 지상1층 (삼성동)"
르시엘,기타,37.524471574936804,127.04051229682621,영업/정상,"서울특별시 강남구 도산대로55길 16 (청담동,지하1층)"
백수산,기타,37.50307943304978,127.03954785812391,영업/정상,서울특별시 강남구 언주로93길 31 (역삼동)
푸드스타사가라멘,기타,37.51869280834613,127.02239721866721,영업/정상,"서울특별시 강남구 강남대로154길 43 (신사동,지상1층102호)"
창해식탁,기타,37.52782276866141,127.03045808378056,영업/정상,"서울특별시 강남구 압구정로 212, 1층 13호 (신사동)"
히키니쿠토코메 도산점,기타,37.52549387088329,127.03793603374183,영업/정상,"서울특별시 강남구 선릉로155길 21, 지상2층 (신사동)"
포레스트,기타,37.50354893642928,127.04906133250498,영업/정상,"서울특별시 강남구 선릉로 431 (역삼동,지상1층110호)"
돈워리비해피,기타,37.50015838584152,127.04296849667661,영업/정상,"서울특별시 강남구 테헤란로38길 39 (역삼동,오성산업빌딩지상2층)"
대삼식당,기타,37.52141110229349,127.03928430837979,영업/정상,"서울특별시 강남구 선릉로145길 3, 1층 (논현동, 우림빌딩)"
호텔데님,기타,37.476189878068794,127.0466158149186,영업/정상,"서울특별시 강남구 논현로 66, 지상2층 (개포동, 데님관광호텔)"
에슬로우 역삼1호점,기타,37.49817677880218,127.0336434519445,영업/정상,"서울특별시 강남구 논현로85길 52, 1층 111호 (역삼동, 역삼푸르지오시티)"
반포식스 논현점,기타,37.50751066727698,127.02724552610475,영업/정상,"서울특별시 강남구 강남대로118길 51, 2층 201호 (논현동)"
두젠틀,기타,37.50420084632558,127.03607448673533,영업/정상,"서울특별시 강남구 논현로 534, 강남제일병원 별관 지하1층 (역삼동)"
깐부치킨,기타,37.48866229226385,127.10319217922601,영업/정상,"서울특별시 강남구 밤고개로1길 30 (수서동,지상1층101,102호)"
나주곰탕,기타,37.51506151264836,127.03334294272597,영업/정상,"서울특별시 강남구 학동로 221 (논현동,지상1층)"
임대감댁,기타,37.50314024271206,127.04794942606821,영업/정상,"서울특별시 강남구 테헤란로52길 15, 금천빌딩 지상1층 102호 (역삼동)"
아미띠에,기타,37.52382524921546,127.02917724735156,영업/정상,"서울특별시 강남구 압구정로30길 53, 지상1층 (신사동, 성지빌딩)"
코리안찌개타운 강남본점,기타,37.50284011257186,127.03744102263121,영업/정상,"서울특별시 강남구 테헤란로27길 23, 지하1층 5호 (역삼동)"
전봇대,기타,37.50372237485384,127.03682413805741,영업/정상,"서울특별시 강남구 논현로98길 12, 지상1층 (역삼동)"
프리마스파,기타,37.523881188487856,127.05285303169514,영업/정상,"서울특별시 강남구 도산대로102길 10, 지상3층 (청담동)"
백반감자탕,기타,37.50688369141595,127.05943678659689,영업/정상,"서울특별시 강남구 테헤란로88길 10 (대치동,지하1층)"
낭낙,기타,37.51839156182614,127.02054030618568,영업/정상,"서울특별시 강남구 강남대로156길 17 (신사동,지상1층)"
"포레스트오늘,숲 강남역삼점",기타,37.50374403551208,127.04024527083526,영업/정상,"서울특별시 강남구 테헤란로37길 23 (역삼동,지상1층)"
앤써 서울,기타,37.51161269327722,127.05578428683978,영업/정상,"서울특별시 강남구 봉은사로84길 24-1, 지하1층, 지상1층 (삼성동)"
박가네닭한마리,기타,37.50085067005813,127.04089623456997,영업/정상,"서울특별시 강남구 언주로85길 28 (역삼동,지상2층)"
스시유,기타,37.505575810325396,127.06424821717128,영업/정상,"서울특별시 강남구 영동대로 407 (대치동,지상1,2층)"
장독대,기타,37.49870082171724,127.06806830868007,영업/정상,"서울특별시 강남구 영동대로 221, 지하1층 (대치동)"
탄,기타,37.5047987745711,127.04343161919253,영업/정상,"서울특별시 강남구 언주로98길 20 (역삼동,지하1층)"
오엠지 OMG 치킨 앤 샐러드,기타,37.497748327906336,127.05892113324556,영업/정상,"서울특별시 강남구 도곡로78길 6, 지상1층 (대치동)"
자매분식,기타,37.510388992730235,127.05340584497014,영업/정상,"서울특별시 강남구 삼성로103길 12, 지상1층 128호,132호,133호 (삼성동, 신도브래뉴주상복합)"
디너플렉스,기타,37.495233692165556,127.03919818931371,영업/정상,"서울특별시 강남구 논현로 337, 지하1층 B102호 (역삼동)"
더블유 라운지 W Lounge,기타,37.50932860848138,127.05620649157461,영업/정상,"서울특별시 강남구 테헤란로81길 37, 2층 (삼성동)"
노블발렌티 대치점,기타,37.50319760700064,127.0649976062355,영업/정상,"서울특별시 강남구 영동대로 325, 지하1층 (대치동, 해암빌딩)"
도미노피자 일원점,기타,37.48966951652965,127.08310827735346,영업/정상,"서울특별시 강남구 일원로9길 18, 지상1층 101호 (일원동)"
신평양찹쌀순대,기타,37.48851996356718,127.10325621679499,영업/정상,"서울특별시 강남구 광평로51길 6-11 (수서동,2층)"
정성라멘,기타,37.521015810483135,127.03550738610105,영업/정상,"서울특별시 강남구 언주로150길 14, 지하2층 일부호 (논현동)"
스시리큐,기타,37.52344787737612,127.03766769254362,영업/정상,"서울특별시 강남구 도산대로49길 6-5, 지상3층 (신사동)"
신라스테이 삼성 바(bar),기타,37.51005644572298,127.06314286377248,영업/정상,"서울특별시 강남구 영동대로 506, 유니온타 지상19층 (삼성동)"
공감블랙 신사점,기타,37.519262181356446,127.02090490071107,영업/정상,"서울특별시 강남구 강남대로158길 26, M SPACE 빌딩 지상1층 (신사동)"
불도그(BULL DOG),기타,37.49923118563576,127.05338340035843,영업/정상,"서울특별시 강남구 선릉로68길 20, 지상1층 103호 (대치동)"
쎄바,기타,37.48731258454296,127.10514601866998,영업/정상,"서울특별시 강남구 광평로56길 11 (수서동,수서6단지(아)상가지하1층12호)"
대치정육식당,기타,37.502185609955475,127.05643144111713,영업/정상,"서울특별시 강남구 역삼로 450 (대치동,지하1층)"
양은이네 선릉역점,기타,37.50462514197238,127.04361198839833,영업/정상,"서울특별시 강남구 테헤란로43길 19 (역삼동,지상1층)"
도사정일면 삼성점,기타,37.51041076749325,127.05672754164462,영업/정상,"서울특별시 강남구 테헤란로83길 46, 지하1층~지상2층 (삼성동)"
청국장전문점,기타,37.520407250459,127.03609523539045,영업/정상,서울특별시 강남구 언주로148길 14 (논현동)
북경반점,기타,37.517157989116846,127.02067605523398,영업/정상,서울특별시 강남구 강남대로152길 14 (신사동)
잔(Zan),기타,37.533026741970474,127.0279255640881,영업/정상,서울특별시 강남구 압구정로29길 71 (압구정동)
영동올뱅이집,기타,37.477752325506565,127.04808351681312,영업/정상,"서울특별시 강남구 개포로22길 16 (개포동,지상1층)"
양가식당,기타,37.50337029638159,127.05193504397013,영업/정상,"서울특별시 강남구 역삼로65길 33 (대치동,지상1층)"
류창희국수 역삼본점,기타,37.49642587033227,127.0407939414424,영업/정상,"서울특별시 강남구 역삼로 216, 타워770 지상1층 (역삼동)"
미씨광장,기타,37.49434795190433,127.07961586766422,영업/정상,"서울특별시 강남구 개포로 623 (개포동,대청타워 B108, B109호)"
미스터빠삭 역삼럭키점,기타,37.49239091751666,127.03979039902526,영업/정상,"서울특별시 강남구 도곡로 187, 수남빌딩 1층 104호 (역삼동)"
기영이 숯불두마리치킨 강남논현점,기타,37.511248592562076,127.0331453350865,영업/정상,"서울특별시 강남구 학동로30길 45, 지상1층 (논현동)"
외갓집 된장식탁 대치점,기타,37.50357434023682,127.05428035340167,영업/정상,"서울특별시 강남구 삼성로81길 43, 지상2층 16호 (대치동)"
신사동뽈살,기타,37.520148150204705,127.02648158289323,영업/정상,"서울특별시 강남구 논현로151길 20, 지상1층 (신사동)"
소풍,기타,37.52188030335266,127.03805862247656,영업/정상,"서울특별시 강남구 언주로150길 48 (논현동,지상1층)"
보울레시피 강남선릉점,기타,37.50474156847006,127.04603436427331,영업/정상,서울특별시 강남구 선릉로93길 32 (역삼동)
방일해장국,기타,37.51018263428077,127.03557321809815,영업/정상,"서울특별시 강남구 봉은사로37길 31 (논현동,지상1층)"
민소한우,기타,37.50520236127337,127.05539152742065,영업/정상,"서울특별시 강남구 테헤란로78길 16 (대치동,지하1층)"
올비도 olvido,기타,37.52577656297709,127.03758292257972,영업/정상,"서울특별시 강남구 선릉로155길 26, 지상4층 (신사동)"
패티드(patted),기타,37.50913776536581,127.027334011802,영업/정상,"서울특별시 강남구 강남대로122길 56, 지상2층 (논현동)"
와인웍스 무역센터점,기타,37.50859530026902,127.05971847792408,영업/정상,"서울특별시 강남구 테헤란로 517, 현대백화점 지하1층 (삼성동)"
청담소반,기타,37.49651776770972,127.04021624393677,영업/정상,"서울특별시 강남구 역삼로 211, 1층 101호 (역삼동)"
다왕래 장어구이(논현점),기타,37.515824951635345,127.03978077971003,영업/정상,"서울특별시 강남구 선릉로129길 21, 지상1층 (논현동)"
그리노 도산,기타,37.52739329403336,127.03945630626899,영업/정상,"서울특별시 강남구 선릉로161길 12, 지상1층 (신사동)"
포시즌 클럽,기타,37.50239757811911,127.0346537773214,영업/정상,"서울특별시 강남구 논현로95길 14, 지하1층 (역삼동)"
김태완스시 대치본점,기타,37.498602644947596,127.0534790506215,영업/정상,"서울특별시 강남구 선릉로64길 15-8, 글로리빌딩 지상1층 (대치동)"
섬마을이야기,기타,37.51096482378737,127.02221831049224,영업/정상,"서울특별시 강남구 학동로2길 6 (논현동,지상1층)"
다인,기타,37.514710399674904,127.03612641001959,영업/정상,"서울특별시 강남구 언주로130길 8, 지하1층 (논현동)"
마포갈비 & 갈매기,기타,37.494975045523205,127.03938390725948,영업/정상,"서울특별시 강남구 논현로 333 (역삼동,지상1층)"
우리집 식당,기타,37.49545846725804,127.03126284142482,영업/정상,"서울특별시 강남구 강남대로78길 25, 지상5층 (역삼동)"
선향정샤브샤브 강남2호점,기타,37.494511944507465,127.03020006661367,영업/정상,"서울특별시 강남구 역삼로1길 19, 지하1층 (역삼동)"
레스트빈,기타,37.504071702442154,127.04897187661788,영업/정상,"서울특별시 강남구 선릉로 435, 1층 105호 (역삼동)"
완미족발 서울선릉점,기타,37.50594904598185,127.04990783561945,영업/정상,"서울특별시 강남구 테헤란로63길 9, 지상1층 102호 (삼성동)"
토브,기타,37.50598053955492,127.0585706373138,영업/정상,"서울특별시 강남구 테헤란로84길 18 (대치동,지하1층)"
흥청망청,기타,37.50498185124722,127.04346361799637,영업/정상,"서울특별시 강남구 언주로98길 19 (역삼동,지상1층)"
스마트 뷔페,기타,37.50331227607704,127.04633325591085,영업/정상,"서울특별시 강남구 테헤란로 322, 한신인터밸리24 제비동 지하2층 114호 (역삼동)"
스카이(SKY),기타,37.52250359085898,127.02739798986512,영업/정상,"서울특별시 강남구 논현로157길 8, 지상4층 (신사동)"
미미짱,기타,37.4988386905832,127.03347860859152,영업/정상,"서울특별시 강남구 논현로87길 41, 신일유토빌 지상1층 109호 (역삼동)"
낙지마을,기타,37.49434795190433,127.07961586766422,영업/정상,"서울특별시 강남구 개포로 623, 대청타워 지하1층 101호,102호 (개포동)"
엠에이치식탁,기타,37.494975045523205,127.03938390725948,영업/정상,"서울특별시 강남구 논현로 333, 역삼빌딩 지하1층 2호-1호 (역삼동)"
코이라멘 도산점(하우스 오브 코이),기타,37.52383065909333,127.03671007796939,영업/정상,"서울특별시 강남구 압구정로46길 75, 지상2층 (신사동)"
바닭,기타,37.49240903545035,127.03202358981508,영업/정상,"서울특별시 강남구 역삼로4길 16, 성우스타우스오피스텔 지상1층 113호 (역삼동)"
닭터홍 강남본점,기타,37.494622955954775,127.03105382931368,영업/정상,"서울특별시 강남구 역삼로3길 17 (역삼동,지상2층)"
수다 대치점,기타,37.5040970442061,127.05266168155788,영업/정상,"서울특별시 강남구 선릉로86길 37 (대치동,지상2층)"
무티,기타,37.522339291621584,127.04350509878867,영업/정상,"서울특별시 강남구 선릉로148길 48-9, 지상3층 (청담동)"
블루보틀커피코리아 역삼,기타,37.50011785425546,127.03222166172274,영업/정상,"서울특별시 강남구 테헤란로 129, 지하1층 1호 (역삼동)"
히메성곽,기타,37.52771575027698,127.03949241565579,영업/정상,"서울특별시 강남구 압구정로54길 4, 지하1층 (신사동)"
타비타비,기타,37.520374792531825,127.04867135950697,영업/정상,"서울특별시 강남구 학동로77길 26 (청담동,대유빌딩 지하1층)"
부엉이산장 강남점,기타,37.50055768073855,127.0282642381324,영업/정상,"서울특별시 강남구 테헤란로1길 28-11, 지상1층 (역삼동)"
더라운드 삼성점,기타,37.51998629089575,127.05772118947249,영업/정상,"서울특별시 강남구 영동대로 648 (삼성동,지상1층)"
대림각,기타,37.49047930938904,127.08584573299785,영업/정상,서울특별시 강남구 일원로9길 52 (일원동)
임고집 한우＆보쌈마을,기타,37.50855179558727,127.06538651302938,영업/정상,"서울특별시 강남구 테헤란로104길 11 (대치동,지상1층)"
깡우동(논현점),기타,37.51958993711708,127.03000023105947,영업/정상,"서울특별시 강남구 논현로150길 19, 지상1층 (논현동)"
육랩,기타,37.500246547690715,127.02798464890815,영업/정상,"서울특별시 강남구 테헤란로1길 28-6, 지상2층 (역삼동)"
바란초커피,기타,37.46925413555886,127.11883233502265,영업/정상,"서울특별시 강남구 헌릉로745길 25, A동 지하1층 130호 (율현동, 강남자동차매매장)"
미루,기타,37.49925266393198,127.03916560153807,영업/정상,"서울특별시 강남구 언주로81길 56 (역삼동,지하1층)"
콩,기타,37.51823398828557,127.02991398063439,영업/정상,"서울특별시 강남구 논현로146길 11 (논현동,지하1층)"
LA23 엘에이23,기타,37.52739329403336,127.03945630626899,영업/정상,"서울특별시 강남구 선릉로161길 12 (신사동,지하1층)"
별미식당,기타,37.51598621400167,127.03031416746487,영업/정상,"서울특별시 강남구 논현로136길 3, 지상1층 105호 (논현동, 비전빌딩)"
스테이,기타,37.50736746732384,127.03277156566585,영업/정상,서울특별시 강남구 봉은사로25길 4 (논현동)
카페코너,기타,37.517980558680236,127.04026570316596,영업/정상,"서울특별시 강남구 선릉로131길 8, 노벨빌딩 지상1층 (논현동)"
굴세상해초마을,기타,37.528057914463076,127.0310211679467,영업/정상,"서울특별시 강남구 압구정로 216 (신사동,지상1층15호)"
김치찌개,기타,37.51110431635118,127.04420982946036,영업/정상,"서울특별시 강남구 선릉로112길 6 (삼성동,중건빌딩1층)"
더쿼드,기타,37.52624285008315,127.03295210693923,영업/정상,"서울특별시 강남구 언주로 849 (신사동,지상2층)"
(주)박정민,기타,37.515224081162955,127.04145172445166,영업/정상,"서울특별시 강남구 선릉로127길 5-5 (논현동,지하1층)"
역삼동북어집,기타,37.498606262883825,127.03673251380475,영업/정상,"서울특별시 강남구 논현로85길 5-14 (역삼동,지상1층)"
두끼(한티역점),기타,37.49782549970645,127.05240483055152,영업/정상,"서울특별시 강남구 선릉로 314 (대치동,지하1층)"
거복,기타,37.51107974713829,127.03330337039777,영업/정상,"서울특별시 강남구 학동로30길 49, 지상1층 102호 (논현동)"
강남혜자초밥,기타,37.49702710547764,127.02976901919028,영업/정상,"서울특별시 강남구 강남대로84길 15, 지하1층 129호 (역삼동)"
판동면옥,기타,37.50281791045505,127.05634728923452,영업/정상,"서울특별시 강남구 역삼로77길 5, 지상1층 (대치동)"
봉이치킨호프,기타,37.5096971460223,127.02391584584151,영업/정상,"서울특별시 강남구 강남대로126길 17, 1층 2호,3호 (논현동)"
은수림,기타,37.48867399853818,127.06680617836673,영업/정상,"서울특별시 강남구 삼성로 38, 내제 206호 (개포동)"
김치공장,기타,37.50471815129686,127.05465320049792,영업/정상,"서울특별시 강남구 삼성로85길 32 (대치동,지상1층)"
두어마리,기타,37.512706436492046,127.06538674013247,영업/정상,서울특별시 강남구 봉은사로114길 38 (삼성동)
하츠코이 오카,기타,37.48530933573788,127.03440343401125,영업/정상,"서울특별시 강남구 강남대로 240 (도곡동,양재에스케이허브프리모 102,111,112호)"
다카포(DACAPO),기타,37.52523339684532,127.0404352739653,영업/정상,"서울특별시 강남구 도산대로55길 25, 2층 (청담동)"
황해도집,기타,37.49875264079813,127.03692549231087,영업/정상,"서울특별시 강남구 논현로85길 5-6, 지상1층 (역삼동)"
RUSH(러쉬),기타,37.51899313112879,127.01991420912155,영업/정상,"서울특별시 강남구 강남대로158길 11, 지상1층 (신사동)"
오늘와인한잔,기타,37.49772601279262,127.0292970420504,영업/정상,"서울특별시 강남구 테헤란로4길 6, 강남역 센트럴 푸르지오 시티 지상2층 216호,217호 (역삼동)"
베케트(BECKETT),기타,37.51759198755917,127.02958547666731,영업/정상,"서울특별시 강남구 논현로 734, 지상1층 (논현동)"
(주)커피빈코리아 삼성봉은사로점,기타,37.514646355405446,127.06417582056349,영업/정상,"서울특별시 강남구 봉은사로 628, ELSON빌딩 1층 (삼성동)"
건강밥상,기타,37.49665627155167,127.04291669566905,영업/정상,"서울특별시 강남구 언주로71길 27, 지상1층 101호 (역삼동, 프리타운빌라)"
랩스피자,기타,37.50085838008427,127.04058796164693,영업/정상,"서울특별시 강남구 언주로85길 32, 역삼역센트럴푸르지오 지하1층 107C CA16호 (역삼동)"
남도24,기타,37.5060823333192,127.03280820705162,영업/정상,"서울특별시 강남구 봉은사로24길 11, 1층 (역삼동)"
(주)담희-논현지점,기타,37.50149839760205,127.03167921101468,영업/정상,"서울특별시 강남구 테헤란로13길 29, 가동 지상1층 102호 (역삼동)"
커스텀잇 본점,기타,37.522966722064666,127.02094804060847,영업/정상,"서울특별시 강남구 압구정로 110, 화인빌딩 지상1층 (신사동)"
리춘시장 강남역점,기타,37.500294520794,127.02752486126133,영업/정상,"서울특별시 강남구 테헤란로1길 30, 지상2층 (역삼동)"
놀부부대찌개앤철판구이,기타,37.50905891022661,127.02312705505683,영업/정상,"서울특별시 강남구 학동로2길 38 (논현동,지상1층)"
펀앤드펍 & 스파게티스토리,기타,37.5035421581371,127.05107362632971,영업/정상,"서울특별시 강남구 선릉로86길 17 (대치동,지하1층)"
스파게티스토리,기타,37.51187469017783,127.04841797122266,영업/정상,"서울특별시 강남구 봉은사로 445, 지상1층 (삼성동)"
송강제면소 강남 삼성점,기타,37.511102578034105,127.05583054181714,영업/정상,"서울특별시 강남구 삼성로104길 15, 2층 (삼성동)"
팝스키친,기타,37.50558637763585,127.03387384723632,영업/정상,"서울특별시 강남구 봉은사로26길 23, 지하1층 2호 (역삼동)"
완도1957별관,기타,37.51655166515923,127.0401389040349,영업/정상,"서울특별시 강남구 학동로 338, 지상1층 S109호 (논현동, 강남파라곤)"
초작 밀크티,기타,37.48920953429836,127.06796076359394,영업/정상,"서울특별시 강남구 개포로 508, 소망빌딩 지상1층 108호 (개포동)"
우텐더,기타,37.52698153423125,127.03578517701335,영업/정상,"서울특별시 강남구 압구정로42길 25-10, 1층 (신사동)"
모어스 일렉트로라운지 강남점,기타,37.50784679434225,127.02336813443041,영업/정상,"서울특별시 강남구 강남대로 512, 4층 (논현동)"
생생돈까스 강남점,기타,37.49336867847596,127.04067466007538,영업/정상,"서울특별시 강남구 논현로 312, 1층 101호 (역삼동)"
춘만두,기타,37.49433720733542,127.03543259002848,영업/정상,"서울특별시 강남구 역삼로14길 3, 지상1층 (역삼동)"
더참치,기타,37.499085481138366,127.03414764536576,영업/정상,서울특별시 강남구 테헤란로20길 10 (역삼동)
호또치킨,기타,37.50341196636565,127.03921659002143,영업/정상,"서울특별시 강남구 언주로93길 32-3 (역삼동, 1층)"
나비식탁,기타,37.51040525981666,127.03945908339476,영업/정상,"서울특별시 강남구 언주로114길 23, 지하1층 (논현동)"
안녕 숯불,기타,37.49643113697572,127.03054734410792,영업/정상,"서울특별시 강남구 테헤란로4길 31, 지상1층 (역삼동, 인예지빌딩)"
청수횟집,기타,37.501296008090556,127.03497830686499,영업/정상,"서울특별시 강남구 테헤란로25길 9 (역삼동,지하2층)"
제주서귀포물항식당,기타,37.51103472661716,127.05733066220094,영업/정상,서울특별시 강남구 테헤란로87길 51 (삼성동)
구옥천생태,기타,37.507513964978116,127.06220941995608,영업/정상,"서울특별시 강남구 테헤란로98길 14, 지상1층 (대치동)"
페리카나 치킨,기타,37.515985957779286,127.06520749427361,영업/정상,"서울특별시 강남구 영동대로112길 61 (삼성동,지상1층)"
와이비비 인터내셔널푸드,기타,37.50294902227001,127.05236652113574,영업/정상,"서울특별시 강남구 선릉로82길 28, 대치동 빌딩 지하1층 (대치동)"
코끼리 맨션(KOKKIRI MANSION),기타,37.50586602497383,127.04714841543503,영업/정상,"서울특별시 강남구 테헤란로55길 20, 지상2층 (역삼동)"
502 세컨즈카페,기타,37.51139907926364,127.02798210449822,영업/정상,"서울특별시 강남구 학동로20길 32, 1층 (논현동)"
일품두부,기타,37.51931001613945,127.05802957880067,영업/정상,"서울특별시 강남구 영동대로 644, 지하1층 101,102호 (삼성동, 원일빌딩)"
신차이 현대백화점 무역센터점,기타,37.50859530026902,127.05971847792408,영업/정상,"서울특별시 강남구 테헤란로 517, 현대백화점 지하1층 (삼성동)"
세광양대창 선릉점,기타,37.50271014005325,127.05176452427492,영업/정상,"서울특별시 강남구 역삼로63길 23, 2층 (대치동)"
문보 핫팟,기타,37.52531048981783,127.05111868095644,영업/정상,"서울특별시 강남구 압구정로79길 48, 지상1,2층 (청담동)"
무지개맥주,기타,37.50725870467687,127.0245222724038,영업/정상,"서울특별시 강남구 강남대로120길 13, 지상2층 (논현동)"
대치동 당구클럽,기타,37.5011266153493,127.06447176006176,영업/정상,"서울특별시 강남구 삼성로64길 51, 지하1층 (대치동)"
맛소담,기타,37.5063418309021,127.02882019862432,영업/정상,"서울특별시 강남구 봉은사로11길 6 (논현동,지하1층)"
돈까스의집,기타,37.50990222868011,127.03773037478281,영업/정상,서울특별시 강남구 언주로 608 (논현동)
패밀리푸드,기타,37.50895780691971,127.04193557174094,영업/정상,"서울특별시 강남구 선릉로107길 26 (역삼동,지하1층)"
시골밥상,기타,37.494025331307085,127.04525400872907,영업/정상,"서울특별시 강남구 도곡로 245 (역삼동,지상2층)"
성북동왕돈까스,기타,37.505346086194514,127.0589930814582,영업/정상,"서울특별시 강남구 삼성로82길 15 (대치동,지하1층)"
THE 밥,기타,37.494827744014515,127.08389139788235,영업/정상,"서울특별시 강남구 개포로 650, 1층 (일원동, 은성빌딩)"
채움,기타,37.50297359241314,127.04653232570449,영업/정상,"서울특별시 강남구 테헤란로 322 (역삼동,한신인터밸리지하2층B131호)"
단스시(논현점),기타,37.51516263647088,127.03574695493731,영업/정상,"서울특별시 강남구 언주로 652 (논현동,지상2층)"
(주) 타워그안,기타,37.48733628888635,127.05282966375741,영업/정상,"서울특별시 강남구 언주로30길 26 (도곡동,반트타워팰리스내지상1층)"
작은집,기타,37.48801674446367,127.10184847065206,영업/정상,"서울특별시 강남구 밤고개로1길 10 (수서동,현대벤쳐빌지하1층28호)"
텐 뉴욕버거(10 NEWYORK BURGER),기타,37.51001850960684,127.03477713065826,영업/정상,"서울특별시 강남구 봉은사로33길 33, 양지직매상가 지하1층 1호, 지상1층 15호 (논현동)"
정한우,기타,37.519125371036644,127.02474881518917,영업/정상,"서울특별시 강남구 강남대로152길 69, 2층 (신사동)"
돈바치,기타,37.47889219232034,127.04988551509766,영업/정상,"서울특별시 강남구 개포로 250, 선광빌딩 지상1층 102호 (개포동)"
닉스,기타,37.505966380568324,127.03534898963454,영업/정상,"서울특별시 강남구 봉은사로30길 24 (역삼동,지상2층)"
풍년집,기타,37.504000390661304,127.05486930226783,영업/정상,"서울특별시 강남구 삼성로81길 34 (대치동,지상1층)"
컵빠야,기타,37.4993922371139,127.058097868625,영업/정상,"서울특별시 강남구 삼성로63길 25, 1층 102호 (대치동)"
오동도,기타,37.502128034189255,127.05832816643778,영업/정상,"서울특별시 강남구 삼성로71길 7 (대치동,지상1층)"
정육점식당,기타,37.46536759138458,127.10937511205091,영업/정상,서울특별시 강남구 밤고개로31길 9 (세곡동)
현대이모네,기타,37.514428466054966,127.06436065511872,영업/정상,"서울특별시 강남구 봉은사로108길 3-10, 지하1층 (삼성동)"
리숨두부,기타,37.51448606891902,127.06547895381293,영업/정상,"서울특별시 강남구 봉은사로114길 12, 대웅제약빌딩 지하1층 5호 (삼성동)"
마피아디저트 강남,기타,37.509299696950634,127.02720960440472,영업/정상,"서울특별시 강남구 강남대로122길 55, 지상1층 101호 (논현동)"
엘엠(LM)시스템즈,기타,37.51700726190686,127.02428585193402,영업/정상,"서울특별시 강남구 논현로149길 53, 지상1층 일부, 2층 일부 (논현동)"
닥터스클럽,기타,37.52703953855977,127.04618919363487,영업/정상,"서울특별시 강남구 도산대로81길 45 (청담동,지하1층)"
피크포케&샐러드,기타,37.50085838008427,127.04058796164693,영업/정상,"서울특별시 강남구 언주로85길 32, 역삼역센트럴푸르지오 지하1층 112호 중 CA23-2호 (역삼동)"
돈까스해,기타,37.49443111982977,127.037945770988,영업/정상,"서울특별시 강남구 역삼로20길 13, 지상1층 101호 (역삼동)"
도툼횟집,기타,37.49702710547764,127.02976901919028,영업/정상,"서울특별시 강남구 강남대로84길 15, 지하1층 105,106,107,108호 (역삼동)"
온솥(주),기타,37.499461317318186,127.04257712108138,영업/정상,"서울특별시 강남구 언주로79길 14-5, 한강빌딩 지상1층 (역삼동)"
유연정,기타,37.49421596507827,127.0776167654936,영업/정상,서울특별시 강남구 개포로109길 34 (개포동)
돈부리칸,기타,37.50688369141595,127.05943678659689,영업/정상,"서울특별시 강남구 테헤란로88길 10, 신안메트로칸 1층 104호 (대치동)"
린,기타,37.525450506665365,127.05222172712298,영업/정상,"서울특별시 강남구 압구정로79길 60, 지상1층 (청담동)"
게순이네식당,기타,37.521211715202504,127.03738907816533,영업/정상,"서울특별시 강남구 언주로148길 35, 지상2층 (논현동)"
에프앨씨 에프앤비(FLC F&B),기타,37.506806155783686,127.05346663232015,영업/정상,"서울특별시 강남구 테헤란로77길 11-13, 지하1층 101호 (삼성동)"
정찬,기타,37.49942728561998,127.04469803872237,영업/정상,"서울특별시 강남구 언주로 408, 역삼자이 상가동 지하1층 B05호 (역삼동)"
원석이네,기타,37.51001850960684,127.03477713065826,영업/정상,"서울특별시 강남구 봉은사로33길 33, 양지직매상가 1층 32호 (논현동)"
(주)제시앤코(까사알렉시스 도산점),기타,37.519940169853676,127.03023426137992,영업/정상,"서울특별시 강남구 도산대로 214, 지상4층 (논현동)"
페피트(PEPITE),기타,37.52622748841658,127.04913390063308,영업/정상,"서울특별시 강남구 도산대로85길 25, 지상1층 101호 (청담동)"
강남타이야키코히(대치점),기타,37.50203313698251,127.05975339033887,영업/정상,"서울특별시 강남구 삼성로70길 4, 1층 중 일부호 (대치동)"
피자홈,기타,37.50933193249617,127.04354534861788,영업/정상,"서울특별시 강남구 봉은사로54길 10 (역삼동,지하1층)"
테이블105,기타,37.518493621557354,127.02783500929432,영업/정상,"서울특별시 강남구 도산대로26길 11 (논현동,지상1층)"
권숙수,기타,37.52438441529622,127.04355838545871,영업/정상,"서울특별시 강남구 압구정로80길 37, 이에스빌딩 4층 (청담동)"
우도옥,기타,37.51134134181748,127.05552490022434,영업/정상,"서울특별시 강남구 봉은사로82길 29, 지하1,지상1,2층 (삼성동)"
국제수입식당,기타,37.496322337893496,127.03404185615142,영업/정상,"서울특별시 강남구 논현로79길 62, 지하1층 (역삼동)"
주식회사 금돈옥 대치점,기타,37.497370366736554,127.05712859503868,영업/정상,"서울특별시 강남구 도곡로 426 (대치동,지상2층)"
차호랑,기타,37.50449438889183,127.05579192259762,영업/정상,"서울특별시 강남구 테헤란로78길 26, 2층 (대치동)"
통영마을,기타,37.52568046442295,127.02785433199121,영업/정상,"서울특별시 강남구 압구정로28길 13, 지하1층 (신사동)"
랑데뷰,기타,37.5058607977612,127.02558775199302,영업/정상,"서울특별시 강남구 강남대로114길 16, 지하1층 (논현동)"
삼성 숯불 갈비,기타,37.50914908735992,127.0565555926208,영업/정상,"서울특별시 강남구 테헤란로81길 34 (삼성동,지상1층)"
유다까푸드카페,기타,37.49741797119301,127.06532707074464,영업/정상,"서울특별시 강남구 삼성로 212, 지1층 39호 (대치동, 은마상가 A브럭 지하)"
비바라크레페(VIVA LA CREPE),기타,37.507586407644254,127.05744670778684,영업/정상,"서울특별시 강남구 테헤란로 505, 지상1층 (삼성동)"
발해족발,기타,37.48866229226385,127.10319217922601,영업/정상,"서울특별시 강남구 밤고개로1길 30, 지상1층 108호 (수서동)"
피아제(PIAGET),기타,37.52141110229349,127.03928430837979,영업/정상,"서울특별시 강남구 선릉로145길 3, 우림빌딩 지상2층 (논현동)"
포피엠커피,기타,37.51965203140727,127.04850612188802,영업/정상,"서울특별시 강남구 삼성로133길 12, 지상1층 (청담동)"
진미 평양냉면,냉면,37.516003371359346,127.03632095323096,영업/정상,"서울특별시 강남구 학동로 307, 지하1층 101호 (논현동)"
드럭스토어 커피,기타,37.50632682787128,127.03463788834142,영업/정상,"서울특별시 강남구 논현로 564, 석우빌딩 지상1층 102호 (역삼동)"
사케바 와인,기타,37.52688984213211,127.04573359591049,영업/정상,"서울특별시 강남구 압구정로71길 4, 미산빌딩 1층 (청담동)"
디오엠 삼성1,기타,37.510483694787034,127.05761406778362,영업/정상,"서울특별시 강남구 테헤란로87길 41, 지상1층 (삼성동)"
소담골,기타,37.48302380975111,127.04327979703388,영업/정상,서울특별시 강남구 논현로30길 8 (도곡동)
진푸드,기타,37.49942728561998,127.04469803872237,영업/정상,"서울특별시 강남구 언주로 408, 역삼자이 지하1층 B18호 (역삼동)"
청담커피 신사역점,기타,37.5169730887361,127.02009525696182,영업/정상,"서울특별시 강남구 도산대로1길 3, 지상1층 (신사동)"
카마도(KAMADO),기타,37.50381806897949,127.05378497679827,영업/정상,"서울특별시 강남구 테헤란로70길 28, 지상1층 (대치동)"
이자카야 잔잔 선릉점,기타,37.50388681551817,127.05356349501803,영업/정상,"서울특별시 강남구 선릉로86길 44-3, 지상1층 101호 (대치동)"
나나상회,기타,37.51895864922032,127.02480781297086,영업/정상,"서울특별시 강남구 강남대로152길 70 (신사동,1층)"
오프,기타,37.51500273220269,127.0427013251002,영업/정상,"서울특별시 강남구 선릉로122길 14 (삼성동,101호)"
이코복스커피 스튜디오 신사점,기타,37.52114059422402,127.02224286387481,영업/정상,"서울특별시 강남구 압구정로10길 37, 지하1층 (신사동)"
꿍닭꿍닭,기타,37.48627216476559,127.03773511211755,영업/정상,"서울특별시 강남구 남부순환로363길 15, 지상1층 102호 (도곡동)"
로즈(ROSE),기타,37.5268115771191,127.04066454866165,영업/정상,"서울특별시 강남구 선릉로 840, 지하1층 (청담동)"
88식당 신논현점,기타,37.512844113681275,127.03506424884098,영업/정상,"서울특별시 강남구 언주로 631, 지상2층 202호 (논현동)"
온달집 신사본점,기타,37.517650778278934,127.02178115669861,영업/정상,"서울특별시 강남구 강남대로152길 30 (신사동,지상1층)"
취중다마,기타,37.50815140144015,127.02416297659957,영업/정상,"서울특별시 강남구 강남대로122길 15, 상당빌딩 지상4층 (논현동)"
토핑스(toppings),기타,37.50868004795015,127.03231344640986,영업/정상,"서울특별시 강남구 봉은사로25길 24, 지상1층 02호 (논현동)"
술파남&파파남,기타,37.51607099726302,127.04092540835883,영업/정상,"서울특별시 강남구 선릉로129길 9-3, 로담빌딩 지상1층 (논현동)"
마이리틀케이브,기타,37.502472304232136,127.036936302157,영업/정상,"서울특별시 강남구 논현로94길 7, 지상3층 301호 (역삼동)"
비네트,기타,37.49165256093709,127.03573804712443,영업/정상,"서울특별시 강남구 도곡로11길 10, 지상1층 101(일부)호 (역삼동)"
도야족발,기타,37.48927177114473,127.06881747953594,영업/정상,서울특별시 강남구 개포로 512 (개포동)
불이아,기타,37.51735158334379,127.03412115575264,영업/정상,"서울특별시 강남구 언주로 711 (논현동,건설회관지하1층)"
우리다 압구정점,기타,37.52480292653651,127.02691004800913,영업/정상,"서울특별시 강남구 논현로167길 16, 지상1층 102호 (신사동)"
화락바베큐치킨 역삼중앙점,기타,37.49582964016155,127.0398367752478,영업/정상,"서울특별시 강남구 역삼로 204, 삼환 아르누보 지하1층 B07,B08중 105호 (역삼동)"
코너피자조인트 압구정,기타,37.5257007428661,127.03800872061107,영업/정상,"서울특별시 강남구 도산대로51길 37, 지상1층 3호 (신사동)"
프레시크레딧 선릉점,기타,37.50475944042249,127.05325468726268,영업/정상,"서울특별시 강남구 테헤란로70길 12, H 타워 지하1층 (대치동)"
카페그라노,기타,37.500106840237514,127.05327588424905,영업/정상,"서울특별시 강남구 역삼로64길 15, 지상1층 102호 (대치동)"
더위스키( the whisky ),기타,37.491728190739884,127.03183980265206,영업/정상,"서울특별시 강남구 강남대로66길 14, 지상1층 104호 (역삼동)"
동강,기타,37.510206537732664,127.06441258798172,영업/정상,서울특별시 강남구 테헤란로103길 10 (삼성동)
매머드 익스프레스 신사동점,기타,37.518027318476115,127.01975937269687,영업/정상,"서울특별시 강남구 강남대로156길 8 (신사동,1층)"
에이치큐(HQ),기타,37.52581124503936,127.03637597361866,영업/정상,"서울특별시 강남구 언주로168길 34 (신사동,지하1층)"
리나스 선릉점,기타,37.50588014921168,127.05213177873809,영업/정상,"서울특별시 강남구 테헤란로 419, 강남파이낸스플라자 지상1층 (삼성동)"
우리집 신사점,기타,37.51791100254564,127.02171892948887,영업/정상,"서울특별시 강남구 강남대로152길 29, 지하1층 (신사동)"
테이블 원,기타,37.503680549068676,127.03668956967124,영업/정상,"서울특별시 강남구 봉은사로30길 59 (역삼동,지상1층)"
해바라기,기타,37.51896382088647,127.03134447535245,영업/정상,"서울특별시 강남구 도산대로34길 21, 지상1층 103호 (논현동)"
황제만두,기타,37.48668213109887,127.03903855509667,영업/정상,"서울특별시 강남구 남부순환로365길 17 (도곡동,1층)"
도모,기타,37.50394434432403,127.03509502540386,영업/정상,서울특별시 강남구 논현로 533 (역삼동)
라운지세븐,기타,37.49043925738623,127.03532992385125,영업/정상,"서울특별시 강남구 도곡로 138 (도곡동,지하1층)"
츄우카(CHUKA),기타,37.526394603264,127.03659304704718,영업/정상,"서울특별시 강남구 언주로170길 36, 지와이빌딩 3층 (신사동)"
"카츠랩, 숯불돈까스",기타,37.502142596185266,127.0505973668539,영업/정상,"서울특별시 강남구 선릉로76길 5-11, 지상1층 101호 (대치동)"
덩치큰남자 강남점,기타,37.485420703455866,127.04505956946629,영업/정상,"서울특별시 강남구 논현로38길 38-3, 지하1층 (도곡동)"
선향정샤브샤브,기타,37.50556615264505,127.05503035185583,영업/정상,"서울특별시 강남구 선릉로90길 72, 지하1층 (대치동)"
비놀릭스위트,기타,37.49133230762707,127.03509712335787,영업/정상,"서울특별시 강남구 도곡로7길 8, 송현빌딩 지하1층 (역삼동)"
청담맥주,기타,37.52118422077952,127.03723285260865,영업/정상,"서울특별시 강남구 언주로148길 33, 1층 (논현동)"
우드스탁2003,기타,37.527102898657006,127.03608853311958,영업/정상,"서울특별시 강남구 압구정로42길 25-13, 지상3층 (신사동)"
비비,기타,37.50354639764277,127.0508291875745,영업/정상,"서울특별시 강남구 선릉로86길 15 (대치동,지하1층101,102,103,104,105,106,107호)"
바르다김선생 개포점,기타,37.48267934745633,127.06118007148754,영업/정상,"서울특별시 강남구 선릉로 30, 지상1층 106-1호, 7호 (개포동)"
aaaa에이넷,기타,37.52244080016343,127.02445818852547,영업/정상,"서울특별시 강남구 논현로159길 46-6, 지상1층 (신사동)"
야끼오뎅빠,기타,37.512521154961824,127.05881929973503,영업/정상,"서울특별시 강남구 영동대로 511 (삼성동,아셈회관 지하1층 A-7호)"
주식회사 소과당,기타,37.49971809899404,127.02799166805053,영업/정상,"서울특별시 강남구 강남대로96길 12, 에이동 지상2층 (역삼동)"
명가 우육면 선릉점,기타,37.505081336678295,127.05352246189088,영업/정상,"서울특별시 강남구 선릉로90길 56, 지상1층 106호 (대치동, 대치동 대우아이빌명문가)"
어게인 리프레쉬 강남점,기타,37.5024967279841,127.02684251749247,영업/정상,"서울특별시 강남구 봉은사로4길 36, 지하1층 101호 (역삼동, 운현빌딩)"
도산해장1989,기타,37.52533675017158,127.03788276507943,영업/정상,"서울특별시 강남구 도산대로51길 33, 지상3층 (신사동)"
강남물총칼국수,칼국수,37.51711913902374,127.03792027595615,영업/정상,"서울특별시 강남구 언주로134길 29, 지상1층 (논현동)"
브루 버거,기타,37.515559473726306,127.04001044109087,영업/정상,"서울특별시 강남구 학동로50길 16, 지상1층 (논현동)"
사랑방,기타,37.47963655891812,127.04801411134392,영업/정상,"서울특별시 강남구 개포로25길 11, 지상1층 107호 (개포동)"
나이스샤워 치유,기타,37.52173321187154,127.02170764634461,영업/정상,"서울특별시 강남구 압구정로10길 30-3, 지상1층 (신사동)"
먹어도 돼지,기타,37.51513150538149,127.0428484249835,영업/정상,"서울특별시 강남구 학동로56길 32, 지하1층 (삼성동)"
주식회사 뱅뱅막국수,기타,37.489656123291816,127.03285531350713,영업/정상,"서울특별시 강남구 도곡로 112, 서한빌딩 지상1층 103호 (도곡동)"
잭슨 하이볼,기타,37.50290324694017,127.02666601254109,영업/정상,"서울특별시 강남구 강남대로106길 14, 지상2층 (역삼동)"
도이,기타,37.49271062458517,127.05774753331386,영업/정상,"서울특별시 강남구 남부순환로 2911-1 (대치동,지상1층)"
젠제로,기타,37.52661388562685,127.02940806833642,영업/정상,"서울특별시 강남구 언주로167길 46, 지상1층 (신사동)"
마케집 신사점,기타,37.518036180341724,127.02202616934287,영업/정상,"서울특별시 강남구 강남대로152길 33, 지상1층 (신사동)"
두성전주콩나물국밥 강남구청역점,국밥,37.51786682191086,127.03987718196494,영업/정상,"서울특별시 강남구 선릉로131길 12, 로뎀2빌딩 지상1층 (논현동)"
엉터리생고기신사역점,기타,37.51721700998557,127.02122499277014,영업/정상,"서울특별시 강남구 도산대로 117, 지상3층 (신사동)"
자주식당,기타,37.51839156182614,127.02054030618568,영업/정상,"서울특별시 강남구 강남대로156길 17 (신사동,지상1층)"
황고집,기타,37.51071705705111,127.02516330169591,영업/정상,"서울특별시 강남구 강남대로128길 38 (논현동,지상1층)"
샵마고,기타,37.52630348642085,127.03908277872924,영업/정상,"서울특별시 강남구 압구정로54길 26, 지하1층 (신사동)"
아구본가 첨벙 신사본점,기타,37.51582581228038,127.02087151129632,영업/정상,"서울특별시 강남구 강남대로150길 12, 지하1층나호, 1층나호 (논현동)"
상석,기타,37.52292857848072,127.02684170373323,영업/정상,"서울특별시 강남구 논현로159길 15, 지상1층 101호 (신사동)"
봉림장,기타,37.46400000954552,127.10730858512954,영업/정상,서울특별시 강남구 밤고개로34길 4 (세곡동)
엠,기타,37.52698166352807,127.03960026719075,영업/정상,"서울특별시 강남구 선릉로161길 7, 지하1층 (신사동)"
바나프레소 삼성중앙역점,기타,37.51315809066334,127.05268533212086,영업/정상,"서울특별시 강남구 봉은사로 479, 1층 (삼성동)"
자연곳간,기타,37.49028948407986,127.03250469350552,영업/정상,"서울특별시 강남구 강남대로62길 12, 월산빌딩 1층 (역삼동)"
하영호신촌설렁탕,기타,37.48388157855616,127.04509350307879,영업/정상,"서울특별시 강남구 논현로28길 36 (도곡동,1층)"
신사설렁탕,기타,37.522966722064666,127.02094804060847,영업/정상,"서울특별시 강남구 압구정로 110 (신사동,지상1층중층)"
세온(SEON),기타,37.52649833515452,127.04088412381599,영업/정상,"서울특별시 강남구 도산대로55길 43, 전갤러리 지상4층 (청담동)"
포케올데이 대치점,기타,37.497819991317705,127.05460201155982,영업/정상,"서울특별시 강남구 도곡로63길 12, 신농플라자 지상2층 203호 (대치동)"
진대감,기타,37.51018601063255,127.05561870506006,영업/정상,"서울특별시 강남구 테헤란로81길 47, 지상1층 (삼성동)"
이장군카레와,기타,37.512409021620584,127.034862745798,영업/정상,"서울특별시 강남구 언주로125길 3-10, 1층 (논현동)"
품서울,기타,37.517518445005685,127.05165743278567,영업/정상,"서울특별시 강남구 삼성로126길 6, 지상6층 (삼성동)"
향원,기타,37.49240903545035,127.03202358981508,영업/정상,"서울특별시 강남구 역삼로4길 16 (역삼동,성우스타우스오피스텔지상1층104호)"
라밥(LABAB)선릉점,기타,37.50269343379142,127.05017472828912,영업/정상,"서울특별시 강남구 선릉로 422, 전우빌딩 지상1층 2호 (대치동)"
신사골감자탕 양재점,기타,37.48535978759205,127.03409523550035,영업/정상,"서울특별시 강남구 강남대로 242, 1층 (도곡동, 크리스탈빌딩)"
두어마리,기타,37.520407250459,127.03609523539045,영업/정상,"서울특별시 강남구 언주로148길 14, 다동 101호 (논현동)"
오마주,기타,37.519028940026175,127.02453157367692,영업/정상,"서울특별시 강남구 강남대로152길 67, 지하1층 102호 (신사동)"
일공,기타,37.515985957779286,127.06520749427361,영업/정상,"서울특별시 강남구 영동대로112길 61, 지상3층 (삼성동)"
미네,기타,37.50182054245222,127.03831729362463,영업/정상,서울특별시 강남구 테헤란로27길 6 (역삼동)
김밥천국,기타,37.524057735887894,127.02791593357462,영업/정상,"서울특별시 강남구 논현로 841 (신사동,지상1층101호)"
프레스카,기타,37.483898749779215,127.04440232372971,영업/정상,"서울특별시 강남구 논현로28길 29 (도곡동,지상1층)"
도리토리 삼성직영점,기타,37.51141526871971,127.056361879371,영업/정상,"서울특별시 강남구 봉은사로84길 29, 지상1층 (삼성동)"
한방삼계탕,기타,37.49367883408213,127.03019068503612,영업/정상,"서울특별시 강남구 강남대로 342 (역삼동,지상1층)"
제주갈치전문점,기타,37.502898666913076,127.06463903723659,영업/정상,"서울특별시 강남구 역삼로98길 28, B동 지상1층 동측 (대치동)"
강남철판요리,기타,37.52583378854654,127.0280381653796,영업/정상,"서울특별시 강남구 압구정로28길 9-2, 지하1층 (신사동)"
이대성의 진면목,기타,37.51023879050101,127.05715102521762,영업/정상,"서울특별시 강남구 삼성로100길 23-3, 1층 101호 (삼성동)"
작야,기타,37.50133315411962,127.04102521478423,영업/정상,"서울특별시 강남구 언주로87길 24, 시티타워 지하1층 (역삼동)"
엠유,기타,37.52305514280009,127.03700478073198,영업/정상,"서울특별시 강남구 도산대로49길 3, 씨씨빌딩 지상1층 (신사동)"
밍글스,기타,37.52538937107649,127.04417410991127,영업/정상,"서울특별시 강남구 도산대로67길 19, 지상2층 (청담동)"
진가와 역삼점,기타,37.50304332058079,127.03814584817789,영업/정상,"서울특별시 강남구 논현로94길 25-3, 지하1층 (역삼동)"
해남집,기타,37.5193483710429,127.02018258835083,영업/정상,"서울특별시 강남구 강남대로160길 16 (신사동,지상1층)"
"오늘,여기(한상차림)",기타,37.496804621731464,127.03773096953122,영업/정상,"서울특별시 강남구 논현로77길 9, 지상1층 101호 (역삼동)"
마일스톤(milestone),기타,37.52184939276095,127.0243310516588,영업/정상,"서울특별시 강남구 논현로159길 49, 1층 (신사동)"
강남목장,기타,37.5003628048476,127.04030812868278,영업/정상,"서울특별시 강남구 논현로86길 34 (역삼동,지상1층)"
뀌쏭82,기타,37.4816946607964,127.04475947938874,영업/정상,"서울특별시 강남구 양재천로 167, 지상1층 102호 (도곡동, 아성빌딩 )"
군선생 매봉점,기타,37.48522727766169,127.04333327711403,영업/정상,서울특별시 강남구 논현로38길 22 (도곡동)
(주)오리지널팬케이크하우스(도곡점),기타,37.487453438312954,127.04713139592208,영업/정상,"서울특별시 강남구 남부순환로 2753, 1층 102호 (도곡동)"
언주혼,기타,37.50851250714221,127.03295889679872,영업/정상,"서울특별시 강남구 논현로 613, 2층 201호 (논현동)"
부뚜막,기타,37.50331227607704,127.04633325591085,영업/정상,"서울특별시 강남구 테헤란로 322, 한신인터밸리24 지하2층 제비 130호 (역삼동)"
(신)오양절면,기타,37.48584816170747,127.0357026103167,영업/정상,서울특별시 강남구 남부순환로355길 13 (도곡동)
강정이 기가 막혀 앤 리츠델리,기타,37.50154824910364,127.05113883321864,영업/정상,"서울특별시 강남구 선릉로76길 7 (대치동,지하1층)"
랭스영 카페앤펍,기타,37.50127836495973,127.03208007510932,영업/정상,서울특별시 강남구 테헤란로13길 24 (역삼동)
브라운마조,기타,37.514845504013635,127.02028071471324,영업/정상,"서울특별시 강남구 강남대로 594 (논현동,(지하층))"
엠엠엔(mmn),기타,37.52089740396104,127.04394897304323,영업/정상,"서울특별시 강남구 도산대로66길 39, 지상1층 101호 (청담동)"
태양의토마토라멘,기타,37.50299222608095,127.02622263290829,영업/정상,"서울특별시 강남구 강남대로106길 7, 2층 (역삼동)"
우림,기타,37.50811798341562,127.04057591637785,영업/정상,"서울특별시 강남구 언주로108길 10, 맛미빌딩 지상1층 (역삼동)"
부뚜막,기타,37.483206394366775,127.060836314075,영업/정상,서울특별시 강남구 선릉로10길 6 (개포동)
전자신발,기타,37.52404733552502,127.03855785240756,영업/정상,"서울특별시 강남구 도산대로53길 14 (신사동,지하1층)"
청담우,기타,37.52104766927776,127.05512853733373,영업/정상,"서울특별시 강남구 학동로97길 19, 3층 (청담동)"
청초수물회 강남점,기타,37.52499894091938,127.02748328472128,영업/정상,"서울특별시 강남구 압구정로28길 24, 지상1층 (신사동)"
햇살소반,기타,37.50520236127337,127.05539152742065,영업/정상,"서울특별시 강남구 테헤란로78길 16, 노벨빌딩 지하1층 B04호 (대치동)"
도산회관,기타,37.523047001697236,127.03640060200371,영업/정상,"서울특별시 강남구 도산대로45길 8-7, 지상1층 (신사동)"
놀부포차,기타,37.48866229226385,127.10319217922601,영업/정상,"서울특별시 강남구 밤고개로1길 30, 지상1층 104호 (수서동)"
남도식당,기타,37.46925413555886,127.11883233502265,영업/정상,"서울특별시 강남구 헌릉로745길 25 (율현동,강남자동차매매장에이동 지하1층 122호)"
포차청담,기타,37.52087091249136,127.05762693725319,영업/정상,"서울특별시 강남구 학동로101길 7, 지상1층 110호 (청담동)"
원디쉬 파스타,기타,37.51613108890745,127.03985010748947,영업/정상,"서울특별시 강남구 선릉로129길 20, 지상2층 (논현동)"
샤브미,기타,37.48733628888635,127.05282966375741,영업/정상,"서울특별시 강남구 언주로30길 26, s동 1층 (도곡동, 타워팰리스)"
샐리즈로우,기타,37.5032811046872,127.0482583764597,영업/정상,"서울특별시 강남구 선릉로89길 13, 지상1층 101호 (역삼동)"
바밤바(babambar),기타,37.49817677880218,127.0336434519445,영업/정상,"서울특별시 강남구 논현로85길 52, 역삼 푸르지오 시티 1층 108호 (역삼동)"
카츠노미,기타,37.49718889326017,127.03985766905576,영업/정상,"서울특별시 강남구 논현로76길 11 (역삼동,코람벤쳐빌딩지상1층)"
브루클린 더 버거 조인트 (BROOKLYN THE BURGER JOINT) 삼성점,기타,37.512640116350696,127.05557218889994,영업/정상,"서울특별시 강남구 봉은사로84길 10 (삼성동,지상1층)"
파리크라상 키친 삼성역점,기타,37.508132495889576,127.06191145349665,영업/정상,"서울특별시 강남구 테헤란로 528, 1층 101호 (대치동)"
면공장 강남점,기타,37.50344104961895,127.0487798955239,영업/정상,"서울특별시 강남구 선릉로89길 7, 지하1층 01호 일부호 (역삼동)"
라시네(RACINE),기타,37.518114446396424,127.04344574735724,영업/정상,"서울특별시 강남구 학동로59길 5, 지상2층 (청담동)"
로티하우스,기타,37.50815140144015,127.02416297659957,영업/정상,"서울특별시 강남구 강남대로122길 15, 상당빌딩 지상3층 301호 (논현동)"
청화당 대치 노벨빌딩점,기타,37.50520236127337,127.05539152742065,영업/정상,"서울특별시 강남구 테헤란로78길 16, 노벨빌딩 지하1층 B07호 (대치동)"
선릉도원,기타,37.5042566371266,127.05411448796855,영업/정상,"서울특별시 강남구 삼성로85길 39, 지상2층 2호 (대치동, 가리온)"
포몬스,기타,37.50317265549311,127.05953427749446,영업/정상,"서울특별시 강남구 역삼로 508, 지상1층 (대치동)"
역삼한방삼계탕,기타,37.500952985834004,127.03333698243253,영업/정상,"서울특별시 강남구 테헤란로19길 13 (역삼동,지상2층)"
전라도 맛,기타,37.50195529167735,127.05240108560459,영업/정상,"서울특별시 강남구 선릉로76길 23 (대치동,지상1층)"
남도밥상이어요 삼성중앙점,기타,37.51205857511415,127.05162391141577,영업/정상,"서울특별시 강남구 봉은사로74길 5 (삼성동,현대빌라트지상1층102호)"
카이퍼 청담,기타,37.521338056286226,127.03768079821269,영업/정상,"서울특별시 강남구 도산대로50길 17, 지상1층 (논현동)"
미미동 삼성,기타,37.50774429319049,127.055534135176,영업/정상,"서울특별시 강남구 삼성로 511, 아이콘 삼성 지하1층 2호 (삼성동)"
세레니떼(SERENITE),기타,37.511427443395206,127.03867982761267,영업/정상,"서울특별시 강남구 학동로42길 67-16, 1층 (논현동)"
크런키현미쌀눈 치킨,기타,37.51031674767087,127.04248029559835,영업/정상,"서울특별시 강남구 봉은사로51길 3-3, 지하1층 102호 (논현동)"
노퍼블릭,기타,37.52139190588777,127.02316456303512,영업/정상,"서울특별시 강남구 논현로159길 65, 3층 (신사동)"
육개옥,기타,37.50724540097265,127.03225443422767,영업/정상,"서울특별시 강남구 봉은사로 167, 지상1층 (논현동)"
(주)커피빈코리아 선릉로86길점,기타,37.50336993556867,127.05052884821234,영업/정상,"서울특별시 강남구 선릉로86길 11, 지상1층 101호 (대치동, 아름빌)"
먹어도돼지,기타,37.52120148702791,127.05547347997503,영업/정상,"서울특별시 강남구 학동로97길 20, 지상1층 (청담동)"
순대일번지 대치점,기타,37.50500263414722,127.06337320572231,영업/정상,"서울특별시 강남구 역삼로 555, 지하1층 B101-4호 (대치동, 대치동 더블유 타워)"
규니키친,기타,37.49453229771134,127.03437127220911,영업/정상,"서울특별시 강남구 역삼로 135, 지하1층 B01호 (역삼동)"
청담이상 블랙 압구정로데오점,기타,37.52570432649377,127.036902563811,영업/정상,"서울특별시 강남구 도산대로49길 41, 지하1층 (신사동)"
신가네,기타,37.50082797916858,127.06097322609753,영업/정상,"서울특별시 강남구 삼성로64길 5 (대치동,지하1층 104, 105호)"
청킹루메이,기타,37.51046472706423,127.06027605014796,영업/정상,
나리,기타,37.51623749922227,127.04105040699524,영업/정상,서울특별시 강남구 선릉로129길 5 (논현동)
마니골뱅이,기타,37.497043781083235,127.04365686220818,영업/정상,"서울특별시 강남구 언주로71길 17 (역삼동,지상1층)"
토담골,기타,37.49565692105216,127.04560671642466,영업/정상,"서울특별시 강남구 언주로 313 (역삼동,지하1층)"
작은집,기타,37.48801674446367,127.10184847065206,영업/정상,"서울특별시 강남구 밤고개로1길 10 (수서동,현대벤처빌 지하1층 B102호)"
쭈윤발,기타,37.51762079624518,127.02170858379786,영업/정상,서울특별시 강남구 강남대로152길 28 (신사동)
자금성,기타,37.47333639922268,127.04989869543718,영업/정상,서울특별시 강남구 논현로8길 4-7 (개포동)
촌 돼지마을,기타,37.504645364785965,127.04744400649686,영업/정상,"서울특별시 강남구 테헤란로 329, 지하1층 113호 (역삼동)"
시골국밥,국밥,37.49583275804463,127.03339698692663,영업/정상,"서울특별시 강남구 논현로79길 69, 지상1층 (역삼동)"
더일,기타,37.520661823792494,127.02977824775108,영업/정상,"서울특별시 강남구 도산대로 211, 동현빌딩 지상1층 102호 (신사동)"
매일낙지,기타,37.51120601490899,127.05387262790099,영업/정상,서울특별시 강남구 삼성로 557 (삼성동)
우수미,기타,37.521750421220474,127.03094545869439,영업/정상,"서울특별시 강남구 논현로152길 35, GIOGIA빌딩 지상1층 (신사동)"
어울림 혼술바,기타,37.50474274537886,127.04515050755296,영업/정상,"서울특별시 강남구 테헤란로47길 17, 4층 402호 (역삼동)"
보하라 학동점,기타,37.52109626493544,127.03782456767685,영업/정상,"서울특별시 강남구 선릉로145길 21, 지하1층 (논현동)"
차슈밍,기타,37.499745374848935,127.02896165179105,영업/정상,"서울특별시 강남구 강남대로94길 21, 지하1층 (역삼동)"
대치 사월에보리밥,기타,37.492862555340146,127.05861100594134,영업/정상,"서울특별시 강남구 남부순환로 2913 (대치동,동하빌딩 지하1층)"
이모네 밥집,기타,37.49959349943713,127.05168047585005,영업/정상,"서울특별시 강남구 선릉로 334, 지상1층 105호중일부호 (대치동)"
스시미루,기타,37.52636850709911,127.03555030382019,영업/정상,"서울특별시 강남구 언주로170길 26-6, 지상2층 (신사동)"
진도켄,기타,37.51890120109736,127.02379308968739,영업/정상,"서울특별시 강남구 도산대로15길 9, 지하1층 (신사동)"
로코타코 신사역점,기타,37.51718063045631,127.01984484414349,영업/정상,"서울특별시 강남구 강남대로 620, 영일빌딩 지상1층 105-1호 (신사동)"
볶은볶음밥,기타,37.506910825756655,127.02989449039677,영업/정상,"서울특별시 강남구 논현로111길 46, 1층 101호 중 일부호 (논현동, 보경빌딩)"
족발로일등하는집 역삼점,기타,37.49453229771134,127.03437127220911,영업/정상,"서울특별시 강남구 역삼로 135, 지상1층 102호 (역삼동)"
쿠바,기타,37.51890120109736,127.02379308968739,영업/정상,서울특별시 강남구 도산대로15길 9 (신사동)
차차차,기타,37.51180087815358,127.05051489374297,영업/정상,서울특별시 강남구 봉은사로72길 4 (삼성동)
크림티,기타,37.52335341951344,127.02615165654439,영업/정상,서울특별시 강남구 논현로161길 25 (신사동)
르므니에치즈,기타,37.525513760648444,127.02707222939269,영업/정상,"서울특별시 강남구 논현로171길 15, 카로시티1 지상1층 101호,107호 (신사동)"
오기,기타,37.51997646288769,127.02685288966428,영업/정상,"서울특별시 강남구 논현로151길 17, 지상2층 202호 (신사동)"
더채플 앳 대치,기타,37.50303582100423,127.06704579449364,영업/정상,"서울특별시 강남구 영동대로 318, 지하1층,지상2,3층 (대치동)"
노아이디어피자 신사점,기타,37.518965428374045,127.02434754628474,영업/정상,"서울특별시 강남구 강남대로152길 65, MH빌딩 지상1층 (신사동)"
낭만옵빠 신사점,기타,37.518254534324704,127.02023065925327,영업/정상,"서울특별시 강남구 강남대로156길 13, 1층 102호 (신사동)"
슈퍼라멘,기타,37.506300513178196,127.03354670164546,영업/정상,"서울특별시 강남구 논현로105길 6-5, 1층 (역삼동)"
생생마산아구찜,기타,37.50471344902549,127.04385683323984,영업/정상,"서울특별시 강남구 언주로98길 26, 2층 (역삼동)"
리나스 도곡,기타,37.489710774953146,127.0544905363916,영업/정상,"서울특별시 강남구 언주로30길 57, 상가동 지하1층 (도곡동, 타워팰리스)"
구삼육 신논현 본점,기타,37.503480212731915,127.02633559468741,영업/정상,"서울특별시 강남구 봉은사로4길 20, 라파엘 빌딩 지하1층 (역삼동)"
호포당,기타,37.4856805159427,127.04538783306505,영업/정상,"서울특별시 강남구 논현로38길 46, 2층 202호 (도곡동)"
또래오래치킨강남도곡점,기타,37.48921035950635,127.0403853111756,영업/정상,"서울특별시 강남구 논현로51길 13 (도곡동,지상1층)"
쌍다리돼지불백(역삼점),기타,37.500907008822836,127.03298767419494,영업/정상,"서울특별시 강남구 강남대로94길 71, 지상1층 (역삼동)"
하모,기타,37.52397650552538,127.04887766651197,영업/정상,서울특별시 강남구 도산대로 510 (청담동)
소담,기타,37.49269402398625,127.07562822482916,영업/정상,"서울특별시 강남구 개포로 615, 지하115호 (개포동, 석탑프라자)"
비비큐 논현중앙점,기타,37.517100335683764,127.03637145375059,영업/정상,"서울특별시 강남구 언주로136길 10, 지상1층 (논현동)"
하나샤부정,기타,37.51233565279956,127.05595845636833,영업/정상,"서울특별시 강남구 삼성로108길 23, 지상1층 (삼성동)"
한일관,기타,37.52782443405064,127.0324909168306,영업/정상,"서울특별시 강남구 압구정로38길 14 (신사동,지하1,지상1~5층)"
마리모,기타,37.52377871954743,127.03753482350184,영업/정상,"서울특별시 강남구 도산대로49길 10-1, 지하1, 지상1층 (신사동)"
파파손돈까스,기타,37.490971812382845,127.08751069555099,영업/정상,"서울특별시 강남구 일원로9길 74 (일원동,지상1층)"
압구정부대찌개,기타,37.503799431218454,127.06005898676311,영업/정상,"서울특별시 강남구 역삼로 519 (대치동,지상1층)"
황금마차,기타,37.52071738225474,127.03714742643572,영업/정상,"서울특별시 강남구 도산대로46길 21, 101동 지하1층 131호 (논현동, 한진로즈힐아파트 )"
보뇌르(bonheur),기타,37.492160624315595,127.08403994439398,영업/정상,"서울특별시 강남구 일원로5길 47, 지하1층 (일원동)"
뽕나무쟁이족발,기타,37.49739467278297,127.03023217358071,영업/정상,"서울특별시 강남구 테헤란로4길 15, 메가시티오피스텔 지상1층 102호,103호,104호 (역삼동)"
사이공키친,기타,37.507183628575,127.06175527859241,영업/정상,"서울특별시 강남구 영동대로85길 20-3, 지하1층 (대치동)"
목향,기타,37.49991394434757,127.02864011332838,영업/정상,"서울특별시 강남구 강남대로96길 20, 지상1층 (역삼동)"
경동관 나주곰탕나주전 논현점,기타,37.51292606493835,127.02821639667418,영업/정상,서울특별시 강남구 학동로 158 (논현동)
쿠데타(KUDETA),기타,37.52583785019377,127.03805912783514,영업/정상,"서울특별시 강남구 도산대로51길 39 (신사동,지상2층)"
장원,기타,37.52401040849814,127.0263914185132,영업/정상,"서울특별시 강남구 논현로163길 21 (신사동,지하1층)"
엔제리너스커피 수서환승통로점,기타,37.48605545419918,127.10422847103837,영업/정상,"서울특별시 강남구 밤고개로 99, 수서역사 지하2층 SB26-3호 (수서동)"
신촌황소곱창강남역점,기타,37.501852264926924,127.02717040429857,영업/정상,"서울특별시 강남구 강남대로100길 13, 스타빌딩 지상1층 (역삼동)"
짬뽕지존 강남구청점,기타,37.516358977245915,127.04022611169863,영업/정상,"서울특별시 강남구 선릉로129길 16, 보광빌딩 1층 (논현동)"
바른냉면 신사점,냉면,37.51588117409148,127.02240459340517,영업/정상,"서울특별시 강남구 도산대로8길 17, 지상2층 A호 (논현동)"
마유유 마라탕 신사점,기타,37.522004534947754,127.0217412517591,영업/정상,"서울특별시 강남구 압구정로10길 30-8, 지하1층 (신사동)"
창고43 역삼점,기타,37.50259158287573,127.04410241956465,영업/정상,"서울특별시 강남구 테헤란로 306, 지상1층 (역삼동, 카이트타워)"
유타로 라멘 논현점,기타,37.508349830775906,127.03475758684478,영업/정상,"서울특별시 강남구 봉은사로29길 8, 유정빌딩 1층 102호 (논현동)"
양인환대 보은,기타,37.52774588756646,127.03860967651286,영업/정상,"서울특별시 강남구 압구정로50길 7, 정동상가 1층 2호 (신사동)"
유노추보,기타,37.52339383135422,127.04365764612126,영업/정상,"서울특별시 강남구 도산대로 442, 피엔폴루스 지하1층 (청담동)"
대원정,기타,37.50751457516423,127.05415276084223,영업/정상,"서울특별시 강남구 테헤란로77길 17, 승광빌딩 1층 2호 (삼성동)"
얌얌 도곡점,기타,37.485810474673194,127.03781500553656,영업/정상,"서울특별시 강남구 남부순환로363길 9-4, 지상1층 2호 (도곡동)"
미요,기타,37.5040847328005,127.02572008984473,영업/정상,"서울특별시 강남구 강남대로110길 11, 2층 (역삼동)"
에스에이치파트너스,기타,37.52230517567727,127.02041211247675,영업/정상,"서울특별시 강남구 논현로175길 111 (신사동,지상1층)"
파고,기타,37.49889519761216,127.05236391727267,영업/정상,"서울특별시 강남구 선릉로68길 8, 2층 (대치동)"
The 화원,기타,37.519377085234744,127.02286554555204,영업/정상,"서울특별시 강남구 강남대로156길 47, 지상1층 (신사동)"
소울담은 퓨전요리,기타,37.511694746594785,127.06554042160637,영업/정상,"서울특별시 강남구 영동대로96길 37, 2층 202호 (삼성동)"
반고개식당,기타,37.46336378276376,127.10736170578384,영업/정상,서울특별시 강남구 밤고개로36길 6 (세곡동)
영광,기타,37.528057914463076,127.0310211679467,영업/정상,서울특별시 강남구 압구정로 216 (신사동)
본정돈까스,기타,37.499569904160744,127.05873807822816,영업/정상,"서울특별시 강남구 삼성로63길 17 (대치동,지상1층)"
스트리트,기타,37.513811236978505,127.02781833135994,영업/정상,"서울특별시 강남구 논현로131길 31 (논현동,지상1층101호)"
케미스트리 kemistri,기타,37.50456705750535,127.04248240897898,영업/정상,"서울특별시 강남구 언주로94길 5, 지상2층 (역삼동)"
안家네 나주곰탕,기타,37.5121503053754,127.03496404223624,영업/정상,"서울특별시 강남구 언주로121길 4-7, 두꺼비집 지상1층 (논현동)"
라오상하이 찻집,기타,37.514557536462206,127.03430303581409,영업/정상,"서울특별시 강남구 학동로38길 6, 1층 (논현동)"
민앤푸드,기타,37.49109413192898,127.08242819542609,영업/정상,"서울특별시 강남구 양재대로33길 25, 지상1층 (일원동)"
라퓨타,기타,37.526394603264,127.03659304704718,영업/정상,"서울특별시 강남구 언주로170길 36, 지와이빌딩 지상1층 (신사동)"
디오니스,기타,37.518799445743255,127.046438024768,영업/정상,"서울특별시 강남구 학동로67길 7, 지상1층 (청담동)"
동봉관,기타,37.49629886957458,127.04479306845096,영업/정상,"서울특별시 강남구 도곡로37길 38, 지상1층 101호 (역삼동)"
삼정,기타,37.5146014795277,127.06391673521404,영업/정상,"서울특별시 강남구 봉은사로 626, 1층 (삼성동)"
더착한푸드,기타,37.502708329404506,127.06724223416171,영업/정상,"서울특별시 강남구 영동대로 316, 새마을운동중앙회 지하2층 (대치동)"
수락정김밥,기타,37.51171063927953,127.04364330894872,영업/정상,서울특별시 강남구 선릉로 614 (삼성동)
암브로시아,기타,37.522683436391944,127.02036031718667,영업/정상,"서울특별시 강남구 압구정로 106 (신사동,지상1층)"
아끼니꾸 야,기타,37.50574101166472,127.02681198816839,영업/정상,서울특별시 강남구 강남대로112길 30 (논현동)
도쿄 멘친테이 혼포,기타,37.49830905742541,127.05286532337642,영업/정상,"서울특별시 강남구 선릉로64길 11-5, 지상1층 102호 (대치동)"
목포식당,기타,37.50687854136993,127.03572952814352,영업/정상,"서울특별시 강남구 언주로107길 43, 지상1층 (역삼동)"
멘츠루,기타,37.50205088663734,127.02684890920033,영업/정상,"서울특별시 강남구 강남대로102길 13, 지상2층 (역삼동)"
블랙랩(Black Lab),기타,37.50670403865735,127.04905418128965,영업/정상,"서울특별시 강남구 선릉로96길 5-16, 지하1층 (삼성동)"
마유유 강남역점,기타,37.49987896141306,127.02945368787252,영업/정상,"서울특별시 강남구 강남대로94길 27, 지상2층 201호 (역삼동)"
양재정육식당,기타,37.49437622509739,127.03351916380835,영업/정상,"서울특별시 강남구 역삼로7길 2, 1층 102호 (역삼동)"
에스프레소 바시(삼성점),기타,37.511254341384806,127.05614732197195,영업/정상,"서울특별시 강남구 봉은사로84길 32, 지상1층 (삼성동)"
바인더스,기타,37.52135541094958,127.02588203695521,영업/정상,"서울특별시 강남구 논현로155길 27, 4층, 5층 (신사동)"
카페센티모르,기타,37.51175737608984,127.05442241774338,영업/정상,"서울특별시 강남구 삼성로 562, 지상1층 (삼성동)"
스쿨스토어,기타,37.5211699675395,127.0351482069724,영업/정상,"서울특별시 강남구 언주로150길 9, 지상2층 (논현동)"
아이스걸크림보이 강남점,기타,37.50318428452008,127.02692354002778,영업/정상,"서울특별시 강남구 강남대로106길 17, 지상1층 101호 (역삼동)"
코기쿡(CorgiCook),기타,37.49240903545035,127.03202358981508,영업/정상,"서울특별시 강남구 역삼로4길 16, 성우스타우스오피스텔 지하1층 B09호 (역삼동)"
플레이팅,기타,37.51053310504281,127.02352257389533,영업/정상,"서울특별시 강남구 학동로4길 15, 동화상가 지하1층 2호,2-1호 (논현동)"
?E?E,기타,37.51391769577222,127.02515747120734,영업/정상,"서울특별시 강남구 학동로11길 20-7, 플립타워 지하2층 (논현동)"
김밥세상25,기타,37.488369761469094,127.10247199019736,영업/정상,"서울특별시 강남구 광평로51길 8 (수서동,로얄프라자지상1층104호)"
육회왕자 연어공주,기타,37.49091711429432,127.087325733304,영업/정상,"서울특별시 강남구 일원로9길 72, 지상1층 (일원동)"
굽네치킨 삼성2동점,기타,37.510388992730235,127.05340584497014,영업/정상,"서울특별시 강남구 삼성로103길 12, 지상1층 123호 (삼성동, 삼성동신도브래뉴)"
주(Joo),기타,37.52154331124645,127.03158041082548,영업/정상,"서울특별시 강남구 도산대로37길 8, 지하1층 (신사동)"
팔방에프앤비(주),기타,37.500466815227135,127.03085473259841,영업/정상,서울특별시 강남구 테헤란로7길 22 (역삼동)
크리에이티브키친,기타,37.50513939937095,127.05439805500967,영업/정상,"서울특별시 강남구 테헤란로78길 14-14, 승진빌딩 지하1층 (대치동)"
모노클(MONOCLE),기타,37.525855752921686,127.03617616011684,영업/정상,"서울특별시 강남구 언주로168길 32, 지상2층 (신사동)"
와비,기타,37.4873620460815,127.05132530187836,영업/정상,"서울특별시 강남구 언주로30길 10 (도곡동,현대비젼21 3층310호)"
바틀집,기타,37.50196217762579,127.05209532921644,영업/정상,"서울특별시 강남구 역삼로63길 13, 지하1층 (대치동)"
두찜 강남대치점,기타,37.498227700474835,127.05456776514019,영업/정상,"서울특별시 강남구 선릉로64길 28, 지하1층 (대치동)"
은행나무집,기타,37.50539994496902,127.04642236758485,영업/정상,"서울특별시 강남구 테헤란로53길 15-5 (역삼동,지상1층)"
홋카이도 여보,기타,37.50504193983352,127.04313221905457,영업/정상,"서울특별시 강남구 언주로98길 15 (역삼동,지상1층)"
슈퍼보드,기타,37.50613556908572,127.03406846174381,영업/정상,"서울특별시 강남구 논현로 561, 지하2층 (역삼동)"
깐부치킨 한티점,기타,37.50018173916612,127.05154853442163,영업/정상,"서울특별시 강남구 선릉로 340, 지상1층 101호 (대치동)"
무아,기타,37.51969837859562,127.02551871511744,영업/정상,"서울특별시 강남구 논현로151길 33, 지상2층 (신사동)"
우미가,기타,37.50238285149535,127.03486409224337,영업/정상,"서울특별시 강남구 논현로95길 12 (역삼동,지하1층)"
크린랩 세이텐,기타,37.509203164629845,127.04340709937198,영업/정상,"서울특별시 강남구 선릉로107길 8, 지상1층 101호 (역삼동)"
(주)엑스와이 소셜클럽,기타,37.517705434099945,127.04078052660232,영업/정상,"서울특별시 강남구 선릉로 703, 지상5층 (논현동)"
ALLYS 앨리스,기타,37.47889219232034,127.04988551509766,영업/정상,"서울특별시 강남구 개포로 250, 선광빌딩 지상1층 103호 (개포동)"
토마토,기타,37.51389186625504,127.04197460089162,영업/정상,"서울특별시 강남구 선릉로121길 5, 지하1층 (논현동)"
목포세발낙지,기타,37.49721944723921,127.04484971621771,영업/정상,서울특별시 강남구 언주로 329 (역삼동)
청담하늘소,기타,37.5120119472657,127.04279388882543,영업/정상,"서울특별시 강남구 선릉로 619, 지상2층 (논현동)"
더피자스탠드,기타,37.50363893110234,127.05447885396418,영업/정상,"서울특별시 강남구 삼성로81길 39, 지상1층 (대치동)"
수족관,기타,37.52298834814707,127.03156894854074,영업/정상,"서울특별시 강남구 도산대로37길 30, 지상1층 (신사동)"
선능설렁탕,기타,37.505205278382704,127.04635900899366,영업/정상,"서울특별시 강남구 테헤란로51길 18 (역삼동,광진빌딩 지상1층)"
뚱보집 신논현역점,기타,37.503629030364856,127.02594286735807,영업/정상,"서울특별시 강남구 봉은사로2길 15 (역삼동,지하1층)"
빌즈(bills),기타,37.499719131778065,127.03489804306014,영업/정상,"서울특별시 강남구 테헤란로 142, 캐피탈타워 지상2층 (역삼동)"
아리수,기타,37.52314577135756,127.02716019957617,영업/정상,"서울특별시 강남구 논현로159길 12 (신사동,지상2층)"
볼륨,기타,37.49291622797232,127.03448852515649,영업/정상,"서울특별시 강남구 논현로67길 66 (역삼동,지하1층)"
모르나,기타,37.51887747383553,127.02266817871929,영업/정상,"서울특별시 강남구 도산대로11길 22 (신사동,지상5층)"
ETHOS 압구정,기타,37.52181933839933,127.02866217742464,영업/정상,"서울특별시 강남구 논현로154길 5, 신사동 빌딩 6층 (신사동)"
나능이 능이버섯백숙,기타,37.50364775602821,127.0551172445791,영업/정상,"서울특별시 강남구 삼성로75길 32-11, 대산빌딩 1층 (대치동)"
제주흑냉삼,기타,37.51585550050607,127.04076262488054,영업/정상,"서울특별시 강남구 선릉로129길 9-6, 지상1층 (논현동)"
스시류 블랙 강남N타워점,기타,37.50011785425546,127.03222166172274,영업/정상,"서울특별시 강남구 테헤란로 129, 지하2층 (역삼동)"
배포차,기타,37.517697118686065,127.0200744788851,영업/정상,"서울특별시 강남구 도산대로1길 16, 지상1,2층 일부호 (신사동)"
작(ZAC),기타,37.50239757811911,127.0346537773214,영업/정상,"서울특별시 강남구 논현로95길 14, 지상1층 101호 (역삼동)"
일상일식 도곡본점,기타,37.483879693262075,127.04539995107388,영업/정상,"서울특별시 강남구 논현로26길 41, 지하1층,지상2층 (도곡동)"
베니스,기타,37.51641203351214,127.03401209335773,영업/정상,서울특별시 강남구 언주로133길 14 (논현동)
알라보(allavo) 강남역점,기타,37.50011785425546,127.03222166172274,영업/정상,"서울특별시 강남구 테헤란로 129, 지상1층 4호 (역삼동)"
이태원숙이네닭발 강남점,기타,37.5004853414216,127.02776271942523,영업/정상,"서울특별시 강남구 테헤란로1길 28-5, 지하2층 (역삼동)"
전주식당,기타,37.519230827017196,127.0298920591176,영업/정상,"서울특별시 강남구 논현로150길 16, 지상1층 (논현동)"
설빙 강남역지점,팥빙수,37.50110606086383,127.0271589374574,영업/정상,"서울특별시 강남구 테헤란로1길 42, 지상1층 (역삼동)"
김가네김밥,기타,37.5221298041098,127.05694393721046,영업/정상,서울특별시 강남구 학동로101길 33 (청담동)
밍글,기타,37.51900321944013,127.04615115877468,영업/정상,"서울특별시 강남구 선릉로132길 61, 지상1층 (청담동)"
까뮤,기타,37.47710870665919,127.04873131648881,영업/정상,"서울특별시 강남구 논현로16길 30 (개포동,지하1층)"
1키로탕수육 강남논현점,기타,37.5096971460223,127.02391584584151,영업/정상,"서울특별시 강남구 강남대로126길 17, 1층 101호 (논현동)"
원방식당,기타,37.50642931808683,127.05386447753845,영업/정상,서울특별시 강남구 테헤란로 429 (삼성동)
플레어비 도곡점,기타,37.48347866215739,127.0449289810649,영업/정상,"서울특별시 강남구 논현로26길 33, 지상1층 (도곡동)"
BHC 도곡점,기타,37.48662045600393,127.03886741240215,영업/정상,"서울특별시 강남구 남부순환로363길 12-53, 지상1층 102호 (도곡동)"
진시황,기타,37.51953909775477,127.03080618351336,영업/정상,서울특별시 강남구 논현로150길 28 (논현동)
주식회사 조인앤컴퍼니,기타,37.51762079624518,127.02170858379786,영업/정상,"서울특별시 강남구 강남대로152길 28, 3층 302호 (신사동)"
사카,기타,37.51835720552373,127.0411737347411,영업/정상,서울특별시 강남구 선릉로 710 (청담동)
봉추찜닭압구정로데오점,기타,37.526547848153385,127.0382149772369,영업/정상,"서울특별시 강남구 선릉로157길 20-5 (신사동,지상2층)"
만나분식,기타,37.48867259728632,127.05210218727476,영업/정상,"서울특별시 강남구 남부순환로 2804 (도곡동,아카데미스위트에이동 지하1층 101-9b,c)"
제일양,기타,37.52701037714155,127.0364557445415,영업/정상,"서울특별시 강남구 압구정로46길 25, 1층 (신사동)"
버닝스톤,기타,37.500639788834086,127.05300711238306,영업/정상,"서울특별시 강남구 역삼로64길 7, 지상1층 101호 (대치동)"
바나프레소 대치선릉점,기타,37.5040970442061,127.05266168155788,영업/정상,"서울특별시 강남구 선릉로86길 37, 덕우빌딩 지상1층 101-2호 (대치동)"
멜로디,기타,37.51464512704562,127.04194080100079,영업/정상,"서울특별시 강남구 선릉로 651, 지하1층 (논현동)"
도예음,기타,37.519500913141776,127.02972900656408,영업/정상,"서울특별시 강남구 논현로150길 15, 지하1층 (논현동)"
다미야,기타,37.4938288264825,127.0629407625155,영업/정상,"서울특별시 강남구 삼성로 155 (대치동,대치퍼스트상가 125호)"
커스텀잇 그로서리,기타,37.522966722064666,127.02094804060847,영업/정상,"서울특별시 강남구 압구정로 110, 화인빌딩 지상1층 (신사동)"
예다,기타,37.52742044112916,127.03562678810101,영업/정상,"서울특별시 강남구 언주로172길 24 (신사동,지상3층)"
쿠시토쿡,기타,37.52084160137033,127.02375159125096,영업/정상,"서울특별시 강남구 도산대로15길 32-8, 지상1층,2층 (신사동)"
도드람식당,기타,37.49534084644992,127.05265202234067,영업/정상,"서울특별시 강남구 선릉로 225, 도곡렉슬상가 지하1층 B129호 (도곡동)"
투아투아(tour a tour),기타,37.526345747380674,127.03678278089168,영업/정상,"서울특별시 강남구 압구정로48길 34, 지상1층 (신사동)"
미스터칠드런(Mr.children),기타,37.52649833515452,127.04088412381599,영업/정상,"서울특별시 강남구 도산대로55길 43, 지하1층 (청담동)"
휴(HUE),기타,37.49817677880218,127.0336434519445,영업/정상,"서울특별시 강남구 논현로85길 52, 역삼 푸르지오 시티 지상2층 204-1호 (역삼동)"
현대카드 RED11,기타,37.52391933904598,127.03637958675893,영업/정상,"서울특별시 강남구 도산대로45길 18-10, 파크뷰빌딩 지상1층 (신사동)"
모댄디스트,기타,37.49817677880218,127.0336434519445,영업/정상,"서울특별시 강남구 논현로85길 52, 역삼 푸르지오 시티 지상1층 116호 (역삼동)"
혼마찌,기타,37.508928108862676,127.02419223503375,영업/정상,"서울특별시 강남구 학동로4길 39, 지상2층 201호 (논현동)"
원해분식,기타,37.51718063045631,127.01984484414349,영업/정상,서울특별시 강남구 강남대로 620 (신사동)
오울,기타,37.505886468364025,127.0423204218458,영업/정상,"서울특별시 강남구 봉은사로44길 59 (역삼동,지하1층)"
인쌩맥주 강남역 2호점,기타,37.5004853414216,127.02776271942523,영업/정상,"서울특별시 강남구 테헤란로1길 28-5, 지하1층 (역삼동)"
미도인 강남,기타,37.5021090777605,127.02718191726679,영업/정상,"서울특별시 강남구 강남대로102길 16 (역삼동,지상1층)"
더 페이트(THE FATE),기타,37.49946348005706,127.02761699484489,영업/정상,"서울특별시 강남구 테헤란로1길 17, 지하1층 (역삼동)"
미스터피자(대치점),기타,37.49905209560833,127.06239294826824,영업/정상,"서울특별시 강남구 도곡로 510, 지상2층 (대치동)"
영동포차,기타,37.508387635366255,127.02369976253412,영업/정상,"서울특별시 강남구 학동로2길 51 (논현동,지상2층)"
그라운드 비(GROUND B),기타,37.507479848925385,127.06127724567833,영업/정상,"서울특별시 강남구 테헤란로92길 7, 바른빌딩 지상1층 (대치동)"
락스타치킨선릉점 주식회사,기타,37.504477019439854,127.04347169578811,영업/정상,"서울특별시 강남구 언주로94길 15, 지상1층 (역삼동)"
사월의 집,기타,37.478393440365075,127.05042705049904,영업/정상,"서울특별시 강남구 개포로32길 12, 지상1층 3호 (개포동)"
어게인 대치,기타,37.5040970442061,127.05266168155788,영업/정상,"서울특별시 강남구 선릉로86길 37, 덕우빌딩 지상1층 101-1호 (대치동)"
별빛나포차,기타,37.50799521370361,127.02443215702414,영업/정상,"서울특별시 강남구 강남대로122길 16, 지하1층 (논현동)"
달구벌반점,기타,37.52397650552538,127.04887766651197,영업/정상,서울특별시 강남구 도산대로 510 (청담동)
삼성웰스토리(주)군인공제회,기타,37.48928307112221,127.05280405331841,영업/정상,"서울특별시 강남구 남부순환로 2806 (도곡동,지하1층)"
차이나타운,기타,37.5118457030839,127.0469808423447,영업/정상,"서울특별시 강남구 봉은사로63길 7, A동 지상1층 103호 (삼성동, 수목빌딩)"
(주)도라후구현복집,기타,37.52151580601811,127.0373365631188,영업/정상,"서울특별시 강남구 도산대로50길 14, 지상1,2층 (논현동)"
타누키 돈부리 이자카야,기타,37.499307630117904,127.03554097907725,영업/정상,"서울특별시 강남구 논현로87길 15-6, 지상1층 (역삼동)"
메이플,기타,37.5207884979931,127.03017676061116,영업/정상,"서울특별시 강남구 도산대로 215, 지하1층 (신사동)"
전복사랑,기타,37.50065739502062,127.05195221780076,영업/정상,"서울특별시 강남구 역삼로 408 (대치동,지상1층)"
해우소,기타,37.51172451288563,127.03854142302326,영업/정상,"서울특별시 강남구 언주로122길 34, 지하1층 (논현동)"
숯칼 선릉 손칼국수,칼국수,37.50652873267345,127.05313195816856,영업/정상,"서울특별시 강남구 삼성로91길 38, 지상1층 (삼성동)"
곰리,기타,37.52170665798376,127.0210359919379,영업/정상,"서울특별시 강남구 강남대로162길 41-15, 지상1층 (신사동)"
우리집,기타,37.48801674446367,127.10184847065206,영업/정상,"서울특별시 강남구 밤고개로1길 10 (수서동,수서현대벤처빌지하1층11호)"
호프마을,기타,37.49290928814956,127.0869742210858,영업/정상,"서울특별시 강남구 양재대로55길 31 (일원동,지상1층)"
더드림,기타,37.500571574917615,127.04231101173295,영업/정상,"서울특별시 강남구 언주로85길 13, 지상1층 105호 (역삼동, 경남아파트)"
미스터 지브라,기타,37.525337004370165,127.0491544395394,영업/정상,"서울특별시 강남구 압구정로79길 25, 지하1층 (청담동)"
아카이브 나인,기타,37.52480817548445,127.03663591087788,영업/정상,"서울특별시 강남구 선릉로153길 34, 지하1층 (신사동)"
이지스터,기타,37.51537947513865,127.03687192238259,영업/정상,"서울특별시 강남구 학동로44길 6, 지하1층 4-2호 (논현동)"
숙고당,기타,37.506807139561104,127.05419361334947,영업/정상,"서울특별시 강남구 삼성로91길 24, 삼성동 남성빌딩 1층 101호 (삼성동)"
아도 계영배,기타,37.52823829335685,127.03214505809085,영업/정상,"서울특별시 강남구 언주로173길 16, 아고빌딩 지상5층 (신사동)"
청담소반,기타,37.49882311477391,127.0319674833644,영업/정상,"서울특별시 강남구 테헤란로 124, 지하1층 (역삼동)"
돼지코코,기타,37.5098936788082,127.02613402668372,영업/정상,서울특별시 강남구 강남대로124길 48 (논현동)
밤고개포차,기타,37.48837451657076,127.1027660630864,영업/정상,"서울특별시 강남구 광평로51길 6-5 (수서동,지하1층)"
양재역 조개맛집,기타,37.48514456922606,127.03575694615022,영업/정상,"서울특별시 강남구 남부순환로 2615, 지상1층 116호 (도곡동, 극동스타클래스)"
면치기 밥치기,기타,37.517300890880115,127.0196211893612,영업/정상,"서울특별시 강남구 강남대로 622 (신사동,지층)"
메종바이닝,기타,37.513975047497766,127.04529453175584,영업/정상,"서울특별시 강남구 봉은사로61길 43, 1층 (삼성동)"
교촌치킨 개포2호점,기타,37.48276934429062,127.06196837164184,영업/정상,"서울특별시 강남구 선릉로6길 12, 지상1층 1호 (개포동)"
통125,기타,37.49662773073439,127.04461301607354,영업/정상,"서울특별시 강남구 언주로69길 8, 춤스튜디오 지상1층 (역삼동)"
에스에이치 다이닝,기타,37.521871897392955,127.04316482808458,영업/정상,"서울특별시 강남구 선릉로148길 48-18, 지상2층 (청담동)"
노피,기타,37.50699853442299,127.02851283968603,영업/정상,서울특별시 강남구 강남대로118길 70 (논현동)
반포식스 선릉역점,기타,37.5058471236569,127.04860284896793,영업/정상,"서울특별시 강남구 선릉로 518, 지상2층,지상3층 (삼성동)"
막걸리너리,기타,37.518036180341724,127.02202616934287,영업/정상,"서울특별시 강남구 강남대로152길 33, 지상1층 (신사동)"
어서옵쇼,기타,37.515372538268124,127.03211897727654,영업/정상,서울특별시 강남구 학동로31길 12 (논현동)
꾸잉 가로수길,기타,37.518887236869624,127.02408138934317,영업/정상,"서울특별시 강남구 도산대로15길 8 (신사동,지상1층)"
일공,기타,37.515985957779286,127.06520749427361,영업/정상,"서울특별시 강남구 영동대로112길 61 (삼성동,지하1층)"
루이,기타,37.500755309314705,127.03429343778207,영업/정상,"서울특별시 강남구 강남대로94길 88 (역삼동,지상2층)"
(주)까폼,기타,37.52488162373506,127.03799531586928,영업/정상,"서울특별시 강남구 선릉로153길 18, 지하1층 (신사동)"
한국관 선릉점,기타,37.50369029752461,127.05463697954278,영업/정상,"서울특별시 강남구 삼성로81길 37 (대치동,지하1층)"
안젤라,기타,37.525382576312694,127.03768018954042,영업/정상,"서울특별시 강남구 선릉로155길 23-3, 지상3층 (신사동)"
831 st,기타,37.49470199269292,127.03059536033166,영업/정상,"서울특별시 강남구 역삼로3길 17-6 (역삼동,지상1층101호)"
민박사 봉평메밀촌,기타,37.49269402398625,127.07562822482916,영업/정상,"서울특별시 강남구 개포로 615, 석탑프라자 지하1층 비104,105호 (개포동)"
참치군마끼양,기타,37.47471806303861,127.05300873556774,영업/정상,"서울특별시 강남구 논현로8길 52, 지상1층 102호 (개포동)"
블랙&압구정,기타,37.524065835026285,127.05025920194778,영업/정상,"서울특별시 강남구 도산대로92길 6, 지하1층 B101호 (청담동)"
샤브쌈주머니,기타,37.49952714003444,127.02926000613817,영업/정상,"서울특별시 강남구 테헤란로5길 11, 지하1층 (역삼동)"
라운지 에이(A),기타,37.52138673630369,127.03492230473913,영업/정상,"서울특별시 강남구 도산대로 306, 지상8층 (논현동)"
자몽여성전용사우나,기타,37.506473557278504,127.03015637564029,영업/정상,"서울특별시 강남구 봉은사로 143, 운현오피스텔 지하1층 (논현동)"
국민집밥 정식당,기타,37.505945763356365,127.02587357404954,영업/정상,"서울특별시 강남구 강남대로114길 20, 지하1층 7호 (논현동)"
피카 청담,기타,37.51832902645972,127.05258676881691,영업/정상,"서울특별시 강남구 학동로88길 12, 지상1층 110호 (삼성동)"
경옥고 추어탕,기타,37.492309221770384,127.0357757848269,영업/정상,"서울특별시 강남구 도곡로13길 19, 상가동 지하1층 103호 (역삼동, 역삼동 롯데캐슬 노블)"
에프엔비히어로(fnbhero) 테헤란,기타,37.50586602497383,127.04714841543503,영업/정상,"서울특별시 강남구 테헤란로55길 20, 지하1층 B02호 (역삼동)"
올바른스시 강남역점,기타,37.50235410905284,127.02692529489026,영업/정상,"서울특별시 강남구 봉은사로4길 40, 지상1층 (역삼동)"
앙상블,기타,37.5273780774359,127.0357798435166,영업/정상,"서울특별시 강남구 언주로172길 26 (신사동, 압구정문화센터 지하1층 B04호)"
별들의 기침,기타,37.51035047109941,127.0354037961369,영업/정상,서울특별시 강남구 봉은사로37길 35 (논현동)
명가도시락,기타,37.494255346691006,127.03615092572156,영업/정상,"서울특별시 강남구 역삼로18길 10 (역삼동,지상1층)"
월주담화,기타,37.50296123463718,127.05163386072229,영업/정상,"서울특별시 강남구 선릉로82길 19 (대치동,지상1층)"
박성훈장,기타,37.48867259728632,127.05210218727476,영업/정상,"서울특별시 강남구 언주로30길 21, A동 지하1층 B101-35호 (도곡동, 아카데미스위트)"
428 루프탑바(428 Rooftop Bar),기타,37.5108153559892,127.04690562723697,영업/정상,"서울특별시 강남구 봉은사로 428, 호텔크레센도서울 지상13층 (삼성동)"
피크베크(PEAKBAKE),기타,37.4748785329619,127.05110293528028,영업/정상,"서울특별시 강남구 개포로22길 72, 노블리스 주 빌딩 지상1층 (개포동)"
꼼모아,기타,37.51821354120814,127.03823108764448,영업/정상,"서울특별시 강남구 선릉로135길 29, 지상1층 (논현동)"
여수바다장어,기타,37.50474274537886,127.04515050755296,영업/정상,서울특별시 강남구 테헤란로47길 17 (역삼동)
듬북담북 선릉2호,기타,37.50351570830276,127.0518578554672,영업/정상,서울특별시 강남구 선릉로86길 26 (대치동)
세종한우,기타,37.51504831396812,127.03313740461147,영업/정상,"서울특별시 강남구 학동로 219, 국제빌딩 지하1층 (논현동)"
두배고기,기타,37.49587794292201,127.0314444122736,영업/정상,"서울특별시 강남구 테헤란로6길 42, 1층 (역삼동)"
압구정와플반트,기타,37.52853674763107,127.03215933914923,영업/정상,"서울특별시 강남구 압구정로 224, 지상1층 107호 (신사동)"
도미노피자 압구정점,기타,37.528840287716996,127.03465368435289,영업/정상,"서울특별시 강남구 압구정로 306, 지상1층 107호,108호 (신사동)"
맛찾사,기타,37.46925413555886,127.11883233502265,영업/정상,"서울특별시 강남구 헌릉로745길 25, 강남자동차매매장에이동 지하1층 121호 (율현동)"
아나고야 1호점,기타,37.50933042009616,127.02282224283614,영업/정상,"서울특별시 강남구 강남대로124길 3-9, 3층 (논현동)"
명보당,기타,37.52615558118633,127.04149316074609,영업/정상,"서울특별시 강남구 선릉로158길 13-12, 지상2층 (청담동)"
도쿄닷지,기타,37.49782806545782,127.0610136497992,영업/정상,"서울특별시 강남구 삼성로 231, 금마빌딩 지상1층 102호 (대치동)"
밥마마,기타,37.49480285306611,127.03750527268586,영업/정상,"서울특별시 강남구 역삼로20길 7 (역삼동,지상1층)"
롯데시네마 도곡,기타,37.487453438312954,127.04713139592208,영업/정상,"서울특별시 강남구 남부순환로 2753, 6층 (도곡동)"
애호락 강남직영점,기타,37.50011785425546,127.03222166172274,영업/정상,"서울특별시 강남구 테헤란로 129, 지하2층 (역삼동)"
신안가옥,기타,37.518795809337,127.02780805265583,영업/정상,서울특별시 강남구 논현로149길 6 (논현동)
윈저,기타,37.5099011253772,127.0435079892259,영업/정상,"서울특별시 강남구 선릉로 577 (역삼동,(지하1층))"
레인,기타,37.49211906055886,127.03645842937193,영업/정상,"서울특별시 강남구 도곡로13길 14 (역삼동,수정빌딩지상1층)"
미랑,기타,37.50476158656866,127.04698724138728,영업/정상,"서울특별시 강남구 테헤란로51길 10 (역삼동,지상2층)"
청담고기마을,기타,37.49300157535366,127.0391171527819,영업/정상,"서울특별시 강남구 논현로63길 16, 지상1층 116호 (역삼동, 강남서해그랑블)"
유월커피 역삼점,기타,37.502622507743034,127.03684864062824,영업/정상,"서울특별시 강남구 봉은사로30길 76, 지상1층 (역삼동)"
진푸드,기타,37.519745231538835,127.0314300453076,영업/정상,"서울특별시 강남구 논현로150길 36, 지상1층 (논현동)"
세븐키친강남,기타,37.48687954500978,127.03950050854161,영업/정상,"서울특별시 강남구 남부순환로365길 22, 지하1층 (도곡동)"
더더치 치즈앤모어,기타,37.489710774953146,127.0544905363916,영업/정상,"서울특별시 강남구 언주로30길 57, 지하1층 신세계푸드마켓 도곡점 일부호 (도곡동, 타워팰리스)"
서리,기타,37.52191814422135,127.02796032876557,영업/정상,"서울특별시 강남구 논현로 823, 지상1층 (신사동)"
순천만,기타,37.525948549923804,127.02946110576961,영업/정상,서울특별시 강남구 압구정로30길 23 (신사동)
담미온,기타,37.5233166972017,127.04750620713041,영업/정상,"서울특별시 강남구 삼성로 771 (청담동,지상1층)"
사오육(456),기타,37.49628055721854,127.03163141658544,영업/정상,"서울특별시 강남구 테헤란로6길 37, 지상1층 (역삼동)"
후제(fuje),기타,37.482125980448075,127.04476862784799,영업/정상,"서울특별시 강남구 논현로24길 21, 2층 (도곡동)"
하잎 서울(HYPE SEOUL),기타,37.526219163479105,127.03859335740752,영업/정상,"서울특별시 강남구 선릉로157길 16, 지하1층 (신사동)"
정선,기타,37.48487412288378,127.09724517620415,영업/정상,"서울특별시 강남구 광평로 222 (수서동,지하1층,지상1층)"
두찜 강남논현점,기타,37.51162752624749,127.03477141264743,영업/정상,"서울특별시 강남구 언주로121길 10, 지상2층 (논현동)"
만복,기타,37.506910825756655,127.02989449039677,영업/정상,"서울특별시 강남구 논현로111길 46, 지상1층 101호 (논현동, 보경빌딩)"
성곽수산,기타,37.52778015100509,127.03920855621487,영업/정상,"서울특별시 강남구 압구정로50길 5-9, 지상1층,2층 (신사동)"
오레노이키로미치,기타,37.527867760425025,127.03804054161431,영업/정상,"서울특별시 강남구 압구정로50길 8, 1층 (신사동)"
다복,기타,37.48344772135203,127.06024624585241,영업/정상,"서울특별시 강남구 선릉로16길 4-8, 지상1층 102호 (개포동)"
강남백순대 삼촌네,기타,37.492309221770384,127.0357757848269,영업/정상,"서울특별시 강남구 도곡로13길 19, 상가동 지하1층 101-2호 (역삼동, 역삼동 롯데캐슬 노블)"
푸라닭 대치점,기타,37.50186462745877,127.05435863668345,영업/정상,"서울특별시 강남구 역삼로 433 (대치동,지상1층)"
예지원,기타,37.50740149530977,127.03821535073229,영업/정상,"서울특별시 강남구 언주로107길 7 (역삼동,지상1층)"
청담 오후,기타,37.51820179706807,127.04114299442514,영업/정상,"서울특별시 강남구 선릉로 708 (청담동,지상2층)"
인사이드,기타,37.491957852616785,127.03235310188852,영업/정상,"서울특별시 강남구 도곡로3길 27 (역삼동,지상1층)"
먹보소갈비살(대치점),기타,37.50394502707829,127.05544444444588,영업/정상,"서울특별시 강남구 삼성로81길 27 (대치동,1층101호)"
한국피자헛 강남대치점,기타,37.49907309810914,127.0678152079182,영업/정상,"서울특별시 강남구 영동대로 223 (대치동,지상1층)"
파이하우스,기타,37.49792860390135,127.05493585351921,영업/정상,"서울특별시 강남구 선릉로62길 29, 지상1층 101호 (대치동, 석수빌딩)"
레이어스튜디오,기타,37.50278956859344,127.05491585929171,영업/정상,"서울특별시 강남구 삼성로75길 40, 1층 (대치동)"
(주)해담채강남,기타,37.497774803465646,127.03246708676632,영업/정상,"서울특별시 강남구 논현로85길 70 (역삼동,지하1층)"
하이그릴,기타,37.50477402492146,127.04463264541195,영업/정상,서울특별시 강남구 언주로98길 35 (역삼동)
야키토리찬 강남,기타,37.491007360758694,127.03401011461685,영업/정상,"서울특별시 강남구 강남대로62길 31, 1층 (역삼동)"
신촌설렁탕 강남구청역점,기타,37.5167179725041,127.04180179096997,영업/정상,"서울특별시 강남구 선릉로 670 (삼성동,지하1층)"
반지하1호,기타,37.498333726216714,127.05682202577513,영업/정상,"서울특별시 강남구 삼성로61길 45, 지하1층 B01호 (대치동)"
봉구스밥버거 선릉역점,기타,37.502510857218624,127.05026658010526,영업/정상,"서울특별시 강남구 선릉로 420, 지상1층 3호 (대치동)"
메밀팜,기타,37.50663660878769,127.04976957312424,영업/정상,"서울특별시 강남구 선릉로100길 32, 지하1층 (삼성동)"
직화명가 본점,기타,37.50301247453266,127.03852454326325,영업/정상,"서울특별시 강남구 논현로94길 27, 지상1층,지상2층 (역삼동)"
뜨락신관,기타,37.52451837458936,127.0557092727119,영업/정상,"서울특별시 강남구 영동대로142길 17, 지하2층,지상2,3,4층 (청담동)"
올레비어,기타,37.49390243057201,127.03575060601034,영업/정상,"서울특별시 강남구 논현로71길 47, 지상1층 (역삼동)"
베통(BETON) 역삼,기타,37.50232661498563,127.04445439354457,영업/정상,"서울특별시 강남구 테헤란로44길 8, 지상1층 (역삼동)"
달빛식당,기타,37.5182382691441,127.04130376768387,영업/정상,"서울특별시 강남구 선릉로132길 3-3 (청담동,.1층)"
아이러브펍,기타,37.49895594754231,127.0282255695798,영업/정상,"서울특별시 강남구 테헤란로1길 10 (역삼동,지하1층)"
(주)비앤어스 가람국시 청담점,기타,37.52430177417856,127.04065140067395,영업/정상,"서울특별시 강남구 선릉로152길 15, 지하1층 (청담동)"
촌집 보쌈,기타,37.49331148032012,127.04198093640909,영업/정상,서울특별시 강남구 도곡로27길 5 (역삼동)
삼창교자,기타,37.51889304060715,127.02176298177325,영업/정상,"서울특별시 강남구 강남대로156길 33 (신사동,지상1층)"
대향연,기타,37.49470978121729,127.04600772339296,영업/정상,"서울특별시 강남구 언주로 305, 백안빌딩 지상1층 101호 (역삼동)"
깐부치킨 강남세브란스점,기타,37.49509956481508,127.04488409349206,영업/정상,"서울특별시 강남구 언주로65길 13 (역삼동, 삼남빌딩 지상1층 101호, 102호)"
비비큐 압구정신구점,기타,37.52766313489969,127.03134168469882,영업/정상,"서울특별시 강남구 압구정로36길 12, 메디컬뱅크 지상1층 105호,106호 (신사동)"
엘세뇨르둘세,기타,37.52630672452092,127.05298085159325,영업/정상,"서울특별시 강남구 도산대로101길 22, 지하1층 (청담동)"
샹볼뮈지니 역삼점,기타,37.50335400786798,127.03800009267947,영업/정상,"서울특별시 강남구 논현로94길 25-7, 1층일부호, 2층 (역삼동)"
사이드에이,기타,37.51347922457475,127.05427262100605,영업/정상,"서울특별시 강남구 봉은사로 507, 지하1층 B104호 (삼성동, 우림보보카운티)"
본죽앤비빔밥카페 논현점,기타,37.51053310504281,127.02352257389533,영업/정상,"서울특별시 강남구 학동로4길 15, 지상1층 101호 중 106호 (논현동)"
더라멘워(THE RAMEN WAR),기타,37.50859530026902,127.05971847792408,영업/정상,"서울특별시 강남구 테헤란로 517, 현대백화점 무역센터 지하1층 (삼성동)"
광주식당,기타,37.49741797119301,127.06532707074464,영업/정상,"서울특별시 강남구 삼성로 212 (대치동,은마상가B-21,22)"
프리미엄도시락 개화옥,기타,37.52774588756646,127.03860967651286,영업/정상,"서울특별시 강남구 압구정로50길 7, 정동상가 지상1층 106호 (신사동)"
밤을 걷는 선비,기타,37.5066619497902,127.02455640468425,영업/정상,"서울특별시 강남구 강남대로118길 11, 지하1층 (논현동)"
강남상무초밥 강남점,기타,37.50518172969327,127.02570919015123,영업/정상,"서울특별시 강남구 봉은사로 111, 1층 (논현동)"
수산나,기타,37.52665243816508,127.04939566885041,영업/정상,"서울특별시 강남구 도산대로99길 47, 지하1층 (청담동)"
양복점 역삼점,기타,37.500655045511735,127.03284601216585,영업/정상,서울특별시 강남구 강남대로94길 70 (역삼동)
늘해피,기타,37.51668653661626,127.04059047030417,영업/정상,"서울특별시 강남구 학동로 342, 에스케이 허브블루 지하1층 B110-2호 (논현동)"
논현빈대떡,파전,37.51412012931506,127.03423365239578,영업/정상,서울특별시 강남구 언주로129길 13 (논현동)
문어야,기타,37.48532335035944,127.04513071336098,영업/정상,"서울특별시 강남구 논현로38길 38-5 (도곡동,지상1층)"
삼대족발,기타,37.49870082171724,127.06806830868007,영업/정상,"서울특별시 강남구 영동대로 221, 지하1층 (대치동)"
(주)커피빈코리아 역삼포스틸타워점,기타,37.499085481138366,127.03414764536576,영업/정상,"서울특별시 강남구 테헤란로20길 10, 쓰리엠타워 지상1층 (역삼동)"
히히네키친,기타,37.52195336941257,127.04797623948754,영업/정상,"서울특별시 강남구 학동로77길 50, 지상1층 102호 (청담동)"
흑백홍,기타,37.512521154961824,127.05881929973503,영업/정상,"서울특별시 강남구 영동대로 513, 지하1층 L102호 (삼성동, 코엑스몰)"
임진강,기타,37.489470107275025,127.10357590184053,영업/정상,"서울특별시 강남구 밤고개로1길 43 (수서동,한아름(아)상가 B101)"
카쿠레가 역삼 직영점,기타,37.49779810634242,127.03290800958712,영업/정상,"서울특별시 강남구 테헤란로10길 21, A동 지상1층 103호 (역삼동)"
엘비노,기타,37.52419200165266,127.03859185228455,영업/정상,"서울특별시 강남구 도산대로53길 16 (신사동,(승경빌딩 2층))"
M3 레드 펍,기타,37.50574462277752,127.02520730995627,영업/정상,"서울특별시 강남구 강남대로114길 10, 4층 (논현동)"
브릭오븐(주),기타,37.503101327129215,127.02773596878231,영업/정상,"서울특별시 강남구 강남대로102길 31, 2층 (역삼동)"
주식회사 빅바이트컴퍼니 쉐이크쉑 청담,기타,37.52311699585668,127.03758670902526,영업/정상,"서울특별시 강남구 도산대로 327, 1층 (신사동, 청담타워)"
스시 쥬고야,기타,37.519481559520464,127.02367876755845,영업/정상,"서울특별시 강남구 논현로151길 55, 호경빌딩 지상4층 (신사동)"
음 세이로무시,기타,37.51715185910574,127.02455070068521,영업/정상,"서울특별시 강남구 논현로149길 51, 지하1층 (논현동)"
멕시카나 수서점,기타,37.48707261475469,127.09844291196134,영업/정상,"서울특별시 강남구 광평로47길 17 (수서동,7단지상가101호)"
뭉티기 선릉역점,기타,37.5041511422463,127.05209766721448,영업/정상,"서울특별시 강남구 선릉로86길 31, 1층 107,109호 (대치동, 선릉역롯데골드로즈2)"
쿠벤 일식 도시락,기타,37.51015740590534,127.05616168766184,영업/정상,"서울특별시 강남구 테헤란로81길 52-3, 지상1층 (삼성동)"
후라이드참잘하는집 삼성직영점,기타,37.50845808641827,127.05505102174229,영업/정상,"서울특별시 강남구 삼성로95길 6, 지상1층 (삼성동)"
우진가 역삼점,기타,37.50321989368976,127.0375896768717,영업/정상,"서울특별시 강남구 테헤란로27길 28, 지하1,지상1,2층 (역삼동)"
터치 에프앤비,기타,37.51398020458697,127.04281321733457,영업/정상,"서울특별시 강남구 선릉로 642, 서경빌딩 지하1층 (삼성동)"
마찌삼,기타,37.504875029419075,127.04298262009371,영업/정상,"서울특별시 강남구 언주로98길 16, 지하1층 (역삼동)"
쇼쿠도카이,기타,37.52241494935824,127.04235127952393,영업/정상,"서울특별시 강남구 선릉로146길 27-10, 지하1층 (청담동)"
고향옥 논현점,기타,37.51054182685763,127.03594543667222,영업/정상,"서울특별시 강남구 언주로 615, 논현 아이파크 103동 지상1층 117호 (논현동)"
소스,기타,37.522767630945204,127.04852416989488,영업/정상,"서울특별시 강남구 삼성로146길 4 (청담동,지상1층)"
킹콩부대찌개(역삼점),기타,37.49916214162691,127.03560212512285,영업/정상,"서울특별시 강남구 논현로87길 15-8, 지상1층 (역삼동)"
블랙포션(black potion),기타,37.5233647139751,127.02741978359451,영업/정상,"서울특별시 강남구 압구정로28길 48, 1층 102호 (신사동)"
목석화수분식,기타,37.50568779431862,127.05400383905028,영업/정상,"서울특별시 강남구 테헤란로 428, 지하2층 (대치동, 대우아이빌)"
레스토랑 에빗(EVETT),기타,37.52342857320163,127.0362057654204,영업/정상,"서울특별시 강남구 도산대로45길 10-5, LS빌딩 1층 (신사동)"
제3한강교,기타,37.51616473338345,127.03023189167001,영업/정상,"서울특별시 강남구 논현로136길 5-3, 지상1층 101호 (논현동)"
21케이크(21CAKE),기타,37.50361528078128,127.0381524279832,영업/정상,"서울특별시 강남구 논현로98길 26-7, 지상1층 (역삼동)"
프라텔리Due,기타,37.50286030045384,127.02691872184288,영업/정상,"서울특별시 강남구 봉은사로4길 31, 지상2층 (역삼동)"
브롱스 선릉점,기타,37.50302663977145,127.05191581218642,영업/정상,"서울특별시 강남구 선릉로82길 23, 3층 (대치동, 리치빌딩)"
카페부마(Cafe Puma),기타,37.516003371359346,127.03632095323096,영업/정상,"서울특별시 강남구 학동로 307, 부마빌딩 지하1층 102호 (논현동)"
스와니예VIP,기타,37.5194574115232,127.01911852061257,영업/정상,"서울특별시 강남구 강남대로 652, SINSA SQUARE 지상2층 206-1호 (신사동)"
헐레벌떡,기타,37.49906011774676,127.05193036382063,영업/정상,"서울특별시 강남구 선릉로 328, 지상1층 10호 (대치동, 남서울상가)"
모퉁이집 신사점,기타,37.517953901395494,127.0212921631799,영업/정상,"서울특별시 강남구 압구정로2길 60 (신사동,지상1층102호)"
레꼬빵(Les Copains),기타,37.52212490163187,127.04504879875702,영업/정상,"서울특별시 강남구 도산대로70길 24, 지하1층, 지상4층 (청담동)"
더화덕,기타,37.49698386855182,127.03912850824725,영업/정상,서울특별시 강남구 논현로 412 (역삼동)
버터밀크 비스킷,기타,37.522937016698656,127.0266376617652,영업/정상,"서울특별시 강남구 논현로159길 17, 1층 101호 (신사동)"
공이집 청담본점,기타,37.519532544226756,127.05579120849745,영업/정상,"서울특별시 강남구 학동로 520, 삼예빌딩 지상1층 (삼성동)"
상아,기타,37.51799242810902,127.0517632630159,영업/정상,"서울특별시 강남구 학동로82길 15 (삼성동,지상1층)"
솔낭구,기타,37.498651922372815,127.03293202843301,영업/정상,"서울특별시 강남구 테헤란로14길 8 (역삼동,지하1층)"
호호족발,기타,37.503713369677165,127.05300413450362,영업/정상,"서울특별시 강남구 선릉로86길 40-4 (대치동,지하1층)"
휠링,기타,37.500838261699634,127.03252961580638,영업/정상,"서울특별시 강남구 강남대로94길 67 (역삼동,지하1층(B2))"
제니스에이프론,기타,37.514312718655624,127.04383719987989,영업/정상,"서울특별시 강남구 봉은사로57길 53, 1층 101,102호 (삼성동)"
나이스샤워 선릉역점,기타,37.50351570830276,127.0518578554672,영업/정상,"서울특별시 강남구 선릉로86길 26, 지상2층 202호 (대치동)"
한양김밥국수,기타,37.509625989817344,127.02354405264327,영업/정상,"서울특별시 강남구 학동로4길 28, 1층 101호,102호 (논현동)"
옥타Ⅱ,기타,37.49800282847164,127.03076171356973,영업/정상,"서울특별시 강남구 테헤란로6길 9, 지하2층 (역삼동)"
(주)미미면가,기타,37.52008733242436,127.02109633688659,영업/정상,"서울특별시 강남구 강남대로160길 29, 지상1층 (신사동)"
긴자료코 강남본점,기타,37.52853674763107,127.03215933914923,영업/정상,"서울특별시 강남구 압구정로 224, 우미빌딩 지상1층 101호 (신사동)"
미면정 양재본점,기타,37.48687954500978,127.03950050854161,영업/정상,"서울특별시 강남구 남부순환로365길 22 (도곡동,2층)"
올바원더블린,기타,37.50206255010228,127.026219770269,영업/정상,"서울특별시 강남구 강남대로 442 (역삼동,C동3층)"
이태리부대찌개 강남역점,기타,37.49582822343953,127.03051300522289,영업/정상,"서울특별시 강남구 테헤란로4길 40 (역삼동,지상2층)"
주식회사 예원아고라,기타,37.52249501518075,127.05473247819214,영업/정상,"서울특별시 강남구 학동로97길 42 (청담동,지하1층)"
바나나,기타,37.525923279158434,127.04553605568685,영업/정상,"서울특별시 강남구 도산대로75길 26, 지하2층 (청담동)"
구구치킨,기타,37.48888090919822,127.0676510840815,영업/정상,"서울특별시 강남구 개포로82길 5-8, 지상1층 11호 (개포동)"
고메드갤러리아(주) 큰길타워 정반,기타,37.50236616743233,127.04071689940132,영업/정상,"서울특별시 강남구 테헤란로 223 (역삼동,큰길타워지하1층)"
부산아지매국밥 뱅뱅사거리점,국밥,37.491728190739884,127.03183980265206,영업/정상,"서울특별시 강남구 강남대로66길 14, 지상2층 203,204호 (역삼동)"
온밥 숯불생선구이,기타,37.50547473572748,127.05892798814078,영업/정상,"서울특별시 강남구 테헤란로84길 26, 지상2층 (대치동)"
예술가,기타,37.52664572568618,127.03653565788849,영업/정상,"서울특별시 강남구 언주로170길 35, 지상2층 201호 (신사동)"
마라품격,기타,37.50681511524376,127.06111190276793,영업/정상,"서울특별시 강남구 영동대로85길 30, 지하1층 (대치동)"
보노(BONO),기타,37.499956092601565,127.02879061015265,영업/정상,"서울특별시 강남구 강남대로96길 22, 지상1층 (역삼동)"
골목길 와인집,기타,37.51037717498331,127.05619049582869,영업/정상,"서울특별시 강남구 테헤란로81길 58-4, 지상1층 (삼성동)"
펀 비어킹,기타,37.50815140144015,127.02416297659957,영업/정상,"서울특별시 강남구 강남대로122길 15, 상당빌딩 지상2층 201호 (논현동)"
불향 쭈꾸미,기타,37.49453229771134,127.03437127220911,영업/정상,"서울특별시 강남구 역삼로 135, 지상2층 (역삼동)"
여유돼지,기타,37.51154112379377,127.04576713016979,영업/정상,"서울특별시 강남구 선릉로112길 26 (삼성동,지상1층)"
미스터포차,기타,37.491975197806696,127.0329995368869,영업/정상,"서울특별시 강남구 도곡로3길 26 (역삼동,한스빌아파트상가지상1층105호,108호)"
카츠와이찌,기타,37.49225837875556,127.0389276910569,영업/정상,"서울특별시 강남구 논현로63길 25, 1층 (역삼동)"
깐부치킨(삼성역점),기타,37.50858582832525,127.06520272633826,영업/정상,"서울특별시 강남구 테헤란로104길 9, 지상1층 (대치동)"
봉남이네,기타,37.507276223200506,127.0617059128908,영업/정상,서울특별시 강남구 영동대로85길 20-5 (대치동)
레이지수,기타,37.49622604210435,127.03516661383807,영업/정상,"서울특별시 강남구 테헤란로22길 60, 지하1층 (역삼동)"
담뿍화로된장 언주로점,기타,37.50567771841474,127.04012880323663,영업/정상,"서울특별시 강남구 언주로99길 9, 지상1층 (역삼동)"
전우소고기해장국,기타,37.509943910983914,127.05626105786125,영업/정상,"서울특별시 강남구 테헤란로81길 46-3, 지상1층 (삼성동)"
전주식당,기타,37.51216196911044,127.06534269224233,영업/정상,서울특별시 강남구 봉은사로114길 42 (삼성동)
다연,기타,37.50374955216926,127.05256991170846,영업/정상,"서울특별시 강남구 선릉로86길 34, 지하1층 (대치동, 금아빌딩)"
소원(SOONE),기타,37.525855752921686,127.03617616011684,영업/정상,"서울특별시 강남구 언주로168길 32, 지상4층 (신사동)"
신사만장어,기타,37.51739713082563,127.0201681266779,영업/정상,"서울특별시 강남구 도산대로1길 10, 지상1층, 지하1층 (신사동)"
영동 미락,기타,37.52031827825175,127.03533535934605,영업/정상,"서울특별시 강남구 언주로148길 8, 지상2,3,4층 (논현동)"
차백도,기타,37.50299222608095,127.02622263290829,영업/정상,"서울특별시 강남구 강남대로106길 7, 1층 (역삼동)"
우감만족,기타,37.52630348642085,127.03908277872924,영업/정상,"서울특별시 강남구 압구정로54길 26, 지상1층 (신사동)"
우뱅,기타,37.52667141192568,127.03900726841199,영업/정상,"서울특별시 강남구 언주로172길 64, 지상2층 (신사동)"
재희키친,기타,37.51550828174849,127.0607413694374,영업/정상,"서울특별시 강남구 영동대로114길 9, 지상2층 (삼성동)"
아이리스,기타,37.5033108356766,127.03608795539034,영업/정상,"서울특별시 강남구 논현로 524, 청파빌딩 지하1층 (역삼동)"
샬롬김밥,기타,37.49920892138716,127.04392156003382,영업/정상,"서울특별시 강남구 언주로 405, 지상1층 108호 (역삼동)"
카파쓰호텔,기타,37.50154047700081,127.04112395764557,영업/정상,"서울특별시 강남구 언주로89길 21, 지하1층 (역삼동)"
화봉족발 선릉본점,기타,37.503171016957346,127.05184033491649,영업/정상,"서울특별시 강남구 테헤란로64길 27, 지하1층 (대치동)"
도쿄혼가츠 강남본점,기타,37.49595693850821,127.03026659789342,영업/정상,"서울특별시 강남구 테헤란로4길 38-4, 태양빌딩 지하1층 (역삼동)"
스시마이우 강남CGV점,기타,37.50189754185752,127.02699977464468,영업/정상,"서울특별시 강남구 강남대로102길 14, 1층 101호 (역삼동, 장연빌딩)"
녘,기타,37.50277929956737,127.026656529767,영업/정상,"서울특별시 강남구 봉은사로4길 32, 2층 (역삼동)"
취향마라 마라탕,기타,37.50244440829511,127.03684355693271,영업/정상,"서울특별시 강남구 논현로94길 5, 1층 (역삼동)"
이니앤코,기타,37.52210624264015,127.02728648380351,영업/정상,"서울특별시 강남구 도산대로27길 33, 쟈스미빌딩 1층 101호 (신사동)"
가야식당,기타,37.507410452460775,127.0353453402843,영업/정상,서울특별시 강남구 봉은사로 210 (역삼동)
길농원,기타,37.50759155481444,127.06620485676959,영업/정상,"서울특별시 강남구 테헤란로108길 28, 지상1, 2층 (대치동)"
(주)리나겔러리,기타,37.51800826755418,127.03285660504665,영업/정상,"서울특별시 강남구 논현로142길 43, 지상1층 (논현동)"
다원,기타,37.47259793111247,127.11352681854446,영업/정상,
강남 시소,기타,37.49447215138228,127.03152782072262,영업/정상,"서울특별시 강남구 역삼로3길 14, 지하1층 (역삼동)"
최가네버섯매운탕칼국수,칼국수,37.497967713321295,127.05393966339011,영업/정상,서울특별시 강남구 선릉로64길 20 (대치동)
영동그집,기타,37.50749476032075,127.02441939690374,영업/정상,"서울특별시 강남구 봉은사로1길 42-8 (논현동,번지 지상1,2층)"
몽리,기타,37.519052858392584,127.02357268588503,영업/정상,"서울특별시 강남구 도산대로13길 14-3 (신사동,(102호))"
현경이네,기타,37.507693819351424,127.02673803698742,영업/정상,"서울특별시 강남구 강남대로120길 42, 1층 (논현동)"
온다,기타,37.52725381071226,127.0345547322838,영업/정상,"서울특별시 강남구 압구정로42길 24-5, 지상3층 (신사동)"
사계솔,기타,37.484917607171326,127.04486698400166,영업/정상,"서울특별시 강남구 논현로38길 32-11 (도곡동,지상1층)"
로드빌,기타,37.493226686459046,127.03562098538708,영업/정상,"서울특별시 강남구 역삼로14길 20, 지상1층 (역삼동, 우림빌딩)"
본도시락차병원사거리점,기타,37.507331233792,127.03640916680509,영업/정상,"서울특별시 강남구 봉은사로34길 9, 지상1층 101호 (역삼동)"
성공시대,기타,37.51185971887485,127.04725736527303,영업/정상,서울특별시 강남구 봉은사로63길 6 (삼성동)
지하오,기타,37.49388032987649,127.0433402056862,영업/정상,"서울특별시 강남구 논현로64길 34 (역삼동,지상1층)"
두끼 강남역점,기타,37.50075810142794,127.02733315426953,영업/정상,"서울특별시 강남구 강남대로98길 9, 지상3층 (역삼동)"
민속칼국수,칼국수,37.504015917183466,127.06297960937576,영업/정상,"서울특별시 강남구 역삼로92길 7, 1층 (대치동)"
더블유더블유미타이호점,기타,37.5063633526756,127.05364932327716,영업/정상,"서울특별시 강남구 테헤란로 427, 미타빌딩 지상8층 (삼성동)"
하마다 도산점,기타,37.524818843933986,127.03680785637759,영업/정상,"서울특별시 강남구 선릉로153길 32, 지상1층 (신사동)"
이자카야 우규 신사점,기타,37.51877161786243,127.02066860429736,영업/정상,"서울특별시 강남구 압구정로2길 46, 1층 13호 (신사동)"
음마,기타,37.5047987745711,127.04343161919253,영업/정상,"서울특별시 강남구 언주로98길 20, 지하1층 B01-1호 (역삼동)"
더 간사이,기타,37.49825361506172,127.03526747368082,영업/정상,"서울특별시 강남구 논현로85길 35 (역삼동,세하빌딩1층)"
록스플레이트,기타,37.507793238029834,127.06492187015348,영업/정상,"서울특별시 강남구 영동대로86길 10 (대치동,지하1층)"
더차이홍,기타,37.50822891757376,127.05824896888006,영업/정상,서울특별시 강남구 삼성로92길 23 (삼성동)
(주)송옥에프앤비,기타,37.52672346299232,127.03877054413643,영업/정상,"서울특별시 강남구 언주로172길 62 (신사동,(1층))"
매덕스 피자,기타,37.5190761794654,127.0237615301959,영업/정상,"서울특별시 강남구 도산대로15길 11, 지상1층 (신사동)"
라무진,기타,37.50158842825549,127.05259392765333,영업/정상,"서울특별시 강남구 역삼로63길 6, 지상1층 (대치동)"
잇터널 에프앤비,기타,37.518254534324704,127.02023065925327,영업/정상,"서울특별시 강남구 강남대로156길 13, 지하1층 (신사동)"
정성한줄 대치점,기타,37.49787575089493,127.05863280172129,영업/정상,"서울특별시 강남구 도곡로 440, 지상1층 (대치동)"
도시피자 강남점,기타,37.49328266204001,127.03664017118756,영업/정상,"서울특별시 강남구 도곡로17길 29, 2층 (역삼동)"
짜글이의대부,기타,37.502921426273524,127.03711242168022,영업/정상,"서울특별시 강남구 봉은사로30길 73, 3층 15-1호 (역삼동)"
코난커피,기타,37.505622371204744,127.04178066059708,영업/정상,"서울특별시 강남구 언주로 528, 1층 (역삼동)"
우상화로구이 강남 매봉역점,기타,37.48466580159561,127.04414249683204,영업/정상,"서울특별시 강남구 논현로34길 26, 지상1층 (도곡동)"
정 한뿌리죽 키친 삼성점,기타,37.5080139610026,127.0553955587808,영업/정상,"서울특별시 강남구 삼성로 517, 지하1층 114호 (삼성동, 채널리저브)"
뜨라또리아 샘킴,기타,37.52380774432665,127.03768100600949,영업/정상,"서울특별시 강남구 도산대로49길 10-3, 지상2층 (신사동)"
디엠 서울(DM seoul),기타,37.526171169776575,127.03883076252762,영업/정상,"서울특별시 강남구 선릉로157길 14, 한주빌딩 지하1층 (신사동)"
유다까korea푸드,기타,37.493660787868045,127.06039657133721,영업/정상,"서울특별시 강남구 남부순환로 2927, 지하1층 B120호 (대치동, 대치클래시아)"
뜨락,기타,37.52441406344,127.05555596913538,영업/정상,"서울특별시 강남구 영동대로142길 13-3, 2층 (청담동)"
하하,기타,37.51997906416842,127.0261469402505,영업/정상,"서울특별시 강남구 논현로151길 24 (신사동,지상1층)"
카페별,기타,37.51905052854276,127.02297541634378,영업/정상,
와슈 다이닝,기타,37.515675735486745,127.03095857813621,영업/정상,"서울특별시 강남구 논현로134길 9, 지상1층 101호 (논현동)"
세야스시,기타,37.5224392853137,127.04272909377215,영업/정상,"서울특별시 강남구 선릉로148길 40-4, 지상3층 (청담동)"
키친스탠다드 강남점 62호,기타,37.50736932020773,127.03739743154303,영업/정상,"서울특별시 강남구 언주로107길 23, 지상2층 주방62호 (역삼동)"
술단지,기타,37.51764491048334,127.02107616220536,영업/정상,서울특별시 강남구 강남대로152길 21 (신사동)
스틱윗미,기타,37.528410245916994,127.03664335873728,영업/정상,"서울특별시 강남구 압구정로46길 4, 지상1층 (신사동)"
생활맥주 삼성코엑스2호점,기타,37.50848280867252,127.05658621353363,영업/정상,"서울특별시 강남구 삼성로96길 6, LG트윈텔1 지상1층 101호 (삼성동)"
돈오반,기타,37.51044118769748,127.06504828741072,영업/정상,"서울특별시 강남구 테헤란로107길 11, 지상1층 101호 (삼성동)"
카바나,기타,37.52687712872435,127.0376773765681,영업/정상,"서울특별시 강남구 압구정로50길 22, 지상1층 1호 (신사동)"
모찌방,기타,37.50252355265253,127.05489890312091,영업/정상,"서울특별시 강남구 삼성로75길 41, 지상1층 101호 (대치동)"
쥐뿔,기타,37.521437926706184,127.0312997196616,영업/정상,"서울특별시 강남구 도산대로37길 7, 지상1층 (신사동)"
에비뉴 미사 avenue MISA,기타,37.505977572642074,127.03937446281236,영업/정상,"서울특별시 강남구 논현로102길 52, 지상1층 (역삼동)"
뜨락,기타,37.52441406344,127.05555596913538,영업/정상,서울특별시 강남구 영동대로142길 13-3 (청담동)
부르(Vuur),기타,37.50680765140221,127.03115426507472,영업/정상,"서울특별시 강남구 봉은사로 151, 분데스 언주 지상1층 (논현동)"
속초오징어어시장 신사점,기타,37.517784306501056,127.02210456490955,영업/정상,"서울특별시 강남구 강남대로152길 34, 지상1층 (신사동)"
얌샘김밥,기타,37.50880903837996,127.0583768811851,영업/정상,"서울특별시 강남구 테헤란로87길 17, 1층 106호 (삼성동, 마젤란21아스테리움)"
이모네왕곱창,기타,37.507485451384106,127.02384155990748,영업/정상,"서울특별시 강남구 강남대로122길 6 (논현동,1층)"
스시타,기타,37.51624574339313,127.05063369163427,영업/정상,"서울특별시 강남구 삼성로119길 8, 2층 203호 (삼성동)"
The 형제,기타,37.511342811941354,127.02314205957506,영업/정상,"서울특별시 강남구 학동로 110, 세원빌딩 지상1층 (논현동)"
어반다이닝 강남본점,기타,37.49595693850821,127.03026659789342,영업/정상,"서울특별시 강남구 테헤란로4길 38-4, 태양빌딩 지하1층 (역삼동)"
삼성복집,기타,37.51201960353013,127.05477876095837,영업/정상,서울특별시 강남구 삼성로108길 7 (삼성동)
대왕부대찌개,기타,37.49813933831413,127.05343989194007,영업/정상,"서울특별시 강남구 선릉로64길 15, 지하1층 (대치동)"
제주그집,기타,37.474021714548684,127.04982171709787,영업/정상,"서울특별시 강남구 논현로8길 11, 지상1층 (개포동)"
마미치킨,기타,37.49741797119301,127.06532707074464,영업/정상,"서울특별시 강남구 삼성로 212, A-동 110호 (대치동,은마상가)"
(주)반촌밥상 청국장과 보리밥,기타,37.4861103617568,127.09935930007846,영업/정상,"서울특별시 강남구 광평로46길 5-5, 지상1, 2층 (수서동)"
비틀즈,기타,37.498121091536646,127.0321901864621,영업/정상,"서울특별시 강남구 테헤란로8길 11-8 (역삼동,지하1층)"
비어씨티,기타,37.4828931359611,127.06092036441893,영업/정상,"서울특별시 강남구 선릉로10길 4-6, 지상1층 (개포동)"
패스트 포워드 팩토리,기타,37.509866400370846,127.03546377457924,영업/정상,"서울특별시 강남구 언주로115길 15, 지하1층 (논현동)"
봉천 생면파스타 역삼점,기타,37.50085838008427,127.04058796164693,영업/정상,"서울특별시 강남구 언주로85길 32, 역삼역센트럴푸르지오 지하1층 B118A호, CA26호 (역삼동)"
탄지로,기타,37.507250309872155,127.02612310333222,영업/정상,"서울특별시 강남구 강남대로118길 37, 2층 (논현동)"
각계,기타,37.50921487946927,127.02398034308196,영업/정상,"서울특별시 강남구 학동로4길 35, 지하1층 102호 (논현동)"
보원,기타,37.51955439126105,127.02062140341746,영업/정상,"서울특별시 강남구 압구정로2길 35, 지상1층 103호 (신사동)"
강남 햅쌀만 꼬마김밥,기타,37.47372290178966,127.10698566068906,영업/정상,"서울특별시 강남구 밤고개로 231, 훼미리타운A동 지상1층 104호 (자곡동)"
전주콩나물국밥,국밥,37.49870067584982,127.03157677479244,영업/정상,서울특별시 강남구 테헤란로 124 (역삼동)
보드람죽,기타,37.498227700474835,127.05456776514019,영업/정상,"서울특별시 강남구 선릉로64길 28, 지하1층 2호 (대치동)"
더리틀포트,기타,37.50254240822835,127.05255855712636,영업/정상,"서울특별시 강남구 역삼로65길 20, 지상1층 102호 (대치동)"
컨플릭트 스토어 커피,기타,37.52438286476132,127.04399642487161,영업/정상,"서울특별시 강남구 압구정로80길 33, 지상1층 (청담동)"
반스키친,기타,37.533026741970474,127.0279255640881,영업/정상,"서울특별시 강남구 압구정로29길 71, 점포2동 지하1층 3-2호 (압구정동, 현대아파트)"
광자네식당 강남개포점,기타,37.478522044032005,127.04837168071631,영업/정상,"서울특별시 강남구 개포로24길 5, 1층 (개포동)"
청호,기타,37.520407250459,127.03609523539045,영업/정상,"서울특별시 강남구 언주로148길 14 (논현동,지상2층)"
곱창패밀리,기타,37.49791298577194,127.03801983689678,영업/정상,"서울특별시 강남구 논현로 423 (역삼동,지상1층)"
리틀하노이 역삼점,기타,37.493595292699496,127.04146770565039,영업/정상,서울특별시 강남구 논현로64길 14 (역삼동)
오시오식당,기타,37.49565692105216,127.04560671642466,영업/정상,"서울특별시 강남구 언주로 313, 지하1층 3호 (역삼동)"
사이드바 인 시네마,기타,37.50239481591155,127.02742633169616,영업/정상,"서울특별시 강남구 강남대로102길 22, MIN빌딩 3층 (역삼동)"
다담다글로벌,기타,37.499251202902656,127.03593284583003,영업/정상,"서울특별시 강남구 테헤란로26길 14, 위워크빌딩 지하3층 206호 (역삼동)"
대청마루 김치촌,기타,37.49434795190433,127.07961586766422,영업/정상,"서울특별시 강남구 개포로 623, 대청타워 지하1층 105호 (개포동)"
홍콩 507,기타,37.50094918532847,127.03551808949534,영업/정상,"서울특별시 강남구 테헤란로 147, 성지하이츠Ⅱ 지하1층 제10호,제11호 (역삼동)"
커피빈 테헤란로비젼타워점,기타,37.50291179098299,127.04506094810418,영업/정상,"서울특별시 강남구 테헤란로 312, 비젼타워 지하1층 (역삼동)"
에볼루션(Evolution),기타,37.52025412662377,127.02847822086234,영업/정상,"서울특별시 강남구 도산대로 203, 지상3층 (신사동)"
순딜리버리 4호점,기타,37.513353374559664,127.02132348064708,영업/정상,"서울특별시 강남구 강남대로136길 5-4, 지하1층 4호 (논현동)"
제이오에이 에프앤비(JOA F&B),기타,37.50996040564338,127.0530672423218,영업/정상,"서울특별시 강남구 삼성로103길 19, 지상1층 103호 (삼성동, B.M 하우스)"
요이치,기타,37.524440323591,127.03837196219807,영업/정상,"서울특별시 강남구 도산대로53길 19, 3층 (신사동)"
주식회사 르챔버,기타,37.52625763565513,127.04113048332643,영업/정상,"서울특별시 강남구 도산대로55길 42, 지하1층 (청담동)"
미,기타,37.49053725584637,127.0339629522326,영업/정상,"서울특별시 강남구 도곡로 125 (역삼동,지상2층)"
선비칼국수 삼성대치점,칼국수,37.50851430328014,127.06631778714286,영업/정상,"서울특별시 강남구 영동대로86길 27, 지하1층 (대치동)"
화덕고깃간 역삼본점,기타,37.50116822129942,127.03317226434295,영업/정상,"서울특별시 강남구 테헤란로19길 17, 강남빌딩 지상1층 (역삼동)"
마지카츠,기타,37.50085838008427,127.04058796164693,영업/정상,"서울특별시 강남구 언주로85길 32, 역삼역센트럴푸르지오 지하1층 B103C호 중 CA04호 (역삼동)"
갓포아키 도산공원점,기타,37.52299484588068,127.03623792409824,영업/정상,"서울특별시 강남구 도산대로45길 8-3, 2층 (신사동)"
투다리 대치본점,기타,37.49782806545782,127.0610136497992,영업/정상,"서울특별시 강남구 삼성로 231, 금마빌딩 지상1층 105호 (대치동)"
바우골 화로구이,기타,37.49937573780692,127.02971040396602,영업/정상,서울특별시 강남구 강남대로92길 29 (역삼동)
제일양,기타,37.52797915648755,127.03521130323297,영업/정상,"서울특별시 강남구 압구정로42길 14, 지상1층 (신사동)"
송탄부대찌개,기타,37.49415913600187,127.07868928853152,영업/정상,"서울특별시 강남구 개포로 621 (개포동,도시개발공사지하1층113호)"
복이오복국,기타,37.524503079336924,127.05275872189243,영업/정상,"서울특별시 강남구 도산대로 540, 지상2층 (청담동)"
고래맥주창고 강남도곡점,기타,37.48625342334922,127.03885401205635,영업/정상,"서울특별시 강남구 남부순환로363길 12-10, 3동 지상1층 (도곡동)"
시선 신사점,기타,37.51877161786243,127.02066860429736,영업/정상,"서울특별시 강남구 압구정로2길 46, 1층 10,11호 (신사동)"
아하치킨,기타,37.50085838008427,127.04058796164693,영업/정상,"서울특별시 강남구 언주로85길 32, 역삼역센트럴푸르지오 지상1층 101호,102호 (역삼동)"
(주)커피빈코리아 삼성로점,기타,37.510736302500135,127.05415955849901,영업/정상,"서울특별시 강남구 삼성로 551, 1,2층 (삼성동)"
"소,돼지 불맛집",기타,37.50180522605915,127.03367428585274,영업/정상,"서울특별시 강남구 논현로95길 29, 1층 (역삼동)"
차뜨라므,기타,37.526180234223226,127.03754414423194,영업/정상,"서울특별시 강남구 선릉로157길 27, 지상1층 101호 (신사동)"
로얄앤코하우스,기타,37.51527851022861,127.02972232653906,영업/정상,"서울특별시 강남구 논현로 709 (논현동,지상1,2층)"
장수네,기타,37.48532204784192,127.09651277957573,영업/정상,"서울특별시 강남구 광평로39길 3 (수서동,동익상가 지하1층 12호)"
윤대감 빈대떡,파전,37.49702710547764,127.02976901919028,영업/정상,"서울특별시 강남구 강남대로84길 15, 지하1층 B125호 (역삼동)"
아우어베이커리 싸이더스점,기타,37.51289595376957,127.042539080984,영업/정상,"서울특별시 강남구 선릉로 629, B동 지상1층 101호 (논현동)"
산촌신쭈꾸미 역삼점,기타,37.50085838008427,127.04058796164693,영업/정상,"서울특별시 강남구 언주로85길 32, 역삼역센트럴푸르지오 지하1층 B111B호 CA24호 (역삼동)"
쁘아쏭(POISSON),기타,37.51759198755917,127.02958547666731,영업/정상,"서울특별시 강남구 논현로 734, 지상1층 (논현동)"
대찬횟집,기타,37.503194457490935,127.05131263984468,영업/정상,"서울특별시 강남구 선릉로86길 16-3, 지하1층 (대치동)"
에스트레인,기타,37.516357259765236,127.02167845462984,영업/정상,"서울특별시 강남구 도산대로6길 5, 지하2층 (논현동)"
청담이화포차,기타,37.52537267554398,127.05160382815112,영업/정상,"서울특별시 강남구 압구정로79길 54, 지상1층 (청담동)"
초가집,기타,37.51135370946947,127.05187654338451,영업/정상,"서울특별시 강남구 봉은사로74길 18, 1층 (삼성동)"
노오랑 김밥분식,기타,37.50425500641158,127.05145858940072,영업/정상,"서울특별시 강남구 테헤란로64길 13 (대치동,지상1층 105호)"
진전복삼계탕 신사점,기타,37.52176753656539,127.02998838971125,영업/정상,"서울특별시 강남구 도산대로33길 18, 지상1층 (신사동, 골든빌)"
오토김밥 강남본점,기타,37.49539989631866,127.03040580524147,영업/정상,"서울특별시 강남구 테헤란로4길 46 (역삼동,쌍용플래티넘밸류상가102,103호)"
주식회사 봉밀가,기타,37.51589633428585,127.04228592729022,영업/정상,"서울특별시 강남구 선릉로 664, 지상1층 (삼성동)"
서울하노이,기타,37.50507683288556,127.04294270118046,영업/정상,"서울특별시 강남구 언주로98길 13, 지상1층 (역삼동)"
쿡앤푸드,기타,37.519535018367144,127.03194310887856,영업/정상,"서울특별시 강남구 언주로147길 28, 지하1층 (논현동)"
콰이어트앤콰이트,기타,37.484022436760455,127.04380141658824,영업/정상,"서울특별시 강남구 논현로30길 23, 2층 일부호 (도곡동)"
완도1957학동사거리점,기타,37.52071738225474,127.03714742643572,영업/정상,"서울특별시 강남구 도산대로46길 21, 101동 지하1층 B127호 (논현동, 한진로즈힐아파트)"
평양옥,기타,37.49487564543743,127.03801687867582,영업/정상,"서울특별시 강남구 논현로71길 18, 신성타워 지상1층 (역삼동)"
하카(HAKKA),기타,37.523589569539745,127.03794162274501,영업/정상,"서울특별시 강남구 도산대로49길 6-10, 1층 (신사동)"
투썸플레이스 도산공원사거리점,기타,37.520467022220856,127.03463142390855,영업/정상,"서울특별시 강남구 언주로 732, 세종빌딩 지상1층,지상2층 (논현동)"
비욘드 스페이스,기타,37.52066107790254,127.033420846761,영업/정상,"서울특별시 강남구 언주로149길 8, 4층 (논현동)"
담소 소사골 순대.육개장 역삼4호점,기타,37.49623888183546,127.03870162794863,영업/정상,"서울특별시 강남구 논현로 405, 해은빌딩 지상1층 (역삼동)"
무탄,기타,37.52727491784437,127.03033644231988,영업/정상,"서울특별시 강남구 논현로176길 22, 1층 (신사동)"
디디다,기타,37.520407250459,127.03609523539045,영업/정상,"서울특별시 강남구 언주로148길 14, 가동 지하1층 (논현동)"
원두막,기타,37.519028940026175,127.02453157367692,영업/정상,"서울특별시 강남구 강남대로152길 67 (신사동,지상1층)"
카페 린,기타,37.518799445743255,127.046438024768,영업/정상,"서울특별시 강남구 학동로67길 7, 지상1층 (청담동)"
더위키드스노우 선릉역직영점(the wicked snow),기타,37.503433383386756,127.04781454798282,영업/정상,"서울특별시 강남구 선릉로89길 16 (역삼동,디오빌선릉지상1층101호)"
대화중화요리,기타,37.51937972910754,127.05075453550032,영업/정상,"서울특별시 강남구 학동로81길 5, 지상2층 (청담동)"
님프,기타,37.505664664405835,127.04792097794393,영업/정상,"서울특별시 강남구 선릉로93길 6 (역삼동,하나빌딩 지하2층)"
양철집,기타,37.522713347795744,127.03188131551465,영업/정상,"서울특별시 강남구 언주로153길 16 (신사동,지상1층)"
컴포즈커피 테헤란로점,기타,37.50616836978432,127.0509286830279,영업/정상,"서울특별시 강남구 테헤란로63길 12, B동 지상1층 102호 (삼성동, LG선릉에클라트B)"
(주)팬텀1574,기타,37.50781843547849,127.0569581798171,영업/정상,"서울특별시 강남구 테헤란로81길 9, 지하1층 (삼성동, 대천빌딩)"
봉구비어 양재역점,기타,37.48530933573788,127.03440343401125,영업/정상,"서울특별시 강남구 강남대로 240, 지하1층 B109호 (도곡동, 양재SK허브프리모)"
막썰이회30000,기타,37.510738904963695,127.0536736286327,영업/정상,서울특별시 강남구 봉은사로78길 31 (삼성동)
1977 소곱창,기타,37.50530837218414,127.0465946313715,영업/정상,"서울특별시 강남구 테헤란로53길 15-3, 지상1층 (역삼동)"
아재트,기타,37.52030492749592,127.02414633251954,영업/정상,"서울특별시 강남구 논현로153길 51 (신사동,2층)"
청년감자탕(강남역점),기타,37.49532561081569,127.03253079467511,영업/정상,"서울특별시 강남구 역삼로7길 17, 지상1층 102호 (역삼동)"
청송숯불화로구이,기타,37.51028806287963,127.03903391467956,영업/정상,서울특별시 강남구 언주로114길 17 (논현동)
까르마,기타,37.52610859183586,127.04571682749561,영업/정상,"서울특별시 강남구 압구정로 446 (청담동,지하1층)"
뽕나무쟁이 족발,기타,37.503226387459335,127.0520115474716,영업/정상,"서울특별시 강남구 역삼로65길 31, 지상2층 (대치동)"
스파게티 스토리,기타,37.50297359241314,127.04653232570449,영업/정상,"서울특별시 강남구 테헤란로 322, 한신인터밸리24 지하2층 B126호 (역삼동)"
디어 샌드위치(Dear Sandwich),기타,37.52195336941257,127.04797623948754,영업/정상,"서울특별시 강남구 학동로77길 50, 지상1층 101호 (청담동)"
마끼,기타,37.515555544711106,127.04236734449843,영업/정상,"서울특별시 강남구 선릉로 660, 지상1층 F112호 (삼성동, 브라운스톤 레전드)"
기무,기타,37.494975045523205,127.03938390725948,영업/정상,"서울특별시 강남구 논현로 333 (역삼동,B01호)"
고향집,기타,37.50474274537886,127.04515050755296,영업/정상,서울특별시 강남구 테헤란로47길 17 (역삼동)
(주)육덕패밀리 심연한우,기타,37.51053310504281,127.02352257389533,영업/정상,"서울특별시 강남구 학동로4길 15, 1층 101, 120(일부)호 (논현동, 동화상가)"
락교 라이브펍,기타,37.52399282366596,127.02722878019107,영업/정상,"서울특별시 강남구 논현로163길 11 (신사동,지하1층)"
원갈비,기타,37.518500935377624,127.03032298304268,영업/정상,"서울특별시 강남구 도산대로30길 21-4, 지상1층 (논현동)"
맥주창고,기타,37.485483621586425,127.03491695442719,영업/정상,"서울특별시 강남구 강남대로42길 11, 지하1층 (도곡동)"
주식회사 담희,기타,37.50149839760205,127.03167921101468,영업/정상,"서울특별시 강남구 테헤란로13길 29, 나동 지상1층 101호 (역삼동)"
역전할머니맥주 신사가로수길점,기타,37.5177078521297,127.02123101180219,영업/정상,"서울특별시 강남구 강남대로152길 23, 1층 103호 (신사동)"
하이브라운지(HIVE LOUNGE),기타,37.503480212731915,127.02633559468741,영업/정상,"서울특별시 강남구 봉은사로4길 20, 라파엘 빌딩 3층 (역삼동)"
죽이야기 대웅제약 본점,기타,37.51448606891902,127.06547895381293,영업/정상,"서울특별시 강남구 봉은사로114길 12, 대웅제약빌딩 지하1층 6호 (삼성동)"
콩사랑,기타,37.487326826880114,127.10314006660364,영업/정상,"서울특별시 강남구 광평로 280 (수서동,로즈데일빌딩지하2층122호)"
미미수산,기타,37.49434795190433,127.07961586766422,영업/정상,"서울특별시 강남구 개포로 623, 대청타워 지하1층 112호 (개포동)"
(주)캘리스코 사보텐 대치점,기타,37.49881196336373,127.06164235683003,영업/정상,"서울특별시 강남구 도곡로 504, 지상1층 1,2,5호 (대치동)"
푸드카페,기타,37.50618613747543,127.06004229353506,영업/정상,"서울특별시 강남구 테헤란로88길 22, 1층 (대치동)"
명동따로집,기타,37.48853351555011,127.06744723159537,영업/정상,"서울특별시 강남구 개포로82길 11, 삼우빌딩 지상1층 106호 (개포동)"
보글지글,기타,37.49845027991923,127.05257763746607,영업/정상,"서울특별시 강남구 선릉로66길 8, 지상1층 101호 (대치동)"
갓포아키삼성점,기타,37.50885063061025,127.06453692158235,영업/정상,"서울특별시 강남구 테헤란로 610, 호텔 글래드 강남 코엑스센터 지하2층 (대치동)"
만나밥상,기타,37.470254387510586,127.11846120041184,영업/정상,"서울특별시 강남구 헌릉로745길 37, B동 지하126호 (율현동, 강남자동차매매단지 )"
주식회사 뿌리아이엔씨,기타,37.507250309872155,127.02612310333222,영업/정상,"서울특별시 강남구 강남대로118길 37, 지하1층 제1호 (논현동)"
런치스푼,기타,37.509509660114574,127.03649734295176,영업/정상,"서울특별시 강남구 언주로113길 10, 지상2층 (논현동)"
강이남,기타,37.50405159812697,127.05104533854794,영업/정상,"서울특별시 강남구 테헤란로64길 14 (대치동,지상2층209,210,211,212,213호)"
슬기로운 푸드,기타,37.494049141467606,127.03523582681791,영업/정상,"서울특별시 강남구 역삼로14길 8, 지하1층 (역삼동)"
(주)봉우이층집 강남본점,기타,37.50179274139597,127.02739756464061,영업/정상,"서울특별시 강남구 봉은사로18길 76 (역삼동,지상1층)"
그롬(GROM),기타,37.52348912355957,127.0562569665563,영업/정상,"서울특별시 강남구 영동대로138길 21, 지상1층 (청담동, 피움빌딩)"
수정골 한상,기타,37.4865729768069,127.03411961059211,영업/정상,"서울특별시 강남구 남부순환로351길 28, 101호 (도곡동)"
육전국밥 학동역점,국밥,37.51413032215389,127.02918100047414,영업/정상,"서울특별시 강남구 학동로 171, 삼익악기 빌딩 지상1층 104호 (논현동)"
호아인,기타,37.521510687420175,127.03608072725885,영업/정상,"서울특별시 강남구 도산대로46길 8, 디아이빌딩 지하1층 (논현동)"
더롤드 더건강한쌈 도회푸드대치점,기타,37.49906011774676,127.05193036382063,영업/정상,"서울특별시 강남구 선릉로 328, 1층 3호 (대치동)"
엘이베리코 압구정점,기타,37.52502288575792,127.02693699750806,영업/정상,"서울특별시 강남구 압구정로28길 22-7, 1층 (신사동)"
케이에프씨 학동역2점,기타,37.51504831396812,127.03313740461147,영업/정상,"서울특별시 강남구 학동로 219, 국제빌딩 지상1층 (논현동)"
명동 칼국수,칼국수,37.485343022872016,127.04480320384971,영업/정상,서울특별시 강남구 논현로38길 38-4 (도곡동)
종로김밥,기타,37.510908752237306,127.05521228671384,영업/정상,"서울특별시 강남구 삼성로104길 7 (삼성동,1층)"
압구정대박집,기타,37.52723270661817,127.03014359461054,영업/정상,"서울특별시 강남구 논현로176길 20 (신사동,지하1층)"
누네띠네,기타,37.49212158957942,127.04320892996284,영업/정상,"서울특별시 강남구 논현로58길 20 (도곡동,도곡1차아이파크 지상1층 205호)"
이음터,기타,37.50622691780059,127.0495594100083,영업/정상,"서울특별시 강남구 선릉로94길 15, 지하1층 B01호 (삼성동)"
하삼동커피 압구정 로데오점,기타,37.52609686400707,127.03793925283624,영업/정상,"서울특별시 강남구 선릉로157길 23, 1층 104호 (신사동)"
고돼지 강남점,기타,37.50712949617995,127.02783884721073,영업/정상,"서울특별시 강남구 강남대로118길 62, 지하1층 102호 (논현동)"
광화문석갈비 코엑스점,기타,37.50959124747711,127.05927363531747,영업/정상,"서울특별시 강남구 테헤란로87길 22, 한국도심공항터미널 지상1층 R002호 (삼성동)"
해오름맛집,기타,37.52049565400191,127.05472331577892,영업/정상,서울특별시 강남구 영동대로131길 20 (청담동)
양식당더램키친,기타,37.52302430328954,127.02134489492006,영업/정상,"서울특별시 강남구 압구정로8길 5, 지상2층 (신사동)"
고수,기타,37.52506289216088,127.04863792030598,영업/정상,"서울특별시 강남구 압구정로79길 18, 지상1,2층 (청담동)"
육회바른연어 역삼점,기타,37.49583275804463,127.03339698692663,영업/정상,"서울특별시 강남구 논현로79길 69, 지상1층 102호 (역삼동)"
(주)탭샵바,기타,37.51361836420063,127.02238872472306,영업/정상,"서울특별시 강남구 강남대로136길 23, 지하1층 103호 (논현동)"
김태완스시상점,기타,37.497967713321295,127.05393966339011,영업/정상,"서울특별시 강남구 선릉로64길 20, 지상1층 (대치동)"
와인차차,기타,37.51206280970187,127.02153785356221,영업/정상,"서울특별시 강남구 강남대로132길 4, 4층 (논현동)"
거평식당,기타,37.50331227607704,127.04633325591085,영업/정상,"서울특별시 강남구 테헤란로 322, 한신인터밸리24 지하2층 B162호 (역삼동)"
노메,기타,37.515158355946134,127.06175427285638,영업/정상,서울특별시 강남구 봉은사로103길 8 (삼성동)
옥타Ⅰ,기타,37.49800282847164,127.03076171356973,영업/정상,"서울특별시 강남구 테헤란로6길 9, 장원빌딩 지하1층 (역삼동)"
이자카야 한,기타,37.52213169212942,127.02165522352256,영업/정상,"서울특별시 강남구 압구정로10길 30-10, 지하1층 (신사동)"
더 그레이,기타,37.50896102789828,127.05336720259486,영업/정상,"서울특별시 강남구 테헤란로77길 41, 지상1층 (삼성동)"
WCF F&B 논현,기타,37.51245831860277,127.03207674285521,영업/정상,"서울특별시 강남구 논현로124길 5, 지상2층 201-3호 (논현동)"
솥국,기타,37.49719864467992,127.05167067843828,영업/정상,"서울특별시 강남구 선릉로63길 7, 지상1층 1호 (역삼동)"
올리브보드카페,기타,37.503318480171856,127.05176536728152,영업/정상,"서울특별시 강남구 테헤란로64길 25, 지상4층 (대치동)"
청미나리 농장,기타,37.494500576436735,127.0311124850777,영업/정상,서울특별시 강남구 역삼로3길 15 (역삼동)
소공동뚝배기역삼3호점,기타,37.491471046652784,127.03206033204766,영업/정상,"서울특별시 강남구 도곡로1길 22 (역삼동,지상1층 101호)"
루프탑2018,기타,37.50702473890824,127.05282822528085,영업/정상,"서울특별시 강남구 삼성로95길 37 (삼성동,협창빌딩 5층)"
재를린,기타,37.52212490163187,127.04504879875702,영업/정상,"서울특별시 강남구 도산대로70길 24, 5층 (청담동)"
삼청당 압구정점,기타,37.52509158092285,127.0253315386422,영업/정상,"서울특별시 강남구 논현로175길 40, 지상1층 101호 (신사동)"
갯마을 조개터 논현점,기타,37.50725792911846,127.02422844410796,영업/정상,"서울특별시 강남구 봉은사로1길 38 (논현동,지상1층)"
압쌀 브라더스,기타,37.52775114970725,127.03783452274365,영업/정상,"서울특별시 강남구 선릉로161길 32, 지상1층 (신사동)"
카페로쥬 강남점,기타,37.50444416924951,127.06349441126102,영업/정상,"서울특별시 강남구 역삼로 552, KM 빌딩 지상1층 (대치동)"
반포식스 강남빗썸금융타워점,기타,37.50011785425546,127.03222166172274,영업/정상,"서울특별시 강남구 테헤란로 129, 지하3층 B-246 판매시설2호 (역삼동)"
멕시칸치킨,기타,37.48257001627926,127.06169149875393,영업/정상,서울특별시 강남구 선릉로6길 8 (개포동)
이스트바이이스트(YEAST BY EAST),기타,37.47215709544983,127.05076100543373,영업/정상,"서울특별시 강남구 논현로 6, 지상1층 (개포동)"
오픈 키친,기타,37.51120937486312,127.04867975593808,영업/정상,"서울특별시 강남구 봉은사로68길 6-14, 지하1층 (삼성동, 올림푸스타워)"
산청리56솥뚜껑 생삼겹살 삼성점,기타,37.50598053955492,127.0585706373138,영업/정상,"서울특별시 강남구 테헤란로84길 18, 2층 (대치동)"
도미노피자 논현점,기타,37.50952514436708,127.03895479161527,영업/정상,"서울특별시 강남구 언주로 604, 지하1층 117호 (논현동, ACROHILLS논현)"
미스터차우 선릉점,기타,37.50320523560862,127.04931128742592,영업/정상,"서울특별시 강남구 선릉로 429, 지상3층 (역삼동)"
면채반 대치아이파크점,기타,37.507049992251545,127.06182236983138,영업/정상,"서울특별시 강남구 영동대로85길 20, 지하1층 B106-1호 (대치동)"
코삼,기타,37.50544426339075,127.04708704458699,영업/정상,"서울특별시 강남구 테헤란로53길 14, 지하1층 (역삼동)"
라뜰리에 이은,기타,37.507016585376135,127.02946972457063,영업/정상,"서울특별시 강남구 봉은사로13길 11, 3층 (논현동)"
효미역 도곡점,기타,37.484177726752726,127.04548635328823,영업/정상,"서울특별시 강남구 논현로28길 42 (도곡동,1층)"
소호,기타,37.52380716710814,127.02968823690463,영업/정상,"서울특별시 강남구 논현로168길 18 (신사동,지하1층)"
어반,기타,37.50489748066271,127.02477948827995,영업/정상,"서울특별시 강남구 강남대로 476, 지하2층 6호 (논현동)"
소공순대,기타,37.50236061128948,127.05048828706464,영업/정상,"서울특별시 강남구 선릉로82길 4, 지상1층 (대치동)"
버거킹 차병원사거리점,기타,37.507482637202855,127.033424591268,영업/정상,"서울특별시 강남구 봉은사로 179, H타워 지하1층 (논현동)"
식정2,기타,37.49595988182085,127.03382585343121,영업/정상,"서울특별시 강남구 역삼로9길 28, 도원빌딩 지하1층 6호 (역삼동)"
스시야 도산대로,기타,37.51796928068871,127.0250456232026,영업/정상,"서울특별시 강남구 도산대로 150, 지하1층 (논현동)"
매드하이볼 삼성,기타,37.50935428132622,127.05795184972119,영업/정상,"서울특별시 강남구 삼성로96길 27, 진솔빌딩 지상1층 (삼성동)"
엘픽,기타,37.5223914864643,127.04659287663883,영업/정상,"서울특별시 강남구 도산대로78길 25, 에스앤에스빌딩 지상1층 (청담동)"
우리집,기타,37.50310030290286,127.03878869270324,영업/정상,"서울특별시 강남구 논현로94길 31 (역삼동,경진빌딩2층)"
르브런쉭,기타,37.522034376575974,127.02107230232495,영업/정상,"서울특별시 강남구 강남대로162길 41-22, 지상1층 102호 (신사동)"
조개사냥,기타,37.50827396105355,127.04051511963426,영업/정상,"서울특별시 강남구 언주로108길 12 (역삼동,지상1층)"
아이피호텔출장조리,기타,37.51398566342548,127.03587590882915,영업/정상,서울특별시 강남구 언주로 640 (논현동)
로칼즈(LOKALZ),기타,37.52295841812825,127.0493222182762,영업/정상,"서울특별시 강남구 도산대로92길 26, 지하1층 (청담동)"
벨레어 BELAIR,기타,37.52418904645439,127.04192276659222,영업/정상,"서울특별시 강남구 선릉로152길 30, 스페이스 청담(SPACE CHUNGDAM) 지상5층 (청담동)"
레인보우,기타,37.52008054618341,127.05595132941005,영업/정상,"서울특별시 강남구 학동로 523, 루나빌딩 지하1층 (청담동)"
와이 스테이크(Y-Steak),기타,37.49942728561998,127.04469803872237,영업/정상,"서울특별시 강남구 언주로 408, 지하1층 B21호 (역삼동)"
황태만상 선릉포스코직영점,기타,37.50520236127337,127.05539152742065,영업/정상,"서울특별시 강남구 테헤란로78길 16, 노벨과개미 지하1층 (대치동)"
카페 스몰띵(smallthing),기타,37.52100047057788,127.03638618731372,영업/정상,"서울특별시 강남구 도산대로46길 16, 지상1,2층 (논현동)"
선샤인 카페 SUNSHINE CAFE,기타,37.511297248871436,127.05529795876893,영업/정상,"서울특별시 강남구 봉은사로82길 30, 지상1층 101호 (삼성동)"
냉면킹&숯불고기 강남본점,냉면,37.4910285736231,127.03161248762946,영업/정상,"서울특별시 강남구 강남대로 310, 유니온센터오피스텔 지하1층 56호 (역삼동)"
블랙국밥 가로수점,국밥,37.517697118686065,127.0200744788851,영업/정상,"서울특별시 강남구 도산대로1길 16, 지하1층 103호 (신사동)"
하남돼지집 수서역점,기타,37.48837451657076,127.1027660630864,영업/정상,"서울특별시 강남구 광평로51길 6-5, 나성빌딩 1층 (수서동)"
루이스카페,기타,37.5171394654317,127.03951553996814,영업/정상,"서울특별시 강남구 학동로53길 3-10, 지상2층 (논현동)"
헤이즈(Hayes),기타,37.51090723590965,127.05590729367731,영업/정상,"서울특별시 강남구 삼성로104길 14, 준선빌딩 지상1층 102호 (삼성동)"
엘쁠라또 도곡,기타,37.48235943437888,127.04515688821029,영업/정상,"서울특별시 강남구 논현로24길 29, 나무빌딩 지상1층 (도곡동)"
지코바치킨 논현점,기타,37.51174390033843,127.03511998218946,영업/정상,"서울특별시 강남구 언주로121길 6, 지상1층 101호 중 2호 (논현동)"
켄카,기타,37.51893473205191,127.02422739709557,영업/정상,"서울특별시 강남구 강남대로152길 63, 지하1,지상1층 (신사동)"
(주)반,기타,37.52446432456808,127.03890060786337,영업/정상,"서울특별시 강남구 선릉로153길 5 (신사동,지상2층)"
몽리,기타,37.52241037387344,127.02180640720509,영업/정상,"서울특별시 강남구 압구정로10길 18 (신사동,신라빌딩지상1층)"
미몽 역삼점,기타,37.50344659856436,127.03982990008183,영업/정상,"서울특별시 강남구 언주로93길 28-2, 지상1층 (역삼동)"
굽네치킨대치1동점,기타,37.49760194548756,127.06113477461722,영업/정상,"서울특별시 강남구 삼성로 229 (대치동,지상1층 104호)"
다미,기타,37.49681930131242,127.03033882568022,영업/정상,"서울특별시 강남구 테헤란로4길 25 (역삼동,.1.2)"
뼈탄집 강남역삼점 주식회사,기타,37.49622061380621,127.03939680076178,영업/정상,"서울특별시 강남구 논현로 404 (역삼동,정안빌딩1층)"
서원분식,기타,37.49212653643302,127.06256514138201,영업/정상,"서울특별시 강남구 삼성로 151 (대치동,선경상가지하1층)"
퀘스천비어,기타,37.5058109610499,127.02542561625208,영업/정상,"서울특별시 강남구 강남대로114길 14, 지하1층 (논현동)"
만리장성,기타,37.494184811283915,127.07521539401591,영업/정상,
지리산,기타,37.51864655504249,127.04636734829835,영업/정상,서울특별시 강남구 학동로67길 5 (청담동)
압구정프렌즈,기타,37.49534084644992,127.05265202234067,영업/정상,"서울특별시 강남구 선릉로 225, 지하1층 101,102호 (도곡동, 도곡렉슬상가)"
낭만오빠,기타,37.48537427843408,127.0424783707289,영업/정상,"서울특별시 강남구 논현로38길 9 (도곡동,지상1층)"
베네세레,기타,37.52270791938992,127.02234850957774,영업/정상,"서울특별시 강남구 압구정로12길 20 (신사동,지상2층)"
크레스타운 신사점,기타,37.52422149309227,127.02733394571518,영업/정상,"서울특별시 강남구 논현로163길 10, 1층 1호실 (신사동)"
사랑채,기타,37.51641203351214,127.03401209335773,영업/정상,서울특별시 강남구 언주로133길 14 (논현동)
온에어,기타,37.48830731340888,127.03386812596646,영업/정상,"서울특별시 강남구 도곡로2길 25 (도곡동,지하1층)"
에이치(H),기타,37.50034099016605,127.03168319596598,영업/정상,"서울특별시 강남구 강남대로94길 54, 지하1층 (역삼동)"
춘하추동밀면 대치직영점,기타,37.5040790144422,127.05580080357934,영업/정상,서울특별시 강남구 삼성로81길 23 (대치동)
은우 더 블랙 도산점,기타,37.521651225193786,127.0373157864322,영업/정상,"서울특별시 강남구 도산대로50길 12, 성훈빌딩 지상1층 (논현동)"
흥도식당 뱅뱅사거리점,기타,37.489450722783246,127.03368326826815,영업/정상,"서울특별시 강남구 강남대로58길 18, 지상1층 (도곡동, 서종빌딩)"
마포생소금구이,기타,37.48877694433219,127.0673243100103,영업/정상,"서울특별시 강남구 개포로82길 7, 1층 101호 (개포동)"
정논현식당,기타,37.51191992093396,127.02829408982147,영업/정상,"서울특별시 강남구 학동로20길 22, 지하1층 B03호 (논현동)"
한사바리 해장국,기타,37.473309442139694,127.05193990463114,영업/정상,"서울특별시 강남구 논현로4길 23, 지상1층 (개포동)"
원할머니보쌈.족발 논현점,기타,37.507160748794284,127.0243063575096,영업/정상,"서울특별시 강남구 강남대로120길 9, 1층,2층 (논현동)"
카페 뮤(Cafe Mu),기타,37.51958398790022,127.04010543412299,영업/정상,"서울특별시 강남구 선릉로 729, 6층 601호 (논현동)"
파스쿠찌 논현언주역점,기타,37.50917844246901,127.03557539140522,영업/정상,"서울특별시 강남구 언주로113길 22, 지상1,2층 (논현동)"
공리(강남구청역점),기타,37.516089225606265,127.03950337121574,영업/정상,"서울특별시 강남구 선릉로129길 24 (논현동,지상1층)"
서초동 연가,기타,37.50336394588969,127.03906994077455,영업/정상,"서울특별시 강남구 테헤란로33길 24, 지상1층 (역삼동)"
나주곰탕우정집,기타,37.50061488640295,127.03188041225087,영업/정상,"서울특별시 강남구 강남대로94길 57 (역삼동,지상1층)"
반갑다하대포,기타,37.49407370389891,127.03131037451571,영업/정상,"서울특별시 강남구 역삼로3길 7 (역삼동,지상 1층)"
갓포카린,기타,37.525556453306386,127.03880823083072,영업/정상,"서울특별시 강남구 선릉로155길 12, 웬즈데이빌딩 4층 (신사동)"
찌개박사 대치점,기타,37.50357434023682,127.05428035340167,영업/정상,"서울특별시 강남구 삼성로81길 43, 지상2층 18호 (대치동)"
일호참치,기타,37.50085838008427,127.04058796164693,영업/정상,"서울특별시 강남구 언주로85길 32, 역삼역센트럴푸르지오 지하1층 B102C호 CA07호 (역삼동)"
구테로이테 신논현점,기타,37.503143991163846,127.02757666660794,영업/정상,"서울특별시 강남구 봉은사로6길 29, 1층 101호 (역삼동)"
목구멍 신논현점,기타,37.5036265294415,127.02564286427547,영업/정상,서울특별시 강남구 봉은사로2길 16 (역삼동)
악마의곱도리탕&소곱창대가 강남점,기타,37.51054182685763,127.03594543667222,영업/정상,"서울특별시 강남구 언주로 615, 논현 아이파크 103동 지하1층 B104호 (논현동)"
찬사랑,기타,37.51402333500253,127.0491660806419,영업/정상,"서울특별시 강남구 삼성로115길 37, 지하1층 (삼성동)"
정식당 2층,기타,37.52567384861831,127.04108445523994,영업/정상,"서울특별시 강남구 선릉로158길 11, 2층 (청담동)"
카페올,기타,37.47628655001235,127.04745702882731,영업/정상,"서울특별시 강남구 논현로16길 12, 1층 (개포동)"
후라토식당 신사점,기타,37.5208085078924,127.02233466396024,영업/정상,"서울특별시 강남구 압구정로10길 43, 엘로이벧빌딩 지상2층 (신사동)"
양문,기타,37.52249990460442,127.0214563281486,영업/정상,"서울특별시 강남구 압구정로4길 13-17, 지상1층 (신사동)"
할매기름집 삼성점,기타,37.51043451011324,127.05566696846066,영업/정상,"서울특별시 강남구 테헤란로81길 51, 연남(Yeon nam)빌딩 지상1층 (삼성동)"
원할머니보쌈족발 압구정배달점,기타,37.527031853689024,127.03486255124554,영업/정상,"서울특별시 강남구 압구정로42길 30, 지상1층 (신사동)"
카페 씨 로스팅,기타,37.49914223708734,127.05821826960634,영업/정상,"서울특별시 강남구 도곡로77길 13, 지상1층 101호 (대치동)"
비에이치씨(BHC) 강남구청역점,기타,37.51547020856301,127.04270040012207,영업/정상,"서울특별시 강남구 학동로56길 26, 지상1층 101호 (삼성동)"
생활맥주 선정릉점,기타,37.50652873267345,127.05313195816856,영업/정상,"서울특별시 강남구 삼성로91길 38 (삼성동,지상1층)"
(주)브루노뮤직,기타,37.52324242181382,127.02794397629044,영업/정상,"서울특별시 강남구 논현로 837, 원방빌딩 지하1층 1호 (신사동)"
스타(star),기타,37.52357211714621,127.03688802246043,영업/정상,"서울특별시 강남구 도산대로45길 10-11, JYC2빌딩 2층 (신사동)"
슬로우캘리 강남구청역점,기타,37.51655166515923,127.0401389040349,영업/정상,"서울특별시 강남구 학동로 338, 지하1층 에스비103호 (논현동, 강남파라곤)"
오또상 라멘,기타,37.52509158092285,127.0253315386422,영업/정상,"서울특별시 강남구 논현로175길 40, 지상1층 102호,104호 (신사동)"
청담골 반상,기타,37.511662770567455,127.04531918958828,영업/정상,"서울특별시 강남구 선릉로112길 21, 지상1층 (삼성동)"
오페라빈,기타,37.50304371298122,127.05569242352131,영업/정상,"서울특별시 강남구 삼성로75길 32, 1층 101호 (대치동)"
삼원가든 비원,기타,37.524968880623604,127.0326686167983,영업/정상,"서울특별시 강남구 언주로 835, 다동 지상1층 (신사동)"
멸콩국수,기타,37.50186569343188,127.0521711731253,영업/정상,서울특별시 강남구 선릉로76길 21 (대치동)
토담집,기타,37.48180908890369,127.04375960542043,영업/정상,"서울특별시 강남구 논현로24길 3 (도곡동,지상1층)"
로지브라운,기타,37.508790471477795,127.03620124415343,영업/정상,"서울특별시 강남구 봉은사로37길 7-8, 1층 (논현동)"
배가 무 닭볶음탕,기타,37.50363395548681,127.05221788012857,영업/정상,"서울특별시 강남구 선릉로86길 30, 지상1층 (대치동)"
장원토종한우,기타,37.47699468768451,127.04576885679735,영업/정상,"서울특별시 강남구 논현로 76 (개포동,지상1층)"
육판장,기타,37.4938288264825,127.0629407625155,영업/정상,"서울특별시 강남구 삼성로 155, 지상1층 122호 (대치동, 대치퍼스트빌딩)"
텐트리키친,기타,37.50921487946927,127.02398034308196,영업/정상,"서울특별시 강남구 학동로4길 35, 지하1층 (논현동)"
소각(Sogak),기타,37.519625674126715,127.0201006695309,영업/정상,"서울특별시 강남구 강남대로160길 17 (신사동,지상1층)"
오발탄,기타,37.499495756025986,127.03880671160056,영업/정상,"서울특별시 강남구 논현로86길 12 (역삼동,지상1,2층)"
호박불한증막,기타,37.49691607534034,127.04499204763034,영업/정상,"서울특별시 강남구 언주로 325 (역삼동,선인빌딩 지하1층)"
아마폴라(강남점),기타,37.50788041681197,127.03824305319444,영업/정상,"서울특별시 강남구 언주로 563, 401동 144호,145호 (역삼동)"
에스씨피스쿱(SCP SCOOP),기타,37.52011436368483,127.03990874323205,영업/정상,"서울특별시 강남구 선릉로 737, B동 지하1층 103호 (논현동)"
마봉양꼬치,기타,37.508598508990204,127.0343503797806,영업/정상,서울특별시 강남구 봉은사로29길 13 (논현동)
다누리,기타,37.46925413555886,127.11883233502265,영업/정상,"서울특별시 강남구 헌릉로745길 25 (율현동,지하1층101호)"
어뎁트커피하우스,기타,37.51225648904342,127.03450108479473,영업/정상,"서울특별시 강남구 학동로38길 40, 지상1층 (논현동)"
게임2,기타,37.52054040307327,127.02874627877868,영업/정상,"서울특별시 강남구 도산대로 205, 선샤인호텔 별관4층 (신사동)"
고.사.클,기타,37.52254220294554,127.04121689532192,영업/정상,"서울특별시 강남구 도산대로58길 12, K2빌딩 지하1층 (청담동)"
슬로우앤로 역삼1호점,기타,37.50085838008427,127.04058796164693,영업/정상,"서울특별시 강남구 언주로85길 32, 역삼역센트럴푸르지오 지상2층 204호일부,205호 (역삼동)"
더플레이트(The Plate),기타,37.525923279158434,127.04553605568685,영업/정상,"서울특별시 강남구 도산대로75길 26, 4층 (청담동, 가당빌딩)"
오월,기타,37.52419200165266,127.03859185228455,영업/정상,"서울특별시 강남구 도산대로53길 16, 지하1층 (신사동)"
레서피,기타,37.52246008710203,127.03401140328964,영업/정상,서울특별시 강남구 언주로152길 4 (신사동)
봄,기타,37.5154438164392,127.04162096968922,영업/정상,"서울특별시 강남구 선릉로 659 (논현동,지하1층)"
윤하 수제옛날돈가스,기타,37.489866640424495,127.0335269026852,영업/정상,"서울특별시 강남구 도곡로 120, 세원빌딩 1층 (도곡동)"
우종호의커피볶는집,기타,37.48030202637676,127.04624565527263,영업/정상,"서울특별시 강남구 개포로15길 34, 1층 101호 (개포동, 내외빌딩)"
방추,기타,37.5254308226984,127.02668742684901,영업/정상,서울특별시 강남구 논현로175길 25 (신사동)
아쭈,기타,37.505658797291815,127.0256091837209,영업/정상,"서울특별시 강남구 강남대로112길 15, 지상2층 (논현동)"
삼성가,기타,37.51416316608494,127.06350311528472,영업/정상,"서울특별시 강남구 영동대로106길 29, 세요빌딩 지상1층 102호 (삼성동)"
역전할머니맥주 논현역점,기타,37.507679833938624,127.02373140918893,영업/정상,"서울특별시 강남구 강남대로122길 5, 유창빌딩 지상2층 (논현동)"
만세고기,기타,37.49069821071676,127.08658580476585,영업/정상,"서울특별시 강남구 일원로9길 62, 지상1층 101호 (일원동)"
레몬트리,기타,37.5281965129608,127.03160181261916,영업/정상,"서울특별시 강남구 압구정로36길 5 (신사동,지하1층)"
태국의 밤,기타,37.50351570830276,127.0518578554672,영업/정상,"서울특별시 강남구 선릉로86길 26 (대치동,지하1층)"
스위시 청담역점,기타,37.518721393281545,127.04920828603426,영업/정상,"서울특별시 강남구 학동로 지하 508, 청담역 지하1층 729-340-3호 (청담동)"
빌라드블랑커피,기타,37.51872951003544,127.0276485297476,영업/정상,"서울특별시 강남구 논현로149길 8, 지상1층 (논현동)"
딴또딴또,기타,37.49171218327913,127.03160057478969,영업/정상,"서울특별시 강남구 강남대로66길 8 (역삼동,지하1층)"
커피셀러,기타,37.46296545372879,127.10335762254495,영업/정상,"서울특별시 강남구 헌릉로570길 32-1, 1층 103,104호 (세곡동, 큐에스빌딩)"
오네뜨장,기타,37.5260416347972,127.04119248262201,영업/정상,"서울특별시 강남구 선릉로158길 13-7, 지하1층 (청담동)"
그린퍼즐,기타,37.51245561999468,127.05030166458032,영업/정상,"서울특별시 강남구 봉은사로 465, 지상1층 102호 (삼성동)"
호우지시절,기타,37.52218774846277,127.05530580817194,영업/정상,"서울특별시 강남구 영동대로 721, 리버뷰오피스텔 지상1층 101호 (청담동)"
박사부's 역삼점,기타,37.49887574320695,127.03715599100528,영업/정상,"서울특별시 강남구 논현로85길 5-5, 지상2층 (역삼동)"
(주)닭으로가,기타,37.52698844526196,127.03840172233166,영업/정상,"서울특별시 강남구 언주로172길 55 (신사동,(지상1층))"
말이정원,기타,37.50952514436708,127.03895479161527,영업/정상,"서울특별시 강남구 언주로 604, 지하1층 112호 (논현동, ACROHILLS논현)"
대가연,기타,37.514710399674904,127.03612641001959,영업/정상,"서울특별시 강남구 언주로130길 8 (논현동,지상1,2,3층)"
고기집,기타,37.50542846515281,127.05923931278252,영업/정상,"서울특별시 강남구 삼성로82길 19 (대치동,지상1층)"
벨라비타,기타,37.5270999257499,127.0466915112116,영업/정상,"서울특별시 강남구 도산대로81길 42, 지상3층 (청담동)"
바른치킨 개포점,기타,37.48310560303576,127.0621002948812,영업/정상,서울특별시 강남구 선릉로6길 17 (개포동)
동경,기타,37.497068829145086,127.03941372175544,영업/정상,서울특별시 강남구 논현로76길 7 (역삼동)
판타스틱 라운지,기타,37.511449603282614,127.03306044920602,영업/정상,"서울특별시 강남구 학동로30길 43, 지상1층 (논현동, 진도빌딩)"
가장 맛있는 족발,기타,37.48845643292605,127.10418988810102,영업/정상,"서울특별시 강남구 광평로 295, 1층 108,109,110호 (수서동, 사이룩스서관 )"
사라 커피와인(sarah coffee&wine),기타,37.5125536367427,127.04432668012258,영업/정상,"서울특별시 강남구 선릉로116길 14, 지상1층 101호 (삼성동, 모던팰리스)"
노웨어(knowhere),기타,37.511694746594785,127.06554042160637,영업/정상,"서울특별시 강남구 영동대로96길 37, 지상1층 104호 (삼성동)"
떡볶이참잘하는집 떡참 강남역삼점,기타,37.49532099324227,127.03562721173702,영업/정상,"서울특별시 강남구 역삼로15길 6, 지상1층 102호 (역삼동)"
맛드림돈까스,기타,37.5223050100243,127.05773590499582,영업/정상,"서울특별시 강남구 학동로 609, 지하1층 30,33호 (청담동, 청담삼익상가)"
달빛오징어광어,기타,37.49064349710508,127.08640082535901,영업/정상,"서울특별시 강남구 일원로9길 60, 지상1층 (일원동)"
왓쇼이켄,기타,37.49539989631866,127.03040580524147,영업/정상,"서울특별시 강남구 테헤란로4길 46, 지하1층 비120,비121호 (역삼동, 쌍용플래티넘밸류)"
잡어향기,기타,37.52617178393853,127.05308428092285,영업/정상,"서울특별시 강남구 압구정로79길 73-4, 1,2,3층 (청담동)"
간사이다찌,기타,37.512521154961824,127.05881929973503,영업/정상,"서울특별시 강남구 영동대로 511 (삼성동,한무컨벤션지하1층1A6)"
카메라떼,기타,37.49949809328137,127.0535783753006,영업/정상,"서울특별시 강남구 역삼로64길 25 (대치동,지하1층)"
호루몬,기타,37.52302796464934,127.03445334638864,영업/정상,"서울특별시 강남구 언주로152길 11-5, 상복빌딩 지상2층 (신사동)"
매일식품관,기타,37.50061311483421,127.0596194889106,영업/정상,"서울특별시 강남구 삼성로 323, 삼주빌딩 1층 (대치동)"
알라보(allavo) 청담점,기타,37.52362749953291,127.0492678241403,영업/정상,"서울특별시 강남구 도산대로90길 11, 지상1층 (청담동)"
(주)현대그린푸드 현대자동차 강남대로사옥,기타,37.494216095918084,127.0303421186502,영업/정상,"서울특별시 강남구 강남대로 350, 지하1층 (역삼동)"
영번지,기타,37.50730003651736,127.02827277788579,영업/정상,"서울특별시 강남구 강남대로118길 67 (논현동,지상1층)"
센도수산,기타,37.49836385858038,127.03676788109887,영업/정상,"서울특별시 강남구 논현로85길 5-15, 지상1층 (역삼동)"
옥된장 압구정역점,기타,37.5244611705114,127.02719645636358,영업/정상,서울특별시 강남구 논현로167길 11 (신사동)
이목 스모크다이닝,기타,37.52109660989264,127.01913384760981,영업/정상,"서울특별시 강남구 압구정로2길 6, 지하1층 (신사동)"
컴스고스(comesgoes),기타,37.52593860272878,127.02758697385379,영업/정상,"서울특별시 강남구 논현로175길 11, 지상1층 (신사동)"
네네치킨개포1호점,기타,37.479722070276964,127.04836561959033,영업/정상,서울특별시 강남구 개포로25길 12 (개포동)
꿀꼬집,기타,37.518579111509744,127.03003397089883,영업/정상,"서울특별시 강남구 도산대로30길 21, 지상1층 (논현동)"
강산식당,기타,37.491569179368184,127.03160348760126,영업/정상,"서울특별시 강남구 도곡로1길 25, 지하1층 (역삼동)"
마라식객,기타,37.51041169550732,127.02501408391572,영업/정상,"서울특별시 강남구 학동로6길 27, 지상1층 (논현동)"
아리아리,기타,37.51917046637206,127.02870764748907,영업/정상,"서울특별시 강남구 논현로 752, 지하2층 (논현동, 구산빌딩)"
꼬지꼬지,기타,37.49152889051053,127.0822076816684,영업/정상,"서울특별시 강남구 일원로3길 20 (일원동,지상1층)"
세광양대창(강남구청점),기타,37.51827110205275,127.04007052447956,영업/정상,"서울특별시 강남구 선릉로133길 8, 지상1층 (논현동)"
엠.엔.에스(M.N.S),기타,37.51090723590965,127.05590729367731,영업/정상,"서울특별시 강남구 삼성로104길 14, 준선빌딩 지상2층 201호 (삼성동)"
블렌디스튜디오,기타,37.48746885240872,127.03502708655826,영업/정상,"서울특별시 강남구 강남대로48길 25, 지상1층 102호 (도곡동, 비스킷)"
맨리샐리 델리(MANLYSHELLY DELI),기타,37.498768494911666,127.03720473372877,영업/정상,"서울특별시 강남구 논현로85길 5-7, 지상1층 (역삼동)"
더 차이나,기타,37.500795227607256,127.03451829917604,영업/정상,"서울특별시 강남구 테헤란로21길 8, 지상2층 (역삼동)"
청담동태찜,기타,37.52400988655534,127.04924793786324,영업/정상,"서울특별시 강남구 도산대로 514 (청담동,지상2층)"
낙여삼,기타,37.489153835735834,127.03317162138245,영업/정상,"서울특별시 강남구 도곡로2길 9 (도곡동,지상1층)"
블랑쉬(BLANCHE),기타,37.46396388950723,127.10653926659222,영업/정상,"서울특별시 강남구 헌릉로618길 11, 세곡동 171-8 단독주택 지상1층 (세곡동)"
골뱅이하우스,기타,37.52087091249136,127.05762693725319,영업/정상,"서울특별시 강남구 학동로101길 7, 지상1층 107호 (청담동)"
이삭토스트 개포동역점,기타,37.48927177114473,127.06881747953594,영업/정상,"서울특별시 강남구 개포로 512, 개포종합상가 지상1층 109호 (개포동)"
파스타에 꼬치다 대치점,기타,37.50358314622866,127.05206205552065,영업/정상,"서울특별시 강남구 선릉로86길 28, 2층 (대치동)"
오뎅야,기타,37.51349797098685,127.04288601983579,영업/정상,"서울특별시 강남구 선릉로 638 (삼성동,지상1층)"
천상애 장어가,기타,37.5057173306947,127.02580004138555,영업/정상,"서울특별시 강남구 강남대로112길 17, 1층 (논현동)"
24시  골목찌개집,기타,37.50686504150216,127.0536586022079,영업/정상,"서울특별시 강남구 테헤란로77길 11-11 (삼성동,지상1층)"
미가,기타,37.46336378276376,127.10736170578384,영업/정상,서울특별시 강남구 밤고개로36길 6 (세곡동)
원더푸르트(wonderfruit),기타,37.52595899338391,127.03685691962751,영업/정상,"서울특별시 강남구 압구정로48길 38, 지하1층 (신사동)"
김가네김밥테헤란로점,기타,37.506237933573196,127.05812932534181,영업/정상,서울특별시 강남구 테헤란로82길 11 (대치동)
우연,기타,37.51347309419585,127.04109756499078,영업/정상,"서울특별시 강남구 학동로50길 47, 이모스 빌딩 지상1층 (논현동)"
벨라,기타,37.503296045259226,127.03886214051242,영업/정상,"서울특별시 강남구 테헤란로33길 23 (역삼동,지상2층)"
엄지칼국수,칼국수,37.49539989631866,127.03040580524147,영업/정상,"서울특별시 강남구 테헤란로4길 46, 쌍용플래티넘밸류 지하1층 제비상가 144호 (역삼동, 쌍용플래티넘밸류)"
깜브레 Cambre,기타,37.49492651436874,127.03439407079722,영업/정상,"서울특별시 강남구 역삼로11길 7, 지상2층 (역삼동)"
PICTURE HOUSE 픽쳐하우스,기타,37.52300603799693,127.02201890588711,영업/정상,"서울특별시 강남구 압구정로10길 9, 지하2층 (신사동)"
어굽당 돌장각,기타,37.50859530026902,127.05971847792408,영업/정상,"서울특별시 강남구 테헤란로 517, 현대백화점 지하1층 일부호 (삼성동)"
싸시미 역삼본점,기타,37.50085838008427,127.04058796164693,영업/정상,"서울특별시 강남구 언주로85길 32, 역삼역센트럴푸르지오 지하1층 B102A호 CA09호 (역삼동)"
도곡스시,기타,37.48431871712835,127.04571785866536,영업/정상,서울특별시 강남구 논현로28길 48 (도곡동)
페가수스,기타,37.50209158104736,127.05815064489224,영업/정상,"서울특별시 강남구 삼성로71길 9 (대치동,대한빌딩지하1층)"
아르쥬 청담,기타,37.52418904645439,127.04192276659222,영업/정상,"서울특별시 강남구 선릉로152길 30, 지상1층 (청담동)"
라르고 버거,기타,37.4910285736231,127.03161248762946,영업/정상,"서울특별시 강남구 강남대로 310, 유니온센터오피스텔 지하1층 35호 (역삼동)"
청국장과보리밥,기타,37.52001189882623,127.05573693810828,영업/정상,"서울특별시 강남구 학동로 521 (청담동,지하1층)"
테이크오꼬(Take-OKO),기타,37.50028475326571,127.05265986231366,영업/정상,"서울특별시 강남구 선릉로72길 18, 지상1층 101호 (대치동)"
오봉도시락역삼역점,기타,37.50144612220856,127.03502118925033,영업/정상,"서울특별시 강남구 테헤란로25길 11 (역삼동,지상2층)"
산들,기타,37.50465336929182,127.0429157654452,영업/정상,"서울특별시 강남구 언주로94길 9-3, 지하1층 (역삼동)"
주식회사 싹마트카페,기타,37.5078870655225,127.05396904247615,영업/정상,"서울특별시 강남구 테헤란로77길 23, 케이엠빌딩 지상1층 101호 (삼성동)"
뮤직 아날로그,기타,37.51006907032955,127.05687460783186,영업/정상,"서울특별시 강남구 테헤란로83길 40, 지하1층 (삼성동)"
볼트,기타,37.52502046996413,127.04497267606942,영업/정상,"서울특별시 강남구 압구정로72길 22, 지하1, 지상1층 (청담동)"
씨티빌딩,기타,37.500325429633676,127.02721998274548,영업/정상,"서울특별시 강남구 강남대로 422, 지상1층 (역삼동)"
밥사랑,기타,37.49942728561998,127.04469803872237,영업/정상,"서울특별시 강남구 언주로 408, 지하1층 B17호 (역삼동)"
아지트 원 AGT ONE,기타,37.49300157535366,127.0391171527819,영업/정상,"서울특별시 강남구 논현로63길 16, 지상2층 207호 (역삼동, 역삼종합시장 더블루)"
마룬 브레드,기타,37.49772601279262,127.0292970420504,영업/정상,"서울특별시 강남구 테헤란로4길 6, 강남역 센트럴 푸르지오 시티 지하1층 B122호 (역삼동)"
랏32,기타,37.527308884921595,127.0397199086047,영업/정상,"서울특별시 강남구 선릉로161길 8 (신사동,지상2층)"
정원,기타,37.49907309810914,127.0678152079182,영업/정상,"서울특별시 강남구 영동대로 223, 지하1층 (대치동)"
제우스,기타,37.52599107314819,127.02714027119883,영업/정상,서울특별시 강남구 논현로175길 18 (신사동)
무쏘 무한리필,기타,37.48557282114813,127.04395946024472,영업/정상,"서울특별시 강남구 남부순환로 2724, KOBA 지상1층,2층 (도곡동)"
스시료마,기타,37.513684411130185,127.04025089450623,영업/정상,서울특별시 강남구 선릉로119길 24-7 (논현동)
봉초밥,기타,37.49937226138643,127.06382239848077,영업/정상,"서울특별시 강남구 삼성로58길 31, 지상1층 (대치동)"
선릉도담,기타,37.504280061693194,127.0454625050656,영업/정상,"서울특별시 강남구 테헤란로47길 8, 지상1층 (역삼동)"
유가네 닭갈비 신사가로수점,기타,37.517784306501056,127.02210456490955,영업/정상,"서울특별시 강남구 강남대로152길 34, 2층 (신사동)"
에글렌느 퀴진(Aiglenne Cuisine),기타,37.50148947883924,127.04096220541037,영업/정상,"서울특별시 강남구 언주로89길 23, 지상1,2층 (역삼동)"
로즈힐 강남파이낸스센터점,기타,37.49981009291828,127.03662878226913,영업/정상,"서울특별시 강남구 테헤란로 152 (역삼동,강남파이낸스센터 지하1층)"
성화,기타,37.496750518054945,127.03836179203182,영업/정상,"서울특별시 강남구 논현로75길 4 (역삼동,(지하1층))"
미자언니네 그로서란트 한티,기타,37.49593150511546,127.05103591816909,영업/정상,"서울특별시 강남구 도곡로 321, 지상1층 (역삼동)"
빛고을,기타,37.503279887843625,127.04885815504716,영업/정상,서울특별시 강남구 선릉로87길 8 (역삼동)
리즈하우스,기타,37.48656249332027,127.03616592376162,영업/정상,"서울특별시 강남구 남부순환로359길 28, 지상1층 103호 (도곡동, 도곡빌딩)"
더 피자(The Pizza),기타,37.49300157535366,127.0391171527819,영업/정상,"서울특별시 강남구 논현로63길 16, 지상1층 106호 (역삼동, 강남서해그랑블)"
세드라,기타,37.502365469926154,127.0528199897641,영업/정상,"서울특별시 강남구 역삼로67길 15, 101호 (대치동, 샬롬빌)"
달링키친,기타,37.522122648519726,127.02325088880103,영업/정상,"서울특별시 강남구 압구정로14길 34, 지상3층 (신사동)"
후라이드참잘하는집 역삼점,기타,37.49300157535366,127.0391171527819,영업/정상,"서울특별시 강남구 논현로63길 16, 지상1층 104호 (역삼동, 역삼종합시장 더블루)"
얼맥당 선릉점,기타,37.503318480171856,127.05176536728152,영업/정상,"서울특별시 강남구 테헤란로64길 25, 지상2층 (대치동)"
길손,기타,37.52509158092285,127.0253315386422,영업/정상,서울특별시 강남구 논현로175길 40 (신사동)
어락원알탕,기타,37.48176552987086,127.04415857829363,영업/정상,"서울특별시 강남구 논현로24길 13 (도곡동,지상1층)"
송담추어탕,기타,37.48399923869865,127.04232549667626,영업/정상,서울특별시 강남구 논현로 160 (도곡동)
청석골,기타,37.50583345735112,127.06002714394177,영업/정상,서울특별시 강남구 삼성로84길 30 (대치동)
도곡한우소머리국밥,국밥,37.491372295870306,127.0383337067563,영업/정상,"서울특별시 강남구 도곡로 172, 지하1층,지상1층 (도곡동)"
중경마라탕,기타,37.49550056321752,127.03144591213938,영업/정상,서울특별시 강남구 강남대로78길 27 (역삼동)
파모소카페(Famoso Cafe'),기타,37.523990774913045,127.04256890790823,영업/정상,"서울특별시 강남구 도산대로 427, 지상1층 (청담동)"
영인성,기타,37.50613062018734,127.02735410531633,영업/정상,"서울특별시 강남구 봉은사로7길 9 (논현동,지상1층)"
강남한우정육식당,기타,37.50076682425872,127.04277248091793,영업/정상,"서울특별시 강남구 테헤란로38길 27 (역삼동,지상1층)"
(주)커피빈코리아 강남랭귀지타워점,기타,37.49651360027541,127.03007036237463,영업/정상,"서울특별시 강남구 테헤란로4길 28, 송민빌딩 지상1층 (역삼동)"
스시이찌 선릉점,기타,37.50594904598185,127.04990783561945,영업/정상,"서울특별시 강남구 테헤란로63길 9, 삼성동 롯데캐슬 클라쎄 지상2층 203호 (삼성동)"
배산임수,기타,37.51353164736869,127.06184695950397,영업/정상,"서울특별시 강남구 영동대로106길 9, S&J 빌딩 5층 (삼성동)"
팀호완 강남점,기타,37.500143080152306,127.02730635406886,영업/정상,"서울특별시 강남구 테헤란로1길 29, 지하1층, 지상1층 (역삼동)"
(주)감성타코 강남역점,기타,37.499033347049085,127.02766515180326,영업/정상,"서울특별시 강남구 강남대로 406, GLASS TOWER 지하1층 B01-1호 (역삼동)"
메이비(MAYBE),기타,37.52264643962947,127.04201497690974,영업/정상,"서울특별시 강남구 선릉로148길 30, 지상1층 (청담동)"
주식회사 숙성회사랑,기타,37.52373597946955,127.03738935015764,영업/정상,"서울특별시 강남구 도산대로49길 12, 지상2층 (신사동)"
우블링,기타,37.52282143660338,127.03996263060945,영업/정상,"서울특별시 강남구 도산대로 406, 1층 102호 (청담동, 청담퍼스트타워)"
평양면옥,기타,37.483348880029766,127.04480322820937,영업/정상,서울특별시 강남구 논현로28길 28 (도곡동)
대청,기타,37.49314853030718,127.05907640986165,영업/정상,"서울특별시 강남구 남부순환로 2917 (대치동,청실상가 지하29호)"
티에라 플라워 도곡,기타,37.50700567920496,127.03537258113298,영업/정상,"서울특별시 강남구 언주로107길 48, 지상1층 103호 (역삼동)"
잡담,기타,37.51879025640992,127.02923317000463,영업/정상,"서울특별시 강남구 도산대로30길 16-4, 지상1층 102호 (논현동)"
서울숲 쭈꾸미,기타,37.500590199254376,127.04276255216791,영업/정상,"서울특별시 강남구 테헤란로38길 29, 이원빌딩 지하1층 5-2호 (역삼동)"
장금수부대찌개,기타,37.49870067584982,127.03157677479244,영업/정상,서울특별시 강남구 테헤란로 124 (역삼동)
내고향 소주리,기타,37.503194457490935,127.05131263984468,영업/정상,"서울특별시 강남구 선릉로86길 16-3 (대치동,지상2층)"
우밀가 삼성점,기타,37.50749162315655,127.05467366076365,영업/정상,"서울특별시 강남구 테헤란로77길 14, 지상1층 (삼성동)"
동보성(강남점),기타,37.5044072241276,127.04970385981306,영업/정상,"서울특별시 강남구 테헤란로 406, 지상2층 (대치동)"
크레이지타이 수아에피스,기타,37.526180234223226,127.03754414423194,영업/정상,"서울특별시 강남구 선릉로157길 27 (신사동,지상2층)"
학동김치찜,기타,37.514205643005354,127.02831753843755,영업/정상,"서울특별시 강남구 논현로131길 24 (논현동,지상1층)"
갤럭시 펍,기타,37.50851806285112,127.03407640723391,영업/정상,"서울특별시 강남구 논현로114길 8, 지하1층 (논현동)"
오프닝,기타,37.51890557547495,127.03105956306597,영업/정상,"서울특별시 강남구 도산대로34길 22, 빌딩 모노폴(Building Monopole) 지하1층,지상1층 (논현동)"
알렉산디노,기타,37.4992585643775,127.04002518095805,영업/정상,"서울특별시 강남구 테헤란로30길 31, 지하1층 (역삼동)"
아이수마(AiSuma),기타,37.51547020856301,127.04270040012207,영업/정상,"서울특별시 강남구 학동로56길 26, 지상1층 102호 (삼성동, 신일빌딩)"
가원,기타,37.48560411087156,127.09833846989639,영업/정상,"서울특별시 강남구 광평로 234 (수서동,지상2,3층)"
비비B.B,기타,37.51251609438882,127.03512840687483,영업/정상,"서울특별시 강남구 언주로 627, 지하2층 (논현동)"
깐부치킨 도산사거리점,기타,37.51991154860761,127.03505605389557,영업/정상,"서울특별시 강남구 언주로146길 3, 지상1층 (논현동)"
더라운드,기타,37.522964219907685,127.04254225942715,영업/정상,"서울특별시 강남구 선릉로148길 37, 지하1,지상1,2층 (청담동)"
왕푸징마라탕 무역센터점,기타,37.50859530026902,127.05971847792408,영업/정상,"서울특별시 강남구 테헤란로 517, 현대백화점 지하1층 (삼성동)"
구름(9Ruem),기타,37.520407639473184,127.0210126515765,영업/정상,"서울특별시 강남구 강남대로162길 30, 4층 (신사동)"
호센,기타,37.5014473109603,127.03386468681198,영업/정상,"서울특별시 강남구 논현로95길 29-8, 지상1층 103호 (역삼동)"
비노 앤 스피릿,기타,37.513511295342305,127.02584526619,영업/정상,"서울특별시 강남구 강남대로132길 59, 지하1층 B102호 (논현동)"
네기실비 신사점,기타,37.519481559520464,127.02367876755845,영업/정상,"서울특별시 강남구 논현로151길 55, 호경빌딩 지상1층 (신사동)"
글로리아,기타,37.521473638646754,127.03696676259766,영업/정상,"서울특별시 강남구 언주로150길 32, 4층 (논현동)"
만선호프,기타,37.48888090919822,127.0676510840815,영업/정상,"서울특별시 강남구 개포로82길 5-8 (개포동,성지빌딩지상1층104호)"
갯바위,기타,37.48643190154811,127.04429077492674,영업/정상,"서울특별시 강남구 남부순환로375길 5 (도곡동,지상1층,지하1층)"
재나(Jena),기타,37.4975551315219,127.04316158051394,영업/정상,서울특별시 강남구 역삼로 246 (역삼동)
베즈 커피,기타,37.50266715059101,127.05986716650322,영업/정상,"서울특별시 강남구 삼성로72길 9, 지1층 (대치동)"
번쩍피자,기타,37.499425261075565,127.04389225980606,영업/정상,"서울특별시 강남구 언주로 407, 지상1층 102호 (역삼동)"
그린나인,기타,37.52212184591955,127.02763414575777,영업/정상,"서울특별시 강남구 논현로155길 6, 다동 지하1층 104호 (신사동)"
촌돼지마을2,기타,37.51223213343627,127.02855454033947,영업/정상,"서울특별시 강남구 학동로20길 13, 논현2호주차장 지상1층 103호 (논현동)"
일품향,기타,37.497902390013216,127.0526593092108,영업/정상,"서울특별시 강남구 선릉로64길 5, 지상2층 (대치동)"
연화산,기타,37.507284939407164,127.06137768685417,영업/정상,"서울특별시 강남구 테헤란로92길 11, 2층 (대치동)"
청담 뚝배기,기타,37.5198000577168,127.0486795247275,영업/정상,서울특별시 강남구 삼성로133길 8 (청담동)
커피커피플리즈,기타,37.499123082444285,127.02878506000332,영업/정상,"서울특별시 강남구 강남대로92길 17, 지상1층 (역삼동, 대승빌딩)"
쓰리매너티,기타,37.523092289875684,127.03287249908742,영업/정상,"서울특별시 강남구 언주로 815, 지하1, 지상1층 (신사동)"
카페바니유,기타,37.52170466155013,127.02728600726952,영업/정상,"서울특별시 강남구 논현로155길 9, 지상104호 (신사동)"
옳음,기타,37.524669523042554,127.04270814913467,영업/정상,"서울특별시 강남구 선릉로152길 37, 청담동 올리브빌딩 지상3층 (청담동)"
보승회관 강남구청역점,기타,37.517980558680236,127.04026570316596,영업/정상,"서울특별시 강남구 선릉로131길 8, 노벨빌딩 지상1층 102호 (논현동)"
지티에스(GTS)버거,기타,37.52296131594136,127.0444835941709,영업/정상,"서울특별시 강남구 도산대로66길 9, 지하1층 1호 (청담동)"
앤틱카페 돌체,기타,37.49534084644992,127.05265202234067,영업/정상,"서울특별시 강남구 선릉로 225, 지하1층 B128호 (도곡동, 도곡렉슬상가)"
포차 락피쉬,기타,37.50886747332083,127.0403488024291,영업/정상,"서울특별시 강남구 봉은사로44길 1, 지상1층 3호 (역삼동, 동광빌딩)"
김밥까페 강남점,기타,37.49671556345275,127.03041401167441,영업/정상,"서울특별시 강남구 테헤란로4길 27, 지상1층 (역삼동)"
델마르,기타,37.51398566342548,127.03587590882915,영업/정상,"서울특별시 강남구 언주로 640 (논현동,지상1층)"
율현,기타,37.470254387510586,127.11846120041184,영업/정상,"서울특별시 강남구 헌릉로745길 37, 비동 지하1층 117호 (율현동)"
학동나주곰탕,기타,37.514287812552126,127.02970924181116,영업/정상,"서울특별시 강남구 논현로131길 7, 지하1층 (논현동)"
제이키친,기타,37.51977704968377,127.05836321775749,영업/정상,"서울특별시 강남구 영동대로128길 5, 1층 106호 (삼성동, 청구아파트)"
청담동 순도리,기타,37.52397650552538,127.04887766651197,영업/정상,"서울특별시 강남구 도산대로 510, 신한 오피스텔 지상1층 101, 102, 103호 (청담동)"
센트레(centre),기타,37.523337027252516,127.0370900043978,영업/정상,"서울특별시 강남구 도산대로49길 9, 지상1층 (신사동)"
카페키츠네 서울,기타,37.51957908032472,127.02278420242213,영업/정상,"서울특별시 강남구 가로수길 23, 지상1층 (신사동)"
(주)에땅끌레르,기타,37.51448922473965,127.05285550458325,영업/정상,"서울특별시 강남구 삼성로 614 (삼성동,지상1,2,3층)"
한가네(분식집),기타,37.494627554246975,127.034686586013,영업/정상,서울특별시 강남구 역삼로 139 (역삼동)
하마식당,기타,37.51829416443318,127.02093355963677,영업/정상,"서울특별시 강남구 강남대로156길 22, 지상1층 101호 (신사동)"
징관청훠궈본점,기타,37.51894017837887,127.02187731331449,영업/정상,"서울특별시 강남구 강남대로156길 35, 지상2층 (신사동)"
옥스라이브파이어그릴 도산,기타,37.52063762243211,127.0324298936008,영업/정상,"서울특별시 강남구 도산대로 230, 지상2층 202호 (논현동)"
네임드 베이커리,기타,37.493997939087436,127.03461521520072,영업/정상,"서울특별시 강남구 역삼로12길 5, 지상1층 104호 (역삼동)"
신주닭발,기타,37.491918676652574,127.0403849001484,영업/정상,"서울특별시 강남구 도곡로 192, 지상1층 101호 (도곡동)"
트레인 버거(TRAIN BURGER),기타,37.506636361318236,127.06056566360655,영업/정상,"서울특별시 강남구 영동대로85길 38, 진성빌딩 지상1층 101호 (대치동)"
부드아르(Boudoir),기타,37.52653390822973,127.05079022861439,영업/정상,"서울특별시 강남구 도산대로99길 32, 청송정 지상1층 (청담동)"
퓨처치킨,기타,37.49643306770305,127.03361914853139,영업/정상,"서울특별시 강남구 테헤란로14길 40-7, 지상1층 (역삼동)"
김부밀,기타,37.51053310504281,127.02352257389533,영업/정상,"서울특별시 강남구 학동로4길 15, 동화상가 지상1층 101호 중 102호 (논현동)"
플로우,기타,37.52459020434463,127.04299815806246,영업/정상,"서울특별시 강남구 도산대로61길 10, 지하1층 (청담동)"
잰부닥,기타,37.48554665695119,127.03514853579622,영업/정상,"서울특별시 강남구 강남대로42길 13 (도곡동,지상1층)"
카페딜라잇,기타,37.50225195611131,127.05330781541191,영업/정상,"서울특별시 강남구 테헤란로68길 46, 지상1층 101호 (대치동)"
다모아,기타,37.5098936788082,127.02613402668372,영업/정상,"서울특별시 강남구 강남대로124길 48, 지상2층 202호 (논현동)"
진주성,기타,37.49434316995638,127.03771171426816,영업/정상,"서울특별시 강남구 역삼로20길 14, 지상1층 (역삼동)"
더블유더블유미타일호점,기타,37.5063633526756,127.05364932327716,영업/정상,"서울특별시 강남구 테헤란로 427, 미타빌딩 지상2층 (삼성동)"
모던케이,기타,37.48235943437888,127.04515688821029,영업/정상,"서울특별시 강남구 논현로24길 29, 나무빌딩 지상2층 (도곡동)"
맘스터치 삼성중앙점,기타,37.51275250929001,127.05123005869382,영업/정상,"서울특별시 강남구 봉은사로 471, 상가동 지상1층 109호 (삼성동)"
샌드박스,기타,37.51245831860277,127.03207674285521,영업/정상,"서울특별시 강남구 논현로124길 5, 지상2층 201-16호 (논현동)"
스마일,기타,37.502510857218624,127.05026658010526,영업/정상,"서울특별시 강남구 선릉로 420 (대치동,지하1층)"
남해굴국밥,국밥,37.52379827113727,127.02745328912414,영업/정상,서울특별시 강남구 압구정로28길 42 (신사동)
박성희가 요리하는 집,기타,37.512727431801586,127.02190142418542,영업/정상,"서울특별시 강남구 학동로1길 22, 지상1층 (논현동)"
요리왕,기타,37.49089075988732,127.04209984117693,영업/정상,"서울특별시 강남구 논현로 218 (도곡동,지하1호)"
모모야끼,기타,37.509583184392625,127.02312242495498,영업/정상,서울특별시 강남구 학동로2길 29 (논현동)
치킨의 모든것 올치킨 강남점,기타,37.50085838008427,127.04058796164693,영업/정상,"서울특별시 강남구 언주로85길 32, 역삼역센트럴푸르지오 지하1층 B116B호 CA17호 (역삼동)"
주식회사 라혜파티,기타,37.5223050100243,127.05773590499582,영업/정상,"서울특별시 강남구 학동로101길 26, 2층 225호 (청담동, 청담 삼익상가)"
커피나인 포스코사거리,기타,37.508680619136605,127.05681653055386,영업/정상,"서울특별시 강남구 테헤란로81길 26, 유림빌딩 지상1층 102호 (삼성동)"
치킨공식,기타,37.49889282185917,127.03660999612977,영업/정상,"서울특별시 강남구 역삼로17길 64, 1층 2호 (역삼동)"
킹크라운닭발 강남직영점,기타,37.50702098121624,127.02530758917926,영업/정상,"서울특별시 강남구 강남대로118길 25, 지하1층 (논현동)"
더그레이스클럽,기타,37.5157893325413,127.0292504845716,영업/정상,"서울특별시 강남구 도산대로28길 56, 논현동빌딩 지상1층 (논현동)"
비비도프,기타,37.51282213289048,127.05621856904351,영업/정상,"서울특별시 강남구 봉은사로86길 6, 지하1층 (삼성동, 레베쌍트)"
왕대감,기타,37.4889484295321,127.06801707157001,영업/정상,"서울특별시 강남구 개포로82길 9-11 (개포동,지상2층)"
화로,기타,37.518204858797446,127.03039930509739,영업/정상,"서울특별시 강남구 논현로146길 16 (논현동,지하1층)"
해무리청담,기타,37.52210960023345,127.04882557703615,영업/정상,"서울특별시 강남구 삼성로 750, 지1층 (청담동, 동영빌딩 )"
순이네 커피,기타,37.50556615264505,127.05503035185583,영업/정상,"서울특별시 강남구 선릉로90길 72, 지상1층 (대치동)"
개포한우촌,기타,37.48276615614638,127.06141390024686,영업/정상,"서울특별시 강남구 선릉로8길 6 (개포동,지상102호)"
노비아 에 노비오,기타,37.4865168787329,127.05188290856825,영업/정상,"서울특별시 강남구 언주로 118 (도곡동,우성케릭터199상가 120호)"
도쿄째즈,기타,37.51123484128245,127.05696875569008,영업/정상,"서울특별시 강남구 삼성로104길 28, 지상2층 (삼성동)"
용용선생 강남역점,기타,37.50013926738232,127.02839940418086,영업/정상,"서울특별시 강남구 강남대로96길 17 (역삼동,지상1층)"
교촌치킨 도곡점,기타,37.48533738203019,127.04411455427969,영업/정상,"서울특별시 강남구 논현로38길 30, 1층 (도곡동)"
강남 돈 주는 남자,기타,37.514428466054966,127.06436065511872,영업/정상,서울특별시 강남구 봉은사로108길 3-10 (삼성동)
매머드익스프레스 논현역점,기타,37.51096482378737,127.02221831049224,영업/정상,"서울특별시 강남구 학동로2길 6, 지상1층 104호 (논현동)"
비에이치씨 선릉역점,기타,37.50302663977145,127.05191581218642,영업/정상,"서울특별시 강남구 선릉로82길 23, 지상1층 (대치동)"
곱창에빠지다 강남점,기타,37.51054182685763,127.03594543667222,영업/정상,"서울특별시 강남구 언주로 615, 논현 아이파크 103동 지하1층 B133호 (논현동)"
불나는 칼국수,칼국수,37.50297359241314,127.04653232570449,영업/정상,"서울특별시 강남구 테헤란로 322, 한신인터밸리24 지하2층 B105호 (역삼동)"
뇽즈,기타,37.50854333601183,127.03224676236917,영업/정상,"서울특별시 강남구 논현로113길 12, 지상1층 103호 (논현동)"
(주)이화옥,기타,37.51006907032955,127.05687460783186,영업/정상,"서울특별시 강남구 테헤란로83길 40, 1층 (삼성동)"
장수상회,기타,37.50179505466299,127.03448897838442,영업/정상,"서울특별시 강남구 테헤란로25길 15-10, 지하1층 (역삼동)"
엉클브루,기타,37.50816097017359,127.05355497329735,영업/정상,"서울특별시 강남구 봉은사로68길 71, 지상1층 (삼성동)"
봉추찜닭 강남358타워점,기타,37.49503904291086,127.02970354160853,영업/정상,"서울특별시 강남구 강남대로 358, 강남358타워 지상2층 203호 (역삼동)"
솔트 플러스 39(Salt Plus 39),기타,37.49313451210308,127.08422758279698,영업/정상,"서울특별시 강남구 개포로128길 33, 지상1층 104호 (일원동)"
삼성동 일억조해장국,기타,37.511694746594785,127.06554042160637,영업/정상,"서울특별시 강남구 영동대로96길 37, 지상1층 106호,107호,108호,109호 (삼성동)"
수작,기타,37.526244497047216,127.03933963493496,영업/정상,"서울특별시 강남구 압구정로54길 25 (신사동,지상2층)"
나따오비까 신사점,기타,37.51936794677015,127.02068716733919,영업/정상,"서울특별시 강남구 압구정로2길 37, 지상1층 (신사동)"
굿 베러 베스트(Good Better Best),기타,37.52009967071812,127.02246218328837,영업/정상,"서울특별시 강남구 도산대로11길 40, 지하1층 (신사동)"
칸지,기타,37.52545139280006,127.04796391326276,영업/정상,"서울특별시 강남구 도산대로81길 16-4 (청담동,지상1,2층)"
스태커스(STACKERS),기타,37.526056418855354,127.03813349384733,영업/정상,"서울특별시 강남구 선릉로157길 21, 지상1층 (신사동)"
황금식당,기타,37.503829977339976,127.04482784406801,영업/정상,"서울특별시 강남구 테헤란로 311, 지하1층 112호,113호 (역삼동)"
백소정 강남신사점,기타,37.517592368502925,127.02095145918975,영업/정상,"서울특별시 강남구 강남대로152길 19, 2층 (신사동)"
마인드,기타,37.51384116156329,127.03330698996213,영업/정상,서울특별시 강남구 논현로128길 26 (논현동)
어바웃 포레스트,기타,37.51030705962846,127.0466542024677,영업/정상,"서울특별시 강남구 선릉로108길 31, 지상1층 101호 (삼성동)"
퍽퍽살이 싫어 내가 만든 치킨집,기타,37.51205781174079,127.04438606797166,영업/정상,"서울특별시 강남구 봉은사로57길 21-3, 지상2층 204호 (삼성동)"
노모어피자 압구정점,기타,37.52723596080644,127.0305762416249,영업/정상,"서울특별시 강남구 압구정로34길 14, 지상1층 102호 (신사동)"
가마치통닭,기타,37.516882616553524,127.03672315035159,영업/정상,서울특별시 강남구 언주로134길 13 (논현동)
까페드빠리,기타,37.52590426039636,127.04596586018786,영업/정상,"서울특별시 강남구 압구정로 450, 지상1층,2층 (청담동)"
우리대 칼국수 본점,칼국수,37.508418113561675,127.02383366583135,영업/정상,"서울특별시 강남구 학동로2길 51-1, 지상1층 (논현동)"
선릉을지순대국,기타,37.504038677002775,127.05348510368806,영업/정상,"서울특별시 강남구 선릉로86길 46, RG빌딩 1층 (대치동)"
NJ키친,기타,37.50085838008427,127.04058796164693,영업/정상,"서울특별시 강남구 언주로85길 32, 역삼역센트럴푸르지오 지하1층 B119호중 CA30-2호 (역삼동)"
마녀닭발,기타,37.49595516164303,127.04665713725551,영업/정상,"서울특별시 강남구 언주로 314, 지상1층 106호 (역삼동, 강남프라자)"
에이밤 커피,기타,37.512412870754844,127.04366868127234,영업/정상,"서울특별시 강남구 선릉로116길 6, 지상1층 (삼성동)"
한미옥 청담본점,기타,37.52526966140482,127.04011315463472,영업/정상,"서울특별시 강남구 선릉로 822, 지하1층 (청담동)"
닥치고 떡볶이,기타,37.49843647982766,127.05716236976053,영업/정상,"서울특별시 강남구 삼성로61길 41, 1층 101호 (대치동)"
엠파이어 드레스,기타,37.50438926786291,127.05274312964617,영업/정상,"서울특별시 강남구 테헤란로70길 14-10, 지하1층 (대치동)"
죠스떡볶이,기타,37.497902390013216,127.0526593092108,영업/정상,"서울특별시 강남구 선릉로64길 5 (대치동,지상1층105호)"
키햐,기타,37.510828987669086,127.04254400229597,영업/정상,"서울특별시 강남구 선릉로111길 10, 지상2층 (논현동)"
맨션,기타,37.49539989631866,127.03040580524147,영업/정상,"서울특별시 강남구 테헤란로4길 46, 지상1층 127호 (역삼동, 쌍용플래티넘밸류)"
본죽,기타,37.48926602457875,127.06835980563262,영업/정상,"서울특별시 강남구 개포로 510, 지상1층 104호 (개포동)"
선02,기타,37.47928173581614,127.04807572940219,영업/정상,"서울특별시 강남구 개포로25길 5, 1층 (개포동)"
명동 충무김밥,기타,37.4833448123568,127.06037128951294,영업/정상,"서울특별시 강남구 선릉로16길 4-10, 지하1층 (개포동)"
도깨비 홈(home),기타,37.52672888418382,127.03799919021496,영업/정상,"서울특별시 강남구 압구정로50길 23, 지상2층,지상3층 (신사동)"
더케이에프엔비 케이컴퍼니,기타,37.50890085474024,127.0363640379943,영업/정상,"서울특별시 강남구 봉은사로37길 7-6, 나동 지하1층 103호 (논현동)"
타키 강남역점,기타,37.50271980486983,127.0269843453289,영업/정상,"서울특별시 강남구 봉은사로4길 33, 지하1층,지상1층 (역삼동)"
선릉사랑방,기타,37.50622691780059,127.0495594100083,영업/정상,"서울특별시 강남구 선릉로94길 15, 지하1층 비02호 (삼성동)"
교동짬뽕명가 역삼역점,기타,37.50102346087018,127.03608248456472,영업/정상,"서울특별시 강남구 테헤란로 151, 역삼하이츠빌딩 지하1층 1-4호 (역삼동)"
버거박스,기타,37.525024533913715,127.0498233941262,영업/정상,"서울특별시 강남구 압구정로79길 32, 1층 105호 (청담동)"
풍년집,기타,37.4926964506455,127.03480454697856,영업/정상,"서울특별시 강남구 논현로67길 63, 지상1층 (역삼동)"
다목당,기타,37.48638175795211,127.04485357773596,영업/정상,"서울특별시 강남구 남부순환로 2733 (도곡동,지상2층)"
난달라푸드테크놀로지,기타,37.51061725862691,127.05607859349807,영업/정상,"서울특별시 강남구 테헤란로81길 60-5, 지하1층 B01호 (삼성동)"
홍짬뽕,기타,37.496322337893496,127.03404185615142,영업/정상,"서울특별시 강남구 논현로79길 62 (역삼동,1호,1층)"
옛고을장원김밥,기타,37.503216398695066,127.03914120847568,영업/정상,서울특별시 강남구 테헤란로33길 20 (역삼동)
굽네치킨 대치4동점,기타,37.50165447822016,127.05611675999168,영업/정상,"서울특별시 강남구 삼성로71길 34, 지상1층 102호 (대치동)"
한성양꼬치,기타,37.50395149884502,127.05371508801362,영업/정상,"서울특별시 강남구 테헤란로70길 26, 지상1층 (대치동)"
보노보노삼성점,기타,37.50671011319896,127.05803997762037,영업/정상,서울특별시 강남구 테헤란로 508 (대치동)
나이스샤워 역삼점,기타,37.497579297517134,127.03301261601113,영업/정상,"서울특별시 강남구 테헤란로10길 25, 지상1층 106호 (역삼동, 뜨라네)"
정성담은 사골한돈 김치찌개,기타,37.51041169550732,127.02501408391572,영업/정상,"서울특별시 강남구 학동로6길 27, 지하1층 b01호 (논현동)"
코제트 도산,기타,37.52593143789226,127.03707221149202,영업/정상,"서울특별시 강남구 압구정로48길 39, 지하1층 (신사동)"
남도사계고운님,기타,37.504340751137015,127.05586992733424,영업/정상,"서울특별시 강남구 삼성로81길 22, 한정빌딩 지상2층 (대치동)"
한입한쌈 강남논현점,기타,37.509409800130896,127.02532841918132,영업/정상,"서울특별시 강남구 강남대로124길 35, 지상1층 101호 (논현동)"
번치스(Bunches),기타,37.52540664359836,127.03691460515095,영업/정상,"서울특별시 강남구 언주로164길 41, 지상1층 (신사동)"
설야갈비 청담,기타,37.52405690582645,127.04094654851603,영업/정상,"서울특별시 강남구 선릉로152길 18, 지상1층,2층 (청담동)"
한식의품격 강남논현점,기타,37.508731682678366,127.0360094648542,영업/정상,"서울특별시 강남구 봉은사로37길 7-14, 지하1층 (논현동)"
플라스틱 뮤직바(PLASTIC MUSIC BAR),기타,37.523589569539745,127.03794162274501,영업/정상,"서울특별시 강남구 도산대로49길 6-10, 지상2층 (신사동)"
샤브로21 강남점,기타,37.502298585975154,127.02673498655116,영업/정상,"서울특별시 강남구 강남대로102길 13-5 (역삼동,지하1층)"
샤넬,기타,37.49434795190433,127.07961586766422,영업/정상,"서울특별시 강남구 개포로 623, 대청타워 지하1층 130호 (개포동)"
청실식당,기타,37.49314853030718,127.05907640986165,영업/정상,"서울특별시 강남구 남부순환로 2917 (대치동,지하1층 38호)"
홍반점,기타,37.49342552494627,127.03584194655276,영업/정상,"서울특별시 강남구 역삼로14길 19, 지상1층 (역삼동)"
더블유더블유 선릉삼호점 19층,기타,37.503446065745614,127.04985320201862,영업/정상,"서울특별시 강남구 선릉로 428, 지상19층 (대치동)"
목포세발낙지,기타,37.50471344902549,127.04385683323984,영업/정상,"서울특별시 강남구 언주로98길 26, 지상1층 (역삼동)"
아쿠아(Aqua),기타,37.52577360230489,127.027254402994,영업/정상,"서울특별시 강남구 논현로175길 17 (신사동,지하1층)"
육회천지,기타,37.516417411308716,127.0222858993874,영업/정상,"서울특별시 강남구 도산대로8길 9, 1층 (논현동)"
파 니엔테,기타,37.51881365107612,127.02221148254607,영업/정상,"서울특별시 강남구 도산대로11길 21 (신사동,지하1층)"
매머드 익스프레스 양재역점,기타,37.48581320286448,127.03680239858585,영업/정상,"서울특별시 강남구 남부순환로359길 12, 지상1층 101호 (도곡동, 항덕빌딩)"
설수사,기타,37.51623205059302,127.03501951395485,영업/정상,서울특별시 강남구 언주로 707 (논현동)
플라워,기타,37.52160232496422,127.03769143692246,영업/정상,"서울특별시 강남구 도산대로50길 13 (논현동, 지하1층)"
(주)조선호텔앤리조트 호무랑,기타,37.52339383135422,127.04365764612126,영업/정상,"서울특별시 강남구 도산대로 442, 지상1층 (청담동)"
타코 앤 칠리,기타,37.519846235905334,127.02012756298078,영업/정상,"서울특별시 강남구 압구정로2길 28, 1층 (신사동)"
아리아,기타,37.51006679534724,127.03833366374172,영업/정상,서울특별시 강남구 언주로114길 9 (논현동)
남도구들,기타,37.496385656695956,127.03737125344537,영업/정상,"서울특별시 강남구 논현로75길 16, 지상1층 (역삼동)"
청가,기타,37.50623030195712,127.02525531302847,영업/정상,"서울특별시 강남구 강남대로116길 14 (논현동,지하1층)"
이음,기타,37.521871897392955,127.04316482808458,영업/정상,"서울특별시 강남구 선릉로148길 48-18, 지상3층 (청담동)"
늘복집,기타,37.479471653829115,127.10279897917867,영업/정상,"서울특별시 강남구 밤고개로14길 13-48 (자곡동,지상2,3층)"
우시야 역삼점,기타,37.4982905344237,127.04301106904896,영업/정상,"서울특별시 강남구 역삼로37길 7, 지상1층 (역삼동)"
디 에이프론,기타,37.508702276299225,127.04414904003593,영업/정상,"서울특별시 강남구 선릉로 561, RUBINA사옥 지상1층 (역삼동)"
포차어게인,기타,37.497902390013216,127.0526593092108,영업/정상,"서울특별시 강남구 선릉로64길 5, 지하1층 (대치동)"
도산회관,기타,37.523047001697236,127.03640060200371,영업/정상,"서울특별시 강남구 도산대로45길 8-7, 지하1층 (신사동)"
기운,기타,37.49223134056983,127.03405060332165,영업/정상,"서울특별시 강남구 도곡로7길 25, 지상1층 2호 (역삼동)"
남도 감자탕,기타,37.505081336678295,127.05352246189088,영업/정상,"서울특별시 강남구 선릉로90길 56, 지상1층 112호 (대치동, 대치동 대우아이빌명문가)"
비원(B1),기타,37.52029465701094,127.03359056735366,영업/정상,"서울특별시 강남구 언주로149길 5-4, 지하1층 (논현동)"
곰도리곰탕,기타,37.51501310149699,127.06179392834541,영업/정상,"서울특별시 강남구 봉은사로103길 6, 지상1층 3호 (삼성동)"
태양1호점,기타,37.49561644305278,127.03674884504069,영업/정상,서울특별시 강남구 역삼로19길 5 (역삼동)
천하일품추어탕,기타,37.50385994932464,127.04315978724321,영업/정상,"서울특별시 강남구 언주로 508 (역삼동,상록회관지하1층)"
제이갸또 삼성점,기타,37.50885464433613,127.0528564426045,영업/정상,"서울특별시 강남구 봉은사로68길 57, 1층 (삼성동)"
날날리 신선육회 연어,기타,37.50719789627643,127.02588679084238,영업/정상,"서울특별시 강남구 강남대로118길 35, 지상1층 102-1호 (논현동)"
왕두꺼비부대찌개,기타,37.49240903545035,127.03202358981508,영업/정상,"서울특별시 강남구 역삼로4길 16 (역삼동,성우스타우스오피스텔 105호)"
제철소,기타,37.52290767386029,127.04487333330876,영업/정상,"서울특별시 강남구 도산대로68길 11, 웅찬빌딩 지상2층 (청담동)"
진도 사골순대국,기타,37.46400000954552,127.10730858512954,영업/정상,"서울특별시 강남구 밤고개로34길 4, 지상1층 7호 (세곡동)"
어리숙회,기타,37.50815140144015,127.02416297659957,영업/정상,"서울특별시 강남구 강남대로122길 15, 상당빌딩 지상3층 302호 (논현동)"
(주)담희-1지점,기타,37.50149839760205,127.03167921101468,영업/정상,"서울특별시 강남구 테헤란로13길 29, 1층 105호 (역삼동)"
최배달 떡순튀 논현점,기타,37.506861450169495,127.02874980502236,영업/정상,"서울특별시 강남구 봉은사로11길 12, 지하1층 103호 (논현동)"
네세서리 커피,기타,37.490026922191376,127.08343740221825,영업/정상,"서울특별시 강남구 양재대로35길 5, 1층 (일원동)"
쿡디퍼(COOK DEEPER),기타,37.50483571582305,127.04430100036782,영업/정상,"서울특별시 강남구 언주로98길 31, 지하1층 (역삼동)"
소주물,기타,37.489560510435055,127.08273963580812,영업/정상,"서울특별시 강남구 일원로9길 14, 1층 101호 (일원동)"
유쾌한그집 선릉점,기타,37.50162711453609,127.05211513524263,영업/정상,"서울특별시 강남구 선릉로76길 20, 지상1층 101호 (대치동, 유영빌딩)"
김밥천국,기타,37.510108089759626,127.0232324681306,영업/정상,"서울특별시 강남구 학동로4길 20 (논현동,지상1층)"
자매의 부엌 마켓N,기타,37.52091982530799,127.0220027815928,영업/정상,"서울특별시 강남구 압구정로10길 40, 지상1층 (신사동)"
대가참맛,기타,37.50614884608381,127.052172371049,영업/정상,서울특별시 강남구 선릉로92길 42 (삼성동)
오늘은해장국,기타,37.48999930375226,127.08292748392873,영업/정상,서울특별시 강남구 양재대로33길 7 (일원동)
해머스미스커피 포스코사거리점,기타,37.50660278129163,127.05870790129651,영업/정상,"서울특별시 강남구 테헤란로84길 9, 지상1층 (대치동)"
외가집,기타,37.50826298597257,127.02532174580752,영업/정상,"서울특별시 강남구 강남대로122길 28, 지상1층 2호 (논현동)"
곰살이네,기타,37.50366281753976,127.05284731118861,영업/정상,"서울특별시 강남구 테헤란로68길 25, 지하1층 (대치동)"
VENERDI(베넬디),기타,37.51845931061263,127.02605154445065,영업/정상,"서울특별시 강남구 도산대로 158, 세양 APEX TOWER 지상1층 107호 (논현동)"
압구전,기타,37.52560590524735,127.03841232451013,영업/정상,"서울특별시 강남구 선릉로155길 16, 선린 1층 (신사동)"
카오스,기타,37.494915537568744,127.03999130651675,영업/정상,"서울특별시 강남구 논현로 332 (역삼동,지하1층)"
주식회사 원강,기타,37.51078394328079,127.0239144393037,영업/정상,"서울특별시 강남구 학동로6길 16 (논현동,1층)"
가람,기타,37.500321599255045,127.06449902931888,영업/정상,서울특별시 강남구 도곡로 531 (대치동)
순두부와 청국장,기타,37.50586502114297,127.03391635681366,영업/정상,"서울특별시 강남구 논현로105길 5 (역삼동,지상1층)"
오구식당,기타,37.521813297379296,127.04417096598156,영업/정상,"서울특별시 강남구 도산대로66길 27, 지하1층 102호 (청담동)"
물회한사발 미시마,기타,37.49391129258746,127.04468776332271,영업/정상,"서울특별시 강남구 도곡로 239, 경양빌딩 지상2층 (역삼동)"
모도우 삼성점,기타,37.50989204256572,127.05751427726794,영업/정상,"서울특별시 강남구 테헤란로87길 35, 금강타워3 지하1층 (삼성동)"
소소한식당 대치본점,기타,37.500343728933466,127.05976078372707,영업/정상,"서울특별시 강남구 삼성로 319, 금강빌딩 1층 (대치동)"
(주)커피빈코리아 역삼동태광타워점,기타,37.501022355173795,127.03988530623184,영업/정상,"서울특별시 강남구 테헤란로34길 6, 태광타워 1층 101호 (역삼동)"
유메오뎅 논현2호점,기타,37.50908275839987,127.02345058074391,영업/정상,"서울특별시 강남구 학동로2길 39, LS빌딩 지상1층 (논현동)"
반가흑돈,기타,37.500916207286025,127.03226074465152,영업/정상,"서울특별시 강남구 테헤란로13길 18, 지상1층 (역삼동)"
소가횟집,기타,37.48417548853329,127.04382207978418,영업/정상,"서울특별시 강남구 논현로30길 25, 지상1층 (도곡동)"
러너펍 논현점 홀덤펍,기타,37.507965774593444,127.02360953238906,영업/정상,"서울특별시 강남구 학동로2길 56, 원창빌딩 1층 103호 (논현동)"
미미사천마라탕 역삼점,기타,37.49658082539672,127.04272521293582,영업/정상,"서울특별시 강남구 언주로71길 31, 지상1층 (역삼동)"
스시 미나미,기타,37.517570399087845,127.04148787960995,영업/정상,"서울특별시 강남구 학동로 401, 금하빌딩 지하1층 일부호 (청담동)"
부숑,기타,37.522218987215325,127.02024611985173,영업/정상,"서울특별시 강남구 논현로175길 113 (신사동,이룸빌딩지하1층)"
이자카야 인 뉴욕,기타,37.52431020338513,127.03800875532976,영업/정상,"서울특별시 강남구 도산대로51길 18 (신사동,지상1층)"
이치에,기타,37.525382576312694,127.03768018954042,영업/정상,"서울특별시 강남구 선릉로155길 23-3 (신사동,지상2층)"
진대감,기타,37.50403215884241,127.05398038705381,영업/정상,"서울특별시 강남구 테헤란로70길 25 (대치동,지상1층)"
에스,기타,37.5027776617155,127.03856825744226,영업/정상,"서울특별시 강남구 논현로94길 28, 지하1층 (역삼동)"
깐부치킨,기타,37.50418020959943,127.05390592407926,영업/정상,"서울특별시 강남구 삼성로85길 43 (대치동,지상1층)"
카이 본점,기타,37.49760715724882,127.03200640907832,영업/정상,"서울특별시 강남구 테헤란로8길 21, 1층 (역삼동)"
황금정,기타,37.50183421790096,127.03464737832346,영업/정상,"서울특별시 강남구 테헤란로25길 15-8 (역삼동,지상1,2층)"
민속밀면 강남점,기타,37.51265753667124,127.04871274427074,영업/정상,"서울특별시 강남구 선릉로112길 63, 지하1층,지상1층 (삼성동)"
오또상 라멘 신논현역점,기타,37.50333311173218,127.02709985879967,영업/정상,"서울특별시 강남구 봉은사로6길 26, 1층 (역삼동)"
무디타 와인,기타,37.518493214358685,127.04625993656155,영업/정상,"서울특별시 강남구 학동로 421, 원영빌딩 지하1층 (청담동)"
정우 찌개 보쌈,기타,37.51054182685763,127.03594543667222,영업/정상,"서울특별시 강남구 언주로 615, 논현 아이파크 103동 지하1층 B113호 (논현동)"
비포더던,기타,37.50507683288556,127.04294270118046,영업/정상,"서울특별시 강남구 언주로98길 13, 지하1층 (역삼동)"
마젠타,기타,37.51821688035373,127.04066859722937,영업/정상,"서울특별시 강남구 선릉로 709, 지하1층 (논현동)"
미장원,기타,37.50644808507346,127.03880828032943,영업/정상,"서울특별시 강남구 언주로103길 15, 지상1층 101호 (역삼동)"
바니스 앤 와인,기타,37.524513699287176,127.04523652050737,영업/정상,"서울특별시 강남구 압구정로80길 19-1, 지하1층 (청담동)"
못이저,기타,37.50903472659918,127.03656027345019,영업/정상,"서울특별시 강남구 봉은사로37길 11, 2층 (논현동)"
아기받는남자,기타,37.51532503056715,127.04346229304251,영업/정상,"서울특별시 강남구 선릉로126길 16 (삼성동,지상2층 201호)"
전주 현대옥,기타,37.518125213378205,127.02052800597077,영업/정상,"서울특별시 강남구 강남대로156길 16, 지상1층 (신사동)"
우아옥 김치찜,기타,37.50357434023682,127.05428035340167,영업/정상,"서울특별시 강남구 삼성로81길 43, 지상2층 22호 (대치동)"
파치노 에스프레소 바,기타,37.520867324923955,127.02136863864324,영업/정상,"서울특별시 강남구 강남대로162길 37, 지상1층 (신사동)"
링크(LINK),기타,37.505081336678295,127.05352246189088,영업/정상,"서울특별시 강남구 선릉로90길 56, 지상1층 110호 (대치동, 대치동 대우아이빌명문가)"
리윤 오츠마미,기타,37.52320023638167,127.03489561161865,영업/정상,"서울특별시 강남구 언주로152길 15-6, 지상1층 (신사동)"
쉬즈리빙갤러리까페,기타,37.5113792402698,127.02325992573863,영업/정상,"서울특별시 강남구 학동로 114, 지상1층 (논현동)"
명동칼국수,칼국수,37.50798923518987,127.06560528891723,영업/정상,서울특별시 강남구 영동대로86길 18 (대치동)
춘천숯불닭갈비,기타,37.50011594723549,127.02804496460442,영업/정상,"서울특별시 강남구 강남대로96길 11-4, 지상2층 (역삼동)"
만나분식,기타,37.50458024856959,127.04706245318782,영업/정상,"서울특별시 강남구 테헤란로 327 (역삼동,지하1층8호)"
태백식당,기타,37.510408221562855,127.04194547057341,영업/정상,"서울특별시 강남구 봉은사로49길 7 (논현동,지상1층)"
서울집,기타,37.50760956680505,127.04011469312469,영업/정상,"서울특별시 강남구 언주로 556, 지상1층 (역삼동)"
김미김미 F&B,기타,37.49240903545035,127.03202358981508,영업/정상,"서울특별시 강남구 역삼로4길 16, 성우스타우스오피스텔 지하1층 B106호 (역삼동)"
역삼정,기타,37.4972525067251,127.03749384242077,영업/정상,서울특별시 강남구 역삼로19길 31 (역삼동)
펀비어킹,기타,37.48535978759205,127.03409523550035,영업/정상,"서울특별시 강남구 강남대로 242 (도곡동,지상2층)"
샐러디치 오도씨 강남1호점,기타,37.486426916050085,127.03815415440823,영업/정상,"서울특별시 강남구 남부순환로363길 16, 지상1층 103호 (도곡동)"
썬,기타,37.51968540186435,127.03123909585327,영업/정상,"서울특별시 강남구 논현로150길 34, 지하1층 (논현동)"
청담 명화옥 소곰탕 전문점,기타,37.52638942544477,127.05152033762091,영업/정상,"서울특별시 강남구 도산대로89길 29, 지상1층 102호 (청담동)"
베리키친 강남,기타,37.506971530197156,127.03959938030842,영업/정상,"서울특별시 강남구 언주로 551, 2층 (역삼동)"
149 골목집,기타,37.518761986903414,127.02678319480347,영업/정상,"서울특별시 강남구 도산대로 166, 지상1층 (논현동)"
온심옥 역삼본점,기타,37.50259054470543,127.03496121017369,영업/정상,"서울특별시 강남구 테헤란로25길 31, 지상1층 (역삼동)"
레이호,기타,37.5194574115232,127.01911852061257,영업/정상,"서울특별시 강남구 강남대로 652, 지상2층 208호 (신사동)"
사누키 제면소 강남역점,기타,37.50077411739681,127.02671271586524,영업/정상,"서울특별시 강남구 강남대로 428, 만이빌딩 지상3층 2-303호 (역삼동)"
청담 미미계,기타,37.51999669630026,127.04890248947964,영업/정상,서울특별시 강남구 학동로77길 20 (청담동)
상록,기타,37.5051383592491,127.04260465725407,영업/정상,"서울특별시 강남구 언주로98길 9, 지상2층 (역삼동)"
미믹,기타,37.50062652701438,127.02769265919993,영업/정상,"서울특별시 강남구 강남대로98길 12, 지상4층 (역삼동)"
을지로골뱅이앤치킨,기타,37.49317983142432,127.08653393846646,영업/정상,"서울특별시 강남구 일원로3길 90, 1층 102호 (일원동)"
이향2,기타,37.50907475037876,127.05675772873565,영업/정상,"서울특별시 강남구 테헤란로81길 30, 2층 (삼성동)"
소담그릴 청담점,기타,37.52148460690409,127.03771877957685,영업/정상,서울특별시 강남구 도산대로50길 15 (논현동)
라까사호텔,기타,37.522365449015155,127.01966508626508,영업/정상,"서울특별시 강남구 압구정로 102, 9층 (신사동)"
고다이 청담점,기타,37.52160232496422,127.03769143692246,영업/정상,"서울특별시 강남구 도산대로50길 13, 논현빌딩 지상1층 (논현동)"
남도낙지,기타,37.4969709742236,127.0434720208364,영업/정상,"서울특별시 강남구 언주로71길 19 (역삼동,지상1층)"
프레임,기타,37.526056418855354,127.03813349384733,영업/정상,"서울특별시 강남구 선릉로157길 21 (신사동,지상5층)"
버틀러커피,기타,37.49645018521964,127.04007199067844,영업/정상,"서울특별시 강남구 역삼로 209, 지상1층 (역삼동)"
온새미로,기타,37.50463280235361,127.05375184097016,영업/정상,"서울특별시 강남구 삼성로85길 42, 1층 109호 (대치동, 대우아이빌멤버스)"
주식회사 꺼벙이분식,기타,37.50616836978432,127.0509286830279,영업/정상,"서울특별시 강남구 테헤란로63길 12, 지상1층 103호, 104호 (삼성동, LG 선릉에클라트 B)"
한입,기타,37.52407398800037,127.02288948303965,영업/정상,"서울특별시 강남구 압구정로 130, 지상1층 102호 (신사동, 종화빌딩)"
소문난집,기타,37.51589633428585,127.04228592729022,영업/정상,"서울특별시 강남구 선릉로 664 (삼성동,지상1층)"
카카오,기타,37.502837389389235,127.03800608156023,영업/정상,"서울특별시 강남구 논현로94길 21 (역삼동,지하1층)"
준,기타,37.49001968465114,127.08429188271042,영업/정상,"서울특별시 강남구 일원로9길 32, 1층 101호 (일원동)"
숙아채 콩나물국밥,국밥,37.47775842201562,127.04781671038671,영업/정상,"서울특별시 강남구 개포로20길 17 (개포동,지상1층)"
샤워룸(SHOWER ROOM),기타,37.49404595702986,127.03837943070363,영업/정상,"서울특별시 강남구 역삼로20길 21, 지상1층 101호중 코너호 (역삼동)"
하늘감동,기타,37.49271238887623,127.03690561221157,영업/정상,"서울특별시 강남구 논현로65길 42 (역삼동,지하1층)"
삼성국수,기타,37.5147736863394,127.05938101083264,영업/정상,"서울특별시 강남구 영동대로 611, 지하1층 (삼성동, Chan&Chan Tower)"
티325,기타,37.50427558857243,127.04675383130981,영업/정상,"서울특별시 강남구 테헤란로 325, 지하1층 (역삼동)"
가족한식,기타,37.51416316608494,127.06350311528472,영업/정상,"서울특별시 강남구 영동대로106길 29, 세요빌딩 지상2층 (삼성동)"
미가키,기타,37.52519433387056,127.0409507887999,영업/정상,"서울특별시 강남구 선릉로158길 14-2, 지상4층 (청담동)"
도시맥주 신사가로수길점,기타,37.51830769591846,127.02281802311008,영업/정상,"서울특별시 강남구 강남대로152길 43, 지상1층,2층,3층 (신사동)"
꽁티드툴레아(Conte de tulear),기타,37.525545315039714,127.03690673198508,영업/정상,"서울특별시 강남구 도산대로49길 39, 지상1층 (신사동)"
이메진,기타,37.51788859898197,127.0194887333658,영업/정상,"서울특별시 강남구 강남대로 628, 비율라빌딩 지하1층 (신사동)"
수다 삼성2호점,기타,37.510893981249666,127.05682310554718,영업/정상,"서울특별시 강남구 삼성로100길 23-13, 지하1~지상3층 (삼성동)"
나능이 능이버섯백숙,기타,37.507895575921,127.0371577384307,영업/정상,"서울특별시 강남구 봉은사로38길 4, 지상1층 (역삼동)"
김앤유특산품요리,기타,37.49161420575852,127.03335101537587,영업/정상,"서울특별시 강남구 도곡로3길 20-10, 지상1층 101호 (역삼동)"
크롬(Chrom),기타,37.50827848824606,127.02316329042375,영업/정상,"서울특별시 강남구 강남대로 516, 제아메디컬빌딩 102호 (논현동)"
비비큐 빌리지논현점,기타,37.508247056271614,127.03311100451062,영업/정상,"서울특별시 강남구 논현로 611, 지상1층 (논현동)"
소르비,기타,37.52094535869734,127.0197274338281,영업/정상,"서울특별시 강남구 압구정로2길 11, 1층 101호 (신사동)"
카페꼼마 역삼마크로젠점,기타,37.50202621847062,127.04213677696036,영업/정상,"서울특별시 강남구 테헤란로 238, 지상1층 (역삼동)"
퓨얼리영플라워 신사점,기타,37.519589684565865,127.02689093150559,영업/정상,"서울특별시 강남구 도산대로 169, 1층 (신사동)"
미테리언 육식주의자,기타,37.49369130873913,127.03378018462045,영업/정상,서울특별시 강남구 역삼로8길 5 (역삼동)
꼼장어와 양갈비,기타,37.494975045523205,127.03938390725948,영업/정상,"서울특별시 강남구 논현로 333 (역삼동,지상1층103호)"
노크노크,기타,37.50003252284838,127.06322758576724,영업/정상,"서울특별시 강남구 도곡로 521, 1층 104,105호 (대치동)"
아지트카페,기타,37.50110606086383,127.0271589374574,영업/정상,"서울특별시 강남구 테헤란로1길 42, 지상4층 (역삼동)"
송희네 족발,기타,37.49422585187345,127.03471005019907,영업/정상,"서울특별시 강남구 역삼로 138, 지상1층 (역삼동)"
단이네 벌교 꼬막,기타,37.47835014019362,127.0474670668161,영업/정상,"서울특별시 강남구 개포로22길 6 (개포동,지상1층)"
황태일로,기타,37.512548142773426,127.05315978162129,영업/정상,"서울특별시 강남구 삼성로 573, 성원빌딩 2층 (삼성동)"
꿈과 모험의 홍철동산,기타,37.52438237941814,127.02397711157819,영업/정상,"서울특별시 강남구 논현로175길 60, 지상5층 (신사동)"
통돼지네,기타,37.51576536657937,127.02071028756794,영업/정상,"서울특별시 강남구 강남대로150길 10, 지상1층 (논현동)"
좋은세상만들기,기타,37.52755907813069,127.03416354202577,영업/정상,서울특별시 강남구 언주로172길 8-4 (신사동)
맥스,기타,37.50913674730886,127.0360987510372,영업/정상,"서울특별시 강남구 언주로113길 15 (논현동,지하1층)"
리치커피,기타,37.522439881349264,127.0439445879443,영업/정상,"서울특별시 강남구 선릉로148길 52-9, 지하1층 102호 (청담동)"
세인트 기네스(St. Guinness),기타,37.52034041033771,127.03378240238803,영업/정상,"서울특별시 강남구 언주로149길 5-3, 지상1층 (논현동)"
오대리국수,기타,37.52087091249136,127.05762693725319,영업/정상,"서울특별시 강남구 학동로101길 7 (청담동,승창상가 102호)"
다다,기타,37.52598923454307,127.02787274839149,영업/정상,서울특별시 강남구 압구정로28길 9 (신사동)
글로우2,기타,37.52028858132262,127.03221524162933,영업/정상,"서울특별시 강남구 도산대로 232, A동 지하1층 (논현동, 청학아파트)"
엘에이북창동순두부,기타,37.52119206467327,127.02910440013109,영업/정상,"서울특별시 강남구 논현로152길 11 (신사동,지상1층)"
대치김밥,기타,37.49906011774676,127.05193036382063,영업/정상,"서울특별시 강남구 선릉로 328, 지상1층 4호 (대치동)"
스시 결,기타,37.52242949075547,127.03960677235344,영업/정상,"서울특별시 강남구 선릉로 758, 지상2층 (청담동)"
갓텐스시강남점,기타,37.498811157430744,127.02899722276742,영업/정상,"서울특별시 강남구 테헤란로 109 (역삼동,강남제일빌딩 1층)"
생한우곱창,기타,37.48291420704525,127.06129009564772,영업/정상,"서울특별시 강남구 선릉로8길 5, 지상1층 101호 (개포동)"
푸라닭 논현점,기타,37.50952514436708,127.03895479161527,영업/정상,"서울특별시 강남구 언주로 604, 지하1층 107호 (논현동, ACROHILLS논현)"
제주삼겹살국밥,국밥,37.50583109098066,127.04781622862265,영업/정상,"서울특별시 강남구 테헤란로57길 16, 백산빌딩 지상1층 (역삼동)"
평양면옥,기타,37.51895698684194,127.02915225862148,영업/정상,서울특별시 강남구 논현로150길 6 (논현동)
알로하포케 학동점(Aloha Poke),기타,37.5149357008004,127.02986558179282,영업/정상,"서울특별시 강남구 논현로 705, 지상1층 (논현동)"
비마이게스트 선릉점,기타,37.50594904598185,127.04990783561945,영업/정상,"서울특별시 강남구 테헤란로63길 9, 지상1층 107호 (삼성동)"
삼성동 커피볶는집,기타,37.50927637186946,127.0523414795958,영업/정상,"서울특별시 강남구 봉은사로68길 49 (삼성동,진완빌딩 지상1층)"
벨버드,기타,37.51972811629557,127.05663002825388,영업/정상,"서울특별시 강남구 영동대로 647 (삼성동,,3)"
이조식당,기타,37.51312227737473,127.06473851498075,영업/정상,서울특별시 강남구 봉은사로112길 28 (삼성동)
우밀가 역삼점,기타,37.49779810634242,127.03290800958712,영업/정상,"서울특별시 강남구 테헤란로10길 21, 지상1층 (역삼동)"
한우드림 신사,기타,37.51868715293305,127.02427823255931,영업/정상,"서울특별시 강남구 강남대로152길 62, 지상2층 (신사동)"
삼성대주옥,기타,37.50904842949194,127.05660979763803,영업/정상,"서울특별시 강남구 테헤란로81길 32, 지상1,2층 (삼성동)"
배제현의웰빙낙지한마리수제비,기타,37.517592368502925,127.02095145918975,영업/정상,"서울특별시 강남구 강남대로152길 19 (신사동,지상1층)"
마론,기타,37.495164747929195,127.03897074796441,영업/정상,"서울특별시 강남구 논현로71길 6, 청연빌딩 지상1층 (역삼동)"
소울,기타,37.524440323591,127.03837196219807,영업/정상,"서울특별시 강남구 도산대로53길 19, 지하2층 (신사동)"
타임,기타,37.52391016680715,127.0249115475998,영업/정상,"서울특별시 강남구 압구정로18길 17, 2층 (신사동)"
본죽앤비빔밥강남구청역점,기타,37.517448561855524,127.03897793194793,영업/정상,"서울특별시 강남구 선릉로131길 24, 지상1층 (논현동)"
일품각양꼬치훠궈,기타,37.499865740003386,127.0284810662075,영업/정상,"서울특별시 강남구 강남대로96길 18 (역삼동,지하1층)"
트레머 커피 커먼스,기타,37.513662410832744,127.03322615341511,영업/정상,"서울특별시 강남구 논현로128길 24-1, 지상1층 (논현동)"
클럽 모헤닉,기타,37.52633463326549,127.03987626646382,영업/정상,"서울특별시 강남구 선릉로 831, 지하1,2층 (신사동)"
분타 일원점,기타,37.48961500485644,127.08292393108883,영업/정상,"서울특별시 강남구 일원로9길 16, 지상2층 (일원동)"
꼬꼬,기타,37.48595666410215,127.04543078783216,영업/정상,"서울특별시 강남구 남부순환로 2738 (도곡동,1층)"
바나프레소 삼성점,기타,37.50781843547849,127.0569581798171,영업/정상,"서울특별시 강남구 테헤란로81길 9, 바나플빌딩 지상1층 (삼성동)"
옐로트렁크(YELLOWTRUNK),기타,37.50668572613071,127.05896967474987,영업/정상,"서울특별시 강남구 테헤란로86길 10, 명진빌딩 지상1층 (대치동)"
더드림,기타,37.49444084713599,127.03054633499603,영업/정상,"서울특별시 강남구 역삼로1길 18 (역삼동,1층)"
텀블러비어역삼직영점,기타,37.498745288980636,127.03474603823932,영업/정상,"서울특별시 강남구 테헤란로20길 15 (역삼동,메이플라워멤버스빌오피스텔 101,102호)"
디저트39 대치점,기타,37.498227700474835,127.05456776514019,영업/정상,"서울특별시 강남구 선릉로64길 28, 지상1층 1호 (대치동)"
감성화로 우메인,기타,37.513575788305744,127.02714755080521,영업/정상,"서울특별시 강남구 논현로131길 41, 지하2층 (논현동)"
명동칼국수 선릉본점,칼국수,37.50619470749173,127.0492129514408,영업/정상,"서울특별시 강남구 선릉로94길 9 (삼성동,지하1층)"
언덕집,기타,37.50108380917074,127.03218529641505,영업/정상,"서울특별시 강남구 테헤란로13길 22, 1층 (역삼동)"
경성양꼬치,기타,37.524633085253996,127.04796426707212,영업/정상,"서울특별시 강남구 도산대로 503 (청담동,지상2층)"
쏭타이,기타,37.5057156341806,127.04027546475118,영업/정상,"서울특별시 강남구 테헤란로39길 51, 지상1층 102호 (역삼동)"
리즌 샌드위치&커피,기타,37.5093469513107,127.02515673226726,영업/정상,"서울특별시 강남구 강남대로124길 29, 지상1층 104호 (논현동)"
제주 은희네 해장국,기타,37.506758766171096,127.05393053740143,영업/정상,"서울특별시 강남구 삼성로91길 28, 지상1층 (삼성동, 씨에스 빌딩)"
청춘 닭볶이,기타,37.50195529167735,127.05240108560459,영업/정상,"서울특별시 강남구 선릉로76길 23 (대치동,지상1층)"
반트휘트니스클럽,기타,37.48733628888635,127.05282966375741,영업/정상,"서울특별시 강남구 언주로30길 26 (도곡동,2층)"
우대포(압구정점),기타,37.52214824592323,127.03150771879771,영업/정상,서울특별시 강남구 도산대로37길 18 (신사동)
오미가,기타,37.5228157799566,127.0276473405227,영업/정상,서울특별시 강남구 논현로 833 (신사동)
곤드레소담,기타,37.48887399972195,127.06859379690619,영업/정상,"서울특별시 강남구 개포로82길 13-17 (개포동,지상1층2호)"
퀸(Queen),기타,37.501887827956814,127.03852258780267,영업/정상,"서울특별시 강남구 테헤란로33길 3-12 (역삼동,지상2층)"
청춘옥 강남직영점,기타,37.499534562573956,127.0282639823862,영업/정상,"서울특별시 강남구 강남대로94길 11 (역삼동,지상1층)"
하트카페(hart cafe),기타,37.49718889326017,127.03985766905576,영업/정상,"서울특별시 강남구 논현로76길 11, 지상1층 (역삼동)"
마고팝(MAGOT POP),기타,37.51368478702316,127.06149400334463,영업/정상,"서울특별시 강남구 봉은사로 608-10, 지상1층 (삼성동)"
이타마에스시 도곡점,기타,37.48867259728632,127.05210218727476,영업/정상,"서울특별시 강남구 언주로30길 21, B동 지상1층 102호, 103호 (도곡동, 아카데미스위트)"
제이제이,기타,37.5057156341806,127.04027546475118,영업/정상,"서울특별시 강남구 테헤란로39길 51, 지하1층 (역삼동)"
요달의찜닭 역삼점,기타,37.50319011092509,127.03698636821505,영업/정상,"서울특별시 강남구 봉은사로30길 69, 1층 101호 중 일부(102호)호 (역삼동, 힐하우스)"
스시라보,기타,37.50900862261595,127.04381577311196,영업/정상,"서울특별시 강남구 선릉로107길 5, 코덕빌딩 2층 (역삼동)"
일커피 주식회사(iL coffee 선릉역점),기타,37.50576416382335,127.0509184482053,영업/정상,"서울특별시 강남구 선릉로92길 28, 1층 (삼성동)"
먹보집 양재3호점,기타,37.48433040983875,127.04450961847618,영업/정상,"서울특별시 강남구 논현로30길 32 (도곡동,.1층)"
주식회사 에도긴,기타,37.49687390526571,127.03182883053836,영업/정상,"서울특별시 강남구 테헤란로8길 30 (역삼동,에도긴빌딩2,3층)"
국밥카페,국밥,37.50331227607704,127.04633325591085,영업/정상,"서울특별시 강남구 테헤란로 322, 지하2층층 B141호 (역삼동, 한신인터밸리24 )"
루나,기타,37.50804835100031,127.04030970783508,영업/정상,"서울특별시 강남구 언주로108길 8 (역삼동,지하1층)"
텃골 선릉점,기타,37.505885888496806,127.04803114645544,영업/정상,"서울특별시 강남구 선릉로 519, 지하1층 (역삼동, 삼릉빌딩)"
파티에(partye),기타,37.507427191616266,127.06504088159768,영업/정상,"서울특별시 강남구 영동대로86길 10-7, 3층 (대치동)"
팻 커피(phat coffee),기타,37.5070828957051,127.03671308631554,영업/정상,"서울특별시 강남구 언주로107길 31, 지상1층 101호 (역삼동)"
아라도,기타,37.5254308226984,127.02668742684901,영업/정상,서울특별시 강남구 논현로175길 25 (신사동)
동어동락 삼성2호점,기타,37.508351723717986,127.05847355209893,영업/정상,서울특별시 강남구 삼성로92길 27 (삼성동)
어방참치,기타,37.50588671257071,127.06019591642243,영업/정상,서울특별시 강남구 삼성로84길 32 (대치동)
일품진진수라 선릉점,기타,37.50520236127337,127.05539152742065,영업/정상,"서울특별시 강남구 테헤란로78길 16, 노벨과개미 지하1층 (대치동)"
남다른 감자탕 삼성역점,기타,37.507140092566935,127.06145275264865,영업/정상,"서울특별시 강남구 테헤란로92길 13, 지상1층 101호 (대치동)"
매생이굴국밥,국밥,37.49416533513011,127.03758300363201,영업/정상,"서울특별시 강남구 논현로71길 23-6 (역삼동,지하1층)"
고깃집 철판볶음밥 강남본점,기타,37.50212046146655,127.03406396981269,영업/정상,"서울특별시 강남구 논현로95길 22, 지상1층 101호 (역삼동)"
서초동연가,기타,37.49860960820537,127.02834304780684,영업/정상,"서울특별시 강남구 테헤란로 103 (역삼동,1층)"
스시 칸,기타,37.52291957855973,127.02057873952154,영업/정상,"서울특별시 강남구 압구정로 108, 덕산빌딩 2층 207호 (신사동)"
오늘도 카페일리터 강남점,기타,37.50648006995875,127.03731320982725,영업/정상,"서울특별시 강남구 봉은사로34길 28, 지상1층 (역삼동)"
우리 청담점,기타,37.51625788982547,127.04006136083552,영업/정상,"서울특별시 강남구 학동로50길 7, 지상1층 101호,104호 (논현동)"
에그랑 커피랑,기타,37.47843400142422,127.04643449815522,영업/정상,"서울특별시 강남구 개포로 216, 지상1층 101호 (개포동)"
하타고(HATAGO),기타,37.50561279067703,127.02946900789395,영업/정상,"서울특별시 강남구 봉은사로 134, 지하1층 (역삼동)"
브루클린더버거조인트가로수길점(BROOKLYN THE BURGER JOINT),기타,37.519091614074014,127.02405060894162,영업/정상,"서울특별시 강남구 도산대로15길 12, 지상1층 (신사동)"
만석,기타,37.511010879472344,127.02368853199567,영업/정상,"서울특별시 강남구 학동로6길 10, 지상1층 (논현동)"
온,기타,37.52198896378203,127.04938291769311,영업/정상,"서울특별시 강남구 도산대로92길 42, 지하1층 (청담동)"
청담윤 일식 오마카세,기타,37.52479910172573,127.04432582802353,영업/정상,"서울특별시 강남구 압구정로80길 30, 지상2층 (청담동)"
순정한우 정육식당 논현점,기타,37.50892324498766,127.03664285235857,영업/정상,"서울특별시 강남구 봉은사로37길 9, 지상1층 101호 (논현동, 청마빌딩)"
보리둠벙 김치찌게,기타,37.4956042778978,127.03908000002268,영업/정상,"서울특별시 강남구 논현로 341 (역삼동,지하1층)"
옛날그맛 명동칼국수,칼국수,37.49698386855182,127.03912850824725,영업/정상,"서울특별시 강남구 논현로 412, 프라임빌딩 지상1층 105호,106호 (역삼동)"
(주)스타럭스 박스커피 삼성중앙점,기타,37.51085189204555,127.05480831715765,영업/정상,"서울특별시 강남구 삼성로 550, 은성빌딩 지상1층 (삼성동)"
(주)성제기업'빅맨',기타,37.51243594458058,127.04969906130833,영업/정상,"서울특별시 강남구 봉은사로 459 (삼성동,지상1층)"
뮤지컬펍넘버스테이지,기타,37.50009086067306,127.02824075110699,영업/정상,"서울특별시 강남구 강남대로96길 15, 지하1층 (역삼동)"
술탕,기타,37.508392174568456,127.02470206681797,영업/정상,"서울특별시 강남구 강남대로122길 21, 지하1층 (논현동)"
얌얌,기타,37.51253234862806,127.0333595128356,영업/정상,"서울특별시 강남구 논현로124길 20 (논현동,지상1층)"
할리아사이 아일랜드,기타,37.5093469513107,127.02515673226726,영업/정상,"서울특별시 강남구 강남대로124길 29, 지상1층 103호 (논현동)"
고귀한식탁(삼성점),기타,37.51024448192633,127.05625310348772,영업/정상,"서울특별시 강남구 테헤란로81길 56-6, 지상2층 (삼성동)"
제주꿀꿀이족발,기타,37.48927177114473,127.06881747953594,영업/정상,"서울특별시 강남구 개포로 512, 개포종합상가 지상1층 117호 (개포동)"
주식회사 온화담,기타,37.48572596650407,127.0991318718648,영업/정상,"서울특별시 강남구 광평로46길 6, 지상1층 (수서동)"
밍글몰트(MINGLE MALT),기타,37.49916457910121,127.02891950514207,영업/정상,"서울특별시 강남구 강남대로92길 19, 지상2층 (역삼동)"
슬로우캘리 압구정로데오역점,기타,37.527921400155854,127.03890118712752,영업/정상,"서울특별시 강남구 압구정로 338, 지상1층 4호 (신사동)"
(주)삼원가든 투뿔등심 가로수길점,기타,37.522855490269215,127.0223094018774,영업/정상,"서울특별시 강남구 압구정로12길 18, 지하1층 (신사동, 외1필지)"
명품백암왕순대,기타,37.48514456922606,127.03575694615022,영업/정상,"서울특별시 강남구 남부순환로 2615 (도곡동,극동스타클래스 111호)"
비어맥주 창고,기타,37.51680705243116,127.03812691896714,영업/정상,서울특별시 강남구 학동로45길 8 (논현동)
광화문 미진,기타,37.52705353369487,127.03055799781323,영업/정상,"서울특별시 강남구 압구정로34길 16, 지상1층 (신사동)"
엘솔(EL SOL),기타,37.522482637153296,127.03208275452413,영업/정상,"서울특별시 강남구 언주로153길 13, 1층 101호 (신사동)"
서경한우프라자 역삼점,기타,37.49783470429624,127.03872867349652,영업/정상,"서울특별시 강남구 논현로 420, 지상1층, 지상2층 (역삼동)"
청라,기타,37.51791535059292,127.04275364890347,영업/정상,"서울특별시 강남구 학동로 405, 2층 (청담동, 삼성청담아파트 상가동)"
(주)보바베어,기타,37.51940667576831,127.02492909203015,영업/정상,"서울특별시 강남구 도산대로17길 10, 3층 (신사동)"
장터 순대국 감자탕,기타,37.50096137788107,127.03062279266865,영업/정상,"서울특별시 강남구 테헤란로7길 22, 한국과학기술회관 2관 지하2층 203호 (역삼동)"
갓지은죽,기타,37.49920892138716,127.04392156003382,영업/정상,"서울특별시 강남구 언주로 405 (역삼동,111호)"
리윤 청담이도 & 에스테로,기타,37.521533962042874,127.05555154675467,영업/정상,"서울특별시 강남구 영동대로 715, 지하1층 (청담동)"
스시어부,기타,37.49240903545035,127.03202358981508,영업/정상,"서울특별시 강남구 역삼로4길 16, 성우스타우스오피스텔 지상1층 103호 (역삼동)"
시골밥상,기타,37.494839412104454,127.03425343401166,영업/정상,"서울특별시 강남구 역삼로11길 5 (역삼동,지상1층)"
마포숯불갈비,기타,37.52063354539475,127.03280619326436,영업/정상,서울특별시 강남구 도산대로 232 (논현동)
그랑아,기타,37.505303330492296,127.02886701898474,영업/정상,서울특별시 강남구 봉은사로 130 (역삼동)
쌍용반점,기타,37.49808311346318,127.07121923963504,영업/정상,"서울특별시 강남구 영동대로 210 (대치동,지상1층117호)"
명동칼국수,칼국수,37.49703130723569,127.03115415393421,영업/정상,서울특별시 강남구 강남대로84길 32 (역삼동)
웨스턴차이나,기타,37.52714651656402,127.03143248475523,영업/정상,"서울특별시 강남구 압구정로36길 22 (신사동,지상1층)"
어등,기타,37.52691272341791,127.04537837309363,영업/정상,서울특별시 강남구 압구정로 439 (청담동)
지스팟(Zspot),기타,37.520532241079614,127.02445223061515,영업/정상,"서울특별시 강남구 논현로153길 46, 지하1층 B02호 (신사동)"
에르바,기타,37.521687306728545,127.02708787870982,영업/정상,"서울특별시 강남구 논현로155길 11, 동란빌딩 1층 (신사동)"
피자 니 스타 주식회사,기타,37.52301528329302,127.03479675443931,영업/정상,"서울특별시 강남구 언주로152길 15-3, 지상1층 (신사동)"
비금도,기타,37.524804616942966,127.04460422080703,영업/정상,"서울특별시 강남구 압구정로80길 26, 노아빌딩 2층 (청담동)"
종인이네 만두,기타,37.51047776855075,127.05601470894236,영업/정상,"서울특별시 강남구 테헤란로81길 60-4, 1층 (삼성동)"
문크리스탈,기타,37.521338056286226,127.03768079821269,영업/정상,"서울특별시 강남구 도산대로50길 17, 지상2층 (논현동)"
양촌리화로숯불구이,기타,37.485513721340176,127.04358774433365,영업/정상,"서울특별시 강남구 남부순환로 2720 (도곡동,지상1,2층)"
리파인 가로수길점,기타,37.51916894682812,127.0223137520472,영업/정상,"서울특별시 강남구 도산대로11길 25, 지상2층 (신사동)"
그레잇피자(Great pizza),기타,37.507049992251545,127.06182236983138,영업/정상,"서울특별시 강남구 영동대로85길 20, 지하1층 B112,B113호 (대치동)"
오마카세 청담인,기타,37.52241391906489,127.05430582110613,영업/정상,"서울특별시 강남구 학동로97길 41, 리유빌딩 지상2층 (청담동)"
시라카와,기타,37.52698166352807,127.03960026719075,영업/정상,"서울특별시 강남구 선릉로161길 7, 지상1층 101호 (신사동)"
병천순대,기타,37.49844750633076,127.05846373290986,영업/정상,"서울특별시 강남구 도곡로 441 (대치동,지상1층)"
담소반 더키친,기타,37.50096137788107,127.03062279266865,영업/정상,"서울특별시 강남구 테헤란로7길 22, 과학기술회관 2관 지하2층 206호 (역삼동)"
세스크멘슬,기타,37.50859530026902,127.05971847792408,영업/정상,"서울특별시 강남구 테헤란로 517, 현대백화점 지하1층 (삼성동)"
청기와타운 신사역점,기타,37.515182629152996,127.02029736906486,영업/정상,"서울특별시 강남구 강남대로 598, 보림빌딩 지하1층, 지상1층 (논현동)"
봉계타 현대백화점 무역센터점,기타,37.50859530026902,127.05971847792408,영업/정상,"서울특별시 강남구 테헤란로 517, 현대백화점 10층 (삼성동)"
더블유더블유 선릉삼호점 2층,기타,37.503446065745614,127.04985320201862,영업/정상,"서울특별시 강남구 선릉로 428, 지상2층 (대치동)"
배드컨테이너(BAD Container),기타,37.52253484519159,127.02666092958833,영업/정상,"서울특별시 강남구 논현로157길 18, 지상1층 (신사동)"
(주)봉우화로,기타,37.50179274139597,127.02739756464061,영업/정상,"서울특별시 강남구 봉은사로18길 76 (역삼동,지하1층)"
동해별관,기타,37.505602654906916,127.02542271060626,영업/정상,"서울특별시 강남구 강남대로112길 13, 지상1층 D호 (논현동)"
게방식당,기타,37.517295554644875,127.03944091796829,영업/정상,"서울특별시 강남구 선릉로131길 17, 1층 (논현동)"
엘리엇그릴 청담,기타,37.51856482825634,127.04362878090205,영업/정상,"서울특별시 강남구 선릉로132길 29, 지상1층,2층 (청담동)"
떡산 압구정점,기타,37.52766313489969,127.03134168469882,영업/정상,"서울특별시 강남구 압구정로36길 12, 메디컬뱅크 지상1층 103호 (신사동)"
비건비거닝(Vegan Veganing),기타,37.503022097952645,127.04911102519267,영업/정상,"서울특별시 강남구 선릉로85길 6, 호텔 뉴브 지상1층 (역삼동)"
솔빈덕,기타,37.525749328161446,127.03829302790088,영업/정상,"서울특별시 강남구 도산대로51길 40, 지상1층 101호 (신사동)"
장어의 추억 역삼점,기타,37.50471439509131,127.04496081141194,영업/정상,"서울특별시 강남구 언주로98길 39, 지하1층 (역삼동)"
스테파노 일류초밥,기타,37.52273865664553,127.04765053356793,영업/정상,"서울특별시 강남구 삼성로147길 4, 1층 (청담동)"
야마모도스시,기타,37.52492861879228,127.04388693969594,영업/정상,"서울특별시 강남구 도산대로67길 13-5 (청담동,오원빌딩 지상1층)"
박셰프 청담,기타,37.52703953855977,127.04618919363487,영업/정상,"서울특별시 강남구 도산대로81길 45, 2층 (청담동)"
순진한두부 든든한제육이,기타,37.49300157535366,127.0391171527819,영업/정상,"서울특별시 강남구 논현로63길 16, 지상1층 108호 (역삼동, 강남서해그랑블)"
병천순대,기타,37.50549354977341,127.0548744508512,영업/정상,"서울특별시 강남구 선릉로90길 70, 지하1층 (대치동)"
유에프오키친,기타,37.51043085655019,127.02278254847074,영업/정상,"서울특별시 강남구 학동로2길 13, 2층 2호 (논현동)"
미도리,기타,37.47793494294188,127.04590019041824,영업/정상,"서울특별시 강남구 논현로18길 11, 제일빌딩 지상 1층 (개포동)"
질할브로스 역삼점,기타,37.50102346087018,127.03608248456472,영업/정상,"서울특별시 강남구 테헤란로 151, 역삼하이츠빌딩 지하1층 주2-6호 (역삼동)"
이츠 돈까스,기타,37.52346579120153,127.03132362318611,영업/정상,"서울특별시 강남구 도산대로37길 35 (신사동,지상1층)"
토주집 강남점,기타,37.49817677880218,127.0336434519445,영업/정상,"서울특별시 강남구 논현로85길 52, 역삼 푸르지오 시티 지하1층 B114호 (역삼동)"
다이닝브랜즈그룹 주식회사 비에이치씨 삼성점,기타,37.5147736863394,127.05938101083264,영업/정상,"서울특별시 강남구 영동대로 611, Chan&Chan Tower 지상1층,지상2층 (삼성동)"
온니담,기타,37.51294422418575,127.06535706889277,영업/정상,"서울특별시 강남구 봉은사로114길 32, 지상1층 (삼성동)"
더블유,기타,37.50542847260706,127.05522098381456,영업/정상,"서울특별시 강남구 테헤란로78길 12, 지하1층 (대치동, 엠에스에이빌딩)"
갤러리아포차,기타,37.52771575027698,127.03949241565579,영업/정상,"서울특별시 강남구 압구정로54길 4, 3층 302호 (신사동)"
아실라,기타,37.50070510271091,127.02802902520773,영업/정상,"서울특별시 강남구 강남대로98길 16 (역삼동,지하1층)"
논현신의주찹쌀순대,기타,37.518287151320216,127.03640702936299,영업/정상,서울특별시 강남구 언주로140길 12 (논현동)
장원식당,기타,37.519028940026175,127.02453157367692,영업/정상,"서울특별시 강남구 강남대로152길 67 (신사동,(지상1층))"
엘에이도그&부리또,기타,37.51162333670406,127.05541883397127,영업/정상,"서울특별시 강남구 봉은사로82길 25, 지상1층 102호 (삼성동)"
쇼유식당,기타,37.504441829037965,127.04368674014272,영업/정상,"서울특별시 강남구 테헤란로43길 17, 2층 (역삼동)"
어머니집,기타,37.48668213109887,127.03903855509667,영업/정상,"서울특별시 강남구 남부순환로365길 17 (도곡동,지상1층)"
왁버거 강남점,기타,37.49772601279262,127.0292970420504,영업/정상,"서울특별시 강남구 테헤란로4길 6, 강남역 센트럴 푸르지오 시티 지하1층 비125호 (역삼동)"
가든스튜디오,기타,37.51453004397187,127.02548495751756,영업/정상,"서울특별시 강남구 강남대로136길 63, 1층 (논현동)"
아담만두 강남구청점,기타,37.51721077548359,127.04628692140743,영업/정상,"서울특별시 강남구 선릉로130길 56, 104호 (삼성동)"
탐라도라(TamnaDora),기타,37.47956186461682,127.04640133200846,영업/정상,"서울특별시 강남구 개포로17길 13, 지상1층 (개포동)"
크리스틴 키친,기타,37.506627881065384,127.03616292369631,영업/정상,"서울특별시 강남구 논현로106길 23, 지상1층 102호 (역삼동, 카사모노)"
케이팝장어족발,기타,37.51001850960684,127.03477713065826,영업/정상,"서울특별시 강남구 봉은사로33길 33, 양지직매상가 지하1층 9호 (논현동)"
크루터,기타,37.51786930197344,127.021087153764,영업/정상,"서울특별시 강남구 강남대로154길 24, 지상1층 (신사동)"
형제족발보쌈,기타,37.46336378276376,127.10736170578384,영업/정상,서울특별시 강남구 밤고개로36길 6 (세곡동)
압구정고기집 옹기집 본점(압구정고기집 Ceramic House),기타,37.520950971996626,127.02853018513795,영업/정상,"서울특별시 강남구 논현로152길 3, 다우빌딩 지상1층 (신사동)"
하루반(飯) 선릉역점,기타,37.50549312294677,127.0504297324681,영업/정상,"서울특별시 강남구 테헤란로 409, 동신빌딩 1층 (삼성동)"
비노비스,기타,37.506827090834946,127.02448207646732,영업/정상,"서울특별시 강남구 봉은사로1길 32, 3층 (논현동)"
생각나는 김밥,기타,37.500583217654,127.05749672843082,영업/정상,"서울특별시 강남구 삼성로67길 25, 지상1층 102호 (대치동, 공간아트빌)"
다부회집,기타,37.50527264194375,127.04783300221686,영업/정상,서울특별시 강남구 선릉로93길 7 (역삼동)
이태리부대찌개 역삼점,기타,37.499377875592344,127.03493536884127,영업/정상,"서울특별시 강남구 논현로87길 23, 2층 (역삼동, 소정빌딩)"
부뚜막,기타,37.50381208310623,127.04524703703565,영업/정상,"서울특별시 강남구 테헤란로 313 (역삼동,지하1층2호)"
엠브이샤브샤브,기타,37.49335771018789,127.06190904309952,영업/정상,"서울특별시 강남구 남부순환로 2936 (대치동,원플러스상가지하1층105,106호)"
영동원삼겹살,기타,37.50864273280401,127.02298850064706,영업/정상,"서울특별시 강남구 강남대로 520 (논현동,지상1층)"
할머니 솥뚜껑 볶음밥 강남본점,기타,37.50212046146655,127.03406396981269,영업/정상,"서울특별시 강남구 논현로95길 22, 지상1층 101호 (역삼동)"
모요,기타,37.51488808116147,127.0427441503369,영업/정상,"서울특별시 강남구 선릉로122길 12, 지상1층 (삼성동)"
명인등심,기타,37.51141305277484,127.05677949721535,영업/정상,"서울특별시 강남구 봉은사로86길 30, 지상3층 (삼성동)"
봄에한우,기타,37.48867259728632,127.05210218727476,영업/정상,"서울특별시 강남구 언주로30길 21, B동 2층 (도곡동, 아카데미스위트)"
샤방샤방,기타,37.49920892138716,127.04392156003382,영업/정상,서울특별시 강남구 언주로 405 (역삼동)
교대이층집 삼성점,기타,37.50892805897889,127.0566815666001,영업/정상,"서울특별시 강남구 삼성로96길 9, 지상 2,3층 (삼성동)"
앨빈스커피,기타,37.50690861227394,127.036855986761,영업/정상,"서울특별시 강남구 봉은사로34길 20, 지하1층 (역삼동)"
개포골,기타,37.48867399853818,127.06680617836673,영업/정상,서울특별시 강남구 삼성로 38 (개포동)
미타니야 타워팰리스점,기타,37.488223220699986,127.05443908677202,영업/정상,"서울특별시 강남구 언주로30길 56 (도곡동,타워팰리스1차상가동지상2층210호)"
커피캣츠웰,기타,37.51906181864981,127.04675069204922,영업/정상,"서울특별시 강남구 학동로67길 12, 지상1층 (청담동)"
옛맛명동칼국수,칼국수,37.50576948817335,127.05877607110553,영업/정상,서울특별시 강남구 삼성로86길 16 (대치동)
소요,기타,37.50488012809299,127.04637813731257,영업/정상,"서울특별시 강남구 선릉로93길 26 (역삼동,지상3층)"
화전민,기타,37.50588973059903,127.02822289991634,영업/정상,"서울특별시 강남구 봉은사로 129 (논현동,거평타운A동지하1층115호)"
커피바케이,기타,37.504647325176684,127.04126317339903,영업/정상,"서울특별시 강남구 언주로 517, 2층 (역삼동, KT 강남빌딩)"
자연석돌구이,기타,37.52068553107103,127.03532256054362,영업/정상,서울특별시 강남구 언주로148길 9 (논현동)
김사부아구찜,기타,37.50643446378827,127.03961278252326,영업/정상,"서울특별시 강남구 테헤란로39길 65, 청담빌딩 지하1층 (역삼동)"
진남관,기타,37.496970104567325,127.03093050616312,영업/정상,"서울특별시 강남구 강남대로84길 28, 2층 (역삼동)"
응그레,기타,37.50650211632378,127.04708299255394,영업/정상,"서울특별시 강남구 선릉로99길 5 (역삼동,지상1층)"
오정삼미,기타,37.514947457896625,127.0203985149987,영업/정상,"서울특별시 강남구 강남대로 596, 지상1층 (논현동)"
한라식당,기타,37.51186190145816,127.0535256316216,영업/정상,서울특별시 강남구 삼성로 563 (삼성동)
스시카나에,기타,37.52520576203869,127.04571644736791,영업/정상,"서울특별시 강남구 도산대로75길 15, 2층 (청담동)"
홍박사 생고기,기타,37.51921502907416,127.0278997001483,영업/정상,"서울특별시 강남구 도산대로 176, 대광빌딩 지상1층 101호 (논현동)"
망포골목집 강남본점,기타,37.50090799932625,127.02725836608009,영업/정상,"서울특별시 강남구 테헤란로1길 40 (역삼동,지하1층)"
(주)명성이 자자한 국시집,기타,37.4873620460815,127.05132530187836,영업/정상,"서울특별시 강남구 언주로30길 10 (도곡동,현대비젼21   206호)"
아누,기타,37.52359909931008,127.04574251738148,영업/정상,"서울특별시 강남구 도산대로 452, JS빌딩 지상8층 (청담동)"
모던오뎅,기타,37.51940667576831,127.02492909203015,영업/정상,"서울특별시 강남구 도산대로17길 10, 1층 (신사동)"
이사공,기타,37.50959613617982,127.04061188104032,영업/정상,"서울특별시 강남구 봉은사로 307, 이안 논현 지상1층 103호 (논현동)"
풍Poong,기타,37.52302430328954,127.02134489492006,영업/정상,"서울특별시 강남구 압구정로8길 5, 지하1층 (신사동)"
똔똔,기타,37.506827090834946,127.02448207646732,영업/정상,"서울특별시 강남구 봉은사로1길 32, 2층 (논현동)"
샤브익스프레스 논현점,기타,37.51054182685763,127.03594543667222,영업/정상,"서울특별시 강남구 언주로 615, 논현 아이파크 103동 지하1층 B102호 (논현동)"
이레인,기타,37.50306013290853,127.05068370900148,영업/정상,"서울특별시 강남구 선릉로86길 10 (대치동,지하2층)"
디온실(de ownsil),기타,37.51760357564272,127.02564794455202,영업/정상,"서울특별시 강남구 논현로149길 35, 동보빌딩 301호 (논현동)"
신복면관,기타,37.49781001520138,127.02893196545418,영업/정상,"서울특별시 강남구 테헤란로4길 6, 지하1층 B126,127호 (역삼동, 센트럴애비뉴)"
전라도밥집 순천댁,기타,37.490904567885465,127.03248509962211,영업/정상,"서울특별시 강남구 도곡로1길 14, 삼일프라자오피스텔 지상1층 101호 (역삼동)"
이엔에스씨스터즈,기타,37.5080139610026,127.0553955587808,영업/정상,"서울특별시 강남구 삼성로 517, 지하2층 B201호 (삼성동, 채널리저브)"
만복,기타,37.50331227607704,127.04633325591085,영업/정상,"서울특별시 강남구 테헤란로 322, 지하2층 B131호 (역삼동, 한신인터밸리24빌딩)"
지인,기타,37.50711003861231,127.03876204239046,영업/정상,"서울특별시 강남구 논현로106길 54 (역삼동,지하1층)"
마구로,기타,37.52629777102165,127.02744711007324,영업/정상,"서울특별시 강남구 압구정로 162 (신사동,베네하임 지층105호)"
논현동 빨간떡볶이,기타,37.50712949617995,127.02783884721073,영업/정상,"서울특별시 강남구 강남대로118길 62, 지하1층 103호 (논현동)"
맛당,기타,37.50500263414722,127.06337320572231,영업/정상,"서울특별시 강남구 역삼로 555, 지하1층 B101-3호 (대치동)"
868해,기타,37.49677812801807,127.02911423345797,영업/정상,"서울특별시 강남구 테헤란로2길 22, 지상1층 (역삼동)"
진미 곰탕,기타,37.51877161786243,127.02066860429736,영업/정상,"서울특별시 강남구 압구정로2길 46, 지상1층 (신사동, 강남상가)"
산월숯불갈비,기타,37.49434795190433,127.07961586766422,영업/정상,"서울특별시 강남구 개포로 623 (개포동,미씨860오피스텔1층122호)"
담청각,기타,37.51973711425322,127.05049152387411,영업/정상,"서울특별시 강남구 학동로81길 9, 라테라스 청담 지상1층 103호 (청담동)"
카본,기타,37.52237156738175,127.0443192500341,영업/정상,"서울특별시 강남구 도산대로66길 19, 1층 (청담동)"
레드모델바,기타,37.50542628902256,127.02480879645626,영업/정상,"서울특별시 강남구 봉은사로1길 9 (논현동,2층202호)"
마더락 강남점,기타,37.49404595702986,127.03837943070363,영업/정상,"서울특별시 강남구 역삼로20길 21, 지상1층 101호 (역삼동)"
피양옥,기타,37.52801726040098,127.03166881637154,영업/정상,"서울특별시 강남구 압구정로36길 7, 지상1층,2층 (신사동)"
명가통닭 세곡사거리점,기타,37.46400000954552,127.10730858512954,영업/정상,"서울특별시 강남구 밤고개로34길 4, 지상1층 2호 (세곡동)"
카이쇼(kaisho),기타,37.52271224304064,127.04075837142673,영업/정상,"서울특별시 강남구 선릉로148길 15, 지상1층 (청담동)"
호봉골 미나리 국밥,국밥,37.50687854136993,127.03572952814352,영업/정상,"서울특별시 강남구 언주로107길 43 (역삼동,지상1층)"
동래,기타,37.50635201563035,127.05883720766508,영업/정상,"서울특별시 강남구 테헤란로84길 13, 지상2층 (대치동)"
페타테,기타,37.52227489224663,127.0232897558499,영업/정상,"서울특별시 강남구 압구정로14길 32 (신사동, 2층)"
동천홍 학동점,기타,37.515577017748534,127.0327823540225,영업/정상,"서울특별시 강남구 논현로132길 29, 지상2층 (논현동)"
박민주막,기타,37.50921487946927,127.02398034308196,영업/정상,"서울특별시 강남구 학동로4길 35, 지상1층 107호 (논현동)"
스윗버튼 스타필드코엑스점,기타,37.50959124747711,127.05927363531747,영업/정상,"서울특별시 강남구 테헤란로87길 22, 한국도심공항터미널 1층 R005호 (삼성동)"
청담미역,기타,37.524823270335496,127.02542392804976,영업/정상,"서울특별시 강남구 압구정로20길 15, 1층 (신사동)"
교촌치킨 논현1호,기타,37.50810358677975,127.02382435920522,영업/정상,"서울특별시 강남구 학동로2길 55, 환희빌딩 지상1층 (논현동)"
마카우,기타,37.50227193662265,127.0354794682582,영업/정상,"서울특별시 강남구 테헤란로25길 26, 지하1층 (역삼동)"
진배족발,기타,37.513885449349736,127.02888557530281,영업/정상,"서울특별시 강남구 학동로 165, 지상1층 106,107호 (논현동, 마일스디오빌)"
이자카야 잔잔 신사직영점,기타,37.51802607187791,127.02275260855171,영업/정상,"서울특별시 강남구 강남대로152길 42, 지상1층 (신사동)"
김숙성 신사점,기타,37.51866693752655,127.02183266961893,영업/정상,"서울특별시 강남구 강남대로156길 32, 지상1층 (신사동)"
떡 스팟,기타,37.50816422626424,127.05746914447518,영업/정상,"서울특별시 강남구 테헤란로83길 11, 제지하1층 제비101호, 주방4-1호 (삼성동)"
양미당,기타,37.50102193569804,127.02763157001655,영업/정상,"서울특별시 강남구 봉은사로18길 88, 지상1층 (역삼동)"
머치스,기타,37.4938288264825,127.0629407625155,영업/정상,"서울특별시 강남구 삼성로 155, 지상1층 124호 (대치동, 대치퍼스트빌딩)"
일우별관,기타,37.511694746594785,127.06554042160637,영업/정상,서울특별시 강남구 영동대로96길 37 (삼성동)
쉬,기타,37.52654840140291,127.0359997540502,영업/정상,"서울특별시 강남구 압구정로46길 32 (신사동,지상1층)"
자바씨티익스프레스,기타,37.512521154961824,127.05881929973503,영업/정상,"서울특별시 강남구 영동대로 511 (삼성동,코엑스몰 N9호)"
이봉,기타,37.50647737595237,127.0587725545124,영업/정상,서울특별시 강남구 테헤란로84길 11 (대치동)
(주)캘리스코 사보텐 압구정본점,기타,37.525627393359045,127.02975854527386,영업/정상,"서울특별시 강남구 압구정로32길 32 (신사동,금사빌딩지상1층)"
아셈참,기타,37.51039790008076,127.0611933146357,영업/정상,"서울특별시 강남구 영동대로 511 (삼성동,한국무역종합센타 코엑스몰 A-5)"
갸또올리비에,기타,37.50344104961895,127.0487798955239,영업/정상,"서울특별시 강남구 선릉로89길 7, 지상6층 605호 (역삼동)"
무명,기타,37.500590199254376,127.04276255216791,영업/정상,"서울특별시 강남구 테헤란로38길 29, 이원빌딩 지하1층 6-1호 (역삼동)"
육다시구(6-9),기타,37.517743874722406,127.02529607035528,영업/정상,"서울특별시 강남구 논현로149길 40, 지상1층 (논현동)"
마삼계탕 뱅뱅사거리점,기타,37.49137327141994,127.0325245061568,영업/정상,"서울특별시 강남구 도곡로3길 19, 서희스타힐스오피스텔 지상1층 113호,114호,115호,116호 (역삼동)"
바나프레소 역삼시티점,기타,37.49817677880218,127.0336434519445,영업/정상,"서울특별시 강남구 논현로85길 52, 역삼 푸르지오 시티 지상1층 102호 (역삼동)"
육전국밥 강남역점,국밥,37.49963549127382,127.02859491667881,영업/정상,"서울특별시 강남구 강남대로94길 15, 지상1층 (역삼동)"
칙피스(chickpeace),기타,37.519125371036644,127.02474881518917,영업/정상,"서울특별시 강남구 강남대로152길 69, 지상1층 (신사동)"
청록미나리 역삼점,기타,37.50488136710784,127.0423564558803,영업/정상,"서울특별시 강남구 언주로98길 8, 그랜드빌딩 지상1층 102호 (역삼동)"
블루 플레임,기타,37.49658829990398,127.03057287535792,영업/정상,"서울특별시 강남구 테헤란로4길 29, 정우씨티 지하1층 (역삼동)"
반포식스 딜리버리 선릉점,기타,37.5058471236569,127.04860284896793,영업/정상,"서울특별시 강남구 선릉로 518, 지상2,3층 (삼성동)"
소풍,기타,37.50138658988892,127.0526770500791,영업/정상,"서울특별시 강남구 역삼로 417, 1층 일부 103,104호 (대치동)"
세이프릇 강남알디센터직영점,기타,37.50966933809742,127.03083885770909,영업/정상,"서울특별시 강남구 논현로119길 23, 1층 (논현동)"
옥된장 논현점,기타,37.510146387528245,127.02291793176278,영업/정상,"서울특별시 강남구 학동로2길 19, 세일빌딩 지상1층 102호 (논현동)"
르므니에 치즈,기타,37.50859530026902,127.05971847792408,영업/정상,"서울특별시 강남구 테헤란로 517, 현대백화점 지하1층 (삼성동)"
스몰치즈박스(Smail Cheese Box),기타,37.522736556628644,127.02607843614132,영업/정상,"서울특별시 강남구 논현로159길 25, 지상1층 102호 (신사동)"
르쏠(LE SOL),기타,37.50319760700064,127.0649976062355,영업/정상,"서울특별시 강남구 영동대로 325, 지상1층 (대치동, S-TOWER)"
더위스키(The Whisky),기타,37.50092917130699,127.03422800476751,영업/정상,"서울특별시 강남구 강남대로94길 87 (역삼동,지상1층)"
담뿍 화로된장,기타,37.50115869863675,127.03495268304046,영업/정상,서울특별시 강남구 강남대로94길 95 (역삼동)
덴키카츠(DENKI KATSU),기타,37.50847746286273,127.05788668519753,영업/정상,"서울특별시 강남구 테헤란로83길 14, 1층 106호 (삼성동, 삼성역두산위브센티움)"
옥반가효,기타,37.500963578268525,127.06396741799271,영업/정상,"서울특별시 강남구 삼성로64길 45 (대치동,지상1층)"
서초동연가,기타,37.50542628902256,127.02480879645626,영업/정상,서울특별시 강남구 봉은사로1길 9 (논현동)
필,기타,37.51937361215154,127.0303173050898,영업/정상,"서울특별시 강남구 논현로150길 22 (논현동,지하1층)"
파스타빌,기타,37.50551354915248,127.0579873903543,영업/정상,"서울특별시 강남구 삼성로86길 6, 지상2층 (대치동)"
위너스 베네핏 강남점,기타,37.5004853414216,127.02776271942523,영업/정상,"서울특별시 강남구 테헤란로1길 28-5, 4층 (역삼동)"
강남원조 원주추어탕,기타,37.50438329720555,127.02557543117851,영업/정상,"서울특별시 강남구 봉은사로2길 3, 이수빌딩 1층, 2층 (역삼동)"
미곰탕,기타,37.491957852616785,127.03235310188852,영업/정상,"서울특별시 강남구 도곡로3길 27, 동일빌딩 지상2층 (역삼동)"
카페 드 나탈리 역삼,기타,37.49863985664984,127.03437258409164,영업/정상,"서울특별시 강남구 테헤란로20길 16, 지상1,2층 (역삼동)"
레벨업 홀덤 스포츠,기타,37.526056418855354,127.03813349384733,영업/정상,"서울특별시 강남구 선릉로157길 21, 지상4층 (신사동)"
올라아보,기타,37.507187057060314,127.03596678689253,영업/정상,"서울특별시 강남구 언주로107길 40, STAR 빌딩 지상1층 (역삼동)"
담뿍화로된장찌개 역삼2호점,기타,37.498659690005226,127.03725499126256,영업/정상,"서울특별시 강남구 논현로85길 5-9, 지상1층 (역삼동)"
오르새피자 강남본점,기타,37.50496723260514,127.03966016971232,영업/정상,"서울특별시 강남구 테헤란로37길 41, 지상1층 101호 (역삼동)"
제이에이치,기타,37.52240190759775,127.03796307671642,영업/정상,"서울특별시 강남구 도산대로 328, 8층 (논현동)"
봉피양,기타,37.52068069451432,127.04650067281737,영업/정상,"서울특별시 강남구 삼성로147길 36, 지상1,2층 (청담동)"
키친스탠다드 강남점 66호,기타,37.50736932020773,127.03739743154303,영업/정상,"서울특별시 강남구 언주로107길 23, 지상2층 주방66호 (역삼동)"
한스포,기타,37.48242415417471,127.04303931530706,영업/정상,"서울특별시 강남구 논현로 142 (도곡동,지상1층)"
하남장돼지,기타,37.50306013290853,127.05068370900148,영업/정상,서울특별시 강남구 선릉로86길 10 (대치동)
플래티넘양조주택,기타,37.509265424695855,127.06638260799645,영업/정상,"서울특별시 강남구 테헤란로 626, 메디톡스빌딩 지상1층 (대치동)"
메리제인 카페,기타,37.498227700474835,127.05456776514019,영업/정상,"서울특별시 강남구 선릉로64길 28, 지하1층 3호 (대치동)"
에이치케이케이 투(HKK 2),기타,37.526206178256,127.03570366678115,영업/정상,"서울특별시 강남구 언주로168길 25, 4층 (신사동)"
심금,기타,37.52583785019377,127.03805912783514,영업/정상,"서울특별시 강남구 도산대로51길 39, 1층 (신사동)"
신선설농탕 대치점,기타,37.49799836061267,127.05940280585179,영업/정상,"서울특별시 강남구 도곡로 446, 우전빌딩 지상1층 (대치동)"
스시소기,기타,37.51802364843608,127.0208342876474,영업/정상,"서울특별시 강남구 강남대로154길 21, K.I빌딩 지상2층 202호 (신사동)"
챕터3(CHAPTER THREE),기타,37.52731623112536,127.04120398843223,영업/정상,"서울특별시 강남구 압구정로 406, 지상1층 (청담동)"
성원학사,기타,37.50182976324125,127.05659045999079,영업/정상,"서울특별시 강남구 삼성로71길 28 (대치동,지하1층)"
본장수촌,기타,37.51493271877028,127.05904492949021,영업/정상,"서울특별시 강남구 영동대로115길 7 (삼성동,지상1층)"
윤이불닭발 강남점,기타,37.4998165113903,127.02831780965872,영업/정상,"서울특별시 강남구 강남대로96길 16, 지하1층 (역삼동)"
필레터(FILLETER),기타,37.52041605095404,127.03965557587092,영업/정상,"서울특별시 강남구 선릉로141길 4, 지상1층 (논현동)"
851복덮밥,기타,37.49539989631866,127.03040580524147,영업/정상,"서울특별시 강남구 테헤란로4길 46, 지하1층 비 상가145호 (역삼동, 쌍용플래티넘밸류)"
솔솥 강남역점,기타,37.50028469276989,127.02814743560731,영업/정상,"서울특별시 강남구 테헤란로1길 28-8, 지상1층 (역삼동)"
시올돈 논현점,기타,37.521150400242924,127.03566140165317,영업/정상,"서울특별시 강남구 언주로150길 16, 지상1층 (논현동)"
우피후피 압구정지점,기타,37.5270125673389,127.03933355678299,영업/정상,"서울특별시 강남구 압구정로54길 14, 지상1층 (신사동)"
트래픽,기타,37.52735692482001,127.03853399020959,영업/정상,"서울특별시 강남구 선릉로161길 21, 지하1층 (신사동)"
앰버 더 피자룸,기타,37.50495332074492,127.05850549166388,영업/정상,"서울특별시 강남구 역삼로81길 27, 지하1층 (대치동)"
바 쉘터(Bar shelter),기타,37.52725381071226,127.0345547322838,영업/정상,"서울특별시 강남구 압구정로42길 24-5, 지하1층 (신사동)"
모락정원,기타,37.50456705750535,127.04248240897898,영업/정상,"서울특별시 강남구 언주로94길 5, 지상1층 (역삼동)"
SUP주주,기타,37.522071306450236,127.03759894447676,영업/정상,"서울특별시 강남구 도산대로50길 5, 1.2층 (논현동)"
정원식당,기타,37.50169492342049,127.03597692861798,영업/정상,"서울특별시 강남구 논현로 507 (역삼동,지하1층2호)"
고쥬,기타,37.52034954525364,127.02425856347661,영업/정상,"서울특별시 강남구 논현로153길 49, 지상1층 (신사동)"
로그아웃,기타,37.51953909775477,127.03080618351336,영업/정상,"서울특별시 강남구 논현로150길 28, 지상1층 (논현동)"
더라운지,기타,37.50351128307182,127.03627827032216,영업/정상,"서울특별시 강남구 논현로98길 6, 지하1층 (역삼동)"
육성급,기타,37.508356367179644,127.0547203790065,영업/정상,"서울특별시 강남구 테헤란로79길 25, 1층 (삼성동)"
돈카춘 뱅뱅사거리점,기타,37.49012871374169,127.03265371070049,영업/정상,"서울특별시 강남구 도곡로 111, 미진빌딩 지상1층 (역삼동)"
투바이투,기타,37.523668437423964,127.05603766597733,영업/정상,"서울특별시 강남구 영동대로138길 23, C동 지상2층 (청담동)"
황재벌,기타,37.517361118638696,127.03615293318913,영업/정상,"서울특별시 강남구 언주로136길 7, 지상1층 (논현동)"
장훈,기타,37.52593825187081,127.03745789206361,영업/정상,"서울특별시 강남구 선릉로157길 27-5, 지상4층 (신사동)"
희야,기타,37.52447562795105,127.02685160109255,영업/정상,"서울특별시 강남구 논현로167길 15, 지상1층 102호 (신사동)"
진고래,기타,37.503314615516395,127.05125061930475,영업/정상,서울특별시 강남구 선릉로86길 18 (대치동)
보배반점 개포점,기타,37.48303425461469,127.06258208973978,영업/정상,"서울특별시 강남구 선릉로4길 19, 개포렉스힐 1층 101호,103호 (개포동)"
지앤에프,기타,37.497425094439194,127.0389211715937,영업/정상,"서울특별시 강남구 논현로 416 (역삼동,운기빌딩 지하2층)"
월매네,기타,37.49544989940029,127.03915922816196,영업/정상,서울특별시 강남구 논현로 339 (역삼동)
온도차,기타,37.51671669713923,127.0372129164401,영업/정상,"서울특별시 강남구 언주로134길 20, 지상1층 (논현동)"
도마야끼덕아웃,기타,37.525265878489414,127.03813138866457,영업/정상,"서울특별시 강남구 도산대로51길 34 (신사동,지상1층)"
서래 꽃 우동,기타,37.51540635378208,127.02230844142092,영업/정상,"서울특별시 강남구 도산대로8길 22, 지상2층 (논현동)"
효이당와플앤커피(역삼1호점),기타,37.49539989631866,127.03040580524147,영업/정상,"서울특별시 강남구 테헤란로4길 46, 지하1층 제비상가 130호 (역삼동, 쌍용플래티넘밸류)"
사쿠라,기타,37.52595188053363,127.04192683573557,영업/정상,"서울특별시 강남구 압구정로60길 19 (청담동,지상1층)"
세꼬시닷컴,기타,37.50542628902256,127.02480879645626,영업/정상,"서울특별시 강남구 봉은사로1길 9 (논현동,지상1층)"
그랜드 위스키 서울,기타,37.510127919733314,127.05686008719982,영업/정상,"서울특별시 강남구 테헤란로83길 42, EUN SU 빌딩 지상1층 (삼성동)"
피저스 논현점,기타,37.51040525981666,127.03945908339476,영업/정상,"서울특별시 강남구 언주로114길 23, 1층 (논현동)"
하와이 수산,기타,37.52126313691584,127.03035532083287,영업/정상,"서울특별시 강남구 논현로152길 26, 지상1층 (신사동)"
골목집,기타,37.51312227737473,127.06473851498075,영업/정상,"서울특별시 강남구 봉은사로112길 28 (삼성동,지상1층)"
오부찌,기타,37.50080908896047,127.03320445608188,영업/정상,서울특별시 강남구 강남대로94길 73 (역삼동)
카페 리브롱(Cafe LIVELONG),기타,37.510082243248576,127.05378428607726,영업/정상,"서울특별시 강남구 테헤란로79길 51, 지상1층 103호 (삼성동)"
에이스,기타,37.507355226067396,127.03724097775525,영업/정상,"서울특별시 강남구 언주로107길 25, 지하1층 (역삼동)"
셀러브리티 버거(CELEBRITY BURGER),기타,37.498657423845906,127.05366181306698,영업/정상,"서울특별시 강남구 도곡로63길 25, 서진빌딩 지상1층 (대치동)"
블랙 카페(Black Cafe),기타,37.51487668435382,127.02101244034193,영업/정상,"서울특별시 강남구 강남대로146길 9, 지상1층 101호 (논현동)"
호텔인나인(Hotel in 9),기타,37.5156916927378,127.0599558885171,영업/정상,"서울특별시 강남구 영동대로 618, 호텔인나인 지하1층 (삼성동)"
제이림(JLIM),기타,37.52533675017158,127.03788276507943,영업/정상,"서울특별시 강남구 도산대로51길 33, 지상1층 104호 (신사동)"
레몬그라스 타이,기타,37.51655166515923,127.0401389040349,영업/정상,"서울특별시 강남구 학동로 338, 지하1층 SB 111호 (논현동, 강남파라곤)"
김부장,기타,37.498121091536646,127.0321901864621,영업/정상,"서울특별시 강남구 테헤란로8길 11-8, 지상1층 (역삼동)"
오또상 스시,기타,37.504922261426145,127.04379216619454,영업/정상,"서울특별시 강남구 언주로98길 23, 지상1층 101호 (역삼동)"
미시마,기타,37.49391129258746,127.04468776332271,영업/정상,"서울특별시 강남구 도곡로 239, 경양빌딩 2층 202호 (역삼동)"
팔레트 젤라또,기타,37.50318428452008,127.02692354002778,영업/정상,"서울특별시 강남구 강남대로106길 17, 지상1층 101호 (역삼동)"
김강남매운떡볶이,기타,37.49582964016155,127.0398367752478,영업/정상,"서울특별시 강남구 역삼로 204, 삼환 아르누보 지하1층 B07, B08, B09, B10호 중 110호 (역삼동)"
신사뻘낙지,기타,37.51652189577764,127.02223338264497,영업/정상,"서울특별시 강남구 도산대로8길 7 (논현동,지상1층)"
구이가,기타,37.486805865754604,127.10404182590207,영업/정상,"서울특별시 강남구 광평로56길 14 (수서동,지상1층)"
김리아갤러리,기타,37.52280166891379,127.04363049253618,영업/정상,"서울특별시 강남구 선릉로148길 48-1, 지상1층 (청담동)"
미나스밀 고메 스튜디오(Minas Mill Gourmet Studio),기타,37.52130261018318,127.05739497919156,영업/정상,"서울특별시 강남구 학동로101길 11, 지상3층 304호 (청담동)"
한방정통삼계탕,기타,37.50915658106096,127.05629563086606,영업/정상,서울특별시 강남구 테헤란로81길 35 (삼성동)
두코 매봉역점,기타,37.48595666410215,127.04543078783216,영업/정상,"서울특별시 강남구 남부순환로 2738 (도곡동,지상2층)"
수정식당,기타,37.52216408330854,127.02356507926987,영업/정상,"서울특별시 강남구 논현로161길 59 (신사동,지상1층)"
호아빈삼성점,기타,37.505432305732114,127.0577433228941,영업/정상,서울특별시 강남구 삼성로 432 (대치동)
빌라쥬11팩토리 봉수아,기타,37.50603189492499,127.05823557822762,영업/정상,"서울특별시 강남구 테헤란로82길 15, 지상5층 562호 (대치동)"
뱅따,기타,37.51087533296674,127.04842350708996,영업/정상,"서울특별시 강남구 선릉로108길 53, 2층 (삼성동)"
해춘,기타,37.52130261018318,127.05739497919156,영업/정상,"서울특별시 강남구 학동로101길 11, 지하1층 111호,112호,113호 (청담동)"
도스마스 강남직영점,기타,37.49772601279262,127.0292970420504,영업/정상,"서울특별시 강남구 테헤란로4길 6, 강남역 센트럴 푸르지오 시티 지상1층 112호 (역삼동)"
두박씨,기타,37.51075208439977,127.05601509517906,영업/정상,"서울특별시 강남구 테헤란로81길 62-5, 지상1층 (삼성동)"
무루(muru),기타,37.52108451069241,127.02354484049845,영업/정상,"서울특별시 강남구 도산대로15길 40-1, 지하1층 (신사동)"
고기꾼 김춘배,기타,37.501852264926924,127.02717040429857,영업/정상,"서울특별시 강남구 강남대로100길 13, 3층 (역삼동)"
강여사의 부엌,기타,37.49989993596842,127.04217245706222,영업/정상,"서울특별시 강남구 언주로81길 19, 지하1층 (역삼동)"
알렌센터 엘오,기타,37.52526331920882,127.04806780326359,영업/정상,"서울특별시 강남구 도산대로81길 12, 1층 (청담동)"
황장금 강남본점,기타,37.50704616404345,127.03551335086584,영업/정상,"서울특별시 강남구 언주로107길 46, 지하1층 B01호 일부 101호 (역삼동)"
스시마이우 선릉점,기타,37.50502501571448,127.04672158036537,영업/정상,"서울특별시 강남구 선릉로93길 22, 지상1층 (역삼동, 대흥빌딩)"
쿠데타(KUDETA),기타,37.525749328161446,127.03829302790088,영업/정상,"서울특별시 강남구 도산대로51길 40, 1층 103호 (신사동)"
포인트,기타,37.507982811177776,127.03257202974382,영업/정상,"서울특별시 강남구 봉은사로25길 12 (논현동,지상102호)"
강산애,기타,37.5011266153493,127.06447176006176,영업/정상,"서울특별시 강남구 삼성로64길 51 (대치동,동성빌딩 1층)"
아우네,기타,37.50927890746902,127.05694761532827,영업/정상,"서울특별시 강남구 테헤란로83길 29, 지상1층 (삼성동)"
산청루,기타,37.49108117006084,127.0827434019997,영업/정상,"서울특별시 강남구 양재대로33길 24 (일원동,지상1층)"
호세야 오리 바베큐,기타,37.51082546241062,127.03062087036027,영업/정상,"서울특별시 강남구 논현로121길 18 (논현동,지하1층)"
소풍,기타,37.50064165435421,127.04017728143688,영업/정상,"서울특별시 강남구 테헤란로34길 14 (역삼동,지상1층)"
램브라튼(LAMMBRATEN),기타,37.52213169212942,127.02165522352256,영업/정상,"서울특별시 강남구 압구정로10길 30-10, 지상1층 (신사동)"
고끌림,기타,37.50920133689143,127.03630957264693,영업/정상,"서울특별시 강남구 언주로113길 13, 지상1층 (논현동)"
동경규동 삼성점,기타,37.508413746914066,127.057190282781,영업/정상,"서울특별시 강남구 테헤란로83길 15, 제이엠빌딩 지상1층 1호 (삼성동)"
마피아카페 강남1호점,기타,37.500180035323815,127.0285602231416,영업/정상,"서울특별시 강남구 강남대로96길 19, 영우빌딩 4층 (역삼동)"
초가집,기타,37.49600434750596,127.03396642105068,영업/정상,서울특별시 강남구 논현로79길 63 (역삼동)
플로라,기타,37.4994358838183,127.03359069441342,영업/정상,"서울특별시 강남구 테헤란로 134 (역삼동,지하1층)"
수묵,기타,37.50482452360143,127.05365271660047,영업/정상,"서울특별시 강남구 테헤란로70길 13 (대치동,보성빌딩지상1층)"
라퓨타씨그릴,기타,37.50920524426578,127.06548607190506,영업/정상,"서울특별시 강남구 테헤란로 620, 19,동 20층호 (대치동,진성B/D18,)"
다온식당,기타,37.518414198498924,127.03687165466124,영업/정상,"서울특별시 강남구 언주로140길 18, 다온 지하1층,지상1층 (논현동)"
엘리스와인(Alice Wine),기타,37.514184052433514,127.06384217305228,영업/정상,"서울특별시 강남구 영동대로106길 33, 화성빌딩 지상1층 101호 (삼성동)"
라임,기타,37.50588973059903,127.02822289991634,영업/정상,"서울특별시 강남구 봉은사로 129, 지하1층 (논현동, 거평타운오피스텔)"
3.0,기타,37.50738510694544,127.04609804831196,영업/정상,"서울특별시 강남구 선릉로 541, 지상1층 (역삼동)"
미당뭉티기 삼성점,기타,37.50853775929104,127.05462194792841,영업/정상,"서울특별시 강남구 테헤란로79길 27, 삼송빌딩 1층 (삼성동)"
싸우나뮤직바,기타,37.525440759333556,127.04981102964489,영업/정상,"서울특별시 강남구 도산대로87길 11, 지하1층 (청담동)"
꼴라쥬(Collage),기타,37.516248850972204,127.03101928867714,영업/정상,"서울특별시 강남구 논현로136길 11, 지상2층 (논현동)"
모도우 선릉점,기타,37.50520236127337,127.05539152742065,영업/정상,"서울특별시 강남구 테헤란로78길 16, 노벨과개미 지하1층 (대치동)"
세븐,기타,37.494383487768296,127.03157085890575,영업/정상,"서울특별시 강남구 역삼로3길 12, 지하1층 (역삼동)"
페페쥬집(PePezooZip),기타,37.52659941944698,127.03852023111534,영업/정상,"서울특별시 강남구 선릉로157길 20-8, 1층 102호 (신사동)"
멀리건,기타,37.51465393881125,127.03094645047055,영업/정상,"서울특별시 강남구 논현로132길 6, 미래빌딩 지하1층 (논현동)"
요기스푼,기타,37.50502406091661,127.0408593263016,영업/정상,"서울특별시 강남구 테헤란로39길 38 (역삼동,지하1층)"
무삥과 팟타이,기타,37.508380976417904,127.05817174847333,영업/정상,"서울특별시 강남구 삼성로96길 26-12, 조영빌딩 지상2층 (삼성동)"
달맞이,기타,37.50979488766458,127.02309738382027,영업/정상,"서울특별시 강남구 강남대로128길 10 (논현동,1층)"
조은식당,기타,37.50266678822373,127.05961403544498,영업/정상,"서울특별시 강남구 삼성로72길 5, 1층 (대치동)"
부엌부엌 강남본점,기타,37.50913776536581,127.027334011802,영업/정상,"서울특별시 강남구 강남대로122길 56, 지상1층 103호 (논현동)"
주당,기타,37.51006650159099,127.05713479697286,영업/정상,"서울특별시 강남구 삼성로100길 23, 지상2층 (삼성동)"
강남주먹고기,기타,37.51919700014886,127.03791347665755,영업/정상,"서울특별시 강남구 도산대로50길 47 (논현동,지하1층)"
바세티젤라또,기타,37.50489748066271,127.02477948827995,영업/정상,"서울특별시 강남구 강남대로 476 (논현동,지하2층)"
오스테리아 수,기타,37.52200975713144,127.02931489526092,영업/정상,"서울특별시 강남구 논현로158길 12 (신사동,지상1층)"
마농 에 마농 마농와인,기타,37.52177451887926,127.03112619412043,영업/정상,"서울특별시 강남구 논현로152길 37, 한서빌딩 지상2층 (신사동)"
이도,기타,37.49641279715612,127.03826294273502,영업/정상,"서울특별시 강남구 논현로75길 7, 지상1층 (역삼동)"
세흠니르,기타,37.519109087355694,127.02502325290766,영업/정상,"서울특별시 강남구 도산대로17길 6, 지상4층 (신사동)"
천지궁,기타,37.51022936253684,127.0350450867531,영업/정상,서울특별시 강남구 봉은사로33길 34 (논현동)
153테이블(153Table),기타,37.50996188652867,127.03517440498506,영업/정상,"서울특별시 강남구 언주로115길 18, 지상1층 102호 (논현동)"
미스사이공 역삼점,기타,37.49920892138716,127.04392156003382,영업/정상,"서울특별시 강남구 언주로 405, 지상1층 107호 (역삼동)"
명불허전 원조골뱅이,기타,37.506593280697594,127.02500006533515,영업/정상,"서울특별시 강남구 강남대로118길 20 (논현동,지상1층)"
닉스,기타,37.52678214245232,127.03590310434005,영업/정상,"서울특별시 강남구 언주로170길 27 (신사동,지하1층)"
에코사랑목강점,기타,37.49161420575852,127.03335101537587,영업/정상,"서울특별시 강남구 도곡로3길 20-10, 지상1층 114호 (역삼동)"
강남주막다방,기타,37.51902847034475,127.02337521372152,영업/정상,"서울특별시 강남구 가로수길 16, 지하1층 (신사동)"
캘리포니아 보이,기타,37.49382861178256,127.0398103171977,영업/정상,"서울특별시 강남구 논현로 319, 정유빌딩 지상1층 (역삼동)"
치스타리에 강남역점,기타,37.503026816740025,127.02634597773336,영업/정상,"서울특별시 강남구 강남대로106길 9, 지하1층 (역삼동)"
미드타운,기타,37.52009967071812,127.02246218328837,영업/정상,"서울특별시 강남구 도산대로11길 40, 지상1층 (신사동)"
클랩피자  청담점,기타,37.5241039758968,127.03658982920497,영업/정상,"서울특별시 강남구 압구정로46길 71, 지상1층 (신사동)"
희앤락,기타,37.49335771018789,127.06190904309952,영업/정상,"서울특별시 강남구 남부순환로 2936, 지하1층 101-1호 (대치동, 윈플러스상가 )"
쿠시일오이,기타,37.510964250632206,127.05610914745094,영업/정상,"서울특별시 강남구 삼성로104길 16 (삼성동,지하1층)"
이가네양꼬치 선릉역점,기타,37.50572024890585,127.04738854288688,영업/정상,"서울특별시 강남구 테헤란로57길 17, 엠스빌딩 지상1층 (역삼동)"
별별,기타,37.50083687436089,127.03959507840743,영업/정상,"서울특별시 강남구 언주로87길 44, 지하1층 (역삼동)"
금성아이피,기타,37.49434795190433,127.07961586766422,영업/정상,"서울특별시 강남구 개포로 623, 대청타워 지하1층 (개포동)"
강남설렁탕,기타,37.51043085655019,127.02278254847074,영업/정상,서울특별시 강남구 학동로2길 13 (논현동)
화,기타,37.517953901395494,127.0212921631799,영업/정상,"서울특별시 강남구 압구정로2길 60 (신사동,지하2층비201호)"
도쿄수플레,기타,37.52131813077983,127.02221597846436,영업/정상,"서울특별시 강남구 압구정로10길 35, 지상1층 (신사동)"
근성순대2호점,기타,37.50244440829511,127.03684355693271,영업/정상,"서울특별시 강남구 논현로94길 5, 지하1층 (역삼동)"
한우네 정육점 식당,기타,37.485209750371695,127.04319327762755,영업/정상,"서울특별시 강남구 논현로38길 20, 지상1층 (도곡동)"
오븐에빠진닭,기타,37.490434478279255,127.03362627855815,영업/정상,"서울특별시 강남구 도곡로 121 (역삼동,1층)"
88ground,기타,37.51487928011221,127.04161967771493,영업/정상,"서울특별시 강남구 선릉로125길 5, 지하1층 (논현동)"
한끼한상,기타,37.510739772550956,127.03521609311188,영업/정상,"서울특별시 강남구 봉은사로37길 41, 지하1층 2호 (논현동)"
땡기면 땡비어,기타,37.500788934759754,127.0400922375057,영업/정상,"서울특별시 강남구 테헤란로34길 10, 지하1층 (역삼동)"
엘로우 서울 라운지(ELROW SEOUL LOUNGE),기타,37.525017514018906,127.03696179271957,영업/정상,"서울특별시 강남구 도산대로49길 31, 아뜨레빌딩 지하1층 (신사동)"
만족오향족발 역삼점,기타,37.50162217013074,127.03482388834773,영업/정상,"서울특별시 강남구 테헤란로25길 15-5, 지상1층 (역삼동)"
백암왕순대,기타,37.49195328350811,127.03854273809206,영업/정상,서울특별시 강남구 도곡로 175 (역삼동)
오늘은 어떤 닭,기타,37.4911099120655,127.03434322455536,영업/정상,"서울특별시 강남구 강남대로62길 35, 지상1층 (역삼동)"
역삼쭈꾸미앤낙지,기타,37.4988386905832,127.03347860859152,영업/정상,"서울특별시 강남구 논현로87길 41 (역삼동,신일유토빌지상1층107호)"
청기와타운(선릉점),기타,37.50331978736596,127.05145911830523,영업/정상,"서울특별시 강남구 테헤란로64길 24, Global Takson 빌딩 지하1층 (대치동)"
그리크,기타,37.517919561675534,127.02640530115275,영업/정상,"서울특별시 강남구 논현로149길 27, 지상1층 102호 (논현동)"
미카,기타,37.524057735887894,127.02791593357462,영업/정상,"서울특별시 강남구 논현로 841 (신사동,지상1층105호)"
양산도대치점,기타,37.50466717868884,127.05449247273998,영업/정상,"서울특별시 강남구 삼성로85길 34, 지상1층 (대치동)"
신사소곱창,기타,37.517794680264956,127.02144037845812,영업/정상,서울특별시 강남구 압구정로2길 62 (신사동)
우아한감,기타,37.50296991444952,127.02687424724238,영업/정상,서울특별시 강남구 봉은사로4길 29 (역삼동)
마이위스키테이블 블랙,기타,37.5041011580717,127.05288605235386,영업/정상,"서울특별시 강남구 선릉로86길 39, 2층 (대치동)"
플럭스(flux),기타,37.526753363401674,127.04146301506049,영업/정상,"서울특별시 강남구 선릉로162길 12, 마드레스 지상3층 (청담동)"
청담주문진항,기타,37.517570399087845,127.04148787960995,영업/정상,"서울특별시 강남구 학동로 401, 지하1층 (청담동, 금하빌딩)"
서울회관,기타,37.478298340780235,127.04725684065205,영업/정상,서울특별시 강남구 개포로20길 7 (개포동)
마포만두,기타,37.49914654186458,127.03742183367983,영업/정상,"서울특별시 강남구 논현로 429 (역삼동,지상1층)"
담솥 압구정점,기타,37.525346417643085,127.03857604100997,영업/정상,"서울특별시 강남구 선릉로155길 13, 지상1층 (신사동)"
바나프레소 논현영동시장점,기타,37.51027116272351,127.02315579036785,영업/정상,"서울특별시 강남구 학동로4길 18, 스카이 빌딩 1층 102호 (논현동)"
제육만,기타,37.4910285736231,127.03161248762946,영업/정상,"서울특별시 강남구 강남대로 310, 유니온센터오피스텔 지하1층 56호 (역삼동)"
백암왕순대,기타,37.4988386905832,127.03347860859152,영업/정상,"서울특별시 강남구 논현로87길 41 (역삼동,신일유토빌 지상1층 103호)"
우나쥬유키,기타,37.52329355698794,127.03030710344119,영업/정상,"서울특별시 강남구 논현로164길 25, 지상1층 (신사동)"
피자나라 치킨공주,기타,37.507569746061456,127.02830097595992,영업/정상,"서울특별시 강남구 강남대로120길 62, 1층 (논현동)"
올댓미트돔(All that Meat DOME),기타,37.528093298283835,127.03568639995353,영업/정상,"서울특별시 강남구 언주로174길 22, 5층 (신사동)"
카멜리아 101,기타,37.527384163135025,127.04584526855132,영업/정상,"서울특별시 강남구 압구정로71길 10, 지하1층 (청담동)"
(주)토종맛집,기타,37.506165481895756,127.05298732897415,영업/정상,"서울특별시 강남구 테헤란로 423, 지하1층 104호 (삼성동, 현대타워)"
리틀앤머치,기타,37.51404144303577,127.04351451874832,영업/정상,"서울특별시 강남구 학동로56길 49, 1층 (삼성동)"
청담그늘 청담점,기타,37.52274014550709,127.04441756383311,영업/정상,"서울특별시 강남구 도산대로66길 13, 지하2층 (청담동)"
럭키클라우드,기타,37.48867399853818,127.06680617836673,영업/정상,"서울특별시 강남구 삼성로 38, 개포빌딩 지상1층 108호,118호 (개포동)"
카레마치 삼성역점,기타,37.508083531458325,127.06591572106323,영업/정상,"서울특별시 강남구 테헤란로108길 22, 지하1층 (대치동, 서경빌딩)"
코엑스 뽀모도로,기타,37.512521154961824,127.05881929973503,영업/정상,"서울특별시 강남구 영동대로 513, 지하1층 J-107호 (삼성동, 컨벤션센터 코엑스몰)"
더칼라,기타,37.52389374086157,127.05412389343165,영업/정상,"서울특별시 강남구 영동대로 737 (청담동,지상1층)"
마초갈비,기타,37.50513722991982,127.04745022247077,영업/정상,"서울특별시 강남구 선릉로93길 11 (역삼동,지상1층)"
인타코,기타,37.49923118563576,127.05338340035843,영업/정상,"서울특별시 강남구 선릉로68길 20, 지상1층 104호 (대치동)"
자미당 대치점,기타,37.499218321175924,127.05273484035028,영업/정상,"서울특별시 강남구 선릉로68길 11, 지상1층 101호 (대치동)"
카페 해온,기타,37.50124793523126,127.04139007935512,영업/정상,"서울특별시 강남구 테헤란로38길 10, IS빌딩 지상1층 (역삼동)"
더 가즈믹 테이블(The Gasmic Table),기타,37.52704306558016,127.03805828508517,영업/정상,"서울특별시 강남구 언주로172길 51, 지상2층 (신사동)"
블루칩,기타,37.52514814587532,127.05199034139396,영업/정상,"서울특별시 강남구 도산대로 535, 지상5층 (청담동)"
광부,기타,37.52199138823243,127.04053903776632,영업/정상,"서울특별시 강남구 도산대로56길 17 (청담동,지상2층)"
영동갈비살,기타,37.507183628575,127.06175527859241,영업/정상,"서울특별시 강남구 영동대로85길 20-3 (대치동,지상1층)"
2도 라운지(2Do lounge),기타,37.52554539290383,127.05254300859754,영업/정상,"서울특별시 강남구 도산대로101길 7, 지상1층 (청담동)"
플레이볼,기타,37.51761514622765,127.0395043179151,영업/정상,"서울특별시 강남구 선릉로131길 18, 지상1층 (논현동)"
365활새우 창우수산(강남본점),기타,37.51655166515923,127.0401389040349,영업/정상,"서울특별시 강남구 학동로 338 (논현동,강남파라곤 지하1층107,108호)"
다슬음,기타,37.490898450733866,127.03342945307666,영업/정상,"서울특별시 강남구 강남대로62길 23, 지상1층 (역삼동)"
갱상도파절이대패삽겹 역삼점,기타,37.49390243057201,127.03575060601034,영업/정상,"서울특별시 강남구 논현로71길 47, 지상2층 (역삼동)"
시그니처,기타,37.520350349430046,127.0220754257864,영업/정상,"서울특별시 강남구 강남대로160길 42, 3층 (신사동)"
케이에프씨 대치동,기타,37.49984262955528,127.06294427337006,영업/정상,"서울특별시 강남구 도곡로 517, 지상1층 (대치동)"
뉴콘서트 라이브,기타,37.50302663977145,127.05191581218642,영업/정상,"서울특별시 강남구 선릉로82길 23, 지하1층 (대치동)"
오셀리에(O'Cellier),기타,37.52193227992996,127.0245006538158,영업/정상,"서울특별시 강남구 논현로159길 47, 지상1층 202호 (신사동)"
구월당,기타,37.52624648482456,127.03550652788304,영업/정상,"서울특별시 강남구 언주로168길 23, 2층 (신사동)"
삼탱이시래기밥,기타,37.50297359241314,127.04653232570449,영업/정상,"서울특별시 강남구 테헤란로 322, 한신인터밸리24빌딩 제지하2층 제비121호 (역삼동)"
우신닭발,기타,37.48877694433219,127.0673243100103,영업/정상,서울특별시 강남구 개포로82길 7 (개포동)
삼성동커피,기타,37.50141935571263,127.0412914315272,영업/정상,"서울특별시 강남구 테헤란로38길 8, 지하1층 (역삼동)"
주식회사 남산희래등,기타,37.50268566024089,127.05675177534543,영업/정상,"서울특별시 강남구 역삼로 453, 지하1층 (대치동)"
(주)커피빈코리아 영동고앞점,기타,37.521441285918456,127.0394576455894,영업/정상,"서울특별시 강남구 선릉로 749, 은산빌딩 지상1층,2층 (논현동)"
속초오징어어시장 역삼점,기타,37.495233692165556,127.03919818931371,영업/정상,"서울특별시 강남구 논현로 337, 1층 101호,102호,103호 (역삼동)"
왕스덕,기타,37.517179502341634,127.02297737078503,영업/정상,"서울특별시 강남구 도산대로 130, 지하1층 (논현동)"
정미스시,기타,37.521775367629495,127.03187584440184,영업/정상,"서울특별시 강남구 언주로151길 19, 지상1층 (신사동)"
쌀똑쌀 핫도그,기타,37.48668453504721,127.0356508903176,영업/정상,"서울특별시 강남구 남부순환로359길 29, 지상1층 101호 (도곡동)"
살롱 드 모비딕 BAR(SALON DE MOBYDICK BAR),기타,37.51759198755917,127.02958547666731,영업/정상,"서울특별시 강남구 논현로 734, 지하2층,지상1층 (논현동)"
양재족발 참족,기타,37.488763907025834,127.03314459001155,영업/정상,"서울특별시 강남구 도곡로2길 14, 1층 (도곡동)"
라베,기타,37.51005826997606,127.05449396370231,영업/정상,"서울특별시 강남구 삼성로 543, 지하1층 (삼성동)"
우동당 가로수길점,기타,37.52089049898885,127.02304733480524,영업/정상,"서울특별시 강남구 가로수길 44, 지상1층, 지상2층 (신사동)"
BHC치킨 청담점,기타,37.5232723944193,127.04566633055764,영업/정상,"서울특별시 강남구 삼성로149길 24, 1층 101호 (청담동)"
오뚜끄,기타,37.52606015915857,127.03750084485367,영업/정상,"서울특별시 강남구 선릉로157길 27-3, 錦奉 지상2층 (신사동)"
채린,기타,37.505664664405835,127.04792097794393,영업/정상,"서울특별시 강남구 선릉로93길 6, 지상2층 (역삼동)"
아오끼,기타,37.50659728771508,127.04952038947856,영업/정상,"서울특별시 강남구 선릉로100길 30 (삼성동,지상1층)"
히어로스쿡,기타,37.504253906710154,127.02699001748661,영업/정상,"서울특별시 강남구 논현로105길 91 (역삼동,1층)"
TOC TOC(톡톡),기타,37.52241391906489,127.05430582110613,영업/정상,"서울특별시 강남구 학동로97길 41, 지상3층 (청담동)"
카페이안,기타,37.52113439976479,127.05711170531801,영업/정상,"서울특별시 강남구 영동대로 708, 지상2층 (청담동)"
시골밥상,기타,37.50562246945575,127.04889507007051,영업/정상,"서울특별시 강남구 선릉로 514 (삼성동,지하1층8호)"
바르다 김선생 학동사거리점,기타,37.523526361810546,127.0374234254107,영업/정상,"서울특별시 강남구 도산대로49길 10, 지상1층 (신사동)"
드림까페,기타,37.511173367751354,127.05353038255625,영업/정상,"서울특별시 강남구 봉은사로78길 25 (삼성동,드림빌딩 지상1층)"
랜드마크 일원점,기타,37.490665763400024,127.08555616215882,영업/정상,"서울특별시 강남구 양재대로45길 5 (일원동,지상1층)"
판문점부대찌개,기타,37.490657518506424,127.0336893954804,영업/정상,"서울특별시 강남구 강남대로62길 26, 1층 (역삼동)"
피카소,기타,37.51396798054488,127.06418908829005,영업/정상,서울특별시 강남구 영동대로106길 38 (삼성동)
알프스호프,기타,37.49866310575251,127.02851195747057,영업/정상,서울특별시 강남구 테헤란로 105 (역삼동)
비어시티,기타,37.512564243116984,127.05280353883991,영업/정상,"서울특별시 강남구 봉은사로 478 (삼성동,지상1층)"
(주)은재은,기타,37.512521154961824,127.05881929973503,영업/정상,"서울특별시 강남구 영동대로 511 (삼성동,코엑스몰지하1층 에이-11호)"
티식스,기타,37.5256336186308,127.04150507847012,영업/정상,"서울특별시 강남구 압구정로60길 26 (청담동,6층)"
뽀미에르,기타,37.512109654094054,127.05256090015476,영업/정상,"서울특별시 강남구 봉은사로74길 11-11, 지하1층 (삼성동)"
The 차칸술집 선릉직영점,기타,37.503128212224055,127.05089256738398,영업/정상,"서울특별시 강남구 선릉로86길 12 (대치동,지상3층)"
수림복국,기타,37.506806155783686,127.05346663232015,영업/정상,"서울특별시 강남구 테헤란로77길 11-13 (삼성동,마룡빌딩지상1층)"
한약먹은 생삼겹,기타,37.51890120109736,127.02379308968739,영업/정상,"서울특별시 강남구 도산대로15길 9, 지상1층 (신사동)"
엄마백반,기타,37.510781061291546,127.02898742186055,영업/정상,"서울특별시 강남구 논현로123길 37, 지상1층 (논현동)"
레드175,기타,37.49759595875412,127.05576117965968,영업/정상,"서울특별시 강남구 도곡로 413, 지상1층 105호 (대치동)"
삼식이감자탕,기타,37.484750603817446,127.04343310600373,영업/정상,"서울특별시 강남구 논현로34길 19, 101호 (도곡동)"
BHC 압구정역점,기타,37.52250359085898,127.02739798986512,영업/정상,"서울특별시 강남구 논현로157길 8, 지상1층 (신사동, 반도빌딩)"
청담 나인(nine)한우,기타,37.52155424161583,127.03036307690097,영업/정상,"서울특별시 강남구 논현로152길 27, SAMO 지상1층 (신사동)"
가리비야,기타,37.51053310504281,127.02352257389533,영업/정상,"서울특별시 강남구 학동로4길 15, 1층 113호 (논현동)"
요미우돈교자 강남점,기타,37.50409676605701,127.02585149591114,영업/정상,"서울특별시 강남구 강남대로110길 13 (역삼동,지상1층)"
메리고라운드 (구)킹콩스테이크,기타,37.52385094999776,127.02345775763736,영업/정상,"서울특별시 강남구 논현로175길 69 (신사동,지상1층)"
작은뜰,기타,37.516026255416705,127.03410096698383,영업/정상,"서울특별시 강남구 언주로133길 15, 지상1층 (논현동)"
강남7080라이브카페(강남대관),기타,37.49070407999581,127.03384537997677,영업/정상,"서울특별시 강남구 강남대로62길 28, 지하1층 (역삼동)"
와인투고,기타,37.50359412904925,127.05587315421515,영업/정상,"서울특별시 강남구 삼성로75길 26-8, 지상1층 (대치동)"
충무상회,기타,37.52662289276275,127.03010628754478,영업/정상,서울특별시 강남구 언주로167길 38 (신사동)
강남루,기타,37.52766313489969,127.03134168469882,영업/정상,"서울특별시 강남구 압구정로36길 12, 지상1층 101,102호 (신사동, 메디컬뱅크빌딩)"
본스치킨,기타,37.51625788982547,127.04006136083552,영업/정상,"서울특별시 강남구 학동로50길 7 (논현동,지상1층)"
마운트,기타,37.52289527290569,127.03704903223257,영업/정상,"서울특별시 강남구 도산대로 323, 지상15층 (신사동)"
온달식당,기타,37.483869280265445,127.08087052948343,영업/정상,"서울특별시 강남구 광평로9길 34 (일원동,푸른마을상가 지하1층)"
미담 시래기,기타,37.49944216847354,127.05842619411955,영업/정상,"서울특별시 강남구 삼성로63길 21 (대치동,지상1층)"
담미온,기타,37.511347291692516,127.04505188646868,영업/정상,서울특별시 강남구 선릉로112길 18 (삼성동)
오이구,기타,37.52328380360901,127.04492785947343,영업/정상,"서울특별시 강남구 삼성로149길 32, 지하2층 (청담동)"
샷 인디암,기타,37.5266917336619,127.03633366947723,영업/정상,"서울특별시 강남구 언주로170길 31, 용원 지상1층 104호 (신사동)"
이천쌀밥,기타,37.489257427505436,127.03307746876055,영업/정상,"서울특별시 강남구 강남대로58길 12, 지상1층 103호 (도곡동)"
족발갓성비 역삼점,기타,37.50588169852775,127.04013121002409,영업/정상,"서울특별시 강남구 언주로99길 10, 지상1층 좌측호 (역삼동)"
도곡미주리(味酒里),기타,37.48156378905046,127.043639702855,영업/정상,"서울특별시 강남구 논현로24길 6, 1층 (도곡동)"
찬스키친,기타,37.49453229771134,127.03437127220911,영업/정상,"서울특별시 강남구 역삼로 135, 지하1층 B01호 (역삼동)"
월매네주막,기타,37.49992722574058,127.02789743154912,영업/정상,서울특별시 강남구 강남대로96길 11 (역삼동)
디셈버(DECEMBER),기타,37.502472304232136,127.036936302157,영업/정상,"서울특별시 강남구 논현로94길 7, 지상1층 (역삼동)"
세이레스커피(SAYLESS),기타,37.51122842856755,127.05035544190079,영업/정상,"서울특별시 강남구 봉은사로68길 11, 지상1층 102호 (삼성동)"
텐푸라인,기타,37.525643761826515,127.03454102053982,영업/정상,"서울특별시 강남구 압구정로42길 49, 지상4층 (신사동)"
오꼬앤타코,기타,37.50895233488266,127.02538289743273,영업/정상,"서울특별시 강남구 강남대로122길 29-6, 제에이동 제1층 제101호 (논현동)"
(주)구즈구내식당,기타,37.50549312294677,127.0504297324681,영업/정상,"서울특별시 강남구 테헤란로 409 (삼성동,동신빌딩)"
사루비아알앤디,기타,37.520038840665,127.02361360717838,영업/정상,"서울특별시 강남구 논현로153길 57 (신사동,지상1층)"
고기극찬 강남점,기타,37.505919083152726,127.04706112606496,영업/정상,"서울특별시 강남구 테헤란로55길 22, 지상1층 101호 (역삼동)"
청담 우애,기타,37.5235192763699,127.04889264245577,영업/정상,"서울특별시 강남구 도산대로90길 16, 지상4층 (청담동)"
영천영화,기타,37.523965859360274,127.04958585417793,영업/정상,"서울특별시 강남구 도산대로90길 3, 상민빌딩 지상3층 (청담동)"
에브리띵(everything),기타,37.52595899338391,127.03685691962751,영업/정상,"서울특별시 강남구 압구정로48길 38, 1층 (신사동)"
브래이브 루스터스(Brave Rooster's),기타,37.51889486174832,127.02233615719396,영업/정상,"서울특별시 강남구 강남대로156길 40, 지상2층 (신사동)"
엠유2,기타,37.52305514280009,127.03700478073198,영업/정상,"서울특별시 강남구 도산대로49길 3, 지하1층 (신사동)"
육회담,기타,37.51877161786243,127.02066860429736,영업/정상,"서울특별시 강남구 압구정로2길 46, 지상1층 제1호 (신사동, 강남상가)"
갓포우오,기타,37.51801319170803,127.02020680100904,영업/정상,"서울특별시 강남구 강남대로156길 12, 다복빌딩 1층 (신사동)"
무지개수프,기타,37.49478452174757,127.03520593793624,영업/정상,"서울특별시 강남구 역삼로 145, 우성빌딩 지상1층 101호 (역삼동)"
임명 진오돌뼈본점,기타,37.51323377571277,127.02592403880062,영업/정상,"서울특별시 강남구 강남대로132길 60 (논현동,지상1층)"
청청,기타,37.5213100592767,127.03069147113216,영업/정상,"서울특별시 강남구 논현로152길 30, 지상1층 (신사동)"
막썰어,기타,37.497420253074644,127.05296741282761,영업/정상,"서울특별시 강남구 선릉로 310 (대치동,107,108호)"
강남미나리삼겹살,기타,37.4945035924725,127.03088946758534,영업/정상,"서울특별시 강남구 역삼로3길 17-5, 지상1층 (역삼동)"
청담역2번출구,기타,37.51972811629557,127.05663002825388,영업/정상,"서울특별시 강남구 영동대로 647, 청담역 푸르지오시티 지상1층 105호 (삼성동)"
기와강 바,기타,37.521138266191066,127.02893675768996,영업/정상,"서울특별시 강남구 논현로152길 9, 7층 (신사동)"
광장포차,기타,37.506676959345604,127.03556529507202,영업/정상,서울특별시 강남구 봉은사로30길 15 (역삼동)
아카데미,기타,37.51844220548193,127.02632234496619,영업/정상,"서울특별시 강남구 도산대로24길 4 (논현동,수양빌딩 지상1층)"
양자강,기타,37.48512141299162,127.04604209937192,영업/정상,서울특별시 강남구 남부순환로378길 18 (도곡동)
짜장왕 왕서방,기타,37.50956430237851,127.02282896934727,영업/정상,"서울특별시 강남구 학동로2길 28, 지상1층 101호 일부호 (논현동)"
금녕곰탕 역삼점,기타,37.504605031665115,127.02616715373473,영업/정상,"서울특별시 강남구 봉은사로4길 1, 1층 (역삼동)"
뽕족본점,기타,37.503226387459335,127.0520115474716,영업/정상,"서울특별시 강남구 역삼로65길 31 (대치동,지하1층)"
양재역 조개맛집,기타,37.48514456922606,127.03575694615022,영업/정상,"서울특별시 강남구 남부순환로 2615 (도곡동,스타클래스상가117호)"
리츠,기타,37.47442750627313,127.05123035679057,영업/정상,"서울특별시 강남구 논현로8길 32 (개포동,지상1층)"
비어팩토리,기타,37.510746924229856,127.05550768298366,영업/정상,"서울특별시 강남구 삼성로104길 10 (삼성동,지상1층)"
매란방 압구정점,기타,37.523564786715184,127.01940919260284,영업/정상,"서울특별시 강남구 압구정로 113 (압구정동,지상2층)"
쿠벤도시락 강남직영점,기타,37.49630429163711,127.03017044672121,영업/정상,"서울특별시 강남구 테헤란로4길 32, 지하1층 B107호 (역삼동, 역삼동우정에쉐르1)"
황제돈 역삼점,기타,37.50496723260514,127.03966016971232,영업/정상,"서울특별시 강남구 테헤란로37길 41, 지하1층 (역삼동)"
오징어세상,기타,37.5091489812138,127.05698866850551,영업/정상,"서울특별시 강남구 삼성로96길 15 (삼성동,지상1층)"
밥스키친,기타,37.50880903837996,127.0583768811851,영업/정상,"서울특별시 강남구 테헤란로87길 17 (삼성동,마젤란21아스테리움B105호)"
에이치이디랩,기타,37.499251202902656,127.03593284583003,영업/정상,"서울특별시 강남구 테헤란로26길 14, 위워크빌딩 지하2층 102호 (역삼동)"
다옴 역삼점,기타,37.50144612220856,127.03502118925033,영업/정상,"서울특별시 강남구 테헤란로25길 11, 지상1층 (역삼동)"
순천만식당,기타,37.51350353851089,127.03314502704261,영업/정상,서울특별시 강남구 논현로128길 22-4 (논현동)
청춘어부,기타,37.52328380360901,127.04492785947343,영업/정상,서울특별시 강남구 삼성로149길 32 (청담동)
처갓집양념치킨 논현점,기타,37.50821437960834,127.03251788074064,영업/정상,"서울특별시 강남구 논현로113길 7, 지하1층 B102호 (논현동, 리더스빌)"
이속우화 천공,기타,37.52524158782982,127.02805945734735,영업/정상,"서울특별시 강남구 논현로 857, A857 지상6층 (신사동)"
로비라운지,기타,37.50904780086485,127.06089284405361,영업/정상,"서울특별시 강남구 테헤란로 521, 1층 (삼성동, 인터콘티넨탈 호텔 서울)"
원조소금구이,기타,37.50601145867296,127.02482163039046,영업/정상,"서울특별시 강남구 봉은사로1길 18 (논현동,지상1층)"
한남베르그 도산,기타,37.525017514018906,127.03696179271957,영업/정상,"서울특별시 강남구 도산대로49길 31, 아뜨레빌딩 지상1층 105호 (신사동)"
교대이층집강남CGV점,기타,37.499484972365494,127.02809895811991,영업/정상,"서울특별시 강남구 강남대로94길 9, 지상2층 (역삼동)"
여포집,기타,37.50381082142621,127.05277108329881,영업/정상,서울특별시 강남구 선릉로86길 38 (대치동)
브라운돈까스 뱅뱅사거리점,기타,37.488898748279766,127.03384132508626,영업/정상,"서울특별시 강남구 도곡로4길 18, 광일빌딩 지상1층 (도곡동)"
논현전,기타,37.50971728873687,127.02280154224465,영업/정상,"서울특별시 강남구 강남대로128길 6, 지하1층 (논현동)"
더 로스터리 카페데베르(THE ROASTERY CAFE DES VERTS),기타,37.52321853397864,127.05261162495717,영업/정상,"서울특별시 강남구 도산대로102길 14-9, 지하1층 (청담동)"
카페블랑 131,기타,37.490676452851964,127.03441936950263,영업/정상,"서울특별시 강남구 도곡로 131, 지상1층 (역삼동)"
타트카페,기타,37.52528326960647,127.04723834983494,영업/정상,"서울특별시 강남구 압구정로 461 (청담동,네이처포엠빌딩 지하1층 B106,B107호)"
그때그집,기타,37.515950925565356,127.04015677750301,영업/정상,서울특별시 강남구 선릉로129길 17 (논현동)
샵어센틱,기타,37.52283294666131,127.0262682068212,영업/정상,"서울특별시 강남구 논현로159길 23, 주은빌딩 1층 101호 (신사동)"
교촌치킨 대치2호점,기타,37.49866297694152,127.06180313532717,영업/정상,"서울특별시 강남구 삼성로58길 7, 지상1층 (대치동)"
에스,기타,37.51655166515923,127.0401389040349,영업/정상,"서울특별시 강남구 학동로 338 (논현동,강남파라곤211호)"
정크,기타,37.52528079031332,127.03896364425538,영업/정상,"서울특별시 강남구 도산대로53길 32 (신사동,지하1층)"
영암집,기타,37.510087285423126,127.02604361697871,영업/정상,"서울특별시 강남구 강남대로124길 49 (논현동,지상1층)"
명동할머니국수 선릉역접,기타,37.504645364785965,127.04744400649686,영업/정상,"서울특별시 강남구 테헤란로 329, 지하1층 (역삼동, 삼흥빌딩)"
푸드카페 대치 삼성점,기타,37.508083531458325,127.06591572106323,영업/정상,"서울특별시 강남구 테헤란로108길 22, 서경빌딩 지하1층 (대치동)"
무월식탁,기타,37.50264257915283,127.02731143259655,영업/정상,서울특별시 강남구 강남대로102길 23 (역삼동)
태오,기타,37.51985299703868,127.0327584181572,영업/정상,"서울특별시 강남구 언주로147길 18, 지상1층 102호 (논현동)"
오레노 카츠,기타,37.498815802009624,127.05392234300842,영업/정상,"서울특별시 강남구 도곡로63길 28, 1층 (대치동)"
돈그리아 돼라리점,기타,37.5020905366839,127.05233522372727,영업/정상,"서울특별시 강남구 역삼로63길 14, 지상2층 (대치동)"
신사쭈꾸미,기타,37.52182578019534,127.0314377493516,영업/정상,서울특별시 강남구 도산대로37길 12 (신사동)
돈꼬레,기타,37.50900404700752,127.05693206040445,영업/정상,서울특별시 강남구 삼성로96길 13 (삼성동)
쌀고집,기타,37.498645656130684,127.03704494220638,영업/정상,"서울특별시 강남구 논현로85길 5-10, 지상1층,지상2층 (역삼동)"
제이에스푸드,기타,37.50507982529163,127.03929018503992,영업/정상,"서울특별시 강남구 언주로97길 26, 지하1층 B01호 (역삼동)"
김남완초밥,기타,37.49854340335709,127.03504106478107,영업/정상,"서울특별시 강남구 테헤란로20길 19 (역삼동,엘지역삼에클라트지상1층102호)"
청담무신장어,기타,37.52573155488231,127.05070262693859,영업/정상,"서울특별시 강남구 도산대로89길 15, 1층 (청담동)"
주식회사 더케이에프엔비 찜슐랭,기타,37.50890085474024,127.0363640379943,영업/정상,"서울특별시 강남구 봉은사로37길 7-6, 나동 지하1층 B101호 (논현동)"
만선2,기타,37.50708130210363,127.05438474130838,영업/정상,"서울특별시 강남구 테헤란로77길 9, 지상1층 (삼성동)"
미스강,기타,37.52658977046877,127.04430660857666,영업/정상,"서울특별시 강남구 압구정로 434, 지하1층 (청담동)"
하루방,기타,37.51060497411528,127.04618716923017,영업/정상,서울특별시 강남구 봉은사로 420 (삼성동)
호우양꼬치,기타,37.50374955216926,127.05256991170846,영업/정상,"서울특별시 강남구 선릉로86길 34, 금아빌딩 2층 (대치동)"
이불덮밥 압구정점,기타,37.525513760648444,127.02707222939269,영업/정상,"서울특별시 강남구 논현로171길 15, 카로시티1 103,109호 (신사동)"
카이스파,기타,37.50952136100464,127.0401403141398,영업/정상,"서울특별시 강남구 봉은사로 303, TGL 경복빌딩 지하1층 (논현동)"
강남돌곱창,기타,37.52391016680715,127.0249115475998,영업/정상,"서울특별시 강남구 압구정로18길 17 (신사동,지상1층)"
스티브,기타,37.52264643962947,127.04201497690974,영업/정상,"서울특별시 강남구 선릉로148길 30, 지하1층 (청담동, MUSE-11)"
백압관,기타,37.524221905810144,127.05305276948499,영업/정상,"서울특별시 강남구 학동로97길 74, 1층 102호 (청담동)"
강남수랏간,기타,37.500716926801,127.05213166797145,영업/정상,"서울특별시 강남구 역삼로 410 (대치동,지상1층2층)"
밥스터스켓,기타,37.522625288647774,127.02207814428007,영업/정상,"서울특별시 강남구 압구정로10길 13 (신사동,(지상1층 102호))"
논현돈,기타,37.508766489018015,127.02604782249499,영업/정상,"서울특별시 강남구 강남대로122길 39, 지상1층 102호 (논현동)"
텐즈,기타,37.48508610168384,127.04334643249227,영업/정상,"서울특별시 강남구 논현로36길 19 (도곡동,지상1층)"
해랑,기타,37.507247162229554,127.02393207792912,영업/정상,"서울특별시 강남구 봉은사로1길 39, 유성빌딩 지상1층 103,104,105호 (논현동)"
알로이99(Aroi99),기타,37.502921426273524,127.03711242168022,영업/정상,"서울특별시 강남구 봉은사로30길 73, 지상2층 3호 (역삼동)"
클럽케이서울(Club K Seoul),기타,37.506765184992176,127.04808443368391,영업/정상,"서울특별시 강남구 선릉로 524, 지하1층 B102호 (삼성동)"
연몽,기타,37.50553517504766,127.05957986619417,영업/정상,"서울특별시 강남구 삼성로82길 23 (대치동,지상1층)"
러너펍 압구정로데오점 홀덤펍,기타,37.526228331329875,127.0373293976883,영업/정상,"서울특별시 강남구 선릉로157길 29 (신사동,2층)"
우리생고기,기타,37.48887399972195,127.06859379690619,영업/정상,"서울특별시 강남구 개포로82길 13-17, 2층 2호 (개포동)"
예소담,기타,37.52257916283772,127.02769333046383,영업/정상,"서울특별시 강남구 논현로 831, 지하1층 (신사동)"
도비,기타,37.49396878348001,127.03816020783033,영업/정상,"서울특별시 강남구 역삼로20길 22, 지상1층 104호 (역삼동)"
청담수연고래,기타,37.52226478807915,127.04609983979404,영업/정상,"서울특별시 강남구 도산대로78길 32, 지상1층 101호 (청담동)"
로즈F&B,기타,37.4980622054836,127.03465048312825,영업/정상,"서울특별시 강남구 논현로85길 43 (역삼동,진성빌딩지상1층)"
레이지레이디,기타,37.49772601279262,127.0292970420504,영업/정상,"서울특별시 강남구 테헤란로4길 6, 강남역 센트럴 푸르지오 시티 지상1층 128호 (역삼동)"
육전식당 역삼점,기타,37.49908447942096,127.03498023491497,영업/정상,"서울특별시 강남구 테헤란로22길 12, 지상1층 (역삼동)"
(주)러빙헛,기타,37.47690893981713,127.04944207089997,영업/정상,"서울특별시 강남구 개포로22길 35 (개포동,지상1층)"
무봉리토종순대국,기타,37.50521453149829,127.04764974461072,영업/정상,"서울특별시 강남구 선릉로93길 9 (역삼동,1층)"
고피자,기타,37.499102336545604,127.06040673426651,영업/정상,"서울특별시 강남구 삼성로 301, 하늘도시 지상1층 103호 (대치동)"
세림정,기타,37.514848713440394,127.03678045820244,영업/정상,"서울특별시 강남구 언주로130길 14 (논현동,1층)"
탁골감자탕,기타,37.52774588756646,127.03860967651286,영업/정상,"서울특별시 강남구 압구정로50길 7, 정동상가 지상1층 12호 (신사동)"
슈진,기타,37.52468080375788,127.03876560399947,영업/정상,"서울특별시 강남구 선릉로153길 7 (신사동,지하1층)"
띠엘로,기타,37.51881365107612,127.02221148254607,영업/정상,"서울특별시 강남구 도산대로11길 21, 지상1층 (신사동)"
로비라운지,기타,37.505303330492296,127.02886701898474,영업/정상,서울특별시 강남구 봉은사로 130 (역삼동)
오다,기타,37.525698002661805,127.05111853432352,영업/정상,"서울특별시 강남구 도산대로89길 18 (청담동,지상2층)"
더원,기타,37.51998629089575,127.05772118947249,영업/정상,"서울특별시 강남구 영동대로 648 (삼성동,삼안빌딩2층)"
선술집,기타,37.4967535297312,127.04506895370072,영업/정상,"서울특별시 강남구 언주로 323, 지상106호 (역삼동)"
하꼬야,기타,37.49564657813464,127.04081025486643,영업/정상,"서울특별시 강남구 논현로72길 16 (역삼동,103호)"
서울몽,기타,37.52352351476573,127.03132783975128,영업/정상,"서울특별시 강남구 도산대로37길 37, 지상1층 (신사동)"
라프푸드코트,기타,37.50878257207008,127.03492928502016,영업/정상,"서울특별시 강남구 논현로114길 18, 지하1층 1호 (논현동)"
지리산,기타,37.51864655504249,127.04636734829835,영업/정상,서울특별시 강남구 학동로67길 5 (청담동)
토크쇼,기타,37.49090195277258,127.08128889790558,영업/정상,서울특별시 강남구 일원로5길 3 (일원동)
미담숯불바베큐,기타,37.4967535297312,127.04506895370072,영업/정상,"서울특별시 강남구 언주로 323, 1층 103호 (역삼동)"
일두,기타,37.509509660114574,127.03649734295176,영업/정상,"서울특별시 강남구 언주로113길 10, 지상1층 (논현동)"
타닥타닥 솥밥 더룸 강남역삼역GFC센터필드본점 점심저녁,기타,37.500655045511735,127.03284601216585,영업/정상,"서울특별시 강남구 강남대로94길 70, 지하1층 (역삼동)"
당신이 선택한 인생치킨 강남구청점,기타,37.515555544711106,127.04236734449843,영업/정상,"서울특별시 강남구 선릉로 660, 지하1층 B110호,B111호 내3호 (삼성동, 브라운스톤 레전드)"
심가네칼국수 역삼역본점,칼국수,37.50318424198576,127.03852504213772,영업/정상,"서울특별시 강남구 논현로94길 29-3 (역삼동,지하1층)"
무교동낙지,기타,37.48812055362653,127.05107766375514,영업/정상,"서울특별시 강남구 언주로30길 13, 3호호 (도곡동,대림아크로텔지하1층)"
명동할머니국수삼성역점,기타,37.50743482155119,127.06292633877702,영업/정상,서울특별시 강남구 영동대로85길 6 (대치동)
콩부자 전주콩나물국밥 양재역점,국밥,37.4856977527941,127.03693603545887,영업/정상,"서울특별시 강남구 남부순환로359길 8, 지상1층 (도곡동)"
장손곤지암소머리국밥,국밥,37.50680750275637,127.0491081437306,영업/정상,서울특별시 강남구 선릉로100길 24 (삼성동)
푸세울 닭,기타,37.51054291729413,127.06288038865922,영업/정상,서울특별시 강남구 영동대로 510 (삼성동)
김참치,기타,37.517192196557936,127.02322693947501,영업/정상,서울특별시 강남구 도산대로 132 (논현동)
훼밀리아,기타,37.51398566342548,127.03587590882915,영업/정상,"서울특별시 강남구 언주로 640, 1층 (논현동)"
선릉감자탕뼈숯불구이,기타,37.506765184992176,127.04808443368391,영업/정상,"서울특별시 강남구 선릉로 524, 선릉대림아크로텔 지상1층 106호 (삼성동)"
가마로강정 대치은마점,기타,37.499448954765036,127.06427449566416,영업/정상,"서울특별시 강남구 삼성로58길 39, 지상1층 109호 (대치동)"
코코이찌방야 강남점,기타,37.503180982993435,127.02563001591126,영업/정상,"서울특별시 강남구 강남대로 456, 한석타워 지상2층 202호 (역삼동)"
이윤서의 맛있는 팔도반찬,기타,37.494790846429304,127.03866357916974,영업/정상,"서울특별시 강남구 논현로71길 11, 지상1층 (역삼동)"
아카시아씨앤비,기타,37.519981253277905,127.02270281712919,영업/정상,"서울특별시 강남구 도산대로13길 31-1 (신사동,지층 102호)"
피자 헤븐테이스트(역삼점),기타,37.49243142777044,127.04001647166797,영업/정상,"서울특별시 강남구 도곡로 189, 지상2층 (역삼동)"
등촌샤브칼국수,칼국수,37.50645362693023,127.02477366085303,영업/정상,"서울특별시 강남구 강남대로118길 14, 지상2층 (논현동)"
하레이자카야,기타,37.506636361318236,127.06056566360655,영업/정상,"서울특별시 강남구 영동대로85길 38, 지하1층 (대치동)"
크라이치즈버거,기타,37.50920524426578,127.06548607190506,영업/정상,"서울특별시 강남구 테헤란로 620, 지하1층 (대치동)"
센터커피 삼성점,기타,37.510929632917374,127.06466904278678,영업/정상,"서울특별시 강남구 영동대로96길 26, 하나은행삼성동 1층 (삼성동)"
삼성장어,기타,37.510388992730235,127.05340584497014,영업/정상,"서울특별시 강남구 삼성로103길 12, 지하1층 109호 (삼성동, 신도브래뉴주상복합)"
아이러브펍,기타,37.49486236575759,127.03130810202427,영업/정상,"서울특별시 강남구 역삼로3길 20 (역삼동,지상2층)"
부전 한돈,기타,37.49030168870387,127.08524539489679,영업/정상,"서울특별시 강남구 일원로9길 46 (일원동,지상1층)"
복훈,기타,37.50471344902549,127.04385683323984,영업/정상,"서울특별시 강남구 언주로98길 26, 1층 (역삼동)"
더 헤븐,기타,37.517705434099945,127.04078052660232,영업/정상,"서울특별시 강남구 선릉로 703 (논현동,지상13~14층)"
라파레이싱리미티드한국지점,기타,37.52133164740028,127.02235801894402,영업/정상,"서울특별시 강남구 압구정로10길 35-1, 지상1층 (신사동)"
와려,기타,37.50656647603212,127.06279655296751,영업/정상,"서울특별시 강남구 테헤란로98길 28, 성연빌딩 지상2층 2호 (대치동)"
캠핑고양이,기타,37.48795850361013,127.03483510472624,영업/정상,"서울특별시 강남구 도곡로4길 38, 지상1층 (도곡동)"
엄마밥집,기타,37.489314848334814,127.03330330468441,영업/정상,서울특별시 강남구 도곡로4길 10 (도곡동)
풀,기타,37.49806346087435,127.0332130760928,영업/정상,"서울특별시 강남구 논현로85길 58 (역삼동,지하2층)"
이모네,기타,37.523582626445155,127.04512732419246,영업/정상,"서울특별시 강남구 도산대로 446 (청담동,경원하이츠텔106)"
싱싱이 야채막회,기타,37.50483472501995,127.04319846082312,영업/정상,"서울특별시 강남구 언주로98길 18 (역삼동,지상1층101호)"
싸다김밥 강남역점,기타,37.49772601279262,127.0292970420504,영업/정상,"서울특별시 강남구 테헤란로4길 6, 강남역 센트럴 푸르지오 시티 지상1층 120호 (역삼동)"
달보드레,기타,37.506910825756655,127.02989449039677,영업/정상,"서울특별시 강남구 논현로111길 46, 지하1층 (논현동, 보경빌딩)"
플레이그라운드(PLAYGROUND),기타,37.50863823861956,127.05861460273401,영업/정상,"서울특별시 강남구 테헤란로87길 13, 서영빌딩 지하1층 B01호 (삼성동)"
바나프레소 강남점,기타,37.49539989631866,127.03040580524147,영업/정상,"서울특별시 강남구 테헤란로4길 46, 지하1층 101호 (역삼동, 쌍용플래티넘밸류)"
비놀릭더샵,기타,37.49133230762707,127.03509712335787,영업/정상,"서울특별시 강남구 도곡로7길 8, 송현빌딩 지하1층 (역삼동)"
청계숲양대창 (강남직영점),기타,37.492220150982554,127.03088431362245,영업/정상,"서울특별시 강남구 강남대로 324, 역삼디오슈페리움 지상1층 101호,103호 (역삼동)"
백년교동짬뽕 강남본점,기타,37.490904567885465,127.03248509962211,영업/정상,"서울특별시 강남구 도곡로1길 14, 삼일프라자오피스텔 지하1층 1호,5호,15호,21호,22호,23호 (역삼동)"
부엉이 식당,기타,37.51174381417287,127.02530682911608,영업/정상,"서울특별시 강남구 학동로12길 8, 1층 (논현동)"
메밀밭,기타,37.4992037877254,127.0630993764294,영업/정상,"서울특별시 강남구 도곡로 516 (대치동,107호)"
가야,기타,37.533026741970474,127.0279255640881,영업/정상,"서울특별시 강남구 압구정로29길 71 (압구정동,2동 지상1층 110호)"
파지티브호텔 클럽하우스 도산,기타,37.52367942864523,127.03676313492863,영업/정상,"서울특별시 강남구 압구정로46길 77, 지하1층,지상1,3층 (신사동)"
돈카츠멘,기타,37.49701926861979,127.03421345560217,영업/정상,"서울특별시 강남구 테헤란로14길 39, A동 지상1층 101호 (역삼동, 네이처)"
지칸 2호점,기타,37.51635129289024,127.06535974902862,영업/정상,"서울특별시 강남구 봉은사로111길 18, 지상1층 1호 (삼성동)"
여기가 행복한 밥상,기타,37.491247621119726,127.08780587087564,영업/정상,"서울특별시 강남구 양재대로55길 5, 지상1층 (일원동)"
다이빙포펄스(DIVING FOR PEARLS),기타,37.527544363485724,127.05021213564385,영업/정상,"서울특별시 강남구 도산대로85길 40-14, 지상1층 (청담동)"
명동만두,기타,37.49447727219255,127.03420154751092,영업/정상,"서울특별시 강남구 역삼로 133, 지상1층 1호 (역삼동)"
선셋스위밍,기타,37.52685770391313,127.03558477707539,영업/정상,"서울특별시 강남구 언주로170길 23, 지상1층 (신사동)"
이찌준,기타,37.492309221770384,127.0357757848269,영업/정상,"서울특별시 강남구 도곡로13길 19 (역삼동,롯데캐슬노블 지하1층106호)"
이향,기타,37.50907475037876,127.05675772873565,영업/정상,"서울특별시 강남구 테헤란로81길 30, 지상1층 (삼성동)"
필메이트 강남점,기타,37.5001335570204,127.02761656954551,영업/정상,"서울특별시 강남구 테헤란로1길 28, 지상1.2.3층 (역삼동)"
홀리즌,기타,37.51715185910574,127.02455070068521,영업/정상,"서울특별시 강남구 논현로149길 51, 지상2층 (논현동)"
가나,기타,37.49906011774676,127.05193036382063,영업/정상,"서울특별시 강남구 선릉로 328 (대치동,지하1층 제23호)"
영차떡볶이,기타,37.5024967279841,127.02684251749247,영업/정상,"서울특별시 강남구 봉은사로4길 36, 운현빌딩 지상1층 101호 (역삼동)"
오구오구,기타,37.507183628575,127.06175527859241,영업/정상,"서울특별시 강남구 영동대로85길 20-3, 지상2층 (대치동)"
타코노미,기타,37.473063692379725,127.1024472975402,영업/정상,"서울특별시 강남구 자곡로 172, 지상1층 101호 (자곡동)"
신전떡볶이 도곡점,기타,37.486522958022455,127.03587280112697,영업/정상,"서울특별시 강남구 남부순환로359길 27, 지상1층 B호 (도곡동)"
바(Bar)램,기타,37.522515940819254,127.0270794454426,영업/정상,"서울특별시 강남구 논현로157길 12, 지하1층 101호 (신사동)"
윤반장푸드,기타,37.50764711730527,127.02890178922476,영업/정상,"서울특별시 강남구 강남대로120길 67, 지상1층 101호 (논현동)"
포 쿠치나,기타,37.520407250459,127.03609523539045,영업/정상,"서울특별시 강남구 언주로148길 14, 청호불교문화원 라동 지상1층 114, 115호 (논현동)"
거제지심도,기타,37.508720096036946,127.06615009905339,영업/정상,"서울특별시 강남구 테헤란로108길 11 (대치동,삼호빌딩지상1층)"
까치화방,기타,37.50328185232003,127.02671722218113,영업/정상,"서울특별시 강남구 봉은사로4길 23, 지상1층 (역삼동)"
쓰리핸즈온(3HANDS ON),기타,37.503749503679266,127.06172946897266,영업/정상,"서울특별시 강남구 역삼로 536, 지상1층 (대치동)"
펜타리움,기타,37.52246102903901,127.05512026763388,영업/정상,"서울특별시 강남구 영동대로 725, 지상3층 (청담동)"
해인,기타,37.52691272341791,127.04537837309363,영업/정상,"서울특별시 강남구 압구정로 439, 지하1층 (청담동)"
히트커피 로스터스 신사,기타,37.5209627810608,127.02413764301771,영업/정상,"서울특별시 강남구 도산대로17길 34, 지상1층 (신사동)"
롯데시네마 도곡,기타,37.487453438312954,127.04713139592208,영업/정상,"서울특별시 강남구 남부순환로 2753, 지하2층 (도곡동)"
에이치,기타,37.50523755070842,127.05820624548555,영업/정상,"서울특별시 강남구 삼성로84길 6 (대치동,지상1층)"
강남수향 본점,기타,37.4957738136339,127.03033212769779,영업/정상,"서울특별시 강남구 테헤란로4길 38-3 (역삼동,지상1층)"
깻잎막회,기타,37.510108089759626,127.0232324681306,영업/정상,"서울특별시 강남구 학동로4길 20 (논현동,지상1층)"
베네티,기타,37.50375849188647,127.02606519524043,영업/정상,"서울특별시 강남구 강남대로110길 14, 지상3층 (역삼동)"
씨스루(C.THROUGH) 압구정점,기타,37.52344954608369,127.02665307927587,영업/정상,"서울특별시 강남구 논현로161길 17, 지상1층 (신사동)"
압구정 진주,기타,37.52790851451168,127.03749434702642,영업/정상,"서울특별시 강남구 압구정로46길 5-10, 지상1층 101,102호 (신사동)"
온투,기타,37.52478476307834,127.02734540762779,영업/정상,"서울특별시 강남구 논현로167길 12, 지하1층 101호중 일부호 (신사동)"
만월,기타,37.49989993596842,127.04217245706222,영업/정상,"서울특별시 강남구 언주로81길 19, 1층 (역삼동)"
듬북담북 선릉1호,기타,37.50649751615155,127.0522768252101,영업/정상,"서울특별시 강남구 테헤란로69길 9 (삼성동,지상1층)"
종로 닭한마리,기타,37.51424902920098,127.03354539227367,영업/정상,"서울특별시 강남구 언주로129길 20 (논현동,지상1층 101호)"
골목짬뽕,기타,37.50956430237851,127.02282896934727,영업/정상,"서울특별시 강남구 학동로2길 28, 101호 일부호 (논현동)"
홀,기타,37.52343751276591,127.02159392761806,영업/정상,"서울특별시 강남구 압구정로 118 (신사동,지하1층)"
두성전주콩나물국밥 강남역점,국밥,37.494622955954775,127.03105382931368,영업/정상,"서울특별시 강남구 역삼로3길 17, 1층 (역삼동)"
녹스(NOX),기타,37.50358314622866,127.05206205552065,영업/정상,"서울특별시 강남구 선릉로86길 28, 지하1층 (대치동)"
비어플라주(beerflage),기타,37.511931559180006,127.04861165770414,영업/정상,"서울특별시 강남구 봉은사로 447, 1층 101호 (삼성동)"
제로테이블 - 다이어트가 맛있어지는 순간,기타,37.50085838008427,127.04058796164693,영업/정상,"서울특별시 강남구 언주로85길 32, 역삼역센트럴푸르지오 B1층 B126호 CA33호 (역삼동)"
쿠시카와,기타,37.48278552742675,127.04562871855713,영업/정상,"서울특별시 강남구 논현로24길 37, 지상1층 101호 (도곡동)"
땡글이네 집밥,기타,37.47872351610437,127.04835317719291,영업/정상,"서울특별시 강남구 개포로 234, 지상1층 (개포동)"
족삼리,기타,37.500590199254376,127.04276255216791,영업/정상,"서울특별시 강남구 테헤란로38길 29, 이원빌딩 지하1층 1호 (역삼동)"
AZ LAB(아즈 랩),기타,37.504040621906434,127.04010565998115,영업/정상,"서울특별시 강남구 테헤란로37길 27, 지하1층 (역삼동)"
광화문연가,기타,37.50528252887274,127.04680906994074,영업/정상,"서울특별시 강남구 선릉로93길 18 (역삼동,(지상1층))"
비사벌 전주콩나물국밥,국밥,37.49787575089493,127.05863280172129,영업/정상,"서울특별시 강남구 도곡로 440, 1층 (대치동)"
불독,기타,37.52655008748547,127.04610866121888,영업/정상,"서울특별시 강남구 압구정로 445, 지하1층 (청담동)"
순딜리버리 17호점,기타,37.513353374559664,127.02132348064708,영업/정상,"서울특별시 강남구 강남대로136길 5-4, 지하1층 17호 (논현동)"
강남 스테이(GANGNAM STAY),기타,37.499404821823234,127.03544300084766,영업/정상,"서울특별시 강남구 논현로87길 15-4, 2층 (역삼동)"
김치도가 역삼역점,기타,37.501296008090556,127.03497830686499,영업/정상,"서울특별시 강남구 테헤란로25길 9, 지하1층 (역삼동)"
팬케이크샵 가로수길점,기타,37.520250304837866,127.02018852633063,영업/정상,"서울특별시 강남구 강남대로162길 21, 지상1층 (신사동)"
후쿠오카 호르몬동 대치점,기타,37.50357434023682,127.05428035340167,영업/정상,"서울특별시 강남구 삼성로81길 43, 지상2층 5호 (대치동)"
원조원대구탕,기타,37.504744743334676,127.04617385495284,영업/정상,"서울특별시 강남구 선릉로93길 30 (역삼동,지하1층)"
풍년식당,기타,37.49488919572849,127.08407991480875,영업/정상,"서울특별시 강남구 개포로 652, 1층 102호 (일원동, 빌딩스타)"
몽트쌀케이크,기타,37.498763171184095,127.05209908279807,영업/정상,"서울특별시 강남구 선릉로 326 (대치동,00)"
영동손칼국수,칼국수,37.49870067584982,127.03157677479244,영업/정상,"서울특별시 강남구 테헤란로 124 (역삼동,특허청지하1층)"
미호(Miho),기타,37.506327386729055,127.03968530181676,영업/정상,"서울특별시 강남구 논현로102길 57, 기소지 지하1층 (역삼동)"
평양면옥 도산,기타,37.52133199998398,127.0372992189923,영업/정상,"서울특별시 강남구 언주로148길 35, 1,2층 (논현동)"
바램2(barraem2),기타,37.522515940819254,127.0270794454426,영업/정상,"서울특별시 강남구 논현로157길 12, 지하1층 (신사동)"
교촌치킨 역삼1호점,기타,37.49190137649195,127.03216088120242,영업/정상,"서울특별시 강남구 강남대로66길 16, 1층 (역삼동)"
고봉당 논현역점,기타,37.50835348539162,127.02342481110134,영업/정상,"서울특별시 강남구 학동로2길 50, 1층 102호 (논현동)"
아르보식당,기타,37.49024541284048,127.08505457458577,영업/정상,"서울특별시 강남구 일원로9길 42, 욱진양행 지상2층 201호 (일원동)"
돈돈,기타,37.50520236127337,127.05539152742065,영업/정상,"서울특별시 강남구 테헤란로78길 16, 노벨빌딩 지하1층 B03호 (대치동)"
학동오뎅,기타,37.51445282891691,127.03333245278738,영업/정상,"서울특별시 강남구 학동로 224 (논현동,지하1층 B114, B115호)"
돈가네역삼점,기타,37.49852510475672,127.03849733093963,영업/정상,서울특별시 강남구 논현로 428 (역삼동)
유정삼겹,기타,37.5051255631845,127.05213256993883,영업/정상,"서울특별시 강남구 테헤란로 418 (대치동,지하1층)"
순리대로,기타,37.4829850264655,127.04356110035374,영업/정상,"서울특별시 강남구 논현로28길 13, 지상1층 (도곡동)"
생김치 오겹살,기타,37.52118642593471,127.03853200625703,영업/정상,"서울특별시 강남구 선릉로145길 13 (논현동,지상1층)"
까페 텀블러,기타,37.51918437377475,127.04159415712157,영업/정상,"서울특별시 강남구 학동로55길 26, 지상1층 (청담동)"
금홍짬뽕,기타,37.51760357564272,127.02564794455202,영업/정상,서울특별시 강남구 논현로149길 35 (논현동)
스시 코마츠,기타,37.525217654595416,127.0322582182412,영업/정상,"서울특별시 강남구 언주로165길 7-10, 지상1층 (신사동)"
사쿠,기타,37.523848920262196,127.05178203780925,영업/정상,"서울특별시 강남구 도산대로100길 12, 지상1층 (청담동)"
카페자이언 삼성중앙점,기타,37.513299042471814,127.05257433202148,영업/정상,"서울특별시 강남구 삼성로111길 7, 103호 (삼성동, 현대빌딩)"
라이라이,기타,37.49126952694055,127.07930713803667,영업/정상,"서울특별시 강남구 일원로 28, 지상2층 (일원동)"
호정,기타,37.50553351536411,127.03964967324154,영업/정상,"서울특별시 강남구 언주로99길 15 (역삼동,지상1층)"
62-주방,기타,37.52198896378203,127.04938291769311,영업/정상,"서울특별시 강남구 도산대로92길 42, 도빌딩청담 지상1층 (청담동)"
페어링지(pairinG),기타,37.52177451887926,127.03112619412043,영업/정상,"서울특별시 강남구 논현로152길 37, C&J빌딩 지상3층 (신사동)"
반 피차이,기타,37.509377385265694,127.02452101737484,영업/정상,"서울특별시 강남구 강남대로124길 23, 지상101호 (논현동)"
웰빙엔터프라이즈(주)씨푸드닻,기타,37.49710453944807,127.0411765011473,영업/정상,"서울특별시 강남구 역삼로 223 (역삼동,지상1층)"
한가어죽,기타,37.5003143686503,127.03257618268594,영업/정상,서울특별시 강남구 테헤란로13길 10 (역삼동)
김군네 통닭집,기타,37.52130261018318,127.05739497919156,영업/정상,"서울특별시 강남구 학동로101길 15, 지상1층 (청담동)"
모구모구 돈부리,기타,37.50697913960668,127.06089475610497,영업/정상,"서울특별시 강남구 영동대로85길 34, 대치2차 아이파크 지상1층 101호 (대치동)"
미가,기타,37.5262128701334,127.03006113242056,영업/정상,"서울특별시 강남구 압구정로32길 23 (신사동,지하1층)"
고센,기타,37.52526457319008,127.04144913275537,영업/정상,"서울특별시 강남구 선릉로158길 18, 2,3층 (청담동)"
말랑,기타,37.52714825057928,127.03871429651134,영업/정상,"서울특별시 강남구 선릉로161길 21-3, 샤브센 지상1층 (신사동)"
어슬도곡,기타,37.48928307112221,127.05280405331841,영업/정상,"서울특별시 강남구 남부순환로 2806, 군인공제회관 지하1층 b136호~138호 (도곡동)"
영상총각의 키친,기타,37.523093880904455,127.02601870965044,영업/정상,"서울특별시 강남구 논현로159길 22-1, 지상1층 101호 (신사동)"
프랭크버거 대치점,기타,37.49844750633076,127.05846373290986,영업/정상,"서울특별시 강남구 도곡로77길 3, 지상1층 101호 (대치동)"
블랜디크,기타,37.51846356670973,127.02237648752048,영업/정상,"서울특별시 강남구 도산대로11길 15, 지상5층 (신사동)"
샹베리,기타,37.50745006678063,127.04539658749223,영업/정상,"서울특별시 강남구 선릉로103길 5, 1층 101호 (역삼동)"
폴 바셋 NC타워 삼성점,기타,37.50781618953231,127.05818506225654,영업/정상,"서울특별시 강남구 테헤란로 509, NC타워 1층 (삼성동)"
(주)더츠커피 삼성본점,기타,37.51016369747684,127.05143500934405,영업/정상,"서울특별시 강남구 봉은사로68길 33, 1,2층 (삼성동)"
슈퍼커피 강남구청점,기타,37.51854462903044,127.04054951821512,영업/정상,"서울특별시 강남구 선릉로 713, 지상1층 (논현동)"
치보 강남신사점,기타,37.51802364843608,127.0208342876474,영업/정상,"서울특별시 강남구 강남대로154길 21, 1층 (신사동)"
이공이공(2020),기타,37.524513699287176,127.04523652050737,영업/정상,"서울특별시 강남구 압구정로80길 19-1, 지상1층 (청담동)"
카레전문점델리,기타,37.52790851451168,127.03749434702642,영업/정상,"서울특별시 강남구 압구정로46길 5-10, 압구정로데오스타 B동 지상1층 105호 (신사동)"
나주본가설렁탕,기타,37.51051165543356,127.05403076378445,영업/정상,"서울특별시 강남구 삼성로103길 6 (삼성동,지상1층)"
꼬꾸이누룽지통닭 (일원점),기타,37.48987739519993,127.08298200428082,영업/정상,"서울특별시 강남구 일원로9길 17 (일원동,지상1층)"
김밥천국,기타,37.506898738425065,127.05491976603508,영업/정상,"서울특별시 강남구 테헤란로77길 6 (삼성동,지상1층)"
주당의 비결 본점,기타,37.52705557154047,127.03914277055655,영업/정상,"서울특별시 강남구 선릉로161길 15-3, 지상1층 103호, 104호 (신사동)"
오니바,기타,37.52520576203869,127.04571644736791,영업/정상,"서울특별시 강남구 도산대로75길 15, 지하1층 (청담동, 노노빌딩)"
지코바,기타,37.49179733254751,127.03661379391612,영업/정상,"서울특별시 강남구 도곡로13길 8, 1층 103호 (역삼동)"
참치공방(선릉지점),기타,37.5042566371266,127.05411448796855,영업/정상,"서울특별시 강남구 삼성로85길 39, 가리온 지상2층 (대치동)"
현대이모네2,기타,37.51216196911044,127.06534269224233,영업/정상,서울특별시 강남구 봉은사로114길 42 (삼성동)
수미초밥,기타,37.4941242252226,127.03646581578546,영업/정상,"서울특별시 강남구 논현로71길 37, 1층 101,102호 (역삼동)"
비어바켓 강남구청점,기타,37.515138958163355,127.04173179588815,영업/정상,"서울특별시 강남구 선릉로 655, 지하1층 (논현동)"
장독대 김치찌개 선릉점,기타,37.50331978736596,127.05145911830523,영업/정상,"서울특별시 강남구 테헤란로64길 24, 1층 (대치동, 유경빌딩)"
황장금 압구정로데오점,기타,37.52560590524735,127.03841232451013,영업/정상,"서울특별시 강남구 선릉로155길 16, 지상1층 (신사동)"
혜준당,기타,37.51054182685763,127.03594543667222,영업/정상,"서울특별시 강남구 언주로 615, 논현 아이파크 103동 지하1층 B111호 (논현동)"
라피짜(La PIZZA),기타,37.52685691515792,127.04947346944186,영업/정상,"서울특별시 강남구 도산대로85길 35, 지상1층 (청담동)"
우곱집 선릉점,기타,37.503905799798616,127.05462872634766,영업/정상,"서울특별시 강남구 삼성로81길 36, 지하1,지상1층 (대치동)"
육색찬란,기타,37.51754902907798,127.03932279792963,영업/정상,"서울특별시 강남구 선릉로131길 20, 1층 (논현동)"
파크하얏트서울(B1F),기타,37.50856679166254,127.0641468957995,영업/정상,"서울특별시 강남구 테헤란로 606, 지하1층 (대치동, 파크하얏트서울)"
에이미 와인하우스,기타,37.519973995008144,127.03133488947631,영업/정상,"서울특별시 강남구 논현로150길 35, 지상1층 (논현동)"
백초밥,기타,37.50102401644847,127.0339199193902,영업/정상,"서울특별시 강남구 논현로95길 29-16 (역삼동,지상1층)"
더맛골,기타,37.50425500641158,127.05145858940072,영업/정상,"서울특별시 강남구 테헤란로64길 13, 지하1층 B102호 (대치동, 선릉역 풍림아이원레몬)"
愛,기타,37.505226819155546,127.04913772781353,영업/정상,"서울특별시 강남구 선릉로92길 6, 지상1층 (삼성동)"
묵찜빠 강남점,기타,37.515555544711106,127.04236734449843,영업/정상,"서울특별시 강남구 선릉로 660, 지하1층 키친42 B110호,B111호 주방11호 (삼성동, 브라운스톤 레전드)"
타마시,기타,37.521399806336674,127.02656652925494,영업/정상,"서울특별시 강남구 도산대로25길 27, 지상1층 (신사동)"
고화갈비살 수서,기타,37.48851996356718,127.10325621679499,영업/정상,"서울특별시 강남구 광평로51길 6-11, 문암빌딩 지상1층 101호 (수서동)"
드가자,기타,37.49490644552167,127.03902273701415,영업/정상,"서울특별시 강남구 논현로71길 5, 지상1층 (역삼동)"
송파류선생,기타,37.52610426296547,127.03708955436717,영업/정상,"서울특별시 강남구 압구정로48길 35, 4층 (신사동)"
한올,기타,37.5190761794654,127.0237615301959,영업/정상,"서울특별시 강남구 도산대로15길 11, 지상2층 (신사동)"
세곡초장,기타,37.46400000954552,127.10730858512954,영업/정상,"서울특별시 강남구 밤고개로34길 4, 지상1층 10호,11호 (세곡동)"
기네스72 역삼,기타,37.5027776617155,127.03856825744226,영업/정상,"서울특별시 강남구 논현로94길 28, 지상1층 (역삼동)"
캘리더델리 청담,기타,37.526246953481994,127.04045931875854,영업/정상,"서울특별시 강남구 선릉로 832, 소나무빌딩 지하3층 (청담동)"
더라이온스덴 청담,기타,37.525730436150546,127.04069551258704,영업/정상,"서울특별시 강남구 선릉로158길 7, 지하1층 (청담동)"
시골손칼국수,칼국수,37.49300157535366,127.0391171527819,영업/정상,"서울특별시 강남구 논현로63길 16, 지상1층 122호 (역삼동, 역삼종합시장 더블루)"
요리와 담소,기타,37.52373874025837,127.02721814736951,영업/정상,"서울특별시 강남구 논현로163길 9-6, 지상1층 (신사동)"
코마츠(KOMATSU),기타,37.51562967892534,127.03164041233694,영업/정상,"서울특별시 강남구 학동로31길 15, 지상1층 (논현동)"
백소정 도곡점,기타,37.484165851023974,127.04467546349773,영업/정상,"서울특별시 강남구 논현로28길 35, 지상1층 102호 (도곡동, 대동빌딩)"
나주가,기타,37.497139273503336,127.03150834602897,영업/정상,"서울특별시 강남구 강남대로84길 36, 지상1층 (역삼동)"
빠삐용빵 논현점,기타,37.51746924824087,127.02724525884813,영업/정상,서울특별시 강남구 논현로145길 19 (주)꽃피는 봄이오면 지상1층 (논현동)
현경이네,기타,37.5118515119382,127.02210584967952,영업/정상,"서울특별시 강남구 학동로 105, 제이빌딩 지하1층 (논현동)"
키친에브리데이,기타,37.48847201584525,127.04873271473052,영업/정상,"서울특별시 강남구 남부순환로 2763, 1층 101호 (도곡동, SK리더스뷰)"
고스탑뱅뱅사거리점,기타,37.49137327141994,127.0325245061568,영업/정상,
오스테리아 꼬또 압구정점,기타,37.52507397527293,127.03223640249864,영업/정상,"서울특별시 강남구 언주로165길 7-12, 지상1층, 2층 (신사동)"
스웰,기타,37.52360964704146,127.02336718213978,영업/정상,"서울특별시 강남구 압구정로14길 11, 지하1층 (신사동)"
레이브릭스,기타,37.520532241079614,127.02445223061515,영업/정상,"서울특별시 강남구 논현로153길 46 (신사동,번지 1층)"
어반81(URBAN81),기타,37.51215002485675,127.04420359489598,영업/정상,"서울특별시 강남구 봉은사로55길 24, 1층 (삼성동)"
호천당 역삼점,기타,37.4990215502961,127.03540267639197,영업/정상,"서울특별시 강남구 테헤란로22길 15, 건축문화사옥 지상1층 (역삼동)"
짬뽕지존 역삼점,기타,37.49779810634242,127.03290800958712,영업/정상,"서울특별시 강남구 테헤란로10길 21, B동 2층 (역삼동, 세명프라자 주건축물제2동)"
여수동촌,기타,37.50338694116012,127.0574780211218,영업/정상,서울특별시 강남구 삼성로75길 9 (대치동)
청담하우스,기타,37.52449695180807,127.04146333180103,영업/정상,"서울특별시 강남구 선릉로152길 21, 영인빌딩 지상4층 (청담동)"
석이테이블,기타,37.521473638646754,127.03696676259766,영업/정상,"서울특별시 강남구 언주로150길 32, 지하2층 (논현동)"
쉘터에이(Shelter A),기타,37.520171986212496,127.0489885156544,영업/정상,"서울특별시 강남구 삼성로 725, 신관 지상1층 102호 (청담동)"
김밥천국,기타,37.52782276866141,127.03045808378056,영업/정상,"서울특별시 강남구 압구정로 212 (신사동,지상1층14호,15호)"
숙성회 카이단(kaidan),기타,37.519197370413266,127.02187713077522,영업/정상,"서울특별시 강남구 도산대로11길 31-7, 지하1층 101호 (신사동)"
프레지던트,기타,37.51071430147491,127.05577187675608,영업/정상,"서울특별시 강남구 테헤란로81길 62-1, 지상2층 (삼성동)"
갓잇 강남점(GODEAT),기타,37.50416616241853,127.02605177875209,영업/정상,"서울특별시 강남구 봉은사로4길 10, 지상1층 (역삼동)"
제이제이 벤처스 JJ Ventures,기타,37.49700309676952,127.03157707425103,영업/정상,"서울특별시 강남구 테헤란로8길 28-4, 1층 101호 (역삼동, .)"
와인 쉬어리(wine 쉬어리),기타,37.4851396659646,127.043744087906,영업/정상,"서울특별시 강남구 논현로36길 23, 지상1층 (도곡동)"
삼환,기타,37.51490556312256,127.06089328187457,영업/정상,"서울특별시 강남구 영동대로112길 10, 지상1층 101호,102호 (삼성동)"
서울밥상,기타,37.51368478702316,127.06149400334463,영업/정상,"서울특별시 강남구 봉은사로 608-10, 2층 (삼성동)"
처갓집양념치킨 개포점,기타,37.47617797941182,127.04756956192082,영업/정상,"서울특별시 강남구 논현로16길 10-3, 지상1층 (개포동)"
핫씨,기타,37.521506942316584,127.03110797714918,영업/정상,"서울특별시 강남구 논현로152길 36, 지상2층 (신사동)"
영동코다리,기타,37.490215663730616,127.03548356392238,영업/정상,서울특별시 강남구 도곡로8길 5 (도곡동)
비어테라스,기타,37.49757781013868,127.03148388752139,영업/정상,"서울특별시 강남구 테헤란로8길 20, 1층 (역삼동)"
반도 샌드,기타,37.47814326254137,127.04708345782258,영업/정상,"서울특별시 강남구 개포로20길 8, 지상1층 (개포동)"
최순옥명품국밥 선릉점,국밥,37.50409419704531,127.05363907597793,영업/정상,"서울특별시 강남구 선릉로86길 48, 지상1층 (대치동)"
더블유 앤 엠(W&M),기타,37.52479739967094,127.03646493627444,영업/정상,"서울특별시 강남구 선릉로153길 36, 지상1층 (신사동)"
토쿠시 이자카야,기타,37.52774588756646,127.03860967651286,영업/정상,"서울특별시 강남구 압구정로50길 7, 지상1층 15호 (신사동)"
세광 양대창 강남점,기타,37.495352884783955,127.03200029634132,영업/정상,"서울특별시 강남구 역삼로5길 22, 지상1층 (역삼동)"
진심 왕돈까스 역삼점,기타,37.49774698519704,127.03140295382025,영업/정상,"서울특별시 강남구 테헤란로8길 16, 지희빌딩 지상1층 (역삼동)"
정돈 프리미엄 신사점,기타,37.51977491416805,127.0210492835378,영업/정상,"서울특별시 강남구 강남대로160길 28, 지상1층 (신사동)"
새벽대게 강남지점,기타,37.502112154108374,127.052761116887,영업/정상,"서울특별시 강남구 선릉로76길 27, 지상1층 101호,지하1층 B101호 (대치동)"
귀신반점,기타,37.518713895135825,127.0521206888535,영업/정상,"서울특별시 강남구 학동로88길 5 (삼성동, 진흥상가 101-2, 102호)"
바제라늄(Bar Geranium),기타,37.52607022975987,127.04073291009222,영업/정상,"서울특별시 강남구 도산대로55길 37, 지상1층 (청담동)"
차타임 압구정역점,기타,37.52582779197956,127.02820409912543,영업/정상,"서울특별시 강남구 논현로 863, 1층 (신사동)"
포이김밥초밥,기타,37.47619671346099,127.05017465059314,영업/정상,서울특별시 강남구 개포로22길 49 (개포동)
일원로 한식뷔페,기타,37.49075292751245,127.08677076024192,영업/정상,"서울특별시 강남구 일원로9길 64 (일원동,지상1,2층)"
서문성,기타,37.489470107275025,127.10357590184053,영업/정상,"서울특별시 강남구 광평로51길 22, 상가동 2층 201호 (수서동, 한아름아파트)"
아오리의행방불명 강남점,기타,37.490904567885465,127.03248509962211,영업/정상,"서울특별시 강남구 도곡로1길 14, 삼일프라자오피스텔 1층 105호 (역삼동)"
파티가든,기타,37.49434450256687,127.06418632898703,영업/정상,"서울특별시 강남구 남부순환로 3008 (대치동,지하1층)"
박해동 스시,기타,37.50542846515281,127.05923931278252,영업/정상,"서울특별시 강남구 삼성로82길 19, 지상2층 (대치동)"
가마솥 순대국,기타,37.49772874862663,127.03344727929273,영업/정상,"서울특별시 강남구 논현로85길 57, 2층 (역삼동)"
두댓(Do That),기타,37.50302603921879,127.03622484981395,영업/정상,"서울특별시 강남구 논현로 520, 청송빌딩 지상1층 101호 (역삼동)"
고기창고 도곡점,기타,37.484396644172215,127.0458865537934,영업/정상,"서울특별시 강남구 논현로28길 50, 지상1층 102호 (도곡동)"
시골남자파스타,기타,37.50971623935137,127.03352390377331,영업/정상,"서울특별시 강남구 봉은사로29길 35, 지하2층 B201호,B202호 주방23호 (논현동, 한양수자인 어반게이트)"
카페 보보,기타,37.49534084644992,127.05265202234067,영업/정상,"서울특별시 강남구 선릉로 225, 도곡렉슬상가 지상1층 107호 (도곡동)"
식탐가,기타,37.493760094635,127.04196429085864,영업/정상,"서울특별시 강남구 논현로64길 17, 나승빌딩 1층 (역삼동)"
고운님,기타,37.51046472706423,127.06027605014796,영업/정상,
리윤 스시 스미레,기타,37.52464084212914,127.0405698382244,영업/정상,"서울특별시 강남구 도산대로55길 18, 지상4층 (청담동)"
선이랑,기타,37.48254931056116,127.04523602111082,영업/정상,"서울특별시 강남구 논현로26길 30-12, 지상1층 (도곡동)"
포케올데이 선정릉역점,기타,37.510536394657485,127.04306053458859,영업/정상,"서울특별시 강남구 봉은사로 333, 지상1층 104호 (논현동, 선정릉역 모아엘가 퍼스트 홈)"
이치규 강남 신논현점,기타,37.503543995352686,127.02660265626724,영업/정상,"서울특별시 강남구 봉은사로4길 19, 2층 (역삼동)"
연탄 김평선 강남본점,기타,37.5053314097857,127.05437351601176,영업/정상,"서울특별시 강남구 선릉로90길 64, 지상1층 (대치동)"
정겨운 식당,기타,37.46400000954552,127.10730858512954,영업/정상,"서울특별시 강남구 밤고개로34길 4, 지상1층 13호 (세곡동)"
제주덕구 삼성점,기타,37.51063131302371,127.05697958925543,영업/정상,"서울특별시 강남구 삼성로100길 23-9, 지하1층 (삼성동)"
면육당,기타,37.52170665798376,127.0210359919379,영업/정상,"서울특별시 강남구 강남대로162길 41-15, 지하1층 (신사동)"
카페유메,기타,37.51223213343627,127.02855454033947,영업/정상,"서울특별시 강남구 학동로20길 13 (논현동,강남구민자유치논현2동주차장 지상1층)"
서문떡볶이,기타,37.5153268867226,127.06087861349907,영업/정상,"서울특별시 강남구 영동대로114길 10, 삼성빌딩 지상1층 (삼성동)"
서울의 달,기타,37.49269066912381,127.03938241924577,영업/정상,"서울특별시 강남구 논현로63길 17, 지하1층 (역삼동)"
도쿄 사이카보(TOKYO SAIKABO),기타,37.52576943601022,127.05242737646047,영업/정상,"서울특별시 강남구 도산대로101길 9, 지하1층 (청담동)"
볼빨간 딱새우 프리미엄,기타,37.50575452609041,127.04690180244097,영업/정상,"서울특별시 강남구 테헤란로55길 21, 미승빌딩 지상1층 (역삼동)"
뉴욕,기타,37.52282143660338,127.03996263060945,영업/정상,"서울특별시 강남구 도산대로 406, 청담퍼스트타워 지하1층 B102호 (청담동)"
루나,기타,37.52646329757711,127.03374454157641,영업/정상,"서울특별시 강남구 언주로 852 (신사동,지하1층)"
주식회사 장다리,기타,37.52790046322738,127.03788723910904,영업/정상,"서울특별시 강남구 압구정로46길 5-14, 지상1층 (신사동)"
육수당 선릉역점,기타,37.506765184992176,127.04808443368391,영업/정상,"서울특별시 강남구 선릉로 524, 선릉대림아크로텔 지상1층 110호 (삼성동)"
이가네 김밥마을,기타,37.49082600824371,127.08254786478112,영업/정상,"서울특별시 강남구 양재대로33길 21 (일원동,지상1층)"
제국한우짝갈비,기타,37.520407250459,127.03609523539045,영업/정상,"서울특별시 강남구 언주로148길 14, 청호불교문화원 나동 201호 (논현동)"
타르틴 베이커리 강남역점,기타,37.494216095918084,127.0303421186502,영업/정상,"서울특별시 강남구 강남대로 350, 지상3층 (역삼동)"
미소,기타,37.5203903475058,127.03155636613816,영업/정상,"서울특별시 강남구 도산대로 224 (논현동,지하1층)"
청담그늘,기타,37.52274014550709,127.04441756383311,영업/정상,"서울특별시 강남구 도산대로66길 13, 지하2층 (청담동)"
소문난 닭도리탕&생선 조림 전문점,기타,37.500590199254376,127.04276255216791,영업/정상,"서울특별시 강남구 테헤란로38길 29, 이원빌딩 지하1층 11호 (역삼동)"
솔리스트,기타,37.49682902542892,127.03962898870677,영업/정상,"서울특별시 강남구 논현로76길 8, 지하1층 (역삼동)"
에프와이아이(FYI),기타,37.49543980190584,127.03883977338235,영업/정상,"서울특별시 강남구 역삼로 180, MARU 180 지상1층 (역삼동)"
월드분식,기타,37.499102336545604,127.06040673426651,영업/정상,"서울특별시 강남구 삼성로 301, 하늘도시 지상1층 102호 (대치동)"
원조식당,기타,37.48877694433219,127.0673243100103,영업/정상,서울특별시 강남구 개포로82길 7 (개포동)
(주)심가네칼국수선릉역본점,칼국수,37.50439136329457,127.05334865475601,영업/정상,"서울특별시 강남구 테헤란로70길 16, 지상1층 B1호 (대치동, 동산빌딩)"
올데이피자(ALL DAY PIZZA),기타,37.520151866143216,127.02596631057858,영업/정상,"서울특별시 강남구 도산대로23길 17, 지하1층 (신사동)"
행복한 만두,기타,37.52075723328452,127.02599271779935,영업/정상,"서울특별시 강남구 논현로153길 27, 지하1,지상1,2층 (신사동)"
핏닭 압구정점,기타,37.52329266813361,127.0276928750289,영업/정상,"서울특별시 강남구 압구정로28길 49, 유림아트홀 107호 (신사동)"
강승월 한식당,기타,37.52416670005619,127.02405866997601,영업/정상,"서울특별시 강남구 논현로175길 61, 지상2층 (신사동)"
이태리일원,기타,37.48987739519993,127.08298200428082,영업/정상,"서울특별시 강남구 일원로9길 17, 지상2층 (일원동)"
육관소 양재역 본점,기타,37.485831201465764,127.03417105172265,영업/정상,"서울특별시 강남구 강남대로44길 7, 지상1층 (도곡동, 글수레빌딩)"
메이드인카페(MADE in CAFE),기타,37.507247162229554,127.02393207792912,영업/정상,"서울특별시 강남구 봉은사로1길 39, 1층 101,102호 (논현동)"
성풍한우,기타,37.51283486580611,127.06509965538703,영업/정상,"서울특별시 강남구 봉은사로114길 30-5, 지상1층 101호 (삼성동)"
무지개,기타,37.47654701369614,127.04784439597766,영업/정상,서울특별시 강남구 논현로16길 16 (개포동)
신복관 한우육개장 전문점,기타,37.50144612220856,127.03502118925033,영업/정상,"서울특별시 강남구 테헤란로25길 11 (역삼동,지상2층)"
강남실비 횟집,기타,37.51877161786243,127.02066860429736,영업/정상,"서울특별시 강남구 압구정로2길 46, 지상1층 제28,N13호 (신사동, 강남상가아파트)"
아이스걸크림보이 더테라스,기타,37.50574462277752,127.02520730995627,영업/정상,"서울특별시 강남구 강남대로114길 10, 3층 301호 (논현동)"
커피나인 언주역,기타,37.50669749260098,127.03278238244951,영업/정상,"서울특별시 강남구 봉은사로 170, 지상1층 106호 (역삼동)"
도르도뉴,기타,37.5114023119571,127.05658037053881,영업/정상,"서울특별시 강남구 삼성로104길 23, 지상2층 (삼성동)"
마초야,기타,37.4998998023324,127.05305634795529,영업/정상,"서울특별시 강남구 역삼로64길 18, 1층 (대치동)"
이수부,기타,37.49098554667702,127.03798825055017,영업/정상,"서울특별시 강남구 논현로57길 38, 1층 102호 (도곡동)"
리브(REEVE),기타,37.5080139610026,127.0553955587808,영업/정상,"서울특별시 강남구 삼성로 517, 지하1층 B107호,B119호 (삼성동, 채널리저브)"
라퀴진,기타,37.484158509174364,127.04624766818762,영업/정상,"서울특별시 강남구 논현로26길 52, 지상1층 (도곡동, 한설빌딩)"
더미뇽 서울(THE MIGNON SEOUL),기타,37.50271828121294,127.027425523829,영업/정상,"서울특별시 강남구 강남대로102길 25, 지하1층,지상1,2층 (역삼동)"
나능이,기타,37.521919756554986,127.04221664718379,영업/정상,"서울특별시 강남구 선릉로146길 29, 지하2층 (청담동)"
비티에스방통대,기타,37.49937226138643,127.06382239848077,영업/정상,"서울특별시 강남구 삼성로58길 31, 지하1층 (대치동)"
미러,기타,37.51560991332862,127.02025102322888,영업/정상,"서울특별시 강남구 강남대로150길 4 (논현동,지상2층)"
월선네,기타,37.52656782185734,127.02883122054304,영업/정상,서울특별시 강남구 논현로 874 (신사동)
월매네주막,기타,37.50821396790621,127.06227818618544,영업/정상,서울특별시 강남구 테헤란로 532 (대치동)
옛골,기타,37.50594939769901,127.03257299063777,영업/정상,"서울특별시 강남구 봉은사로24길 12, 지상1층 (역삼동)"
안사부,기타,37.50241564942969,127.03668739406584,영업/정상,"서울특별시 강남구 논현로94길 3, 1층 (역삼동)"
제육의계절 강남점,기타,37.50085838008427,127.04058796164693,영업/정상,"서울특별시 강남구 언주로85길 32, 역삼역센트럴푸르지오 지하1층 B122호 (역삼동)"
울트라멘,기타,37.507860064837374,127.02433782017698,영업/정상,"서울특별시 강남구 강남대로122길 14 (논현동,지상1층)"
떠블유커피와샌드위치,기타,37.52629777102165,127.02744711007324,영업/정상,"서울특별시 강남구 압구정로 162 (신사동,베네하임시티 지하1층103호)"
카페구오,기타,37.51955439126105,127.02062140341746,영업/정상,"서울특별시 강남구 압구정로2길 35, 지상1층 105호 (신사동)"
페리카나,기타,37.46400000954552,127.10730858512954,영업/정상,서울특별시 강남구 밤고개로34길 4 (세곡동)
토토잼잼,기타,37.49605692508336,127.04098870960969,영업/정상,"서울특별시 강남구 논현로72길 19, 1층 (역삼동)"
강남꿀돼지,기타,37.51829207023317,127.04150878491458,영업/정상,"서울특별시 강남구 선릉로132길 3-4 (청담동,지상1층)"
디오 파스타 돈까스,기타,37.497583006654295,127.03111040410451,영업/정상,"서울특별시 강남구 강남대로84길 33, 대우디오빌플러스 지하1층 108호 (역삼동)"
역삼동참치,기타,37.4988675594528,127.03459164831213,영업/정상,"서울특별시 강남구 테헤란로20길 13, 지하1층 (역삼동)"
비비노[BEVINO],기타,37.51634172314658,127.03919948566148,영업/정상,"서울특별시 강남구 학동로 332, 와일리 빌딩 지상1층 102호 (논현동)"
마일드라이프(Mild Life),기타,37.52146574885897,127.02484529267353,영업/정상,"서울특별시 강남구 논현로157길 41, 1,2층 102,202호 (신사동)"
힘내라 정육식당 선릉점,기타,37.50258931271467,127.05209964429592,영업/정상,"서울특별시 강남구 역삼로63길 22 (대치동,지상1층)"
모로,기타,37.51076059923866,127.05082218170823,영업/정상,"서울특별시 강남구 봉은사로68길 21 (삼성동,1층)"
육전국밥 삼성봉은사역점,국밥,37.51473977552154,127.06471532909396,영업/정상,"서울특별시 강남구 봉은사로 634, 20TOWER 지상1층 (삼성동)"
바쿠스,기타,37.52533675017158,127.03788276507943,영업/정상,"서울특별시 강남구 도산대로51길 33, 지하1층 (신사동)"
맘스터치 압구정점,기타,37.52599107314819,127.02714027119883,영업/정상,"서울특별시 강남구 논현로175길 18, 지상1층 (신사동)"
더 클래스 청담,기타,37.52611103661351,127.04228028205472,영업/정상,"서울특별시 강남구 압구정로60길 17-5, 지상1층 (청담동)"
일큐팔사츄러스(1Q84 CHURROS),기타,37.5021090777605,127.02718191726679,영업/정상,"서울특별시 강남구 강남대로102길 16, 지하1층 (역삼동, 까치빌딩)"
솥내음 삼성점,기타,37.514260330991824,127.06437344407452,영업/정상,"서울특별시 강남구 영동대로106길 41, 동영빌딩 지상1층 102호, 103호 (삼성동)"
진미 평양냉면,냉면,37.5161618335073,127.0360327762121,영업/정상,서울특별시 강남구 학동로 305-3 (논현동)
카발(CABAL),기타,37.502650975133236,127.05070558287059,영업/정상,"서울특별시 강남구 선릉로82길 7, 지상1층 (대치동)"
천산,기타,37.51398566342548,127.03587590882915,영업/정상,서울특별시 강남구 언주로 640 (논현동)
천향,기타,37.48457740581755,127.0423255580668,영업/정상,서울특별시 강남구 논현로 166 (도곡동)
리얼 새우짱 후라이드,기타,37.51205781174079,127.04438606797166,영업/정상,"서울특별시 강남구 봉은사로57길 21-3, 지상2층 201호 (삼성동)"
동천홍 역삼점,기타,37.491471046652784,127.03206033204766,영업/정상,"서울특별시 강남구 도곡로1길 22, 지상2층 (역삼동)"
리프레쉬 신사(REFRESH SINSA),기타,37.51559147456967,127.02221876842904,영업/정상,"서울특별시 강남구 도산대로8길 20 (논현동,지상1층)"
썸갤러리,기타,37.52230517567727,127.02041211247675,영업/정상,"서울특별시 강남구 논현로175길 111 (신사동,지상2층)"
돈육지존,기타,37.50120214632438,127.03347974837992,영업/정상,"서울특별시 강남구 테헤란로19길 18, 1층 (역삼동)"
무니,기타,37.52294603646429,127.04548524579747,영업/정상,"서울특별시 강남구 도산대로72길 16, BK1025 지상1층 (청담동)"
펄쉘(Pearl Shell),기타,37.52659316187772,127.04091751557438,영업/정상,"서울특별시 강남구 도산대로55길 45, 십이.이.사.칠빌딩 지상1층 (청담동)"
멘노아지,기타,37.49987896141306,127.02945368787252,영업/정상,"서울특별시 강남구 강남대로94길 27, 지상1층 (역삼동)"
온에어,기타,37.52190403064142,127.03165488059054,영업/정상,"서울특별시 강남구 언주로151길 20, 더포틴빌딩 인 도산 지하1층 (신사동)"
해리(Harry),기타,37.52030492749592,127.02414633251954,영업/정상,"서울특별시 강남구 논현로153길 51, 지하1층 (신사동)"
카페 헤이즈(CH),기타,37.51017465541222,127.03126287722999,영업/정상,"서울특별시 강남구 논현로119길 13 (논현동,1층)"
바이트 앤 레스트 시나본,기타,37.52770771375373,127.01686457408552,영업/정상,"서울특별시 강남구 압구정로11길 37-29, 한강버스 압구정선착장 3층 (압구정동)"
미향,기타,37.50083768364631,127.06450147025276,영업/정상,서울특별시 강남구 도곡로93길 9 (대치동)
만강홍,기타,37.50562246945575,127.04889507007051,영업/정상,"서울특별시 강남구 선릉로 514 (삼성동,성원빌딩지하1층)"
효미역,기타,37.48598045315945,127.09885716687033,영업/정상,"서울특별시 강남구 광평로 240 (수서동,지상1층)"
로쿄 신논현,기타,37.50725870467687,127.0245222724038,영업/정상,"서울특별시 강남구 강남대로120길 13, 지하1층 (논현동)"
어덜트온리,기타,37.52139190588777,127.02316456303512,영업/정상,"서울특별시 강남구 논현로159길 65, 지하1,2층 (신사동)"
강남오뎅,기타,37.50857077186228,127.03464946000018,영업/정상,"서울특별시 강남구 봉은사로29길 12, 1층 (논현동)"
제주화로집 논현언주점,기타,37.50915718850703,127.03704902919038,영업/정상,"서울특별시 강남구 봉은사로37길 10, 지상1층 (논현동)"
덮다 대치점,기타,37.502194053078355,127.05666783681085,영업/정상,"서울특별시 강남구 역삼로 452, 지상1층 104호 (대치동)"
브릭스(Brix),기타,37.493986248819056,127.03905332661947,영업/정상,"서울특별시 강남구 논현로67길 11, 1층 (역삼동)"
선데이버거클럽,기타,37.52659458459472,127.03674877171733,영업/정상,"서울특별시 강남구 언주로170길 37, 신관 2층 201호 (신사동)"
60계치킨 서울역삼점,기타,37.49300157535366,127.0391171527819,영업/정상,"서울특별시 강남구 논현로63길 16, 101호 (역삼동)"
투뿔 코리안 스테이크하우스,기타,37.521054831775345,127.03606074885707,영업/정상,"서울특별시 강남구 언주로148길 19, 지상1층 102호 (논현동, 청호빌딩)"
브리앙리(Brillant Lee),기타,37.50010893287537,127.05544901112279,영업/정상,"서울특별시 강남구 삼성로67길 50, 지상1층 102호 (대치동)"
청담미역,기타,37.52202344604517,127.0549620957706,영업/정상,"서울특별시 강남구 영동대로137길 6, 1층 101호 (청담동)"
킹크라운족발 강남직영점,기타,37.50702098121624,127.02530758917926,영업/정상,"서울특별시 강남구 강남대로118길 25, 지하1층 (논현동)"
루에랑,기타,37.52236160613302,127.02165351201909,영업/정상,"서울특별시 강남구 압구정로4길 13-20, 지상1층 (신사동)"
으뜸돈까스,기타,37.49447727219255,127.03420154751092,영업/정상,"서울특별시 강남구 역삼로 133, 지하1층 2-2호 (역삼동)"
님버스바,기타,37.520485339120945,127.02280058559853,영업/정상,"서울특별시 강남구 도산대로13길 37 (신사동,지하1층)"
맛나,기타,37.49921432668338,127.03491766549821,영업/정상,"서울특별시 강남구 테헤란로22길 10 (역삼동,지상1층)"
포케바 선릉점,기타,37.50549354977341,127.0548744508512,영업/정상,"서울특별시 강남구 선릉로90길 70 (대치동,인텔빌딩지상1층)"
로바타모로미 역삼점,기타,37.501262582503514,127.03388543767127,영업/정상,"서울특별시 강남구 논현로95길 29-12, 지상1층 (역삼동)"
록키(LOG KEY),기타,37.52193046641927,127.02155029273439,영업/정상,"서울특별시 강남구 압구정로10길 30-7, 지하1층 (신사동)"
스지옥,기타,37.48558611026551,127.04545576224375,영업/정상,"서울특별시 강남구 논현로38길 46-3, 지하1층 (도곡동)"
살롱뒤부케,기타,37.52558999143814,127.0480083441248,영업/정상,"서울특별시 강남구 도산대로81길 16-6, 지상1층 (청담동)"
트웰브 키친,기타,37.52339383135422,127.04365764612126,영업/정상,"서울특별시 강남구 도산대로 442, 피엔폴루스 지하1층 (청담동)"
저스트펀(Just Fun),기타,37.519227928629725,127.02038636295097,영업/정상,"서울특별시 강남구 강남대로158길 19, 지상2층 (신사동)"
호남마을,기타,37.49437622509739,127.03351916380835,영업/정상,"서울특별시 강남구 역삼로7길 2 (역삼동,(역삼동829-20에서98.6.26장소이전))"
바젤,기타,37.50584991611068,127.05901885162056,영업/정상,서울특별시 강남구 삼성로86길 18 (대치동)
논골집,기타,37.48623740831235,127.09922351193421,영업/정상,서울특별시 강남구 광평로 244 (수서동)
무무(moomoo),기타,37.52256094753231,127.04397664858116,영업/정상,"서울특별시 강남구 선릉로148길 52-7, 지하1층 B1호 (청담동)"
북촌손만두 대치점,기타,37.49891225617895,127.0619543716901,영업/정상,"서울특별시 강남구 도곡로 510, 1층 11호 (대치동)"
이한커피(ehan coffee),기타,37.49677989003809,127.04231388359959,영업/정상,"서울특별시 강남구 역삼로34길 5-1, 지상1층 101호 (역삼동)"
피에스쥐서울 에프앤비(PSG서울 F&B),기타,37.526128359250656,127.03901999606283,영업/정상,"서울특별시 강남구 선릉로157길 12, 지상1층 (신사동)"
강남 제이제이,기타,37.493660659474145,127.0310157799875,영업/정상,"서울특별시 강남구 역삼로 109, 지하1층 B03호 (역삼동, 에스케이허브젠)"
다해회포차,기타,37.50186998952201,127.0348172349419,영업/정상,"서울특별시 강남구 테헤란로25길 15-6, 지상1층 (역삼동)"
이사벨,기타,37.520972560184866,127.02758585697,영업/정상,서울특별시 강남구 도산대로27길 18 (신사동)
으뜸,기타,37.4865168787329,127.05188290856825,영업/정상,"서울특별시 강남구 언주로 118, 지하1층 11호 (도곡동, 우성캐릭터199)"
우제홍초밥,기타,37.514287812552126,127.02970924181116,영업/정상,"서울특별시 강남구 논현로131길 7, 1층 101호 (논현동)"
느티나무정원,기타,37.523966237970846,127.04236750240902,영업/정상,"서울특별시 강남구 도산대로 425, 지하1층 (청담동)"
숙성고기육칠이 강남점,기타,37.50333571146713,127.04032527184671,영업/정상,"서울특별시 강남구 언주로93길 21, 남전타운 1층 (역삼동)"
히로아키,기타,37.491957852616785,127.03235310188852,영업/정상,"서울특별시 강남구 도곡로3길 27, 동일빌딩 지하1층 (역삼동)"
왕재,기타,37.50008999200535,127.06585796637529,영업/정상,"서울특별시 강남구 영동대로57길 28, 지하1층 (대치동, 현대아파트 제상가동)"
우오하나 선릉점,기타,37.50381082142621,127.05277108329881,영업/정상,"서울특별시 강남구 선릉로86길 38, 지상2층 (대치동)"
잇 워즈 굿,기타,37.49817677880218,127.0336434519445,영업/정상,"서울특별시 강남구 논현로85길 52, 역삼 푸르지오 시티 지상1층 104호 (역삼동)"
스쿠로,기타,37.52073727514848,127.02401225660196,영업/정상,"서울특별시 강남구 도산대로17길 31, 지상1층 (신사동)"
제이,기타,37.50129200613137,127.04177975842912,영업/정상,"서울특별시 강남구 테헤란로38길 11, 지하1층 (역삼동)"
북창동 순두부,기타,37.50154824910364,127.05113883321864,영업/정상,"서울특별시 강남구 선릉로76길 7, 지상1층 (대치동)"
미야기,기타,37.512967658339235,127.03397679170526,영업/정상,"서울특별시 강남구 학동로34길 25, 지상1층 (논현동)"
새벽꼬치,기타,37.509095054369006,127.02364012891829,영업/정상,"서울특별시 강남구 강남대로124길 11, 지상1층 (논현동)"
솔향기2호점,기타,37.512706436492046,127.06538674013247,영업/정상,"서울특별시 강남구 봉은사로114길 38, 경인빌딩 지하1층 (삼성동)"
뽕사부,기타,37.48303700576596,127.0442797562021,영업/정상,"서울특별시 강남구 논현로28길 20, 지상1,2층 (도곡동)"
지펠라스,기타,37.489606036296465,127.03339067287857,영업/정상,"서울특별시 강남구 도곡로4길 5, 지하1층 (도곡동, 오성빌딩)"
취화헌,기타,37.50530143270705,127.05780929759902,영업/정상,"서울특별시 강남구 삼성로 430, 지상2층 (대치동)"
(주)더 발렌티 리더스,기타,37.52307296929382,127.0560333468905,영업/정상,"서울특별시 강남구 영동대로 728, 3,4층 (청담동)"
괴짜의주방,기타,37.49595988182085,127.03382585343121,영업/정상,"서울특별시 강남구 역삼로9길 28, 도원빌딩 지하1층 8호 (역삼동)"
차이린,기타,37.514637637893074,127.05330083501299,영업/정상,"서울특별시 강남구 삼성로112길 10, 지하1층-지상1층 (삼성동)"
옛날농장,기타,37.50248673273013,127.03921869847713,영업/정상,"서울특별시 강남구 테헤란로33길 11 (역삼동,지상1층)"
티퍼런스(Teafference),기타,37.51593634649745,127.03362262593546,영업/정상,"서울특별시 강남구 언주로133길 21, 아이소이빌딩 지하1층 (논현동)"
엘림식당,기타,37.4839732323514,127.05601392355202,영업/정상,"서울특별시 강남구 개포로 307 (개포동,우성아파트상가 지하1층)"
커리전문점 델리,기타,37.49380306887363,127.06085950014233,영업/정상,"서울특별시 강남구 남부순환로 2931 (대치동,지상2층 201호)"
디어(Dear),기타,37.52577656297709,127.03758292257972,영업/정상,"서울특별시 강남구 선릉로155길 26, 지하1층 (신사동)"
버터헤드(butterhead),기타,37.49433720733542,127.03543259002848,영업/정상,"서울특별시 강남구 역삼로14길 3, 지상1층 102호 (역삼동)"
한상갈비찜,기타,37.50085838008427,127.04058796164693,영업/정상,"서울특별시 강남구 언주로85길 32, 역삼역센트럴푸르지오 지하1층 B115호 (역삼동)"
357텐,기타,37.5102726036956,127.04054504271534,영업/정상,"서울특별시 강남구 선릉로111길 36, 지하1층 (논현동)"
썬플라워 베이크샵(sunflour bakeshop),기타,37.49313451210308,127.08422758279698,영업/정상,"서울특별시 강남구 개포로128길 33, 지상1층 102호 (일원동)"
칠선장원,기타,37.4828819884207,127.04314962145399,영업/정상,"서울특별시 강남구 논현로30길 6 (도곡동,지상1층)"
퍼프룸,기타,37.52370073522254,127.04605249616215,영업/정상,"서울특별시 강남구 도산대로 454, 지상1층 101호 (청담동, 청담휴먼스타빌)"
요기전포차,기타,37.49798405867348,127.03439215966614,영업/정상,"서울특별시 강남구 논현로85길 47, 지상1층 102호 (역삼동)"
츄잇,기타,37.49583251053584,127.05272895548225,영업/정상,"서울특별시 강남구 선릉로 227, 지하2호 (도곡동, 진달래상가)"
닭굼터,기타,37.51517419399313,127.0606535279405,영업/정상,"서울특별시 강남구 영동대로112길 5 (삼성동,대광빌딩지상1층102호)"
블리스라운드 역삼본점(Blissround),기타,37.49817677880218,127.0336434519445,영업/정상,"서울특별시 강남구 논현로85길 52, 1층 105,106호 (역삼동)"
치킨윗라이스,기타,37.49942728561998,127.04469803872237,영업/정상,"서울특별시 강남구 언주로 408, 역삼자이 상가동 지하1층 B16호 (역삼동)"
입속행복 리북집,기타,37.50863050165397,127.02364815868842,영업/정상,"서울특별시 강남구 학동로2길 47 (논현동,지상1층)"
비비큐,기타,37.489396983495936,127.08218694149426,영업/정상,서울특별시 강남구 일원로9길 8 (일원동)
새돌집,기타,37.520407250459,127.03609523539045,영업/정상,"서울특별시 강남구 언주로148길 14, 나동 108호 (논현동, 동림상가)"
피키오(PICCHIO),기타,37.519106633093436,127.0196868925662,영업/정상,서울특별시 강남구 도산대로1길 36 (신사동)
동대문 원 닭한마리,기타,37.492968634441105,127.03954152275702,영업/정상,"서울특별시 강남구 논현로63길 11 (역삼동,(지상1층))"
李조림,기타,37.50851250714221,127.03295889679872,영업/정상,"서울특별시 강남구 논현로 613, 지상1층 (논현동)"
추억1983,기타,37.47824823902088,127.04540882945028,영업/정상,"서울특별시 강남구 개포로 206, 지하1층 2호 (개포동, 금화빌딩)"
서울황태,기타,37.49447215138228,127.03152782072262,영업/정상,"서울특별시 강남구 역삼로3길 14, 지상2층 201호 (역삼동)"
오렌지힐,기타,37.50316531944316,127.05818707718527,영업/정상,"서울특별시 강남구 삼성로 401, 지상1,2층 (대치동)"
일일향 논현점,기타,37.50724540097265,127.03225443422767,영업/정상,"서울특별시 강남구 봉은사로 167, 지상3,4층 (논현동)"
(주)온세일육팔요,기타,37.51330708891417,127.02529287178787,영업/정상,"서울특별시 강남구 강남대로132길 53 (논현동,지상5층)"
롤드,기타,37.50697913960668,127.06089475610497,영업/정상,"서울특별시 강남구 영동대로85길 34, 대치2차 아이파크 지상1층 105호 (대치동)"
파티세리 후르츠(Patisserie Fruits),기타,37.52518212839091,127.03851613687061,영업/정상,"서울특별시 강남구 선릉로155길 13-1, 지상1층 (신사동)"
엠+엠(M+m),기타,37.50888382190618,127.0431538099157,영업/정상,"서울특별시 강남구 봉은사로50길 18, 지상1층 (역삼동)"
이가네,기타,37.519920234866206,127.03297079635102,영업/정상,"서울특별시 강남구 언주로147길 16 (논현동,지상1층)"
레몬그라스 타이,기타,37.47796835374068,127.04785957141696,영업/정상,"서울특별시 강남구 개포로22길 12, 지상1층 101호 (개포동)"
미스터마,기타,37.51731445244771,127.03838602388664,영업/정상,"서울특별시 강남구 언주로134길 35, 지하1층 101호 (논현동)"
구들,기타,37.52577656297709,127.03758292257972,영업/정상,"서울특별시 강남구 선릉로155길 26, 지상3층 (신사동)"
구구족 강남논현점,기타,37.5109682221864,127.02719974070361,영업/정상,"서울특별시 강남구 강남대로124길 68, 지상1층 102호 (논현동)"
스시히노와,기타,37.52703953855977,127.04618919363487,영업/정상,"서울특별시 강남구 도산대로81길 45, 3층 (청담동)"
올리브상회,기타,37.507202057834455,127.05332617780591,영업/정상,"서울특별시 강남구 삼성로95길 31, 세진빌딩 1층 (삼성동)"
다온정,기타,37.498362797948374,127.03307007569315,영업/정상,"서울특별시 강남구 테헤란로14길 16 (역삼동,라인빌딩지하2층)"
버터풀카페(Butterful cafe),기타,37.51244202346524,127.0274455185523,영업/정상,"서울특별시 강남구 강남대로128길 75 (논현동,지하1층)"
카페 알케미(Kafe Alchemy),기타,37.49126697815004,127.08727779681615,영업/정상,"서울특별시 강남구 양재대로53길 7 (일원동,지상1,2층)"
야야,기타,37.507485451384106,127.02384155990748,영업/정상,"서울특별시 강남구 강남대로122길 6 (논현동,지상1층)"
호남식당,기타,37.49903403780334,127.05280727017457,영업/정상,"서울특별시 강남구 선릉로68길 12 (대치동,1층)"
한우촌갈비,기타,37.50018173916612,127.05154853442163,영업/정상,"서울특별시 강남구 선릉로 340 (대치동,지상2층206호)"
여,기타,37.51332107471278,127.03606443624854,영업/정상,"서울특별시 강남구 언주로126길 6 (논현동,쌍둥이네빌딩 지상1층)"
두부마을,기타,37.50166191529467,127.05693823667558,영업/정상,"서울특별시 강남구 삼성로71길 25 (대치동,지상1층)"
가장맛있는족발 일원점,기타,37.49077100357026,127.08596497332243,영업/정상,"서울특별시 강남구 일원로9길 55 (일원동,지상1층)"
데이릿 강남점,기타,37.5024967279841,127.02684251749247,영업/정상,"서울특별시 강남구 봉은사로4길 36, 운현빌딩 1층 102호 (역삼동)"
인생김치찌개(강남점),기타,37.50586602497383,127.04714841543503,영업/정상,"서울특별시 강남구 테헤란로55길 20, 2층 (역삼동)"
스시사카바 산원,기타,37.50655825851737,127.05085339135539,영업/정상,"서울특별시 강남구 선릉로100길 42, 지상1층 2호 (삼성동, LG선릉에클라트)"
삼강장어,기타,37.510216186022184,127.05525505941355,영업/정상,"서울특별시 강남구 삼성로 542, 석천빌딩 지상1층, 지하1층 (삼성동)"
은하수 면옥,기타,37.51216196911044,127.06534269224233,영업/정상,"서울특별시 강남구 봉은사로114길 42, 지상1층 108호 (삼성동)"
양꽃,기타,37.5114023119571,127.05658037053881,영업/정상,"서울특별시 강남구 삼성로104길 23, 지하1층 102호 (삼성동)"
우쿠야 강남역삼점,기타,37.49722589301282,127.03404796642694,영업/정상,"서울특별시 강남구 테헤란로14길 33, 지하1층 (역삼동)"
멀리건,기타,37.52567799237424,127.04313421874818,영업/정상,"서울특별시 강남구 도산대로61길 27, 지하1층 (청담동)"
빌레(Billet),기타,37.52688984213211,127.04573359591049,영업/정상,"서울특별시 강남구 압구정로71길 4 (청담동,미산빌딩 지하1층)"
강남아지트,기타,37.49470199269292,127.03059536033166,영업/정상,"서울특별시 강남구 역삼로3길 17-6, 영준빌딩 지하1층 (역삼동)"
빅스텍,기타,37.517467408110086,127.02064966949183,영업/정상,"서울특별시 강남구 강남대로152길 15, 지상3층 (신사동)"
라키,기타,37.51858237426362,127.02344141211361,영업/정상,"서울특별시 강남구 가로수길 10, 지상2층 (신사동)"
아우라AURA,기타,37.50124793523126,127.04139007935512,영업/정상,"서울특별시 강남구 테헤란로38길 10, 지상2층 (역삼동)"
주식회사 현우동,기타,37.51700726190686,127.02428585193402,영업/정상,"서울특별시 강남구 논현로149길 53, 1층 101호 (논현동)"
후추네,기타,37.52543888722854,127.03743957451292,영업/정상,"서울특별시 강남구 선릉로155길 23-4, 지상2층 (신사동)"
홍크렙,기타,37.47959716002445,127.0476549283051,영업/정상,"서울특별시 강남구 개포로25길 9-6, 1층 (개포동)"
팝(POP),기타,37.517953901395494,127.0212921631799,영업/정상,"서울특별시 강남구 압구정로2길 60, 지상202호 (신사동, MG Tower)"
사운즈커피 프리미어 강남,기타,37.49503904291086,127.02970354160853,영업/정상,"서울특별시 강남구 강남대로 358, 강남358타워 지상1층 103호,104호 (역삼동)"
강남막국수&보쌈,기타,37.497588528826455,127.03024347927219,영업/정상,"서울특별시 강남구 테헤란로4길 13, 예성Ⅰ라이프 지상1층 105호 (역삼동)"
마봉양꼬치,기타,37.48530120244983,127.04566383286675,영업/정상,"서울특별시 강남구 논현로38길 46-9, 지상1층 (도곡동)"
도원,기타,37.47442750627313,127.05123035679057,영업/정상,"서울특별시 강남구 논현로8길 32 (개포동,지상1층)"
투썸 2.0 강남,기타,37.50410720311345,127.02515155736783,영업/정상,"서울특별시 강남구 강남대로 468, 충림빌딩 지상1층 (역삼동)"
준,기타,37.519477122778135,127.02185414590755,영업/정상,"서울특별시 강남구 도산대로11길 31-6, 지상1층 (신사동)"
강남 힘찬장어,기타,37.49702710547764,127.02976901919028,영업/정상,"서울특별시 강남구 강남대로84길 15, 지하1층 119호, 120호 (역삼동)"
스낵팩멜번,기타,37.49640905954469,127.04394749346598,영업/정상,"서울특별시 강남구 언주로69길 16, 지상1층 101호 (역삼동)"
꿈의김밥,기타,37.50622691780059,127.0495594100083,영업/정상,"서울특별시 강남구 선릉로94길 15, 지상1층 103호 (삼성동)"
스미카츠 압구정본점,기타,37.525986282977776,127.03789926257384,영업/정상,"서울특별시 강남구 선릉로157길 23-3, 지상1층 101호 (신사동)"
82올리언즈 강남점,기타,37.50087604678637,127.02867235895258,영업/정상,"서울특별시 강남구 강남대로98길 28, 지상1층 (역삼동)"
이필녀국밥,국밥,37.50336709856438,127.03492508978428,영업/정상,"서울특별시 강남구 테헤란로25길 42, 지상1층 (역삼동)"
전주콩나물국밥,국밥,37.50833911877881,127.06671021034603,영업/정상,"서울특별시 강남구 테헤란로114길 20 (대치동,지하1층)"
고메램 삼성점,기타,37.5091489812138,127.05698866850551,영업/정상,"서울특별시 강남구 삼성로96길 15 (삼성동,지상2층)"
메이드,기타,37.521399806336674,127.02656652925494,영업/정상,"서울특별시 강남구 도산대로25길 27, 2층 (신사동)"
태영생막창,기타,37.48519092062472,127.04305736201466,영업/정상,"서울특별시 강남구 논현로38길 18, 지상1층 (도곡동)"
고추장불고기,기타,37.507485451384106,127.02384155990748,영업/정상,서울특별시 강남구 강남대로122길 6 (논현동)
육공판,기타,37.49820231456121,127.03509795632154,영업/정상,"서울특별시 강남구 논현로85길 37, 지하1층 (역삼동)"
봉피양(대치),기타,37.492919372075875,127.05890173327909,영업/정상,"서울특별시 강남구 남부순환로 2915 (대치동,지상2층201호)"
칸틴 삼성,기타,37.51162333670406,127.05541883397127,영업/정상,"서울특별시 강남구 봉은사로82길 25, 지상1층 104호 (삼성동)"
포타임쌀국수 역삼점,기타,37.49942728561998,127.04469803872237,영업/정상,"서울특별시 강남구 언주로 408, 역삼자이 상가동 지하1층 B19-2의 일부호 (역삼동)"
일품돼지국밥 삼성역점,국밥,37.50880903837996,127.0583768811851,영업/정상,"서울특별시 강남구 테헤란로87길 17, 마젤란 21 아스테리움 지상1층 101호 (삼성동)"
매머드커피익스프레스삼성역현대GBC점,기타,37.51044118769748,127.06504828741072,영업/정상,"서울특별시 강남구 테헤란로107길 11, 성보타운 지상1층 103호 (삼성동)"
파스타에 반하다 강남본점,기타,37.50284011257186,127.03744102263121,영업/정상,"서울특별시 강남구 테헤란로27길 23, 지하1층 2호 (역삼동)"
비와별닭갈비 논현점,기타,37.508722716139765,127.02360548676134,영업/정상,서울특별시 강남구 학동로2길 45 (논현동)
라 카테고리,기타,37.52299349382112,127.03287850227902,영업/정상,"서울특별시 강남구 언주로 813 (신사동,(2층))"
우노,기타,37.504993568259835,127.05318680426655,영업/정상,"서울특별시 강남구 테헤란로70길 10 (대치동,지상2층)"
모퉁이,기타,37.50476158656866,127.04698724138728,영업/정상,"서울특별시 강남구 테헤란로51길 10 (역삼동,지상1층)"
이백,기타,37.50133958217403,127.04193157519397,영업/정상,"서울특별시 강남구 언주로85길 14, 지상1층 102호 (역삼동, 엠코스퀘어720)"
디핀고(Dipingo),기타,37.522180225488924,127.03834980470748,영업/정상,"서울특별시 강남구 언주로150길 51, 3층 (논현동)"
투비,기타,37.50157216815195,127.02737363164229,영업/정상,"서울특별시 강남구 봉은사로18길 80 (역삼동,지하2층)"
금별맥주,기타,37.51874424270855,127.02116529331899,영업/정상,"서울특별시 강남구 압구정로2길 49, 1층 (신사동)"
코르바니 선릉,기타,37.50452315071407,127.04287451225586,영업/정상,"서울특별시 강남구 언주로94길 9, 지상1층,지상2층 (역삼동)"
롤링파스타 가로수길점,기타,37.51902847034475,127.02337521372152,영업/정상,"서울특별시 강남구 가로수길 16, 지상2층 (신사동)"
만나식당,기타,37.50322597522852,127.04868249949361,영업/정상,서울특별시 강남구 선릉로87길 10 (역삼동)
코시,기타,37.48511541202577,127.04472253012933,영업/정상,"서울특별시 강남구 논현로38길 32-7, 지상1층 (도곡동)"
오사카데스 서울강남역점,기타,37.50087168931326,127.02770346401162,영업/정상,"서울특별시 강남구 봉은사로18길 90, 지하1층 (역삼동)"
팬텀7398,기타,37.49853003884036,127.03572852017686,영업/정상,"서울특별시 강남구 논현로85길 29, 지하1층 (역삼동, 썬프라자)"
에이엔아더,기타,37.51317905431261,127.02154890928054,영업/정상,"서울특별시 강남구 강남대로136길 11, 논현제일빌딩 지하1층 (논현동)"
황토 감자탕,기타,37.4996680786226,127.0278322985964,영업/정상,서울특별시 강남구 테헤란로1길 20 (역삼동)
인생제육 강남점,기타,37.49440837779641,127.03217269042385,영업/정상,"서울특별시 강남구 역삼로5길 9, CENTRE-19 지상1층 (역삼동)"
칸티나 브런치(Cantina Brunch),기타,37.482812057372044,127.04661959219165,영업/정상,"서울특별시 강남구 양재천로 193, 지상1층 (도곡동)"
오면가면칼국수,칼국수,37.50166191529467,127.05693823667558,영업/정상,"서울특별시 강남구 삼성로71길 25, 지상1층 104호 (대치동)"
에스티디페,기타,37.520173557893706,127.03959003585092,영업/정상,"서울특별시 강남구 선릉로141길 5, 지하1층 B101호 (논현동)"
Loco Taco 로꼬타코,기타,37.50153815117296,127.05700454224605,영업/정상,"서울특별시 강남구 역삼로78길 14, 지상1층 102호 (대치동)"
올리브팜스샤브시,기타,37.50165239950277,127.02637492654759,영업/정상,"서울특별시 강남구 강남대로 438 (역삼동,지하1층)"
강남리커,기타,37.518550564449704,127.02800067721013,영업/정상,"서울특별시 강남구 논현로149길 5, 지하1층 (논현동)"
호랑이 다이닝,기타,37.49750156739074,127.03362890973584,영업/정상,"서울특별시 강남구 테헤란로14길 28, 지상1층 102호 (역삼동)"
박씨물고온제비,기타,37.51455971215956,127.05922434019902,영업/정상,"서울특별시 강남구 봉은사로99길 5 (삼성동,지하1층)"
루벤스 역삼점(RUBENS),기타,37.50355131074894,127.04016895639937,영업/정상,"서울특별시 강남구 언주로93길 22-2, 지상1층 (역삼동)"
바하방,기타,37.52313041176759,127.03617080671002,영업/정상,"서울특별시 강남구 도산대로45길 10-4, 2층 (신사동)"
청담여제갈비,기타,37.52349945429468,127.04718201654299,영업/정상,"서울특별시 강남구 삼성로149길 6, 지상1층 (청담동)"
떡밀밀 강남논현점,기타,37.50952514436708,127.03895479161527,영업/정상,"서울특별시 강남구 언주로 604, 근린생활시설동 지하1층 105호 (논현동, ACROHILLS논현)"
하이보,기타,37.49717461415632,127.06135143526548,영업/정상,"서울특별시 강남구 삼성로 225, 지상101호 (대치동)"
보승회관 압구정로데오점,기타,37.527074765449335,127.03824624007369,영업/정상,"서울특별시 강남구 언주로172길 53, 지상1층 (신사동)"
까사데 롤라,기타,37.520038840665,127.02361360717838,영업/정상,"서울특별시 강남구 논현로153길 57, B1층 (신사동)"
입e편한밥상,기타,37.50952514436708,127.03895479161527,영업/정상,"서울특별시 강남구 언주로 604, 근린생활시설동 지하1층 127호 (논현동, ACROHILLS논현)"
연이 황소곱창,기타,37.49072215874758,127.0857998459585,영업/정상,"서울특별시 강남구 양재대로45길 6, 1층 101호 (일원동)"
추억속으로,기타,37.48964858105235,127.03355004151877,영업/정상,서울특별시 강남구 강남대로58길 17 (도곡동)
소일(soil),기타,37.51701199334649,127.0208477338803,영업/정상,"서울특별시 강남구 도산대로 113, 지상1층 (신사동)"
애슐리퀸즈 강남역점,기타,37.492220150982554,127.03088431362245,영업/정상,"서울특별시 강남구 강남대로 324, 역삼디오슈페리움 지하1층 (역삼동)"
스시상현,기타,37.52212490163187,127.04504879875702,영업/정상,"서울특별시 강남구 도산대로70길 24, 지하2층 (청담동)"
붕가,기타,37.50822346191535,127.02517085644111,영업/정상,"서울특별시 강남구 강남대로122길 26, 지상1층 (논현동)"
야기카레,기타,37.49772601279262,127.0292970420504,영업/정상,"서울특별시 강남구 테헤란로4길 6, 강남역 센트럴 푸르지오 시티 지하 2층 207호 (역삼동)"
부타이,기타,37.50618613747543,127.06004229353506,영업/정상,"서울특별시 강남구 테헤란로88길 22, 지하1층 (대치동)"
이자카야 미주 IZAKAYA MIJOO,기타,37.50654657877712,127.0602888272488,영업/정상,"서울특별시 강남구 테헤란로88길 17, 세안빌딩 지하1층 (대치동)"
원픽(1pig),기타,37.5156052104947,127.04085262088974,영업/정상,"서울특별시 강남구 선릉로127길 10, 1층 (논현동, GOOD)"
오와리포차,기타,37.52753437141073,127.03882798544933,영업/정상,"서울특별시 강남구 선릉로161길 20, 지상1층 101호 (신사동)"
풍성짬뽕,기타,37.507379360832736,127.0627586351143,영업/정상,"서울특별시 강남구 테헤란로98길 15 (대치동,지상1층)"
타잔갈비,기타,37.497583006654295,127.03111040410451,영업/정상,"서울특별시 강남구 강남대로84길 33 (역삼동,지하1층 113호)"
작정,기타,37.52388203543999,127.02686873296325,영업/정상,"서울특별시 강남구 논현로163길 13-4, 지하1층 (신사동)"
글로벌 인생만남학교(GLMA),기타,37.49271108223548,127.08566867782905,영업/정상,"서울특별시 강남구 일원로5길 71, 지하1층 101호,103호 (일원동)"
봉식이 옛날 왕만두,기타,37.524057735887894,127.02791593357462,영업/정상,"서울특별시 강남구 논현로 841, 제이비 미소 빌딩 지상1층 117호 (신사동)"
라미띠에,기타,37.52595670987085,127.04456082692266,영업/정상,"서울특별시 강남구 도산대로67길 30, 지상2층 (청담동)"
오대산,기타,37.525948549923804,127.02946110576961,영업/정상,"서울특별시 강남구 압구정로30길 23 (신사동,지하1층)"
김가네 학동점,기타,37.513885449349736,127.02888557530281,영업/정상,"서울특별시 강남구 학동로 165, 지상1층 108호 (논현동, 마일스디오빌)"
전가 BY 서초집,기타,37.497420253074644,127.05296741282761,영업/정상,서울특별시 강남구 선릉로 310 (대치동)
신조준형,기타,37.497583006654295,127.03111040410451,영업/정상,"서울특별시 강남구 강남대로84길 33 (역삼동,대우디오빌지하1층101호)"
2월22일(22 FEB),기타,37.51369236406834,127.04204760943342,영업/정상,서울특별시 강남구 선릉로119길 6 (논현동)
순정 순대국,기타,37.51906181864981,127.04675069204922,영업/정상,"서울특별시 강남구 학동로67길 12, 지상1층 (청담동)"
카페김밥천국,기타,37.498612525362205,127.0280559301017,영업/정상,"서울특별시 강남구 테헤란로 101, 지하1층 (역삼동)"
샤브 이로리,기타,37.50859530026902,127.05971847792408,영업/정상,"서울특별시 강남구 테헤란로 517, 현대백화점 지하1층 식품관 일부호 (삼성동)"
밤푸스치킨,기타,37.49225103936336,127.08430153118013,영업/정상,"서울특별시 강남구 일원로5길 51 (일원동,지상1층)"
테라다식당 논현점,기타,37.508387635366255,127.02369976253412,영업/정상,"서울특별시 강남구 학동로2길 51 (논현동,지상1층)"
봉화장,기타,37.4828931359611,127.06092036441893,영업/정상,"서울특별시 강남구 선릉로10길 4-6, 지상2층 (개포동)"
청담반점,기타,37.51864655504249,127.04636734829835,영업/정상,"서울특별시 강남구 학동로67길 5, 지하1층, 지상1층 (청담동)"
더블린,기타,37.50206255010228,127.026219770269,영업/정상,"서울특별시 강남구 강남대로 442 (역삼동,지상2층)"
서대문 김치찜&김치찌개,기타,37.511248592562076,127.0331453350865,영업/정상,"서울특별시 강남구 학동로30길 45, 지상1층 102호 (논현동)"
화평식당 삼성역점,기타,37.50851430328014,127.06631778714286,영업/정상,"서울특별시 강남구 영동대로86길 27, 3층 (대치동)"
스위트룸,기타,37.49982892379707,127.02745386264145,영업/정상,"서울특별시 강남구 강남대로96길 5 (역삼동,지상4층)"
동인동,기타,37.50738591198661,127.06164741995701,영업/정상,"서울특별시 강남구 영동대로85길 20-7, 지상1층 (대치동)"
히스(Heath),기타,37.52313590364515,127.03252954595487,영업/정상,"서울특별시 강남구 언주로153길 10-4, 마르조26 1층 (신사동)"
칙바이칙 선릉역점,기타,37.50618779232397,127.0477735497746,영업/정상,"서울특별시 강남구 선릉로 523, 지상1층 (역삼동)"
서울어촌계,기타,37.49588028763871,127.0335949498026,영업/정상,"서울특별시 강남구 역삼로9길 27, 753빌딩 지상1층 (역삼동)"
키보우,기타,37.515555544711106,127.04236734449843,영업/정상,"서울특별시 강남구 선릉로 660, 지하1층 B110호,B111호 중 10호 (삼성동, 브라운스톤 레전드)"
청담동순도리 강남역점,기타,37.49413197355454,127.03178560550731,영업/정상,서울특별시 강남구 역삼로3길 8 (역삼동)
비비큐 논현스타점,기타,37.51041045594766,127.0242798427818,영업/정상,"서울특별시 강남구 강남대로128길 27, 지상1층 101호 (논현동, 새호시티라이프빌딩)"
해랑,기타,37.507247162229554,127.02393207792912,영업/정상,"서울특별시 강남구 봉은사로1길 39, 유성빌딩 지상2층 201호,202호 (논현동)"
하니네분식,기타,37.49421596507827,127.0776167654936,영업/정상,서울특별시 강남구 개포로109길 34 (개포동)
전주식당,기타,37.50458024856959,127.04706245318782,영업/정상,"서울특별시 강남구 테헤란로 327 (역삼동,빅토리아빌딩지하1층)"
김치찜 팝니다,기타,37.50284011257186,127.03744102263121,영업/정상,"서울특별시 강남구 테헤란로27길 23, 지하1층 5호 (역삼동)"
피앤아이,기타,37.4938288264825,127.0629407625155,영업/정상,"서울특별시 강남구 삼성로 155, 대치퍼스트빌딩 지상1층 121호 (대치동)"
메콩타이 삼성역점,기타,37.50858582832525,127.06520272633826,영업/정상,"서울특별시 강남구 테헤란로104길 9, 지상2층 (대치동)"
밥밥면면,기타,37.515555544711106,127.04236734449843,영업/정상,"서울특별시 강남구 선릉로 660, 지하1층 B110,B111 중 주방1호 (삼성동, 브라운스톤 레전드)"
하루정찬,기타,37.5099011253772,127.0435079892259,영업/정상,"서울특별시 강남구 선릉로 577, CR타워 지하2층 (역삼동)"
연송,기타,37.511171859461456,127.05617292529382,영업/정상,"서울특별시 강남구 봉은사로84길 34, 지상1, 2층 (삼성동)"
위워크 강남역 2호점,기타,37.49926417268793,127.0292459295019,영업/정상,"서울특별시 강남구 테헤란로5길 7, KG Tower 지상10층 (역삼동)"
주박사 닭갈비,기타,37.48920953429836,127.06796076359394,영업/정상,"서울특별시 강남구 개포로 508, 소망빌딩 지상2층 (개포동)"
갓잇 도곡점(GODEAT),기타,37.484165851023974,127.04467546349773,영업/정상,"서울특별시 강남구 논현로28길 35 (도곡동,대동빌딩101호)"
압구정소반,기타,37.52790851451168,127.03749434702642,영업/정상,"서울특별시 강남구 압구정로46길 5-10 (신사동,압구정로데오스타B101호)"
미식가횟집,기타,37.49047930938904,127.08584573299785,영업/정상,서울특별시 강남구 일원로9길 52 (일원동)
순딜리버리 2호점,기타,37.513353374559664,127.02132348064708,영업/정상,"서울특별시 강남구 강남대로136길 5-4, 지하1층 2호 (논현동)"
굿그릴,기타,37.511248592562076,127.0331453350865,영업/정상,"서울특별시 강남구 학동로30길 45, 지상1층 101호 (논현동)"
인생족발 논현점,기타,37.51588117409148,127.02240459340517,영업/정상,"서울특별시 강남구 도산대로8길 17, 지상2층 B호 (논현동)"
홍경,기타,37.50471439509131,127.04496081141194,영업/정상,"서울특별시 강남구 언주로98길 39, 지상2층 (역삼동)"
디 리조트(D RESORT),기타,37.525265878489414,127.03813138866457,영업/정상,"서울특별시 강남구 도산대로51길 34, 지상2층, 3층 (신사동)"
"나주육곱식당, 커피 플리즈",기타,37.50563080992408,127.04964456113956,영업/정상,"서울특별시 강남구 선릉로92길 11, 지상1층 101호 (삼성동)"
맥시카나치킨호프,기타,37.49421596507827,127.0776167654936,영업/정상,서울특별시 강남구 개포로109길 34 (개포동)
횡성한우직판장,기타,37.4910285736231,127.03161248762946,영업/정상,"서울특별시 강남구 강남대로 310 (역삼동,지하1층27,28,29,30,31,32,33,34호)"
타츠 로바타쇼,기타,37.517646037679114,127.02054828160017,영업/정상,"서울특별시 강남구 강남대로154길 16, 지상1층 101호 (신사동)"
주교리3구,기타,37.497420253074644,127.05296741282761,영업/정상,"서울특별시 강남구 선릉로 310, 1층 106,115호 (대치동)"
한우당,기타,37.51613106503256,127.02142577032335,영업/정상,"서울특별시 강남구 도산대로6길 8, 지상1층 102호 (논현동, 신정빌딩)"
궁민김밥 (구)김밥천국,기타,37.490558601128704,127.03336709837467,영업/정상,서울특별시 강남구 강남대로62길 22 (역삼동)
스쿨푸드 딜리버리 논현압구정점,기타,37.50861216487191,127.03640483238978,영업/정상,"서울특별시 강남구 봉은사로37길 7-7, 1층 (논현동)"
이크네,기타,37.52340324551728,127.03584590175186,영업/정상,"서울특별시 강남구 도산대로45길 16-6, 지하1층 (신사동)"
벽제갈비,기타,37.52602701761488,127.04706936231088,영업/정상,"서울특별시 강남구 도산대로81길 25, 1층 (청담동)"
메가엠지씨커피 논현개나리점,기타,37.5121125580375,127.0282342081496,영업/정상,"서울특별시 강남구 학동로20길 16, 지상1층 102호 (논현동)"
우가,기타,37.5194574115232,127.01911852061257,영업/정상,"서울특별시 강남구 강남대로 652, SINSA SQUARE 지하1층 B102호 (신사동)"
그라놀로지(GRANOLOGY),기타,37.52567992867649,127.05177938279402,영업/정상,"서울특별시 강남구 도산대로99길 11, 1,2층 (청담동)"
마성떡볶이&육수당 수서역사점,기타,37.48372656026895,127.10533536708137,영업/정상,"서울특별시 강남구 밤고개로 99, 지하1층 SB16호 (수서동, SRT수서역사)"
(주)트라움에스앤씨,기타,37.50831109829803,127.03978811726384,영업/정상,"서울특별시 강남구 언주로 564 (역삼동,A동 지상2층,지상3층,지상4층)"
와인플레이 선릉점,기타,37.50622691780059,127.0495594100083,영업/정상,"서울특별시 강남구 선릉로94길 15, 지하1층 B103호 (삼성동)"
피자알볼로&목동버거 역삼직영점,기타,37.49446143889907,127.03561183670855,영업/정상,"서울특별시 강남구 역삼로 148, 1층 (역삼동)"
(주)우리개발누보압구정점,기타,37.527368358878014,127.0339583637973,영업/정상,"서울특별시 강남구 언주로 862 (신사동,삼승빌딩지상1층,지상2층)"
펀보드게임카페,기타,37.50374955216926,127.05256991170846,영업/정상,"서울특별시 강남구 선릉로86길 34, 금아빌딩 3층 (대치동)"
천미미 삼성점,기타,37.50973406759303,127.05564356854482,영업/정상,"서울특별시 강남구 삼성로 534, 싹아트센터 지상1층 (삼성동)"
씨에스타,기타,37.521910530399204,127.03117059972969,영업/정상,"서울특별시 강남구 도산대로37길 13, 지상2층 (신사동)"
트리드(trid),기타,37.526696440421844,127.0416827411827,영업/정상,"서울특별시 강남구 선릉로162길 16, 지상2층 (청담동)"
열정국밥,국밥,37.51054182685763,127.03594543667222,영업/정상,"서울특별시 강남구 언주로 615, 논현 아이파크 103동 지하1층 B126호 (논현동)"
멘야 유메미루,기타,37.505019844623135,127.04420281326672,영업/정상,"서울특별시 강남구 테헤란로43길 28, 지상1층 (역삼동)"
화설 선릉점,기타,37.505069272572314,127.05498481805176,영업/정상,"서울특별시 강남구 삼성로85길 26, V & S 지상1층 (대치동)"
시골집,기타,37.49472815102199,127.03726137856883,영업/정상,"서울특별시 강남구 역삼로20길 8 (역삼동,지상1층)"
"구슬고개 동태찜,아구찜",기타,37.51650762409907,127.06526495281737,영업/정상,"서울특별시 강남구 봉은사로111길 20 (삼성동,지상1층)"
꼬추장,기타,37.508240224674644,127.03522888508436,영업/정상,"서울특별시 강남구 봉은사로29길 6-8, 지상1층 101호 (논현동, 논현빌라)"
호까벤,기타,37.5182003595211,127.02240548318582,영업/정상,서울특별시 강남구 도산대로11길 11 (신사동)
땡기면&땡비어 703,기타,37.50359783440447,127.04031194995221,영업/정상,"서울특별시 강남구 언주로93길 20, 지하1층 (역삼동)"
혜윰,기타,37.50903472659918,127.03656027345019,영업/정상,"서울특별시 강남구 봉은사로37길 11, 지상4층 (논현동)"
영동교집,기타,37.5226657729974,127.04054118768106,영업/정상,"서울특별시 강남구 선릉로148길 11, 지상1층 (청담동)"
아더스시,기타,37.520950971996626,127.02853018513795,영업/정상,"서울특별시 강남구 논현로152길 3, 다우빌딩 지상2층 (신사동)"
십원집,기타,37.49855923634674,127.03411394477088,영업/정상,"서울특별시 강남구 테헤란로16길 15 (역삼동,지상2층)"
멍텅구리 꼼장어,기타,37.51187469017783,127.04841797122266,영업/정상,"서울특별시 강남구 봉은사로 445, 지상1층 (삼성동)"
와라쿠,기타,37.52213503355197,127.02073338353986,영업/정상,"서울특별시 강남구 압구정로4길 13-7 (신사동,지상1층)"
비폴릭(Beefholic),기타,37.52558420695793,127.04541306887356,영업/정상,"서울특별시 강남구 도산대로75길 21, 지하1층 (청담동)"
오붓 금복당,기타,37.52350154501279,127.04915305451149,영업/정상,"서울특별시 강남구 도산대로90길 13, 지상1층 (청담동)"
압구정 닭한마리,기타,37.523335364304984,127.02702006102004,영업/정상,"서울특별시 강남구 논현로161길 13, 지상1층 (신사동)"
모카옌,기타,37.50226811885723,127.04040131963737,영업/정상,"서울특별시 강남구 테헤란로 221, 지상1층 (역삼동)"
천장지구,기타,37.522180225488924,127.03834980470748,영업/정상,"서울특별시 강남구 언주로150길 51, 지상2층 (논현동)"
헬키푸키 선릉점,기타,37.50331227607704,127.04633325591085,영업/정상,"서울특별시 강남구 테헤란로 322, 한신인터밸리24 지하2층 B104호 (역삼동)"
컨트롤브이,기타,37.51227536192855,127.02815861465808,영업/정상,"서울특별시 강남구 학동로20길 12, 지상1층 (논현동)"
더레드,기타,37.50486387635854,127.04415876827613,영업/정상,서울특별시 강남구 테헤란로43길 26 (역삼동)
금토일샴페인빠 압구정점,기타,37.524440323591,127.03837196219807,영업/정상,"서울특별시 강남구 도산대로53길 19, 지상2층 (신사동)"
아낙 잠원점,기타,37.51149919012705,127.02803516645929,영업/정상,"서울특별시 강남구 학동로20길 30, 101호 (논현동)"
횟집153,기타,37.49248862346761,127.03934354562821,영업/정상,"서울특별시 강남구 논현로63길 19, 지상1층 (역삼동)"
프리미엄디저트카페 더 푸릇,기타,37.51322383270955,127.05050467592984,영업/정상,"서울특별시 강남구 선릉로112길 87, 명인빌딩 지상1층 102호 (삼성동)"
마포갈비,기타,37.48560313109332,127.04415079836183,영업/정상,"서울특별시 강남구 남부순환로 2726, 거북빌딩 지하1층 (도곡동)"
할매기름집 신논현점,기타,37.507965774593444,127.02360953238906,영업/정상,"서울특별시 강남구 학동로2길 56, 원창빌딩 지상1층 104호 (논현동)"
텐텐,기타,37.51890167921348,127.02897514444822,영업/정상,"서울특별시 강남구 논현로150길 4, 지하1층 (논현동)"
멕시타이거,기타,37.50110606086383,127.0271589374574,영업/정상,"서울특별시 강남구 테헤란로1길 42, 지하1층,지하2층 (역삼동)"
버거킹선릉역점,기타,37.50320523560862,127.04931128742592,영업/정상,"서울특별시 강남구 선릉로 429 (역삼동,지상1, 2층)"
아미고,기타,37.47712531615075,127.04921779644552,영업/정상,"서울특별시 강남구 개포로22길 31 (개포동,지상1층)"
주식회사 더케이에프엔비,기타,37.50890085474024,127.0363640379943,영업/정상,"서울특별시 강남구 봉은사로37길 7-6, 나동 지하1층 B101호 (논현동)"
영동실비,기타,37.51041169550732,127.02501408391572,영업/정상,"서울특별시 강남구 학동로6길 27, 지하층 b05호 (논현동)"
될놈포차,기타,37.524538948759826,127.038715545773,영업/정상,"서울특별시 강남구 도산대로53길 22 (신사동,지상1층)"
키퍼스,기타,37.52405690582645,127.04094654851603,영업/정상,"서울특별시 강남구 선릉로152길 18, 지하1층 (청담동)"
고향식당,기타,37.5223050100243,127.05773590499582,영업/정상,"서울특별시 강남구 학동로101길 26, 삼익상가 지하1층 59,60호 (청담동)"
대경식(압구정점),기타,37.52629777102165,127.02744711007324,영업/정상,"서울특별시 강남구 압구정로 162, 베네하임시티 1층 109호 (신사동)"
그릴터틀,기타,37.52139190588777,127.02316456303512,영업/정상,"서울특별시 강남구 논현로159길 65, 지상4층 (신사동)"
대복 삼계탕,기타,37.511075153438355,127.06572829559384,영업/정상,"서울특별시 강남구 테헤란로113길 15, 남해빌딩 지상1층 (삼성동)"
흑돼지대통령 칼국수대통령,칼국수,37.49616506693247,127.03069157361563,영업/정상,"서울특별시 강남구 테헤란로4길 35, 지상2층 (역삼동)"
동굴,기타,37.526605769908244,127.0379559420508,영업/정상,"서울특별시 강남구 압구정로50길 25, 지상1층 (신사동)"
소운나김밥 강남점,기타,37.502818508399194,127.05840369632388,영업/정상,"서울특별시 강남구 역삼로 468, 지상1층 03호 (대치동)"
국수마을,기타,37.51216196911044,127.06534269224233,영업/정상,"서울특별시 강남구 봉은사로114길 42, 지상1층 103호 (삼성동)"
선홍,기타,37.519028940026175,127.02453157367692,영업/정상,"서울특별시 강남구 강남대로152길 67, 지상2층 201호 (신사동)"
가원김밥,기타,37.49852945987735,127.04794875967056,영업/정상,"서울특별시 강남구 역삼로52길 14, 도곡프라자 지상1층 107호 (역삼동)"
모범떡볶이와 수제돈까스,기타,37.50544426339075,127.04708704458699,영업/정상,"서울특별시 강남구 테헤란로53길 14, 지상2층 (역삼동)"
초아국수 본점,기타,37.49605692508336,127.04098870960969,영업/정상,"서울특별시 강남구 논현로72길 19 (역삼동,지상1층)"
부타식당,기타,37.474784741080526,127.05067392804752,영업/정상,"서울특별시 강남구 논현로10길 26, 지상1층 (개포동)"
아웃도어 나무 신사점,기타,37.522554855491954,127.02156365117929,영업/정상,"서울특별시 강남구 압구정로4길 13-19, 지상1층 (신사동)"
로바,기타,37.50889759364216,127.02282095291723,영업/정상,"서울특별시 강남구 강남대로 522, 범성빌딩 지하1층 (논현동)"
남도향기 조이아시아,기타,37.50108778962138,127.04152059268142,영업/정상,
네잎크로바,기타,37.52707598154342,127.0362139558591,영업/정상,"서울특별시 강남구 압구정로46길 26, 지하1층 (신사동)"
첼시스 하이볼 가로수길,기타,37.52125494868432,127.02322228022749,영업/정상,"서울특별시 강남구 도산대로15길 47, 지상1층 (신사동)"
사이야 강남 일원점,기타,37.49001968465114,127.08429188271042,영업/정상,서울특별시 강남구 일원로9길 32 (일원동)
가거도,기타,37.50532245554183,127.05496289749743,영업/정상,"서울특별시 강남구 테헤란로78길 14-6 (대치동,지상1,2층)"
담다,기타,37.49436990548992,127.03383984320025,영업/정상,"서울특별시 강남구 역삼로 129, LK 지하1층 (역삼동)"
몰타참치,기타,37.505069272572314,127.05498481805176,영업/정상,"서울특별시 강남구 삼성로85길 26 (대치동,브이앤에스빌딩 2층)"
탄,기타,37.50083687436089,127.03959507840743,영업/정상,"서울특별시 강남구 언주로87길 44, 1층 (역삼동)"
샹츠마라 역삼점,기타,37.50085838008427,127.04058796164693,영업/정상,"서울특별시 강남구 언주로85길 32, 역삼역센트럴푸르지오 지하1층 B104C-CA01호 (역삼동)"
해담아구찜 강남본점,기타,37.49992722574058,127.02789743154912,영업/정상,"서울특별시 강남구 강남대로96길 11 (역삼동,지상2층)"
파티온,기타,37.5041511422463,127.05209766721448,영업/정상,"서울특별시 강남구 선릉로86길 31 (대치동,롯데골드로즈Ⅱ차 1층11호)"
미아사이공,기타,37.518045189056025,127.0303228037928,영업/정상,"서울특별시 강남구 도산대로30길 29 (논현동,지하1층)"
노모어피자 청담점,기타,37.51890951969275,127.04908888310993,영업/정상,"서울특별시 강남구 학동로 441, 1층 101호 (청담동)"
타타 (TATA),기타,37.49432933026634,127.03805048875037,영업/정상,"서울특별시 강남구 역삼로20길 17, 지상1층 (역삼동)"
돼지고깃국 효,기타,37.4836147677047,127.04601930864568,영업/정상,"서울특별시 강남구 논현로26길 46-6, 지상1층 (도곡동)"
삼성족발,기타,37.50557863427569,127.05818331980306,영업/정상,"서울특별시 강남구 삼성로86길 8, 지상2층 (대치동)"
글로드,기타,37.52838705818748,127.03278817566526,영업/정상,"서울특별시 강남구 언주로173길 8, 지상2층 (신사동, 강산빌딩)"
샐요,기타,37.50297359241314,127.04653232570449,영업/정상,"서울특별시 강남구 테헤란로 322, 지하2층 제비140호 (역삼동)"
미에뜨,기타,37.482884007364305,127.04673933079211,영업/정상,"서울특별시 강남구 양재천로 195, 지상1층 (도곡동)"
만복회해산물,기타,37.50594939769901,127.03257299063777,영업/정상,"서울특별시 강남구 봉은사로24길 12, 지상1층 1호 (역삼동)"
에스프레소 랩 퍼스트(ESPRESSO LAB FIRST),기타,37.51347183147076,127.06449700989606,영업/정상,"서울특별시 강남구 봉은사로108길 23, 지상1층 (삼성동)"
와이디 강남점,기타,37.49696314249097,127.04462809398946,영업/정상,"서울특별시 강남구 언주로71길 5-10, 지하1층 (역삼동)"
죽이야기도곡점,기타,37.48514456922606,127.03575694615022,영업/정상,"서울특별시 강남구 남부순환로 2615, 127~130호 (도곡동, 극동스타클래스)"
다미김밥,기타,37.50090799932625,127.02725836608009,영업/정상,"서울특별시 강남구 테헤란로1길 40, 지상1층 (역삼동)"
진심우,기타,37.52600730066511,127.04540731879129,영업/정상,"서울특별시 강남구 도산대로75길 28, 지상3층 (청담동)"
리틀사이공,기타,37.50904780086485,127.06089284405361,영업/정상,"서울특별시 강남구 테헤란로 521, 파르나스타워 지하1층 F-14호 (삼성동)"
영동손만두,기타,37.50893124027564,127.02381281791503,영업/정상,"서울특별시 강남구 학동로4길 38, 지상1층 (논현동)"
몬드,기타,37.52447873918699,127.041913903013,영업/정상,"서울특별시 강남구 도산대로59길 9, 카페티 빌딩 지하2층 (청담동)"
다온 바이 뱀부(DAON by Bamboo),기타,37.516008030197106,127.02781210646422,영업/정상,"서울특별시 강남구 학동로25길 39, 지상1층,2층 (논현동)"
아이엠아사이,기타,37.52533675017158,127.03788276507943,영업/정상,"서울특별시 강남구 도산대로51길 33, 1층 101호 (신사동)"
프레퍼스 다이어트 푸드 선릉직영점,기타,37.50325120347936,127.05102969438278,영업/정상,"서울특별시 강남구 선릉로86길 16, 지상3층 (대치동)"
(주)평안도식당,기타,37.50374294607325,127.0258892465556,영업/정상,서울특별시 강남구 봉은사로2길 13 (역삼동)
전주선비빔,기타,37.50859530026902,127.05971847792408,영업/정상,"서울특별시 강남구 테헤란로 517, 지하1층 (삼성동)"
나리식당,기타,37.524485350935876,127.04169242784744,영업/정상,"서울특별시 강남구 선릉로152길 25, 1층 (청담동)"
오늘도수고했어,기타,37.520503934447355,127.04783616046683,영업/정상,"서울특별시 강남구 학동로77길 27, 상가동 지상2층 201호 (청담동, 대림아파트)"
청담제주물항,기타,37.486752067654365,127.05125883852217,영업/정상,"서울특별시 강남구 언주로 120 (도곡동,1층)"
맥클린 McLean,기타,37.52237156738175,127.0443192500341,영업/정상,"서울특별시 강남구 도산대로66길 19, 지하2층 (청담동)"
더 뭉티기,기타,37.495262903835616,127.04562488085273,영업/정상,"서울특별시 강남구 언주로 311, 지상1층 101호 (역삼동, 로즈타워)"
한티옥,기타,37.497009256459016,127.0562592019777,영업/정상,"서울특별시 강남구 도곡로 418 (대치동,강원빌딩 지상1층)"
번(Burn),기타,37.520125995477215,127.03367527577458,영업/정상,"서울특별시 강남구 언주로147길 6, 지하1층 (논현동)"
살몬바,기타,37.520350349430046,127.0220754257864,영업/정상,"서울특별시 강남구 강남대로160길 42, 2층 (신사동)"
길목 신별관,기타,37.51493565020858,127.05287450412534,영업/정상,"서울특별시 강남구 삼성로116길 6, 지상1층 (삼성동)"
대왕통닭,기타,37.50498185124722,127.04346361799637,영업/정상,서울특별시 강남구 언주로98길 19 (역삼동)
현경압구정점,기타,37.524057735887894,127.02791593357462,영업/정상,"서울특별시 강남구 논현로 841 (신사동,지하1층107,108,109,110호)"
은주네분식,기타,37.509465258014444,127.02362067655854,영업/정상,"서울특별시 강남구 학동로4길 32, 1층 107호 (논현동)"
바나프레소 삼성테헤란로점,기타,37.5068422712816,127.05518182286109,영업/정상,"서울특별시 강남구 테헤란로 439, 지상1층 (삼성동)"
가든파티,기타,37.510073444327,127.02260077761467,영업/정상,"서울특별시 강남구 학동로2길 20, 지하1층 (논현동)"
피아나72 (PIANA72),기타,37.524600816006526,127.04599531750488,영업/정상,"서울특별시 강남구 도산대로75길 5, 지하1층 (청담동)"
사브서울(Sav Seoul)/와인나라 압구정점,기타,37.52631594457931,127.02776009538006,영업/정상,"서울특별시 강남구 논현로175길 6, 지하1층,1층,2층 101호 (신사동)"
키친스탠다드 강남점 33호,기타,37.50736932020773,127.03739743154303,영업/정상,"서울특별시 강남구 언주로107길 23, 지상2층 주방33호 (역삼동)"
윤식당,기타,37.50100380439089,127.06364587554184,영업/정상,"서울특별시 강남구 삼성로64길 41, 지하1층 제1호,제2호,제3호 (대치동)"
바나프레소 선정릉점,기타,37.5099011253772,127.0435079892259,영업/정상,"서울특별시 강남구 선릉로 577, 조선내화빌딩 지상1층 (역삼동)"
뻬를라,기타,37.52649833515452,127.04088412381599,영업/정상,"서울특별시 강남구 도산대로55길 43, 세정빌딩 지상1층 (청담동)"
야미,기타,37.50610907419782,127.02818536617208,영업/정상,"서울특별시 강남구 봉은사로 129-1 (논현동,지상2층202호)"
산낙지 갯마을 2,기타,37.485083716202695,127.09757386904782,영업/정상,"서울특별시 강남구 광평로 226, 지하1층 (수서동)"
델리하인츠버그,기타,37.521472224127045,127.02226086502448,영업/정상,"서울특별시 강남구 압구정로10길 33 (신사동,지상1층)"
아리계곡,기타,37.500375341938245,127.02845913247359,영업/정상,"서울특별시 강남구 테헤란로1길 28-14, 지상1층 101호,102호 (역삼동)"
고급양식,기타,37.499251202902656,127.03593284583003,영업/정상,"서울특별시 강남구 테헤란로26길 14, 지하2층 101호 (역삼동)"
도미라공방,기타,37.503829977339976,127.04482784406801,영업/정상,"서울특별시 강남구 테헤란로 311, 지하1층 122호 (역삼동, 아남타워)"
청담 주먹고기,기타,37.52071738225474,127.03714742643572,영업/정상,"서울특별시 강남구 도산대로46길 21, 101동 지하1층 B128호 (논현동, 한진로즈힐아파트)"
(주)비즈니스아츠 디자인,기타,37.518841170128795,127.02340765702985,영업/정상,"서울특별시 강남구 도산대로13길 14, 지상3층 302호 (신사동, 다모빌딩)"
생생돈까스,기타,37.48574431025999,127.08351058112713,영업/정상,"서울특별시 강남구 일원로 95 (일원동,201호)"
시골밥상,기타,37.47932958004949,127.04854466548464,영업/정상,"서울특별시 강남구 개포로25길 6 (개포동,지상1층)"
육성급 2호점,기타,37.50769535310383,127.05497658136218,영업/정상,"서울특별시 강남구 테헤란로79길 13, 송현빌딩 1층 101호 (삼성동)"
라멘 호토리,기타,37.5057023799757,127.05766777028218,영업/정상,"서울특별시 강남구 삼성로 434, 익성대치 지상1층 (대치동)"
순정갈비 선릉직영점,기타,37.505081336678295,127.05352246189088,영업/정상,"서울특별시 강남구 선릉로90길 56 (대치동,대우아이빌지상1층104,105호)"
크리스피프레시 파르나스몰점,기타,37.50904780086485,127.06089284405361,영업/정상,"서울특별시 강남구 테헤란로 521, 파르나스몰 지하1층 F-5,6호 (삼성동)"
토담골맛집,기타,37.497588528826455,127.03024347927219,영업/정상,"서울특별시 강남구 테헤란로4길 13 (역삼동,지상1층 103호)"
보영만두(강남점),기타,37.50022225744473,127.029132846887,영업/정상,"서울특별시 강남구 테헤란로5길 24, 지상1층 101호 (역삼동)"
형수곱창 압구정점,기타,37.52790851451168,127.03749434702642,영업/정상,"서울특별시 강남구 압구정로46길 5-10, B동 103호 (신사동, 압구정로데오스타)"
아리랑순대,기타,37.51784611696519,127.02282911904608,영업/정상,"서울특별시 강남구 도산대로 131 (신사동,지상1층)"
움,기타,37.52620399650317,127.0447436862755,영업/정상,"서울특별시 강남구 선릉로162길 51, 지상2층 (청담동)"
마테르(mater),기타,37.52332987454555,127.0346378220755,영업/정상,"서울특별시 강남구 언주로154길 16, 서울레이저빌딩 지하1층 (신사동)"
춘풍월,기타,37.533026741970474,127.0279255640881,영업/정상,"서울특별시 강남구 압구정로29길 71, 지상1층 104,105호 (압구정동, 현대상가 2동)"
코드(CODE),기타,37.526128359250656,127.03901999606283,영업/정상,"서울특별시 강남구 선릉로157길 12, 지하1층 (신사동)"
장호왕곱창,기타,37.498803336995984,127.03610225379833,영업/정상,"서울특별시 강남구 논현로85길 23 (역삼동,지상3층)"
브리,기타,37.52307027938689,127.05647710767201,영업/정상,"서울특별시 강남구 영동대로138길 9, 지상1층 102호 (청담동)"
미도갈비 역삼점,기타,37.50276471852954,127.03718594393492,영업/정상,"서울특별시 강남구 봉은사로30길 75, 성연빌딩 지상3층 (역삼동)"
넘버텐 건,기타,37.50542628902256,127.02480879645626,영업/정상,"서울특별시 강남구 봉은사로1길 9 (논현동,지상2층 201호)"
더왈츠앤조이피아,기타,37.49413413467708,127.03430595661486,영업/정상,"서울특별시 강남구 역삼로 134, 지상1층 (역삼동)"
옥소반 대치점,기타,37.49830976387466,127.05417339470868,영업/정상,"서울특별시 강남구 선릉로64길 23, 지상1층 101호 (대치동)"
커피만(COFFEEMANN),기타,37.51192808930968,127.04602056032063,영업/정상,"서울특별시 강남구 선릉로112길 31, 2층 201호 (삼성동)"
우리다 역삼점,기타,37.50064165435421,127.04017728143688,영업/정상,"서울특별시 강남구 테헤란로34길 14, 지상1층 101호 (역삼동)"
공차 강남본점,기타,37.49907631452256,127.02988690815128,영업/정상,"서울특별시 강남구 테헤란로 115, 서림빌딩 지상1층 (역삼동)"
대치동집,기타,37.503318480171856,127.05176536728152,영업/정상,"서울특별시 강남구 테헤란로64길 25, 지상1층 (대치동, 옥원빌딩)"
동경,기타,37.51039790008076,127.0611933146357,영업/정상,"서울특별시 강남구 영동대로 513, 지하1층 J108호 (삼성동, 코엑스몰 )"
비비바로(BB바로),기타,37.5196901788453,127.02364168151443,영업/정상,"서울특별시 강남구 도산대로15길 21, 1층 (신사동)"
쇼미더롤,기타,37.52621781356864,127.04442263326845,영업/정상,"서울특별시 강남구 선릉로162길 47, 지상2층 (청담동)"
해미심일식,기타,37.504280061693194,127.0454625050656,영업/정상,"서울특별시 강남구 테헤란로47길 8, 2층 (역삼동)"
젠제로 도산,기타,37.523669677870195,127.03565497427448,영업/정상,"서울특별시 강남구 도산대로45길 18-2, 지하1층 (신사동)"
피자 네버 슬립스(PIZZA NEVER SLEEPS),기타,37.5217867260078,127.0242111195634,영업/정상,"서울특별시 강남구 도산대로19길 50, 지상2층 (신사동)"
마마,기타,37.514557536462206,127.03430303581409,영업/정상,서울특별시 강남구 학동로38길 6 (논현동)
레스쁘아,기타,37.522464026996154,127.04013313253682,영업/정상,"서울특별시 강남구 도산대로56길 10, 지상2층,3층 (청담동)"
레거시멤버스라운지 청담점,기타,37.52693931460137,127.04183235329415,영업/정상,"서울특별시 강남구 압구정로60길 8, 지하1층 (청담동)"
떡쌈시대,기타,37.52478476307834,127.02734540762779,영업/정상,"서울특별시 강남구 논현로167길 12 (신사동,지상1층)"
김이정 숯불구이,기타,37.509915807074975,127.0564094087621,영업/정상,"서울특별시 강남구 테헤란로81길 46-5 (삼성동,지상1층)"
영동껍데기,기타,37.49703130723569,127.03115415393421,영업/정상,"서울특별시 강남구 강남대로84길 32 (역삼동,지상1층)"
(주)커피빈코리아 선릉로93길점,기타,37.505664664405835,127.04792097794393,영업/정상,"서울특별시 강남구 선릉로93길 6, 지상1층 101호 (역삼동)"
미젠,기타,37.50369976674769,127.04009907401644,영업/정상,"서울특별시 강남구 언주로93길 22-4 (역삼동,지하1층)"
파파치킨,기타,37.4945269498382,127.03339162235724,영업/정상,서울특별시 강남구 역삼로7길 6 (역삼동)
은우,기타,37.50857077186228,127.03464946000018,영업/정상,"서울특별시 강남구 봉은사로29길 12, 지상2층 (논현동)"
옐로우,기타,37.52625763565513,127.04113048332643,영업/정상,"서울특별시 강남구 도산대로55길 42, 지상1층 (청담동)"
더 클래식,기타,37.497579297517134,127.03301261601113,영업/정상,"서울특별시 강남구 테헤란로10길 25, 지하1층 B01호 (역삼동, 뜨라네)"
타코벨 더강남,기타,37.50146352314758,127.02698256721344,영업/정상,"서울특별시 강남구 테헤란로1길 48, 강남ELS빌딩 1층 (역삼동)"
압구정볶는커피(청담점),기타,37.522069098541586,127.04153183842631,영업/정상,"서울특별시 강남구 도산대로58길 17, 지상1층 (청담동)"
강남 회춘식당 횟집,기타,37.4903354095504,127.03265575224826,영업/정상,"서울특별시 강남구 강남대로62길 14, 지상1층 (역삼동)"
휘가로,기타,37.4957070186056,127.03315619565399,영업/정상,서울특별시 강남구 논현로79길 73 (역삼동)
원일식당,기타,37.52782276866141,127.03045808378056,영업/정상,"서울특별시 강남구 압구정로 212, 지하1층 (신사동)"
강남콩 역삼,기타,37.50039736180221,127.04118215342612,영업/정상,"서울특별시 강남구 테헤란로34길 21-7, 지상1층 (역삼동)"
매머드 익스프레스 대치점,기타,37.49793522180493,127.05882461376547,영업/정상,"서울특별시 강남구 도곡로 442, 진흥빌딩 1층 104호 (대치동)"
영천얼큰돼지국밥,국밥,37.50538403673172,127.04287539464852,영업/정상,"서울특별시 강남구 봉은사로44길 68, 1층 (역삼동)"
핑가스존,기타,37.52528079031332,127.03896364425538,영업/정상,"서울특별시 강남구 도산대로53길 32 (신사동,(지상2층))"
밍글스,기타,37.52242949075547,127.03960677235344,영업/정상,"서울특별시 강남구 선릉로 758, 지하1층 (청담동)"
한방메기탕,기타,37.493595292699496,127.04146770565039,영업/정상,"서울특별시 강남구 논현로64길 14 (역삼동,지하1층)"
설백가마순대국,기타,37.52169858302099,127.03065493160241,영업/정상,"서울특별시 강남구 논현로152길 31, 2,3층 (신사동)"
일치엘로,기타,37.499085481138366,127.03414764536576,영업/정상,"서울특별시 강남구 테헤란로20길 10 (역삼동,쓰리엠타워 지상2층)"
어영차 풍천민물장어,기타,37.52396285771945,127.02746189161812,영업/정상,"서울특별시 강남구 압구정로28길 40, 신사동 더원 빌딩 지상2층 (신사동)"
신사양갈비,기타,37.517953901395494,127.0212921631799,영업/정상,"서울특별시 강남구 압구정로2길 60, MG타워 지상2층 201호 (신사동)"
벌떡포차,기타,37.50816429794322,127.02497875564713,영업/정상,"서울특별시 강남구 강남대로122길 24 (논현동, 지상1층 101호)"
카페 드 빈티지,기타,37.50528144336457,127.03634261338964,영업/정상,"서울특별시 강남구 논현로102길 15, 지상1층 (역삼동)"
깐부치킨 역삼본점,기타,37.49820231456121,127.03509795632154,영업/정상,"서울특별시 강남구 논현로85길 37, 지상1층 (역삼동)"
전주식당,기타,37.46925413555886,127.11883233502265,영업/정상,"서울특별시 강남구 헌릉로745길 25, 강남자동차매매장에이동 A동 지하1층 126호 (율현동)"
대감왕족발,기타,37.528057914463076,127.0310211679467,영업/정상,"서울특별시 강남구 압구정로 216 (신사동,지상1층 111호)"
툇마루집,기타,37.501964810918054,127.03526672080818,영업/정상,서울특별시 강남구 테헤란로25길 21 (역삼동)
고등어식당,기타,37.497583006654295,127.03111040410451,영업/정상,"서울특별시 강남구 강남대로84길 33 (역삼동,대우디오빌플러스지하1층109호)"
일프린치페(주)금화유통,기타,37.528129635073,127.03555355299301,영업/정상,"서울특별시 강남구 압구정로42길 11 (신사동,지상3,4층)"
명우돈가,기타,37.50848280867252,127.05658621353363,영업/정상,"서울특별시 강남구 삼성로96길 6, 지상1층 102호 (삼성동, LG트윈텔)"
셀렉티드마롱(SELECTED MALONG),기타,37.49618798433461,127.03087830652318,영업/정상,"서울특별시 강남구 테헤란로4길 37, 지상1층 (역삼동)"
요란,기타,37.5106558668605,127.0463607022048,영업/정상,서울특별시 강남구 봉은사로 422 (삼성동)
우살롱,기타,37.526194180651075,127.0297973306452,영업/정상,"서울특별시 강남구 압구정로32길 24, 지하1층 (신사동)"
너에게,기타,37.52787076328644,127.0318884209931,영업/정상,"서울특별시 강남구 언주로173길 19, 지상1층 3호 (신사동)"
정겨운오뎅집,기타,37.51018000614752,127.0560231972329,영업/정상,"서울특별시 강남구 테헤란로81길 56 (삼성동,지상1층)"
헬스토랑 역삼지점,기타,37.50691039151892,127.0409520005848,영업/정상,"서울특별시 강남구 봉은사로44길 36, 지하1층 2호 (역삼동)"
28번가(28St),기타,37.488392600959514,127.03443172885599,영업/정상,"서울특별시 강남구 도곡로4길 28, 1층 102호 (도곡동)"
금보성,기타,37.50932748002262,127.03598594125785,영업/정상,서울특별시 강남구 언주로113길 16 (논현동)
이오스,기타,37.52413901971239,127.04377182266134,영업/정상,"서울특별시 강남구 도산대로 439 (청담동,소봉빌딩 지하1층)"
우미가,기타,37.51035047109941,127.0354037961369,영업/정상,"서울특별시 강남구 봉은사로37길 35, 지하1층 (논현동, 동궁빌딩)"
더제이 키친,기타,37.49240903545035,127.03202358981508,영업/정상,"서울특별시 강남구 역삼로4길 16, 성우스타우스오피스텔 지하1층 비04호 (역삼동)"
동호치킨,기타,37.502818508399194,127.05840369632388,영업/정상,"서울특별시 강남구 역삼로 468 (대치동,지상1층)"
금강수림,기타,37.48530933573788,127.03440343401125,영업/정상,"서울특별시 강남구 강남대로 240 (도곡동,양재SK허브프리모 지하2층)"
춘천닭갈비,기타,37.48291420704525,127.06129009564772,영업/정상,"서울특별시 강남구 선릉로8길 5, 지상1층 102호 (개포동)"
투바이투,기타,37.523668437423964,127.05603766597733,영업/정상,"서울특별시 강남구 영동대로138길 23, 지상1층 (청담동)"
도도짝갈비,기타,37.50736746732384,127.03277156566585,영업/정상,"서울특별시 강남구 봉은사로25길 4, 1층 (논현동)"
앙상블,기타,37.50363893110234,127.05447885396418,영업/정상,"서울특별시 강남구 삼성로81길 39, 유성빌딩 지하1층 (대치동)"
미라클,기타,37.524503079336924,127.05275872189243,영업/정상,"서울특별시 강남구 도산대로 540, 지상10층 (청담동)"
술의나라,기타,37.4833448123568,127.06037128951294,영업/정상,"서울특별시 강남구 선릉로16길 4-10 (개포동,지상1층101호)"
황태명가,기타,37.507999372225456,127.06643847592512,영업/정상,"서울특별시 강남구 테헤란로108길 23 (대치동,지하1층)"
해주옥덤벙 소고기국밥,국밥,37.50480003247181,127.04449140362064,영업/정상,"서울특별시 강남구 언주로98길 33, 지상1층 (역삼동)"
오너스 ONUS,기타,37.50249525315332,127.03701381528388,영업/정상,"서울특별시 강남구 봉은사로30길 78, 지하1층 (역삼동)"
한신설렁탕 선릉역점,기타,37.50331227607704,127.04633325591085,영업/정상,"서울특별시 강남구 테헤란로 322, 한신인터밸리24 지하2층 B144호 (역삼동)"
프레르,기타,37.514159459385304,127.04474249541623,영업/정상,"서울특별시 강남구 선릉로120길 26, 지상1층 (삼성동)"
그리너리 강남점,기타,37.50331227607704,127.04633325591085,영업/정상,"서울특별시 강남구 테헤란로 322, 한신인터밸리24 지하2층 B105호 (역삼동)"
남도포차,기타,37.5060823333192,127.03280820705162,영업/정상,"서울특별시 강남구 봉은사로24길 11, 지하1층 101호 (역삼동)"
와플본가,기타,37.51245831860277,127.03207674285521,영업/정상,"서울특별시 강남구 논현로124길 5, 지상2층 201-17호 (논현동)"
함양할머니김치찜 강남점,기타,37.501128044111695,127.03466621478546,영업/정상,"서울특별시 강남구 테헤란로25길 9-10, 지하1층 1호 (역삼동)"
테이크아웃재즈,기타,37.47487821433283,127.05081619031867,영업/정상,"서울특별시 강남구 논현로10길 28, 지하1층 101호 (개포동)"
에이치,기타,37.50996641707995,127.04182422537406,영업/정상,"서울특별시 강남구 봉은사로 319, 내외빌딩 지하1층 (논현동)"
슐미랭삼,기타,37.50663660878769,127.04976957312424,영업/정상,"서울특별시 강남구 선릉로100길 32, 1층 102호 (삼성동)"
루맨홀24,기타,37.50908275839987,127.02345058074391,영업/정상,"서울특별시 강남구 학동로2길 39, LS빌딩 지하1층 (논현동)"
수담,기타,37.510604395827414,127.04593691773275,영업/정상,"서울특별시 강남구 봉은사로 418, 지하1층 1호 (삼성동, 에이치에스타워)"
알이비,기타,37.522012635403286,127.03283279510894,영업/정상,"서울특별시 강남구 언주로151길 7 (신사동,101호)"
담원순대,기타,37.49615092013367,127.03035992135194,영업/정상,"서울특별시 강남구 테헤란로4길 34, 강남뉴스텔 지상1층 101호 (역삼동)"
매머드익스프레스 양재역 강남대로점,기타,37.485724490697606,127.03394252634322,영업/정상,"서울특별시 강남구 강남대로 248, 목원빌딩 지상1층 3호 (도곡동)"
선릉마실길,기타,37.50696504154856,127.04754326073792,영업/정상,"서울특별시 강남구 선릉로 530 (삼성동,지상1층)"
내림손 삼계탕,기타,37.50556051063917,127.05917008720354,영업/정상,서울특별시 강남구 테헤란로84길 25 (대치동)
모티에(MOTIE),기타,37.48508610168384,127.04334643249227,영업/정상,"서울특별시 강남구 논현로36길 19, 지상1층 (도곡동)"
다이닝 갈비,기타,37.51061138186853,127.0559523660086,영업/정상,"서울특별시 강남구 테헤란로81길 62-4, 1층 (삼성동)"
두공기김치찜 역삼점,기타,37.50496723260514,127.03966016971232,영업/정상,"서울특별시 강남구 테헤란로37길 41, 지하1층 (역삼동)"
앤치즈,기타,37.5281965129608,127.03160181261916,영업/정상,"서울특별시 강남구 압구정로36길 5 (신사동,2층)"
오늘도 회이팅,기타,37.49595516164303,127.04665713725551,영업/정상,"서울특별시 강남구 언주로 314, 강남프라자 지하1층 제B110-1호 (역삼동)"
CAFE FEEL (카페필),기타,37.497946733376075,127.03910853272929,영업/정상,"서울특별시 강남구 역삼로25길 27, 지하1층 102호 (역삼동, 대명벨리온)"
산봉면옥,기타,37.52555959942667,127.03289459337662,영업/정상,서울특별시 강남구 언주로 841 (신사동)
휘초밥,기타,37.505724508952966,127.05968787813732,영업/정상,"서울특별시 강남구 삼성로84길 26, 지상1층 101호 (대치동)"
토마 2nd,기타,37.507049992251545,127.06182236983138,영업/정상,"서울특별시 강남구 영동대로85길 20, 지하1층 B110호, B111호, B112호 (대치동)"
타카이 청담점,기타,37.518357373378194,127.03978751218554,영업/정상,"서울특별시 강남구 학동로53길 19, 지상1층 (논현동)"
이모네 뭉티기,기타,37.50847746286273,127.05788668519753,영업/정상,"서울특별시 강남구 테헤란로83길 14, 두산 위브센티움 지상1층 102호 (삼성동)"
칠성,기타,37.498503704632526,127.04007146462641,영업/정상,"서울특별시 강남구 테헤란로30길 42, 지하1층 (역삼동)"
쓰촨 마라,기타,37.494284720643314,127.03489819699169,영업/정상,"서울특별시 강남구 역삼로 140, 청암빌딩 지하2층 2호 (역삼동)"
온기 삼성점,기타,37.51089007141804,127.06579234905102,영업/정상,"서울특별시 강남구 테헤란로113길 13, 칠성빌딩 지하1층 (삼성동)"
에디페브(Eddy-feb),기타,37.51986065334996,127.0489055338344,영업/정상,"서울특별시 강남구 학동로77길 18, 1층 1호 (청담동)"
스타벅스 리저브도산,기타,37.5255398830605,127.03773555503317,영업/정상,"서울특별시 강남구 선릉로155길 23, 테라201 1,2층 (신사동)"
월계랑,기타,37.48530933573788,127.03440343401125,영업/정상,"서울특별시 강남구 강남대로 240 (도곡동,양재SK허브프리모 1층101호)"
장칼&짜글이,기타,37.49702710547764,127.02976901919028,영업/정상,"서울특별시 강남구 강남대로84길 15, 지하1층 B123,B124호 (역삼동)"
동경규동 강남본점,기타,37.49595693850821,127.03026659789342,영업/정상,"서울특별시 강남구 테헤란로4길 38-4, 태양빌딩 지하1층 (역삼동)"
다비어스(DABEERS),기타,37.49434795190433,127.07961586766422,영업/정상,"서울특별시 강남구 개포로 623, 지하1층 133호 (개포동, 대청타워)"
왓탕카,기타,37.51919022335698,127.03156166674182,영업/정상,"서울특별시 강남구 언주로147길 33 (논현동,1층)"
베럴푸드다이어트(Better Food Diet),기타,37.49539989631866,127.03040580524147,영업/정상,"서울특별시 강남구 테헤란로4길 46, 지하1층 제비상가111호 (역삼동, 쌍용플래티넘밸류)"
이모네 정육식당,기타,37.4901325132497,127.08467327611417,영업/정상,"서울특별시 강남구 일원로9길 38, 지상1층 (일원동)"
해우리 선릉L7점,기타,37.50570189223452,127.05155068061808,영업/정상,서울특별시 강남구 테헤란로 415 (주)호텔롯데 L7 강남 지하1층 (삼성동)
타코잇 선릉역점,기타,37.505885888496806,127.04803114645544,영업/정상,"서울특별시 강남구 선릉로 519, 지상1층 102호 (역삼동)"
맛단,기타,37.50319011092509,127.03698636821505,영업/정상,"서울특별시 강남구 봉은사로30길 69, B101호 (역삼동, 힐하우스)"
토파,기타,37.52290767386029,127.04487333330876,영업/정상,"서울특별시 강남구 도산대로68길 11, 웅찬빌딩 지하1층 (청담동)"
송커피,기타,37.477530682667506,127.04635600821153,영업/정상,"서울특별시 강남구 논현로18길 14-6, 지상1층 (개포동)"
남다른감자탕 학동사거리점,기타,37.52109626493544,127.03782456767685,영업/정상,"서울특별시 강남구 선릉로145길 21, 지상1층 (논현동)"
이집닭강정잘하네 강남논현점,기타,37.50855925725822,127.03421365093114,영업/정상,"서울특별시 강남구 논현로114길 10, 1층 101호 (논현동)"
막걸리 전,기타,37.50893124027564,127.02381281791503,영업/정상,"서울특별시 강남구 학동로4길 38, 지상1층 (논현동)"
델라마노(De la mano),기타,37.505886468364025,127.0423204218458,영업/정상,"서울특별시 강남구 봉은사로44길 59, 지하1층 B101호 (역삼동)"
하남돼지집 한티점,기타,37.49801847969135,127.0530364858424,영업/정상,"서울특별시 강남구 선릉로64길 9, 지상1층 (대치동, 대성빌딩)"
시골집,기타,37.5004916036267,127.04060878661288,영업/정상,"서울특별시 강남구 테헤란로34길 17 (역삼동,지상1층)"
티하우스 청담,기타,37.51894558913683,127.05469729490422,영업/정상,"서울특별시 강남구 삼성로120길 52-1, 하랑빌딩 지상1층 (삼성동)"
바다와,기타,37.497548672443756,127.06882590647426,영업/정상,"서울특별시 강남구 영동대로 211, 지하1층 (대치동)"
제이에스(JS)가든 블랙,기타,37.521473638646754,127.03696676259766,영업/정상,"서울특별시 강남구 언주로150길 32, 지상1층 (논현동)"
깐부치킨 역삼럭키점,기타,37.49225837875556,127.0389276910569,영업/정상,서울특별시 강남구 논현로63길 25 (역삼동)
브라이드 밸리,기타,37.48718202155001,127.03335662885179,영업/정상,"서울특별시 강남구 강남대로 262, 지하1층 (도곡동)"
청불 천막집 논현점,기타,37.506827090834946,127.02448207646732,영업/정상,"서울특별시 강남구 봉은사로1길 32, 지상1층 (논현동)"
국밥생각,국밥,37.497588528826455,127.03024347927219,영업/정상,"서울특별시 강남구 테헤란로4길 13, 1층 101호 (역삼동, 예성I라이프)"
등촌샤브칼국수 신사가로수길점,칼국수,37.51877161786243,127.02066860429736,영업/정상,"서울특별시 강남구 압구정로2길 46, 2층 206호 (신사동)"
푸른수산,기타,37.502804413927855,127.0367187154275,영업/정상,"서울특별시 강남구 봉은사로30길 74, 지하1층 (역삼동)"
피쉬스토리,기타,37.52774588756646,127.03860967651286,영업/정상,"서울특별시 강남구 압구정로50길 7, 지상1층 16호 (신사동)"
태양의 토마토라멘,기타,37.49824413618982,127.05365358848378,영업/정상,서울특별시 강남구 선릉로64길 17 (대치동)
크레이지호스,기타,37.52174813730651,127.02293994608533,영업/정상,서울특별시 강남구 압구정로12길 35 (신사동)
소소헌,기타,37.51027049854282,127.06562793115387,영업/정상,"서울특별시 강남구 테헤란로107길 6, 지상1층 101호 (삼성동)"
밤별,기타,37.50246720189685,127.02667792873751,영업/정상,"서울특별시 강남구 강남대로102길 13-8, 지상1,2층 (역삼동)"
오토보이 : 오토김밥닭강정 대치점,기타,37.498803750103114,127.05831695819954,영업/정상,"서울특별시 강남구 도곡로77길 7, 지상1층 101호 (대치동)"
세인츠투엘브 삼성본점,기타,37.51063131302371,127.05697958925543,영업/정상,"서울특별시 강남구 삼성로100길 23-9, 지상1층 일부호 (삼성동)"
사운드온더펍 양재점,기타,37.486426916050085,127.03815415440823,영업/정상,"서울특별시 강남구 남부순환로363길 16, 지상1층 108호 (도곡동)"
(주)중앙해장,기타,37.50831384510651,127.06546765925698,영업/정상,"서울특별시 강남구 영동대로86길 17, 1층 (대치동)"
경희상사,기타,37.510536394657485,127.04306053458859,영업/정상,"서울특별시 강남구 봉은사로 333, 지하2층 B201호 (논현동, 선정릉역 모아엘가 퍼스트 홈)"
Club Meritz(클럽 메리츠),기타,37.49745104342716,127.02879359491544,영업/정상,"서울특별시 강남구 강남대로 382, 메리츠타워 지하1층 (역삼동)"
미라마르,기타,37.52406514533856,127.03734590985921,영업/정상,"서울특별시 강남구 도산대로49길 18, 지상2,3층 (신사동)"
다른별에서온마녀,기타,37.525017514018906,127.03696179271957,영업/정상,"서울특별시 강남구 도산대로49길 31 (신사동,3층)"
화이트,기타,37.50884808627618,127.03723893617898,영업/정상,"서울특별시 강남구 봉은사로37길 6, 지하1층 (논현동)"
우수,기타,37.52426485381428,127.04000649066631,영업/정상,"서울특별시 강남구 선릉로152길 5, 지상2층 (청담동)"
이안,기타,37.52257291581704,127.02125607896393,영업/정상,"서울특별시 강남구 논현로175길 101-3, 지상2층 (신사동)"
데일리 픽스,기타,37.497774803465646,127.03246708676632,영업/정상,"서울특별시 강남구 논현로85길 70, 지상1층 102호, 1층중이층 (역삼동)"
프레드피자 강남1호점,기타,37.51456976555068,127.05028078194056,영업/정상,"서울특별시 강남구 삼성로115길 22, 1층 102호 (삼성동)"
뻘,기타,37.51802364843608,127.0208342876474,영업/정상,"서울특별시 강남구 강남대로154길 21, K.I빌딩 지하1층 (신사동)"
토핑스,기타,37.50085838008427,127.04058796164693,영업/정상,"서울특별시 강남구 언주로85길 32, 역삼역센트럴푸르지오 지하1층 B124호 (역삼동)"
신비 갈비살,기타,37.51910215353154,127.02013476227579,영업/정상,"서울특별시 강남구 강남대로158길 15, 1층 (신사동)"
포키원앤하프 강남점,기타,37.50932305549691,127.04155640827167,영업/정상,"서울특별시 강남구 봉은사로 314, 지하1층 (역삼동)"
동까스,기타,37.497438870835566,127.05463742632331,영업/정상,서울특별시 강남구 도곡로 405 (대치동)
(주)참치그라와복그라,기타,37.50502501571448,127.04672158036537,영업/정상,"서울특별시 강남구 선릉로93길 22, 지상3층 (역삼동)"
미고돈까스,기타,37.4865168787329,127.05188290856825,영업/정상,"서울특별시 강남구 언주로 118 (도곡동,우성캐릭터199 지하1층 4호)"
구오제,기타,37.49415913600187,127.07868928853152,영업/정상,"서울특별시 강남구 개포로 621, SH공사 지하1층 B107호 (개포동)"
대치동 독도골뱅이,기타,37.49212653643302,127.06256514138201,영업/정상,"서울특별시 강남구 삼성로 151, 1층동 102호 (대치동,선경상가)"
더드림,기타,37.48927177114473,127.06881747953594,영업/정상,"서울특별시 강남구 개포로 512 (개포동,개포종합상가116호)"
코코요,기타,37.521891480755436,127.02226914049449,영업/정상,"서울특별시 강남구 압구정로12길 32-6 (신사동,주경빌딩1층남쪽)"
만인양화,기타,37.5014473109603,127.03386468681198,영업/정상,"서울특별시 강남구 논현로95길 29-8, 지상1층 101호 (역삼동)"
킹콩생고기,기타,37.500571574917615,127.04231101173295,영업/정상,"서울특별시 강남구 언주로85길 13 (역삼동,경남아파트상가지상1층111호)"
숨스,기타,37.518069068303,127.02547094735199,영업/정상,"서울특별시 강남구 도산대로 154-4, 지상102호 (논현동, 광성빌딩)"
옹심이랑 칼국수랑,칼국수,37.52503517895801,127.04842266157408,영업/정상,"서울특별시 강남구 압구정로79길 16 (청담동,지상2 층)"
강남불고기,기타,37.50163710367722,127.03563373913131,영업/정상,"서울특별시 강남구 테헤란로25길 20, 210호 (역삼동, 현대벤처텔)"
60계치킨 서울논현점,기타,37.50645362693023,127.02477366085303,영업/정상,"서울특별시 강남구 강남대로118길 14 (논현동,1층)"
명정루,기타,37.502771692573496,127.03780154930206,영업/정상,"서울특별시 강남구 논현로94길 19 (역삼동,1층)"
동강면옥,기타,37.47465843731342,127.04914748592158,영업/정상,서울특별시 강남구 논현로12길 11 (개포동)
코머스,기타,37.52389374086157,127.05412389343165,영업/정상,"서울특별시 강남구 영동대로 737 (청담동,지상14층)"
스구식탁,기타,37.51936744818944,127.02258091970747,영업/정상,"서울특별시 강남구 도산대로11길 28 (신사동,1층 101호)"
미카제,기타,37.51044118769748,127.06504828741072,영업/정상,"서울특별시 강남구 테헤란로107길 11, 성보타운 지상1층 104호 (삼성동)"
마릴린,기타,37.50365975697102,127.0359027299671,영업/정상,"서울특별시 강남구 논현로 528, 지하2층 (역삼동)"
맘스터치 강남역점,기타,37.50163763212729,127.02689153548545,영업/정상,"서울특별시 강남구 강남대로100길 10 (역삼동,2층)"
삼성집,기타,37.51026988150036,127.05678822572006,영업/정상,"서울특별시 강남구 테헤란로83길 44, 지상1층 (삼성동)"
해랑화,기타,37.524057735887894,127.02791593357462,영업/정상,"서울특별시 강남구 논현로 841, 1층 103호 (신사동)"
호원,기타,37.48556028564031,127.07133818934079,영업/정상,"서울특별시 강남구 삼성로 14 (개포동,개포주공4단지 라125호)"
라면나라김밥세상,기타,37.49045500282066,127.03229581773502,영업/정상,서울특별시 강남구 도곡로1길 7 (역삼동)
경복이모네,기타,37.503247989947916,127.03871514288524,영업/정상,"서울특별시 강남구 논현로94길 29-4, 1층 (역삼동)"
보틀즈바이츠앤비욘드,기타,37.51619123727111,127.04088105003149,영업/정상,"서울특별시 강남구 선릉로129길 7, 지상1층 (논현동)"
도이,기타,37.50299910967025,127.03669653027212,영업/정상,서울특별시 강남구 봉은사로30길 70 (역삼동)
역삼라멘,기타,37.50722927405919,127.03609320341755,영업/정상,"서울특별시 강남구 언주로107길 38, 지상1층 101호 (역삼동)"
한우천국,기타,37.50851859345439,127.02370188255132,영업/정상,"서울특별시 강남구 학동로2길 49, 지상2층 (논현동)"
대봉 칼국수 보쌈,칼국수,37.51877161786243,127.02066860429736,영업/정상,"서울특별시 강남구 압구정로2길 46, 지상1층 제25 N14호 (신사동, 강남상가아파트)"
또봉이 통닭,기타,37.495705324236745,127.0378619765501,영업/정상,"서울특별시 강남구 역삼로 171 (역삼동,지하1층104호)"
송담추어탕,기타,37.494077194633064,127.08158833753178,영업/정상,"서울특별시 강남구 개포로 628 (일원동,지상1층)"
홍운장,기타,37.50190204570984,127.05893020125299,영업/정상,"서울특별시 강남구 삼성로 341 (대치동,지상1층)"
압구정 씨네드쉐프,기타,37.524342594301,127.02941112493845,영업/정상,"서울특별시 강남구 압구정로30길 45 (신사동,지하3층)"
사유리,기타,37.48499241743251,127.04268046200147,영업/정상,"서울특별시 강남구 논현로36길 11 (도곡동,지하1층)"
청양칼국수,칼국수,37.519535018367144,127.03194310887856,영업/정상,"서울특별시 강남구 언주로147길 28 (논현동,지상1층)"
대치동집 강남점,기타,37.4969409507211,127.03075265558195,영업/정상,"서울특별시 강남구 강남대로84길 26, 지상1,지하1층 (역삼동)"
고성 북어국집,기타,37.50266678822373,127.05961403544498,영업/정상,"서울특별시 강남구 삼성로72길 5, 지상1층 102호 (대치동)"
길목(별관),기타,37.51905447311689,127.05639472512466,영업/정상,"서울특별시 강남구 영동대로129길 10, 진성빌딩 1층 (삼성동)"
카페온화 강남점,기타,37.502439548017406,127.02711150952274,영업/정상,"서울특별시 강남구 봉은사로4길 37, 지상2층 (역삼동)"
모아,기타,37.50070041573673,127.02872319089704,영업/정상,"서울특별시 강남구 테헤란로5길 31, 지상1층 (역삼동)"
아바이왕순대,기타,37.50752947258814,127.03189236845861,영업/정상,"서울특별시 강남구 논현로111길 20 (논현동,지상1층)"
옛날김치찌개,기타,37.496628583070304,127.04212040402665,영업/정상,서울특별시 강남구 역삼로34길 8 (역삼동)
운봉,기타,37.50268070108105,127.05916616615566,영업/정상,"서울특별시 강남구 삼성로 348, 지상1층 102호 (대치동)"
마포곱창,기타,37.49622061380621,127.03939680076178,영업/정상,"서울특별시 강남구 논현로 404 (역삼동,지상1층)"
온수반,기타,37.5052981545832,127.0422689770983,영업/정상,"서울특별시 강남구 언주로98길 5-3, 지상1층 (역삼동)"
부산아지매국밥 역삼점,국밥,37.4989828009039,127.03710692051087,영업/정상,"서울특별시 강남구 논현로85길 5-3 (역삼동,청도빌딩1층)"
간(間),기타,37.52160232496422,127.03769143692246,영업/정상,"서울특별시 강남구 도산대로50길 13, 논현빌딩 지상2층 (논현동)"
홍스나나,기타,37.51162798363613,127.04493441626904,영업/정상,"서울특별시 강남구 봉은사로57길 13, 프러스원 지하1층 (삼성동)"
더제이케이키친박스 청담점,기타,37.522188492514466,127.05502631476269,영업/정상,"서울특별시 강남구 학동로97길 36-4, 1층 (청담동)"
심플리시티(simplicity),기타,37.50076278101459,127.03233718059339,영업/정상,"서울특별시 강남구 테헤란로13길 16, 지하1층 (역삼동)"
ARDERE(아르데레),기타,37.525643761826515,127.03454102053982,영업/정상,"서울특별시 강남구 압구정로42길 49, 지상2층 (신사동)"
황태사랑,기타,37.50297359241314,127.04653232570449,영업/정상,"서울특별시 강남구 테헤란로 322, 한신인터밸리24빌딩 지하2층 B122호 (역삼동)"
뉴욕프라이즈 강남역점,기타,37.498612525362205,127.0280559301017,영업/정상,"서울특별시 강남구 테헤란로 101, 북6호 (역삼동, 강남역지하도상가)"
코지,기타,37.51754902907798,127.03932279792963,영업/정상,"서울특별시 강남구 선릉로131길 20 (논현동,지상1층)"
물고기,기타,37.494318852006,127.0324597202685,영업/정상,"서울특별시 강남구 역삼로5길 6 (역삼동,지하1층)"
비어룸,기타,37.500840387079144,127.0284768015029,영업/정상,"서울특별시 강남구 강남대로98길 22, 지상1층 101호 (역삼동)"
린카,기타,37.490904567885465,127.03248509962211,영업/정상,"서울특별시 강남구 도곡로1길 14, 삼일프라자오피스텔 지상1층 111호,112호,115호,116호 (역삼동)"
노타임포유(NO TIME FOR YOU),기타,37.48498490967211,127.0998876943103,영업/정상,"서울특별시 강남구 광평로46길 22, 지하1층 (수서동)"
둘둘치킨,기타,37.50743482155119,127.06292633877702,영업/정상,서울특별시 강남구 영동대로85길 6 (대치동)
담소 소사골 순대?육개장 삼성1호점,기타,37.50607475929007,127.05970291043792,영업/정상,"서울특별시 강남구 삼성로86길 26 (대치동,드림빌딩지상1층)"
올디너리모먼트 Ordinary Moment,기타,37.48401266398072,127.04418975105031,영업/정상,"서울특별시 강남구 논현로30길 26, 지상1층 (도곡동)"
라뀌진,기타,37.52502994101061,127.0462282925587,영업/정상,"서울특별시 강남구 압구정로80길 6 (청담동,지상1,2층)"
스테이,기타,37.50561848202733,127.03430876729907,영업/정상,"서울특별시 강남구 논현로 555, JW빌딩 지하1층 (역삼동)"
베이직,기타,37.51985299703868,127.0327584181572,영업/정상,"서울특별시 강남구 언주로147길 18, 지하1층 (논현동)"
황소곱창,기타,37.51212118465809,127.05499922126361,영업/정상,"서울특별시 강남구 봉은사로82길 16 (삼성동,지상1층)"
원조강남원주추어탕,기타,37.50439518199557,127.0256985182852,영업/정상,"서울특별시 강남구 봉은사로2길 5, 백락빌딩 2층 (역삼동)"
본가신의주찹쌀순대전문점,기타,37.51477514581959,127.06491941104208,영업/정상,"서울특별시 강남구 봉은사로 636 (삼성동,지상1층,지하1층)"
이자카야 화분,기타,37.518941384398865,127.02151855621663,영업/정상,"서울특별시 강남구 강남대로156길 31-3, 지하1층 (신사동)"
피자스쿨 에이플러스 청담점,기타,37.51965203140727,127.04850612188802,영업/정상,"서울특별시 강남구 삼성로133길 12, 지상2층 (청담동)"
부자소곱창,기타,37.52400988655534,127.04924793786324,영업/정상,"서울특별시 강남구 도산대로 514, 2동 1층 11,19호 (청담동)"
오무라안,기타,37.49617941674166,127.03357607791385,영업/정상,"서울특별시 강남구 논현로79길 66 (역삼동,지하1층)"
한솥도시락 개포4동점,기타,37.47844231283704,127.04784264636754,영업/정상,"서울특별시 강남구 개포로22길 5, 지상1층 (개포동)"
루멘(LUMEN),기타,37.50816429794322,127.02497875564713,영업/정상,"서울특별시 강남구 강남대로122길 24, 지하1층 (논현동)"
골든디쉬아메리칸차이니즈 역삼점,기타,37.50085838008427,127.04058796164693,영업/정상,"서울특별시 강남구 언주로85길 32, 역삼역센트럴푸르지오 지하1층 B101A호 CA10호 (역삼동)"
움직이는사람들15(김식당),기타,37.50608142974217,127.03949148334776,영업/정상,"서울특별시 강남구 논현로102길 54, 지상1층 (역삼동)"
가배도,기타,37.50409676605701,127.02585149591114,영업/정상,"서울특별시 강남구 강남대로110길 13, 2,3층 (역삼동)"
포메인 신사가로수길점,기타,37.5179195948204,127.02300752530516,영업/정상,"서울특별시 강남구 도산대로 133, 지상2층 (신사동, 영동빌딩)"
세븐7(SEVEN7),기타,37.52615218217385,127.03493070697374,영업/정상,"서울특별시 강남구 언주로168길 16, 히든하우스 지하1층 (신사동)"
대흥장,기타,37.491728190739884,127.03183980265206,영업/정상,"서울특별시 강남구 강남대로66길 14, 강남역 와이즈 플레이스 지상2층 206호 (역삼동)"
행복한밥상,기타,37.517570399087845,127.04148787960995,영업/정상,"서울특별시 강남구 학동로 401 (청담동,지하1층)"
개포동 손칼국수,칼국수,37.48877694433219,127.0673243100103,영업/정상,"서울특별시 강남구 개포로82길 7 (개포동,지상1층)"
MUOKI(무오키),기타,37.5190292618266,127.04224124448488,영업/정상,"서울특별시 강남구 학동로55길 12-12, 지상2층 (청담동)"
부엉이,기타,37.52403726481218,127.04334399489083,영업/정상,"서울특별시 강남구 도산대로 435, 삼이빌딩 지하2층 (청담동)"
브루스터앤,기타,37.52136004080094,127.02759454869387,영업/정상,"서울특별시 강남구 도산대로27길 26, 지상1층 102-A호 (신사동)"
신호등장작구이논현점,기타,37.50941955444498,127.02320979252599,영업/정상,"서울특별시 강남구 학동로2길 31, 3층 (논현동)"
엄마손한식부페,기타,37.50109861700904,127.0402475315777,영업/정상,"서울특별시 강남구 테헤란로34길 7 (역삼동,지하1층)"
편장군족발집,기타,37.50859530026902,127.05971847792408,영업/정상,"서울특별시 강남구 테헤란로 517, 현대백화점 지하1층 (삼성동)"
컴앤쉽 (come N'sip),기타,37.509876202420784,127.02582579362523,영업/정상,"서울특별시 강남구 강남대로124길 45, 지상1층 (논현동)"
스와니예,기타,37.5194574115232,127.01911852061257,영업/정상,"서울특별시 강남구 강남대로 652, SINSA SQUARE 지상2층 201호 (신사동)"
코지 코너(COZY CORNER),기타,37.47832463480679,127.04583073907685,영업/정상,"서울특별시 강남구 개포로 210, 충의빌딩 지상1층 101호 (개포동)"
바 플럭서스(Bar fluxus),기타,37.52405814681115,127.04158207835094,영업/정상,"서울특별시 강남구 도산대로57길 6, 지상1층 (청담동)"
마포갈비,기타,37.48570211125547,127.03752783953952,영업/정상,"서울특별시 강남구 남부순환로361길 6, 지상1층,2층 (도곡동)"
원조소금구이,기타,37.478204786871615,127.04516891117511,영업/정상,"서울특별시 강남구 개포로 204 (개포동,지상1층)"
미트 온라인 직판,기타,37.50539989087884,127.03513952605174,영업/정상,"서울특별시 강남구 논현로 552, 문화빌딩 지상2층 203호 (역삼동)"
텔러스 9.5,기타,37.518850284542566,127.02521882237465,영업/정상,"서울특별시 강남구 도산대로 153, 지상19층 (신사동)"
본맛,기타,37.48812055362653,127.05107766375514,영업/정상,"서울특별시 강남구 언주로30길 13, 지하1층 19호 (도곡동, 대림아크로빌, 대림아크로텔)"
곱창왕김형제 양재점,기타,37.48530933573788,127.03440343401125,영업/정상,"서울특별시 강남구 강남대로 240, 양재SK허브프리모 지상1층 109호일부,110호 (도곡동)"
잇피티(EAT PT) 역삼점,기타,37.505943089466534,127.04070880200128,영업/정상,"서울특별시 강남구 언주로 537, 에이비티타워 지상1층 (역삼동)"
훈스돈까스 강남직영점,기타,37.50971623935137,127.03352390377331,영업/정상,"서울특별시 강남구 봉은사로29길 35, 지하2층 제지하201호, 202호,203호 주방5호 (논현동, 한양수자인 어반게이트)"
핀치,기타,37.52147961526105,127.02059042989119,영업/정상,"서울특별시 강남구 압구정로4길 19, 지상1층 101호 (신사동)"
공우이엔씨 웨딩홀A,기타,37.48928307112221,127.05280405331841,영업/정상,"서울특별시 강남구 남부순환로 2806, 군인공제회관 지상3층 (도곡동)"
간지 떡볶이돈까스,기타,37.50331227607704,127.04633325591085,영업/정상,"서울특별시 강남구 테헤란로 322, 한신인터밸리24 지하2층 B129호 (역삼동)"
어게인 위스키,기타,37.51006293141938,127.05656290871386,영업/정상,"서울특별시 강남구 테헤란로83길 41, 일신빌딩 지상2층 201호 (삼성동)"
"이광진베스트부대찌개,냉동삼겹살",기타,37.485622033498096,127.03590803810151,영업/정상,"서울특별시 강남구 남부순환로355길 9, 지상1층 104호 (도곡동)"
서원,기타,37.52404733552502,127.03855785240756,영업/정상,"서울특별시 강남구 도산대로53길 14, 2층 (신사동)"
부웍(돈웍),기타,37.504922261426145,127.04379216619454,영업/정상,"서울특별시 강남구 언주로98길 23, 지상2층 (역삼동)"
아누,기타,37.52438889946966,127.03735760779598,영업/정상,"서울특별시 강남구 도산대로49길 22 (신사동,7층)"
몬스터 컴퍼니,기타,37.51001850960684,127.03477713065826,영업/정상,"서울특별시 강남구 봉은사로33길 33, 양지직매상가 지상1층 37호,38호 (논현동)"
에르제 도산공원점(Herge Dosan park),기타,37.52690014382408,127.03613493904828,영업/정상,"서울특별시 강남구 압구정로46길 28, 지상1층 (신사동)"
고향집,기타,37.50931964485608,127.03670579691824,영업/정상,서울특별시 강남구 봉은사로37길 14 (논현동)
바베네,기타,37.51289348011986,127.02120678255616,영업/정상,"서울특별시 강남구 강남대로136길 6, 지상1층 (논현동)"
오딸레(OTALE),기타,37.48683099266941,127.03552462636632,영업/정상,"서울특별시 강남구 남부순환로359길 31, 지상1층 103호 (도곡동)"
순대국집정해장 역삼본점,기타,37.50461600332762,127.04313177890667,영업/정상,"서울특별시 강남구 언주로94길 9-4, 지상1층 (역삼동)"
나더 감자탕(nOT a) 감자탕,기타,37.52572643022249,127.05197600586641,영업/정상,"서울특별시 강남구 압구정로79길 59, 지상1층 (청담동)"
어라떡볶이네,기타,37.49225837875556,127.0389276910569,영업/정상,"서울특별시 강남구 논현로63길 25, 지하1층 7호 (역삼동)"
파씨 공구일사(PASSI 0914),기타,37.52323166512691,127.03512587606392,영업/정상,"서울특별시 강남구 도산대로45길 15, 지하1층 (신사동)"
쥬안,기타,37.525817132315034,127.04566754128662,영업/정상,"서울특별시 강남구 도산대로75길 24, 지상2층 (청담동)"
진배족발,기타,37.52787076328644,127.0318884209931,영업/정상,"서울특별시 강남구 언주로173길 19, 지상2층 (신사동)"
청춘양꼬치 포차,기타,37.50799521370361,127.02443215702414,영업/정상,"서울특별시 강남구 강남대로122길 16, 2층 (논현동)"
마린보이 코다리1번가 강남일원점,기타,37.48961500485644,127.08292393108883,영업/정상,"서울특별시 강남구 일원로9길 16, 지상1층 (일원동)"
스타벅스커피 청담스타R점,기타,37.52527303313019,127.04177408774746,영업/정상,"서울특별시 강남구 도산대로57길 24, 지하1,2, 지상1층 (청담동)"
헬로 브라질,기타,37.50062652701438,127.02769265919993,영업/정상,"서울특별시 강남구 강남대로98길 12, 지상3층 (역삼동)"
하이웨이서울 강남신논현점,기타,37.50264257915283,127.02731143259655,영업/정상,"서울특별시 강남구 강남대로102길 23, 지상2층 (역삼동)"
송정,기타,37.51125353533591,127.05316982086482,영업/정상,"서울특별시 강남구 봉은사로78길 22 (삼성동,지하1층)"
신부자식당,기타,37.49982892379707,127.02745386264145,영업/정상,"서울특별시 강남구 강남대로96길 5 (역삼동,지상2층)"
히라이,기타,37.50279176677786,127.05200534899728,영업/정상,"서울특별시 강남구 역삼로63길 24 (대치동,지상2층)"
(주)신사꽃게당 압구정로데오점,기타,37.52375661256041,127.03706800251531,영업/정상,"서울특별시 강남구 도산대로49길 13, SMART EXCHANGE 지하1층 (신사동)"
아이엠,기타,37.48746885240872,127.03502708655826,영업/정상,"서울특별시 강남구 강남대로48길 25, 지하1층 B101호 (도곡동, 비스킷)"
정육점 아저씨의 투잡 대치점,기타,37.50357434023682,127.05428035340167,영업/정상,"서울특별시 강남구 삼성로81길 43, 지상2층 12호 (대치동)"
유가네 밥상,기타,37.504645364785965,127.04744400649686,영업/정상,"서울특별시 강남구 테헤란로 329, 삼흥오피스텔 지하1층 B116호 (역삼동)"
주식회사 취중진담 우연,기타,37.51637080668205,127.02126980251981,영업/정상,"서울특별시 강남구 도산대로 114, 수일빌딩 지하1층 (논현동)"
로우키,기타,37.52383065909333,127.03671007796939,영업/정상,"서울특별시 강남구 압구정로46길 75, 지하1층 (신사동)"
이치류 선릉점,기타,37.50191572808607,127.05305484438313,영업/정상,"서울특별시 강남구 선릉로76길 30, 자승빌딩 지상1층 (대치동)"
굿데이(Good day),기타,37.51560388135753,127.03694095919307,영업/정상,"서울특별시 강남구 학동로 314, 지하1층 (논현동)"
미우가,기타,37.50941052320556,127.03621382444794,영업/정상,"서울특별시 강남구 언주로113길 14 (논현동,지하1층)"
논현145,기타,37.50921487946927,127.02398034308196,영업/정상,"서울특별시 강남구 학동로4길 35, 지상1층 105호 (논현동)"
제이,기타,37.5052981545832,127.0422689770983,영업/정상,"서울특별시 강남구 언주로98길 5-3, 지하1층 (역삼동)"
맛배고기,기타,37.50917400384572,127.02332148763091,영업/정상,"서울특별시 강남구 학동로2길 35, 1층, 2층 (논현동)"
파크(PARK),기타,37.520018240348364,127.03048116616488,영업/정상,"서울특별시 강남구 도산대로 216, 지상1, 2층 (논현동)"
순대실록 일원점,기타,37.489828219147725,127.08281643983553,영업/정상,"서울특별시 강남구 양재대로31길 6, 지상1층 (일원동)"
오또상,기타,37.507017656179094,127.024042878941,영업/정상,"서울특별시 강남구 봉은사로1길 35, 지상1층 (논현동)"
하이클래스,기타,37.50519946982207,127.05855642276198,영업/정상,"서울특별시 강남구 삼성로82길 9, 지하1층 (대치동)"
들밥차반 신사점,기타,37.52234276003454,127.03488059885225,영업/정상,"서울특별시 강남구 도산대로 307, 지하1층 (신사동)"
바일라(BAILAR),기타,37.527304037055636,127.03823494992037,영업/정상,"서울특별시 강남구 압구정로50길 13, 지상3층 (신사동)"
센도수산,기타,37.502275828339194,127.05242680163926,영업/정상,"서울특별시 강남구 역삼로65길 15 (대치동,1층)"
에이치이엔,기타,37.525337004370165,127.0491544395394,영업/정상,"서울특별시 강남구 압구정로79길 25 (청담동,지상2층)"
나향반점,기타,37.50989692875872,127.04008409119285,영업/정상,서울특별시 강남구 선릉로111길 43 (논현동)
우희담,기타,37.49891225617895,127.0619543716901,영업/정상,"서울특별시 강남구 도곡로 510, 1층 1,18호 (대치동)"
샴팡,기타,37.52753918816643,127.0395082082601,영업/정상,"서울특별시 강남구 압구정로54길 6, 지상2층 (신사동)"
영삼이네 우정소갈비,기타,37.526164618248934,127.03682645837277,영업/정상,"서울특별시 강남구 압구정로48길 36, 1층 (신사동)"
데일리샷,기타,37.503198580176324,127.03991160225044,영업/정상,"서울특별시 강남구 언주로93길 27, 지상4층 (역삼동)"
말죽거리소달,기타,37.48668213109887,127.03903855509667,영업/정상,"서울특별시 강남구 남부순환로365길 17, 2층 (도곡동)"
센자이료쿠 언주점,기타,37.50952514436708,127.03895479161527,영업/정상,"서울특별시 강남구 언주로 604, 지하1층 110호 (논현동, ACROHILLS논현)"
더쉿,기타,37.50896102789828,127.05336720259486,영업/정상,"서울특별시 강남구 테헤란로77길 41, 지상2층 (삼성동)"
팔당닭발,기타,37.51615357019529,127.03902548637534,영업/정상,"서울특별시 강남구 학동로 330, 학동빌딩 지상2층 202호 (논현동)"
868식당,기타,37.49677812801807,127.02911423345797,영업/정상,"서울특별시 강남구 테헤란로2길 22, 2층 (역삼동)"
스카이 돔,기타,37.521437926706184,127.0312997196616,영업/정상,"서울특별시 강남구 도산대로37길 7, 2층 (신사동)"
안방식당,기타,37.51085189204555,127.05480831715765,영업/정상,"서울특별시 강남구 삼성로 550, 은성빌딩 지하1층 (삼성동)"
왕십리 벌통곱창,기타,37.50869604164154,127.02423882785908,영업/정상,"서울특별시 강남구 학동로4길 43, 지상1층 (논현동)"
더넥스트,기타,37.50744287434905,127.05393530745638,영업/정상,"서울특별시 강남구 삼성로95길 23 (삼성동,지하1층)"
꽃피는산골집,기타,37.50372447070737,127.03611987871577,영업/정상,"서울특별시 강남구 논현로98길 5 (역삼동,지하1층)"
원스,기타,37.50375060873148,127.05409405684411,영업/정상,"서울특별시 강남구 삼성로81길 44, 경성빌딩 지상3층 (대치동)"
한도니,기타,37.494278537590894,127.03071951767762,영업/정상,"서울특별시 강남구 역삼로1길 14 (역삼동,지상1층)"
피그커피(Figcoffee),기타,37.505125432505295,127.04010175150563,영업/정상,"서울특별시 강남구 언주로97길 15, 지하1층 (역삼동)"
꽃등심 신사본점,기타,37.522356097984236,127.02616559133149,영업/정상,"서울특별시 강남구 논현로157길 24, 지상1층 101호 (신사동)"
모너트,기타,37.49908619433127,127.05229065304093,영업/정상,"서울특별시 강남구 선릉로68길 7, 지상1층 104호 (대치동)"
매머드익스프레스 삼성역점,기타,37.50865007408601,127.06575421570157,영업/정상,"서울특별시 강남구 테헤란로108길 12, 하나빌딩 지상1층 (대치동)"
온돌화덕,기타,37.49782806545782,127.0610136497992,영업/정상,"서울특별시 강남구 삼성로 231, 지하1층 2호 (대치동)"
호호솥밥,기타,37.4942949651395,127.03366223758508,영업/정상,"서울특별시 강남구 역삼로 127, B1층 (역삼동)"
도성일식,기타,37.52397650552538,127.04887766651197,영업/정상,"서울특별시 강남구 도산대로 510, 신한 오피스텔 지상1층 (청담동)"
참누들바(charm noodle bar),기타,37.49356658161673,127.04227079843434,영업/정상,"서울특별시 강남구 논현로64길 22, 형인빌딩 지상1층 102호 (역삼동)"
아오타,기타,37.520766395253176,127.03930491457125,영업/정상,"서울특별시 강남구 선릉로145길 5-12, 상조빌딩 지상1층 101호 (논현동)"
카세트커피(kassett coffee),기타,37.52206102038678,127.02542488638065,영업/정상,"서울특별시 강남구 논현로157길 32, 신사주택 지상2층 203호 (신사동)"
제주도야지빵경이네,기타,37.505153012137036,127.04079982019624,영업/정상,"서울특별시 강남구 테헤란로39길 40 (역삼동,지상1층)"
혼(Hone),기타,37.47493203124886,127.04825286955868,영업/정상,"서울특별시 강남구 논현로12길 3-12, 지상1층 01호 (개포동)"
에머이 학동역점,기타,37.513885449349736,127.02888557530281,영업/정상,"서울특별시 강남구 학동로 165, 지상1층 109호 (논현동, 마일스디오빌)"
(주)바운스 트램폴린파크 삼성센터,기타,37.50319760700064,127.0649976062355,영업/정상,"서울특별시 강남구 영동대로 325, 지하3층 (대치동, 해암빌딩)"
(주)억셉트커피,기타,37.47448488967329,127.05020470495764,영업/정상,"서울특별시 강남구 논현로10길 20, 1층 (개포동)"
성공시대,기타,37.51217804425518,127.04713712638289,영업/정상,"서울특별시 강남구 봉은사로63길 12 (삼성동,지하1층)"
닭한마리 감자탕,기타,37.517157989116846,127.02067605523398,영업/정상,"서울특별시 강남구 강남대로152길 14 (신사동,1층)"
해달,기타,37.51517289318845,127.03256737132,영업/정상,"서울특별시 강남구 학동로33길 7, 태승빌딩 지하1층 (논현동)"
엄마밥상,기타,37.512942531949825,127.03475711684736,영업/정상,"서울특별시 강남구 언주로125길 5, 지하1층 (논현동)"
친구,기타,37.50458024856959,127.04706245318782,영업/정상,"서울특별시 강남구 테헤란로 327 (역삼동,지하1층 22호)"
장사랑,기타,37.52557458638795,127.03231641655857,영업/정상,"서울특별시 강남구 언주로165길 7-4 (신사동,지하1층)"
흑도야지,기타,37.514077425304855,127.06165469331552,영업/정상,서울특별시 강남구 봉은사로 610 (삼성동)
그린레시피,기타,37.50765544956465,127.02569738470439,영업/정상,"서울특별시 강남구 강남대로120길 31, 지상1층 102호,103호 (논현동)"
베이징,기타,37.511694746594785,127.06554042160637,영업/정상,서울특별시 강남구 영동대로96길 37 (삼성동)
양출쿠킹,기타,37.51663295580613,127.03246281180427,영업/정상,"서울특별시 강남구 언주로135길 34, 지상1층 (논현동)"
달롱도르 요거트 아이스크림 역삼점,기타,37.4910285736231,127.03161248762946,영업/정상,"서울특별시 강남구 강남대로 310, 유니온센터오피스텔 지하1층 58호 (역삼동)"
리머커피(Lemur Coffee),기타,37.517354686638235,127.03600304105488,영업/정상,"서울특별시 강남구 언주로136길 5, 1층 (논현동)"
풍년돌구이,기타,37.5182382691441,127.04130376768387,영업/정상,서울특별시 강남구 선릉로132길 3-3 (청담동)
글라스커피,기타,37.50825029367828,127.06239166785073,영업/정상,서울특별시 강남구 테헤란로 534 (대치동)
솔직한우 역삼점,기타,37.50162101752633,127.03839967366588,영업/정상,"서울특별시 강남구 테헤란로 205, 역삼빌딩 지하1층,지상1층2층 (역삼동)"
늘봄,기타,37.52693214510024,127.03423945567705,영업/정상,"서울특별시 강남구 언주로170길 8, 스페이스데코 지하1층 (신사동)"
비놀릭,기타,37.491205427845635,127.03549325022396,영업/정상,"서울특별시 강남구 논현로63길 69, 지상1층 (역삼동)"
감빠문본점,기타,37.51173480609451,127.05089310183361,영업/정상,"서울특별시 강남구 봉은사로72길 7 (삼성동,지상1층)"
목포명가,기타,37.50987603859285,127.0572841335632,영업/정상,"서울특별시 강남구 삼성로100길 24, kims 101 지상1층, 지하1층 (삼성동)"
카페 드마레(cafe de Marais),기타,37.515784316263925,127.0396552170131,영업/정상,"서울특별시 강남구 선릉로129길 23, 지상1층  (논현동)"
(주)커피빈코리아 포스코옆삼성로86길점,기타,37.50589345018619,127.05830671245229,영업/정상,"서울특별시 강남구 삼성로86길 11, 거봉INC 1층 (대치동)"
힐링키친,기타,37.49706778471307,127.04492089248049,영업/정상,"서울특별시 강남구 언주로 327, 아폴로빌딩 8층 (역삼동)"
바벤술,기타,37.517138419075835,127.03656070202375,영업/정상,"서울특별시 강남구 언주로134길 11-5, 지상1층 (논현동)"
보전식당,기타,37.519305719517845,127.03442625450964,영업/정상,서울특별시 강남구 언주로 725 (논현동)
봉추찜닭 수서역점,기타,37.48801674446367,127.10184847065206,영업/정상,"서울특별시 강남구 밤고개로1길 10 (수서동,수서현대벤처빌지하1층B117호)"
국밥집 며느리,국밥,37.503799431218454,127.06005898676311,영업/정상,"서울특별시 강남구 역삼로 519, 수왕빌딩 지상1층 102호 (대치동)"
트리아관광호텔,기타,37.502847518422406,127.03940827754455,영업/정상,"서울특별시 강남구 테헤란로33길 16, 트리아관광호텔 지상1층 (역삼동)"
다복콩비지,기타,37.47712531615075,127.04921779644552,영업/정상,서울특별시 강남구 개포로22길 31 (개포동)
피자쏭,기타,37.48602374605106,127.0365908813341,영업/정상,"서울특별시 강남구 남부순환로359길 16, 지상1층 B호 (도곡동)"
부엉이다방,기타,37.50153815117296,127.05700454224605,영업/정상,"서울특별시 강남구 역삼로78길 14, 리더캐슬 지상1층 101호 중 일부호 (대치동)"
마고꼬로,기타,37.525949659288536,127.05096311624713,영업/정상,"서울특별시 강남구 도산대로89길 19-4, 2층 (청담동)"
엠바고,기타,37.52207330663672,127.04202444864882,영업/정상,"서울특별시 강남구 선릉로146길 27-3, 지상1층 (청담동)"
부티끄살롱,기타,37.511850171475814,127.0514021343827,영업/정상,"서울특별시 강남구 봉은사로74길 8, 지상1층 (삼성동)"
수지상회 강남1호점,기타,37.49946348005706,127.02761699484489,영업/정상,"서울특별시 강남구 테헤란로1길 17 (역삼동,지상2층)"
큰물참치,기타,37.48801674446367,127.10184847065206,영업/정상,"서울특별시 강남구 밤고개로1길 10 (수서동,수서현대벤쳐빌 지하2층 B251,B252호)"
자매식당,기타,37.52183456368999,127.03786015699286,영업/정상,"서울특별시 강남구 언주로150길 44 (논현동,지상1층)"
코랄,기타,37.52585882488631,127.05150950446775,영업/정상,"서울특별시 강남구 압구정로79길 51-6, 지상1층 (청담동)"
찐 낙곱새 곱도리탕,기타,37.512851816214045,127.03437946795822,영업/정상,"서울특별시 강남구 언주로125길 11, 지상2층 (논현동)"
아니다 파르크(ANIDAR PARQUE),기타,37.51289595376957,127.042539080984,영업/정상,"서울특별시 강남구 선릉로 629, 에이동 지상1층 (논현동)"
마왕족발,기타,37.4992037877254,127.0630993764294,영업/정상,"서울특별시 강남구 도곡로 516 (대치동,삼성상가114호)"
봉추찜닭주공공이,기타,37.50206255010228,127.026219770269,영업/정상,"서울특별시 강남구 강남대로 442 (역삼동,흥국빌딩별관2층)"
헤븐몰(Heaven Mall),기타,37.523784602775976,127.0382439786675,영업/정상,"서울특별시 강남구 도산대로53길 9, 지상1층 (신사동)"
청춘 해장국,기타,37.499347316768656,127.04287794738171,영업/정상,"서울특별시 강남구 언주로79길 14, 지상2층 202호 (역삼동)"
목구멍 가로수길점,기타,37.5187612606613,127.02206053739089,영업/정상,"서울특별시 강남구 강남대로156길 36, 1층 (신사동)"
청담비담,기타,37.52519591631437,127.05237182311961,영업/정상,"서울특별시 강남구 도산대로 537, RNF537 지상4층 (청담동)"
룽지,기타,37.51868868510067,127.04049670911783,영업/정상,"서울특별시 강남구 선릉로 717, 지상1층 101호 (논현동)"
버거옥 신사점,기타,37.5211625943298,127.02632446127883,영업/정상,"서울특별시 강남구 논현로153길 22, 지하1층,지하2층 (신사동)"
육목원,기타,37.492358527364765,127.0307074757382,영업/정상,"서울특별시 강남구 강남대로 328, 강남역 쉐르빌 지상2층 201호,202호,203호 (역삼동)"
하와이조개 압구정점,기타,37.52664572568618,127.03653565788849,영업/정상,"서울특별시 강남구 언주로170길 35, 1층 101호 (신사동)"
더 부즈 청담,기타,37.5254949736098,127.04895344029043,영업/정상,"서울특별시 강남구 도산대로85길 13, 지하1층 (청담동)"
블루밍,기타,37.501436168479415,127.03304395922953,영업/정상,"서울특별시 강남구 테헤란로19길 21, 지하1층 (역삼동)"
화랑불닭발,기타,37.50690645886152,127.02495195492884,영업/정상,"서울특별시 강남구 강남대로118길 19, 지상1층 (논현동)"
누구나홀닥 반한닭,기타,37.50527264194375,127.04783300221686,영업/정상,"서울특별시 강남구 선릉로93길 7 (역삼동,.2층)"
해장왕 양평해장국 강남학동역본점,기타,37.51462527888029,127.03477554037806,영업/정상,"서울특별시 강남구 언주로129길 6 (논현동,지상1층)"
아이러브펍,기타,37.49552904304159,127.03106851143217,영업/정상,"서울특별시 강남구 테헤란로4길 45 (역삼동,외2필지)"
딩딤키친,기타,37.519625674126715,127.0201006695309,영업/정상,"서울특별시 강남구 강남대로160길 17, 지하1층 (신사동)"
엘티에프앤비(LT F&B),기타,37.508779920019236,127.02350574790998,영업/정상,"서울특별시 강남구 학동로2길 43, 지하1층 (논현동)"
플러스82 강남일원점,기타,37.492755333279966,127.08652970388339,영업/정상,"서울특별시 강남구 일원로5길 84, 지상1층 103호 (일원동)"
나미나미,기타,37.52595899338391,127.03685691962751,영업/정상,"서울특별시 강남구 압구정로48길 38, 1층 (신사동)"
빠레뜨한남 가로수길점,기타,37.51996562485376,127.02337263508866,영업/정상,"서울특별시 강남구 논현로153길 61, 2층 (신사동)"
가정식당,기타,37.509584652430064,127.02679860737607,영업/정상,"서울특별시 강남구 학동로20길 63-2 (논현동,지상1층)"
로지,기타,37.52380774432665,127.03768100600949,영업/정상,"서울특별시 강남구 도산대로49길 10-3, 지하1층,지상1층 (신사동)"
블루리본,기타,37.52473230260528,127.0416034264374,영업/정상,"서울특별시 강남구 도산대로57길 18, 지상4층 (청담동)"
청담,기타,37.52253250563296,127.04719124985776,영업/정상,"서울특별시 강남구 삼성로145길 14 (청담동,1층)"
커피데스크 역삼점,기타,37.504650006680826,127.04220295315258,영업/정상,"서울특별시 강남구 언주로 514, 지상1층 (역삼동)"
중앙손칼국수,칼국수,37.528057914463076,127.0310211679467,영업/정상,"서울특별시 강남구 압구정로 216, 지상1층 102호 (신사동)"
꾸우덕 선릉본점,기타,37.50259459987741,127.05138776563096,영업/정상,"서울특별시 강남구 선릉로82길 16, 지상1층 (대치동)"
포차친구,기타,37.491247621119726,127.08780587087564,영업/정상,서울특별시 강남구 양재대로55길 5 (일원동)
동화고옥선릉,기타,37.50478876853157,127.04846026031863,영업/정상,"서울특별시 강남구 테헤란로 337, 지상14층 (역삼동)"
닭다리 순살치킨만 팬다 역삼점,기타,37.49582964016155,127.0398367752478,영업/정상,"서울특별시 강남구 역삼로 204, 삼환 아르누보 지하1층 B07,B08중 105호 (역삼동)"
더치 앤 빈 (언주역점),기타,37.50531384037724,127.03651519737977,영업/정상,"서울특별시 강남구 논현로102길 17, 지상1층 (역삼동)"
그린티 필라테스,기타,37.51414322716061,127.04886620833814,영업/정상,"서울특별시 강남구 삼성로115길 40, 지상1층 101호 (삼성동)"
키친스탠다드 강남점 29호,기타,37.50736932020773,127.03739743154303,영업/정상,"서울특별시 강남구 언주로107길 23, 지상2층 주방29호 (역삼동)"
롤링파스타 대치점,기타,37.49793522180493,127.05882461376547,영업/정상,"서울특별시 강남구 도곡로 442, 진흥빌딩 201호 (대치동)"
으뜸육회 역삼점,기타,37.49453229771134,127.03437127220911,영업/정상,"서울특별시 강남구 역삼로 135, 지하1층 2호 (역삼동)"
마켓728,기타,37.52451422802499,127.03207682859666,영업/정상,"서울특별시 강남구 언주로159길 10, 지상1층 1호 (신사동)"
한사발포차 선릉점,기타,37.50357434023682,127.05428035340167,영업/정상,"서울특별시 강남구 삼성로81길 43, 지상1층 (대치동)"
어머니족발,기타,37.51018295981054,127.05754867486596,영업/정상,서울특별시 강남구 삼성로100길 27 (삼성동)
맥아박스,기타,37.509583184392625,127.02312242495498,영업/정상,"서울특별시 강남구 학동로2길 29, 지하1층 (논현동)"
주식회사,기타,37.5055462087658,127.0305119734682,영업/정상,"서울특별시 강남구 논현로105길 46 (역삼동,지하1층)"
한솥 청담 플래그십,기타,37.525531710164145,127.04711197933646,영업/정상,"서울특별시 강남구 압구정로 459, 한솥빌딩 지상1층 (청담동)"
더블유더블유일송이호점,기타,37.50780927895365,127.05763728460019,영업/정상,"서울특별시 강남구 테헤란로 507, WeWork빌딩 지하1층 (삼성동)"
핸디엄(Handium),기타,37.514225348220386,127.0640863540844,영업/정상,"서울특별시 강남구 영동대로106길 37, 지상1층 (삼성동)"
옥게장,기타,37.52090166643672,127.0231934501594,영업/정상,"서울특별시 강남구 도산대로15길 41, 지하1층 B01호 (신사동)"
장충동왕족발,기타,37.474232015873554,127.04982011524993,영업/정상,"서울특별시 강남구 논현로10길 14 (개포동,지상1층)"
알지,기타,37.50825029367828,127.06239166785073,영업/정상,"서울특별시 강남구 테헤란로 534 (대치동,글라스타워2층)"
경성양육관,기타,37.50334419676874,127.03691401798888,영업/정상,"서울특별시 강남구 봉은사로30길 67, 지상1층 (역삼동)"
샐러디 역삼점,기타,37.498952238842236,127.03504423504488,영업/정상,"서울특별시 강남구 테헤란로22길 14, 1층 (역삼동)"
오렌지,기타,37.494849951950556,127.03688769156136,영업/정상,"서울특별시 강남구 역삼로 162, 지하1층 (역삼동)"
츄라우미,기타,37.50333571146713,127.04032527184671,영업/정상,"서울특별시 강남구 언주로93길 21, 지상2층 (역삼동)"
필라델피아 가로수,기타,37.521891480755436,127.02226914049449,영업/정상,"서울특별시 강남구 가로수길 57-6, 지상1층 102호 (신사동)"
중화객잔수,기타,37.524273966615134,127.02376374980489,영업/정상,"서울특별시 강남구 논현로175길 64 (신사동,지상1층)"
또봉이통닭,기타,37.48680200121033,127.03913863750734,영업/정상,"서울특별시 강남구 남부순환로365길 19, 지상1층 2호 (도곡동)"
제주왕솥뚜껑삼겹살,기타,37.47814326254137,127.04708345782258,영업/정상,"서울특별시 강남구 개포로20길 8 (개포동,1층)"
믿음식당,기타,37.48072263245926,127.05835049782655,영업/정상,"서울특별시 강남구 개포로 310 (개포동,종합상가B-143,144)"
양가네푸드 강남점,기타,37.501128044111695,127.03466621478546,영업/정상,"서울특별시 강남구 테헤란로25길 9-10, 지하1층 3호 (역삼동)"
심재 청담,기타,37.51869447768072,127.03965905372156,영업/정상,"서울특별시 강남구 선릉로135길 12, 1층 (논현동)"
베스트,기타,37.49662773073439,127.04461301607354,영업/정상,서울특별시 강남구 언주로69길 8 (역삼동)
시골밥상,기타,37.50381208310623,127.04524703703565,영업/정상,"서울특별시 강남구 테헤란로 313 (역삼동,지하1층 3호)"
씨??(Seeik),기타,37.52248979381743,127.02103918203686,영업/정상,"서울특별시 강남구 논현로175길 101-4, 지상2층,지상3층 (신사동)"
본연(bornyon),기타,37.518292543307396,127.02914608122418,영업/정상,"서울특별시 강남구 논현로 742, 파티오나인 9층 (논현동)"
유사길,기타,37.50860356622475,127.02548022322298,영업/정상,"서울특별시 강남구 강남대로122길 31, louis(루이스빌딩) 4층 402호 (논현동)"
세컨디 포레스트 가로수길점,기타,37.52048037443003,127.02115625911844,영업/정상,"서울특별시 강남구 강남대로162길 32, 1층 (신사동)"
프리웨이,기타,37.50817053064514,127.02351179064577,영업/정상,"서울특별시 강남구 학동로2길 54 (논현동,지하1층)"
씨지브이강남,기타,37.50165239950277,127.02637492654759,영업/정상,"서울특별시 강남구 강남대로 438 (역삼동,스타플렉스4층)"
스시상선,기타,37.528247886738434,127.03764142158407,영업/정상,"서울특별시 강남구 압구정로 330, 지상1층 110호,111호,112호 (신사동)"
제이제이,기타,37.503349866687905,127.0561861894076,영업/정상,서울특별시 강남구 역삼로77길 13 (대치동)
연리담,기타,37.47963655891812,127.04801411134392,영업/정상,"서울특별시 강남구 개포로25길 11, 1층 104,105호 (개포동)"
오백국수,기타,37.47765043803429,127.04792868128449,영업/정상,"서울특별시 강남구 개포로20길 19, 지상1층 101호 (개포동)"
팅크,기타,37.526629328139265,127.03919687320624,영업/정상,"서울특별시 강남구 언주로172길 66 (신사동,지상2층)"
모두의 주방,기타,37.500590199254376,127.04276255216791,영업/정상,"서울특별시 강남구 테헤란로38길 29, 이원빌딩 지하1층 10호 (역삼동)"
곱창,기타,37.48888090919822,127.0676510840815,영업/정상,서울특별시 강남구 개포로82길 5-8 (개포동)
마싯는녀석들,기타,37.502921426273524,127.03711242168022,영업/정상,"서울특별시 강남구 봉은사로30길 73, 지상2층 4호 (역삼동)"
돈수백 강남역국기원점,기타,37.50096137788107,127.03062279266865,영업/정상,"서울특별시 강남구 테헤란로7길 22, 지상1층 (역삼동)"
소담한 블랑제리,기타,37.51611145822204,127.04109545955134,영업/정상,"서울특별시 강남구 선릉로129길 3-4, 지하2층 (논현동)"
월참치,기타,37.49045500282066,127.03229581773502,영업/정상,"서울특별시 강남구 도곡로1길 7 (역삼동,지상2층)"
밀양손만두,기타,37.510893097010964,127.03513107282994,영업/정상,"서울특별시 강남구 봉은사로37길 43 (논현동,1층)"
와사이 진,기타,37.51054182685763,127.03594543667222,영업/정상,"서울특별시 강남구 언주로 615, 논현 아이파크 지상1층 103호 (논현동)"
연하동 압구정로데오점,기타,37.524440323591,127.03837196219807,영업/정상,"서울특별시 강남구 도산대로53길 19, 지상2층 (신사동)"
우향우 압구정지점,기타,37.524435040746184,127.03691985461948,영업/정상,"서울특별시 강남구 도산대로49길 23, 휘오레 지하2층 (신사동)"
가마솥 닭한마리 역삼역 본점,기타,37.50276471852954,127.03718594393492,영업/정상,"서울특별시 강남구 봉은사로30길 75, 성연빌딩 지상2층 (역삼동)"
신디스 하우스(Cindys house),기타,37.523632252215755,127.03709490319481,영업/정상,"서울특별시 강남구 도산대로49길 11, 4층 (신사동)"
고영국참치,기타,37.48959033347896,127.08201093961434,영업/정상,"서울특별시 강남구 양재대로27길 6, 지상2층 (일원동)"
강남보물섬,기타,37.49903293067239,127.03471493995607,영업/정상,서울특별시 강남구 테헤란로20길 11-1 (역삼동)
샐러딜라이트,기타,37.51245831860277,127.03207674285521,영업/정상,"서울특별시 강남구 논현로124길 5, 지상2층 201-8호 (논현동)"
수라,기타,37.533026741970474,127.0279255640881,영업/정상,"서울특별시 강남구 압구정로29길 71 (압구정동,금강상가3동 1층115호)"
계몽돈까스,기타,37.49408114164376,127.03396577379976,영업/정상,"서울특별시 강남구 역삼로 130, 지상1층 101호 (역삼동)"
동경규동 강남구청점,기타,37.515555544711106,127.04236734449843,영업/정상,"서울특별시 강남구 선릉로 660, 지상1층 F106호 (삼성동, 브라운스톤 레전드)"
22그램,기타,37.50669985336613,127.05373844817335,영업/정상,"서울특별시 강남구 삼성로91길 30, 지상1층 (삼성동)"
진전복삼계탕 본점,기타,37.5163612984907,127.03374022621084,영업/정상,"서울특별시 강남구 언주로133길 18 (논현동,지하1층)"
논현손국수,기타,37.50763041726392,127.0322249441242,영업/정상,"서울특별시 강남구 논현로111길 16, 지상1층 (논현동)"
헤야(HEYA),기타,37.51646150377779,127.03007234033652,영업/정상,"서울특별시 강남구 논현로138길 4, 지상1층 (논현동)"
산,기타,37.51187469017783,127.04841797122266,영업/정상,"서울특별시 강남구 봉은사로 445 (삼성동,1층)"
카페 베이직먼트(cafe basicment),기타,37.52180708508988,127.03714651359488,영업/정상,"서울특별시 강남구 언주로150길 35, 지상2층 (논현동)"
KFC 신사역점,기타,37.517324852089786,127.02341953747411,영업/정상,"서울특별시 강남구 도산대로 134, 지상1층 (논현동)"
역전할머니맥주 선릉점,기타,37.503925457684744,127.05312216934364,영업/정상,"서울특별시 강남구 선릉로86길 42, 2층 (대치동)"
유니네 고깃간,기타,37.50062652701438,127.02769265919993,영업/정상,"서울특별시 강남구 강남대로98길 12, 지상1층 (역삼동)"
김태준의 탕탕집,기타,37.51062614250608,127.02298726997296,영업/정상,"서울특별시 강남구 학동로4길 12, 1,2층 (논현동)"
강남골,기타,37.509890681275046,127.0253639816437,영업/정상,"서울특별시 강남구 학동로6길 34 (논현동,지하1층)"
복대감엔 볏짚구이마을,기타,37.49024541284048,127.08505457458577,영업/정상,"서울특별시 강남구 일원로9길 42 (일원동,지상1층)"
크리스피프레시 선릉점,기타,37.50316132984051,127.04563875280026,영업/정상,"서울특별시 강남구 테헤란로 316, 메트라이프타워 지하1층 (역삼동)"
카렐마리코슈,기타,37.526432664432285,127.04966699324389,영업/정상,"서울특별시 강남구 도산대로85길 30, 지상2층 212호 (청담동, 청담신원아침도시마인)"
정돈 강남점,기타,37.503952888689625,127.02643580386622,영업/정상,"서울특별시 강남구 강남대로110길 19-1, 케이빌딩 지하1층 (역삼동)"
효계,기타,37.519218271040174,127.02372914140463,영업/정상,"서울특별시 강남구 도산대로15길 15, 지상1층 (신사동)"
엘타로 에슬로우커피,기타,37.50796414368816,127.02724208642655,영업/정상,"서울특별시 강남구 강남대로120길 47, 지상1층 (논현동)"
와비사비,기타,37.50379676952716,127.0406680819241,영업/정상,"서울특별시 강남구 언주로93길 16 (역삼동,1층)"
크라제인터내셔날(주)아셈점,기타,37.51046472706423,127.06027605014796,영업/정상,
조선부뚜막 역삼점,기타,37.50258873144079,127.03720931588884,영업/정상,서울특별시 강남구 논현로94길 11 (역삼동)
박스커피 국기원사거리점,기타,37.49612840681831,127.03209978530487,영업/정상,"서울특별시 강남구 테헤란로8길 42, 지상1층 (역삼동)"
온오쿠리(ONOKURI),기타,37.517697118686065,127.0200744788851,영업/정상,"서울특별시 강남구 도산대로1길 16, 지하1층 102호 (신사동)"
살라타이,기타,37.52785997311762,127.03624526772107,영업/정상,"서울특별시 강남구 언주로174길 30 (신사동,로빈명품관 지상3층 304호)"
길목,기타,37.51905447311689,127.05639472512466,영업/정상,"서울특별시 강남구 영동대로129길 10, 1층 (삼성동)"
삼군 김치찌개,기타,37.50823431617018,127.06647745906294,영업/정상,"서울특별시 강남구 영동대로86길 28, 1층 (대치동)"
남서울민물장어,기타,37.50631247411484,127.02952479281097,영업/정상,서울특별시 강남구 봉은사로 137 (논현동)
웨이루,기타,37.50904780086485,127.06089284405361,영업/정상,"서울특별시 강남구 테헤란로 521, 33층 (삼성동, 그랜드인터컨티넨탈서울)"
지세븐(G 7),기타,37.52562969816119,127.0373065010957,영업/정상,"서울특별시 강남구 선릉로155길 27, 지상2층 (신사동)"
서원,기타,37.49573544269813,127.04034008146813,영업/정상,"서울특별시 강남구 논현로72길 11, 1층 (역삼동)"
골프존파크 삼성청담역점,기타,37.51931001613945,127.05802957880067,영업/정상,"서울특별시 강남구 영동대로 644, 원일빌딩 지하1층 103호 (삼성동)"
잭슨피자 역삼점,기타,37.49453229771134,127.03437127220911,영업/정상,"서울특별시 강남구 역삼로 135, 지상1층 101호 (역삼동)"
쉘브르,기타,37.5024104707823,127.05072453822324,영업/정상,"서울특별시 강남구 선릉로82길 8, 지하1층 (대치동)"
얌샘김밥,기타,37.51518898605612,127.06425596093388,영업/정상,"서울특별시 강남구 봉은사로 629, 지상1층 (삼성동, 현익빌딩)"
우리할매떡볶이 선릉점,기타,37.50559421892382,127.04642751584424,영업/정상,"서울특별시 강남구 테헤란로53길 21, 중앙빌딩 지상1층 101호 (역삼동)"
신토리 해장국,기타,37.49434795190433,127.07961586766422,영업/정상,"서울특별시 강남구 개포로 623, 대청타워 지하1층 113호,114호 (개포동)"
튀김이오,기타,37.49300157535366,127.0391171527819,영업/정상,"서울특별시 강남구 논현로63길 16, 지상1층 112호 (역삼동, 강남서해그랑블)"
샘스커피,기타,37.50991566251515,127.02695116975093,영업/정상,"서울특별시 강남구 학동로20길 59, 지상1층 101호 (논현동)"
페어리플로스(fairyfloss),기타,37.48286128577013,127.06154393738205,영업/정상,"서울특별시 강남구 선릉로8길 8, 지상1층 (개포동)"
카페 아모제,기타,37.50859530026902,127.05971847792408,영업/정상,"서울특별시 강남구 테헤란로 517, 현대백화점 지하1층 (삼성동)"
목수,기타,37.48520214032812,127.04419550705295,영업/정상,"서울특별시 강남구 논현로36길 29, 지하1층 (도곡동, (B01))"
프렌비,기타,37.52610233810453,127.05153531486526,영업/정상,"서울특별시 강남구 도산대로99길 19 (청담동,지하1층)"
모터시티바이매니멀 역삼점,기타,37.499719131778065,127.03489804306014,영업/정상,"서울특별시 강남구 테헤란로 142, 캐피탈타워 1층 (역삼동)"
비욘드비엣남 선릉점,기타,37.50649751615155,127.0522768252101,영업/정상,"서울특별시 강남구 테헤란로69길 9, 지상1층 103호 (삼성동)"
제이,기타,37.505446627098536,127.05825220144882,영업/정상,"서울특별시 강남구 삼성로84길 7, 지하1층 (대치동)"
애니팝&33떡볶이,기타,37.506948703147295,127.06258735333203,영업/정상,"서울특별시 강남구 영동대로85길 13, 대치동송석빌딩 지하1층 (대치동)"
아랑,기타,37.5192164242249,127.04861719481397,영업/정상,"서울특별시 강남구 삼성로133길 15, 근정 빌딩 지하1층 (청담동)"
리더스,기타,37.51615357019529,127.03902548637534,영업/정상,"서울특별시 강남구 학동로 330 (논현동,지하1층)"
기점마라탕,기타,37.50297359241314,127.04653232570449,영업/정상,"서울특별시 강남구 테헤란로 322, 한신인터밸리24 지하2층 B139호 (역삼동)"
여리안,기타,37.52625763565513,127.04113048332643,영업/정상,"서울특별시 강남구 도산대로55길 42, 지상2층 (청담동)"
케씨,기타,37.503954750203356,127.02549045470478,영업/정상,"서울특별시 강남구 봉은사로2길 10 (역삼동,지상2층)"
삼석갈비,기타,37.50105543428251,127.05318094604698,영업/정상,"서울특별시 강남구 역삼로 422 (대치동,지상1층)"
도톤보리 서울,기타,37.517157989116846,127.02067605523398,영업/정상,"서울특별시 강남구 강남대로152길 14, 지하1층 (신사동)"
큰입아구찜,기타,37.50572024890585,127.04738854288688,영업/정상,"서울특별시 강남구 테헤란로57길 17, 지상2층 (역삼동)"
복돈이순대국 육회해물포차,기타,37.50371669074656,127.04051390654551,영업/정상,"서울특별시 강남구 테헤란로37길 22, 지하1층,지상1층 (역삼동)"
샤넬,기타,37.500466815227135,127.03085473259841,영업/정상,"서울특별시 강남구 테헤란로7길 22 (역삼동,지하1층)"
시골진지상,기타,37.50968326015255,127.0546947604182,영업/정상,서울특별시 강남구 삼성로 535 (삼성동)
곰스육공삼,기타,37.506237933573196,127.05812932534181,영업/정상,"서울특별시 강남구 테헤란로82길 11, 지상1층 (대치동)"
미스타교자 논현점,기타,37.508965074192005,127.02316898429882,영업/정상,"서울특별시 강남구 학동로2길 40 (논현동,지상1층)"
진미함바식당,기타,37.49396327237242,127.04485040101854,영업/정상,"서울특별시 강남구 도곡로 241, 지하1층 (역삼동)"
큐릉,기타,37.50592322388703,127.04737028454552,영업/정상,"서울특별시 강남구 테헤란로57길 21, 1층 (역삼동)"
오봉도시락 강남개포점,기타,37.48877694433219,127.0673243100103,영업/정상,"서울특별시 강남구 개포로82길 7, 삼성빌딩 2층 6호 (개포동)"
양재옥,기타,37.48537773252112,127.03735342502934,영업/정상,"서울특별시 강남구 남부순환로 2629 (도곡동,지상1층)"
지라이브,기타,37.50120214632438,127.03347974837992,영업/정상,"서울특별시 강남구 테헤란로19길 18 (역삼동,지층)"
키즈,기타,37.52659316187772,127.04091751557438,영업/정상,"서울특별시 강남구 도산대로55길 45, 십이.이.사.칠빌딩 지하1층 (청담동)"
당옥,기타,37.5201078380941,127.02044847071522,영업/정상,"서울특별시 강남구 강남대로162길 22, 1층 101호 (신사동)"
탁 전,기타,37.50381733969336,127.03941148886678,영업/정상,"서울특별시 강남구 언주로93길 28-7, 지하1층 B101호 (역삼동, 래형빌딩)"
카페스토리,기타,37.49808311346318,127.07121923963504,영업/정상,"서울특별시 강남구 영동대로 210, 지상1층 105-2호 (대치동, 쌍용종합상가)"
광주식당,기타,37.520200871651156,127.03777829818019,영업/정상,"서울특별시 강남구 도산대로50길 33, 지상1층 1호 (논현동)"
루커피(LOO COFFEE),기타,37.527266375926615,127.04988062281379,영업/정상,"서울특별시 강남구 도산대로85길 42, 1층 (청담동)"
마쯔가제,기타,37.512521154961824,127.05881929973503,영업/정상,"서울특별시 강남구 영동대로 511 (삼성동,호텔오크우드프리미어지상3층)"
보므 청담,기타,37.52635852604887,127.04684860004072,영업/정상,"서울특별시 강남구 압구정로75길 5, 지하2층 (청담동)"
광장,기타,37.498763171184095,127.05209908279807,영업/정상,서울특별시 강남구 선릉로 326 (대치동)
비타민,기타,37.49062024327653,127.08306031322888,영업/정상,"서울특별시 강남구 양재대로33길 14 (일원동,지상1층)"
다담다글로벌,기타,37.499251202902656,127.03593284583003,영업/정상,"서울특별시 강남구 테헤란로26길 14, 위워크빌딩 지하3층 205호 (역삼동)"
으뜸스시 대치점,기타,37.49778190484667,127.05328409615444,영업/정상,"서울특별시 강남구 선릉로64길 12, 2층 상가호 (대치동)"
오봉집 강남점,기타,37.49555274362296,127.03160397249133,영업/정상,"서울특별시 강남구 테헤란로6길 48, 지상2층 (역삼동)"
멘츠루,기타,37.520250304837866,127.02018852633063,영업/정상,"서울특별시 강남구 강남대로162길 21 (신사동,지상1층)"
청담 바보,기타,37.52267285443316,127.03987018963636,영업/정상,서울특별시 강남구 도산대로56길 6-2 (청담동)
고향한식부페,기타,37.49580175424792,127.04116102415165,영업/정상,"서울특별시 강남구 논현로72길 20 (역삼동,지하1층)"
더팀버하우스,기타,37.50856679166254,127.0641468957995,영업/정상,"서울특별시 강남구 테헤란로 606 (대치동,지하2층)"
라이브볼 키친,기타,37.50094918532847,127.03551808949534,영업/정상,"서울특별시 강남구 테헤란로 147, 성지하이츠Ⅱ 지하1층 3호 (역삼동)"
류창희국수人,기타,37.51375949711448,127.04140752538642,영업/정상,"서울특별시 강남구 선릉로121길 11, 향원빌딩 지상1층 (논현동)"
잇풀,기타,37.490904567885465,127.03248509962211,영업/정상,"서울특별시 강남구 도곡로1길 14, 지상1층 113호 (역삼동)"
마루,기타,37.490904567885465,127.03248509962211,영업/정상,"서울특별시 강남구 도곡로1길 14, 삼일프라자오피스텔 지상1층 121호 일부호 (역삼동)"
강남회수산,기타,37.48905243574131,127.06847508932911,영업/정상,"서울특별시 강남구 개포로82길 9-17, 지상1층 101호 (개포동)"
보드람치킨,기타,37.4988675594528,127.03459164831213,영업/정상,서울특별시 강남구 테헤란로20길 13 (역삼동)
딸부자네 불백,기타,37.504280061693194,127.0454625050656,영업/정상,"서울특별시 강남구 테헤란로47길 8 (역삼동,지상2층)"
카레섬 소바다,기타,37.51054182685763,127.03594543667222,영업/정상,"서울특별시 강남구 언주로 615, 논현 아이파크 103동 지하1층 B132호 (논현동)"
이시야S&D,기타,37.50815140144015,127.02416297659957,영업/정상,"서울특별시 강남구 강남대로122길 15, 상당빌딩 지상2층 (논현동)"
서울왕돈까스,기타,37.512942531949825,127.03475711684736,영업/정상,"서울특별시 강남구 언주로125길 5 (논현동,지상1층)"
롤리폴리 꼬또(Roly Poly Cotto),기타,37.511311144274025,127.04232921249883,영업/정상,"서울특별시 강남구 봉은사로51길 19, 지하1층,지상1층 (논현동)"
명동 손칼국수,칼국수,37.49167029118842,127.03145695927101,영업/정상,"서울특별시 강남구 강남대로66길 6 (역삼동,지하1층)"
셰프의육개장,기타,37.52253304383439,127.03221267475944,영업/정상,"서울특별시 강남구 언주로153길 11, 지상1층 (신사동)"
토스트마켓,기타,37.50972244925337,127.02609640041102,영업/정상,"서울특별시 강남구 학동로6길 43, 지상1층 102호 (논현동)"
트리아농,기타,37.520295713933294,127.04457068181178,영업/정상,"서울특별시 강남구 학동로59길 43, 지하1층 (청담동)"
꼬꾸이 참나무 바베큐,기타,37.47400286759038,127.04947160517689,영업/정상,"서울특별시 강남구 논현로10길 8 (개포동,지상1층)"
다올,기타,37.50085838008427,127.04058796164693,영업/정상,"서울특별시 강남구 언주로85길 32, 역삼역센트럴푸르지오 지하1층 비127호 (역삼동)"
하쿠시,기타,37.52414121549622,127.03227340084572,영업/정상,"서울특별시 강남구 언주로157길 8-4, 2층 (신사동)"
하우 두 유 필(how do you feel?),기타,37.51720424966857,127.02465276034664,영업/정상,"서울특별시 강남구 논현로149길 49, 지상1층 (논현동)"
키친 플로스,기타,37.52441683199575,127.04379157526333,영업/정상,"서울특별시 강남구 압구정로80길 35, 지상2층 201호 (청담동, 드림빌딩)"
에스,기타,37.51236444400152,127.02180148899882,영업/정상,서울특별시 강남구 학동로1길 14 (논현동)
카페 인사이트,기타,37.51218181021408,127.04881680419196,영업/정상,"서울특별시 강남구 봉은사로67길 5, 지상1층 (삼성동)"
주몽,기타,37.52438609432026,127.03866042072276,영업/정상,"서울특별시 강남구 도산대로53길 20 (신사동,지상1층)"
신사골감자탕 삼성점,기타,37.51068761361664,127.05533155478349,영업/정상,"서울특별시 강남구 삼성로104길 8 (삼성동,지상1층)"
만포식당,기타,37.51389399949817,127.02817333245713,영업/정상,"서울특별시 강남구 학동로23길 7 (논현동,지상2층)"
나즈드라비,기타,37.50206255010228,127.026219770269,영업/정상,"서울특별시 강남구 강남대로 442, 지하1층 (역삼동, 흥국생명빌딩)"
명인만두 차병원사거리점,기타,37.50558637763585,127.03387384723632,영업/정상,"서울특별시 강남구 봉은사로26길 23 (역삼동,지상1층)"
함흥면옥,기타,37.52222067280977,127.02853658151287,영업/정상,서울특별시 강남구 논현로 826 (신사동)
맘스터치 포이사거리점,기타,37.477125061442834,127.04561399522522,영업/정상,서울특별시 강남구 논현로 78 (개포동)
너마늘 안동갈비,기타,37.50622691780059,127.0495594100083,영업/정상,"서울특별시 강남구 선릉로94길 15, 지상1층 108호,109호,110호,111호,112호 (삼성동)"
오펜드,기타,37.525643761826515,127.03454102053982,영업/정상,"서울특별시 강남구 압구정로42길 49, 지하1층 (신사동)"
크크,기타,37.50391694447988,127.03856918077967,영업/정상,"서울특별시 강남구 테헤란로33길 33, 태양빌딩 지하2층 (역삼동)"
디에스 에프앤비,기타,37.51031674767087,127.04248029559835,영업/정상,"서울특별시 강남구 봉은사로51길 3-3, 지상1층 202호 (논현동)"
얼터사이트계선(ALTER SIGHT KESSON),기타,37.5165254791672,127.03346330136604,영업/정상,"서울특별시 강남구 언주로133길 20, 지하1층 (논현동)"
미소뜸,기타,37.49981009291828,127.03662878226913,영업/정상,"서울특별시 강남구 테헤란로 152, 지하2층 (역삼동)"
바른식탁,기타,37.508413746914066,127.057190282781,영업/정상,"서울특별시 강남구 테헤란로83길 15 (삼성동,지하1층)"
원모어,기타,37.50047368663349,127.0292368531741,영업/정상,"서울특별시 강남구 강남대로94길 27-11, 1층 (역삼동)"
해오름,기타,37.47681680525861,127.04776050897051,영업/정상,"서울특별시 강남구 논현로16길 17, 1층 101호 (개포동)"
카페루트,기타,37.51802324035212,127.03638513168335,영업/정상,"서울특별시 강남구 언주로138길 9, 지상1층 (논현동)"
장원,기타,37.49710356234386,127.03743183328255,영업/정상,서울특별시 강남구 역삼로19길 29 (역삼동)
갤러리카페 피카소,기타,37.52226970236031,127.04806677862719,영업/정상,"서울특별시 강남구 삼성로 755, 지하1층 (청담동)"
청담이상 역삼점,기타,37.50053851789022,127.03343068766199,영업/정상,"서울특별시 강남구 테헤란로19길 7, 지상2층 (역삼동)"
테이블 마운틴 (Table MOUNTAIN RESTAURANT),기타,37.52403586016794,127.04848688095441,영업/정상,"서울특별시 강남구 도산대로 508, 3층 (청담동, 호텔엔트라)"
에이치마켓(HMARKET),기타,37.52023805025566,127.0398630707258,영업/정상,"서울특별시 강남구 선릉로 739, 지하1,지상1층 (논현동)"
폴 바셋 강남구청역점,기타,37.517570399087845,127.04148787960995,영업/정상,"서울특별시 강남구 학동로 401, 1층 (청담동, 금하빌딩)"
매머드익스프레스 포스코사거리점,기타,37.50611797742504,127.0585030395307,영업/정상,"서울특별시 강남구 테헤란로84길 16, 지상1층 (대치동)"
박서방순대국밥,국밥,37.50869713989584,127.05595503997809,영업/정상,서울특별시 강남구 삼성로 520 (삼성동)
키친스탠다드 강남점 60호,기타,37.50736932020773,127.03739743154303,영업/정상,"서울특별시 강남구 언주로107길 23, 지상2층 주방60호 (역삼동)"
더 밥상,기타,37.50500263414722,127.06337320572231,영업/정상,"서울특별시 강남구 역삼로 555, 지하 1층 비101-5(일부)호 (대치동, 대치동 더블유 타워)"
더청춘,기타,37.52624648482456,127.03550652788304,영업/정상,"서울특별시 강남구 언주로168길 23, 지상1층 101호 (신사동)"
바다해장집 강남점,기타,37.5036265294415,127.02564286427547,영업/정상,"서울특별시 강남구 봉은사로2길 16, 지상2층 (역삼동)"
코부네,기타,37.51054182685763,127.03594543667222,영업/정상,"서울특별시 강남구 언주로 615, 논현 아이파크 103동 지상1층 102호 (논현동)"
소풍김밥전문점,기타,37.52750447871542,127.03063017926765,영업/정상,"서울특별시 강남구 논현로176길 28, 1층 101호 (신사동)"
땅코참숯구이 선릉점,기타,37.50294902227001,127.05236652113574,영업/정상,"서울특별시 강남구 선릉로82길 28, 대치동 빌딩 지상1층 (대치동)"
존쿡델리미트,기타,37.48636233672333,127.04458854167746,영업/정상,"서울특별시 강남구 남부순환로 2729, 바스타빌딩 지상1층,2층 (도곡동)"
타츠야,기타,37.51928881979294,127.02050082483363,영업/정상,"서울특별시 강남구 강남대로158길 21, 지상1층 101호 (신사동, 홍인빌딩)"
99에스(S),기타,37.50231084355936,127.03930950769461,영업/정상,"서울특별시 강남구 테헤란로33길 7, 지상2층 (역삼동)"
대구뽈지리탕,기타,37.49772874862663,127.03344727929273,영업/정상,"서울특별시 강남구 논현로85길 57, 1층 (역삼동)"
메디치 신사,기타,37.522297788998124,127.02478163083214,영업/정상,"서울특별시 강남구 논현로159길 42, 지상2층 (신사동)"
넘타코,기타,37.52691652816877,127.03021566196928,영업/정상,"서울특별시 강남구 압구정로32길 11, 캐럴라인타워 지상1층 108호 (신사동)"
사파리,기타,37.52610426296547,127.03708955436717,영업/정상,"서울특별시 강남구 압구정로48길 35, 지상1층 (신사동)"
청담우,기타,37.519082102181294,127.02939932638998,영업/정상,"서울특별시 강남구 도산대로30길 12, 지하1층 (논현동)"
단골손님 강남1호점,기타,37.50090799932625,127.02725836608009,영업/정상,"서울특별시 강남구 테헤란로1길 40 (역삼동,지상2층)"
조선파스타,기타,37.4944242231826,127.03745427020499,영업/정상,"서울특별시 강남구 논현로71길 25, 1층 (역삼동, 비드52빌딩)"
뽀빠이 김치찜은 슈퍼푸드다 강남점,기타,37.50736932020773,127.03739743154303,영업/정상,"서울특별시 강남구 언주로107길 23, 2층 (역삼동)"
돌산등대집 선릉본점,기타,37.50439136329457,127.05334865475601,영업/정상,"서울특별시 강남구 테헤란로70길 16, 지상1층 A-2호 (대치동)"
허당맛선생,기타,37.512869306389206,127.03377878335706,영업/정상,서울특별시 강남구 논현로124길 27 (논현동)
데블다이스,기타,37.500143080152306,127.02730635406886,영업/정상,"서울특별시 강남구 테헤란로1길 29, 4층 (역삼동)"
김양,기타,37.502708513725324,127.03835725681091,영업/정상,"서울특별시 강남구 논현로94길 24, 지상1층 (역삼동)"
싼술의전당,기타,37.49998826668399,127.02810493344352,영업/정상,"서울특별시 강남구 강남대로96길 13, 지하1층 (역삼동)"
청담 소쿠리촌,기타,37.52370056543527,127.04862043847302,영업/정상,"서울특별시 강남구 삼성로148길 10, 지상1층 (청담동)"
캐주얼 김밥,기타,37.50297359241314,127.04653232570449,영업/정상,"서울특별시 강남구 테헤란로 322, 한신인터밸리24 지하2층 제비145호 (역삼동)"
마부육전,기타,37.50631061909784,127.05957574364717,영업/정상,"서울특별시 강남구 테헤란로86길 17, 1층 (대치동)"
달빛술담,기타,37.52616989524049,127.03586845457671,영업/정상,"서울특별시 강남구 압구정로46길 38 (신사동,지상1,2층)"
오늘의 밥상 3.4,기타,37.492862555340146,127.05861100594134,영업/정상,"서울특별시 강남구 남부순환로 2913 (대치동,지하1층 2호)"
얌얌,기타,37.485810474673194,127.03781500553656,영업/정상,"서울특별시 강남구 남부순환로363길 9-4, 1층 101호 (도곡동)"
부타노맥스,기타,37.51655166515923,127.0401389040349,영업/정상,"서울특별시 강남구 학동로 338, SB110호 (논현동)"
북경,기타,37.4756967062367,127.04833413377744,영업/정상,"서울특별시 강남구 논현로14길 13, 1층 (개포동)"
미미,기타,37.52131270459931,127.0366838671226,영업/정상,"서울특별시 강남구 도산대로46길 11 (논현동,논현오피스텔1층)"
영이네,기타,37.488999967856415,127.03408025775249,영업/정상,"서울특별시 강남구 도곡로4길 19, 지상1층 (도곡동)"
도곡수산,기타,37.49702733734261,127.05113886904182,영업/정상,"서울특별시 강남구 선릉로63길 13 (역삼동,동측1호 지상1층)"
우리집,기타,37.52606015915857,127.03750084485367,영업/정상,"서울특별시 강남구 선릉로157길 27-3, 錦奉빌딩 지상1층 101호, 102호 (신사동)"
생강앤김밥,기타,37.48595666410215,127.04543078783216,영업/정상,"서울특별시 강남구 남부순환로 2738, 상일빌딩 1층 101호 (도곡동)"
송송 카츠,기타,37.48812055362653,127.05107766375514,영업/정상,"서울특별시 강남구 언주로30길 13, 지하1층 (도곡동)"
투뿔상회,기타,37.488520157399186,127.10270096964598,영업/정상,서울특별시 강남구 밤고개로1길 22 (수서동)
세타이수루,기타,37.509223822456825,127.02294728355386,영업/정상,"서울특별시 강남구 강남대로124길 3-8, 지하1층 (논현동)"
가배두림논현점,기타,37.51586754518683,127.03155024058373,영업/정상,"서울특별시 강남구 학동로31길 21, 지상1층 (논현동)"
우츠와,기타,37.51513150538149,127.0428484249835,영업/정상,"서울특별시 강남구 학동로56길 32, 1층 104호 (삼성동)"
파스텔가든,기타,37.48292457125601,127.04417467220064,영업/정상,"서울특별시 강남구 논현로28길 18, 지상1층 (도곡동)"
꽃돈,기타,37.49798405867348,127.03439215966614,영업/정상,서울특별시 강남구 논현로85길 47 (역삼동)
뜸들이다,기타,37.52480292653651,127.02691004800913,영업/정상,"서울특별시 강남구 논현로167길 16, 지상1층 102호 (신사동)"
슬로우치즈,기타,37.522371811005996,127.04699007593601,영업/정상,"서울특별시 강남구 삼성로145길 13, 지상1층 101호 (청담동)"
사이공본가 대치점,기타,37.49891225617895,127.0619543716901,영업/정상,"서울특별시 강남구 도곡로 510 (대치동,(1층12호))"
커피본가,기타,37.493159273696726,127.03167313754926,영업/정상,서울특별시 강남구 역삼로 114 (역삼동)
끓임,기타,37.51104167851546,127.05560495875295,영업/정상,"서울특별시 강남구 삼성로104길 11, 2층 (삼성동)"
돈앤드초스,기타,37.48489621730933,127.09067764740408,영업/정상,"서울특별시 강남구 광평로31길 27 (수서동,삼성(아)상가동 지하1호)"
킨,기타,37.52718322394584,127.039882217794,영업/정상,"서울특별시 강남구 선릉로161길 6, 지상1층 (신사동)"
우리집닭강정,기타,37.491889547575305,127.08748434143008,영업/정상,"서울특별시 강남구 양재대로55길 15, 지상1층 105호 (일원동)"
황금족발대감(참조은도시락),기타,37.50851250714221,127.03295889679872,영업/정상,"서울특별시 강남구 논현로 613, 지하1층 (논현동)"
주식회사 빠니드엠무니,기타,37.526760666301534,127.03972734150857,영업/정상,"서울특별시 강남구 압구정로56길 16, 2층 (신사동)"
단막 강남역점,기타,37.50070510271091,127.02802902520773,영업/정상,"서울특별시 강남구 강남대로98길 16, 1층 (역삼동)"
와사,기타,37.5198000577168,127.0486795247275,영업/정상,"서울특별시 강남구 삼성로133길 8, 지하1층 (청담동)"
사이드쇼 코엑스점,기타,37.50959124747711,127.05927363531747,영업/정상,"서울특별시 강남구 테헤란로87길 22, 지하1층 Q124호 (삼성동, 한국도심공항터미널)"
우리할매떡볶이 압구정점,기타,37.521075221956956,127.02716471932088,영업/정상,"서울특별시 강남구 도산대로25길 20, 지상1층 (신사동)"
마루집 역삼본점,기타,37.4967602183102,127.03943428470036,영업/정상,"서울특별시 강남구 논현로76길 6, 1층 101호 (역삼동)"
명품 칼국수,칼국수,37.51180087815358,127.05051489374297,영업/정상,"서울특별시 강남구 봉은사로72길 4 (삼성동,지상1층)"
티엔티엔티엔,기타,37.50802527091545,127.05430706449566,영업/정상,"서울특별시 강남구 테헤란로77길 22 (삼성동,지하1층 1호2호3호)"
배수경 양재정육식당,기타,37.50451082841603,127.04328938232182,영업/정상,"서울특별시 강남구 언주로94길 13, 지상1층 (역삼동)"
순대실록(매봉역점),기타,37.485220769893075,127.04435005965775,영업/정상,"서울특별시 강남구 논현로36길 31, AEP빌딩 지상1층 (도곡동)"
88노가리 선릉점,기타,37.50386144631911,127.05292698007277,영업/정상,"서울특별시 강남구 선릉로86길 40, 2층 (대치동)"
플레이투,기타,37.52533675017158,127.03788276507943,영업/정상,"서울특별시 강남구 도산대로51길 33, 지상5층 (신사동)"
정가네부엌,기타,37.478803481420805,127.0452076373086,영업/정상,서울특별시 강남구 개포로15길 5 (개포동)
빽돈(신논현 직영점),기타,37.507789491321724,127.02369371716395,영업/정상,"서울특별시 강남구 학동로2길 58, 지상1층 (논현동)"
빌보드코리아 하우스,기타,37.513868735751664,127.0401785696229,영업/정상,"서울특별시 강남구 선릉로121길 29, 지상1층 (논현동)"
막창굽는 연탄할매,기타,37.49396878348001,127.03816020783033,영업/정상,"서울특별시 강남구 역삼로20길 22, 지상1층 102-3호 (역삼동)"
밝은달,기타,37.52774588756646,127.03860967651286,영업/정상,"서울특별시 강남구 압구정로50길 7, 정동상가 1층 103호 (신사동)"
고요 청담(GOYOH),기타,37.52105155063718,127.04967451251173,영업/정상,"서울특별시 강남구 삼성로140길 6, 라파빌딩 지하1층 (청담동)"
삶,기타,37.52154470791486,127.03848204945488,영업/정상,"서울특별시 강남구 선릉로145길 12, 지상1층 (논현동)"
가츠몽 논현 아크로힐스,기타,37.50952514436708,127.03895479161527,영업/정상,"서울특별시 강남구 언주로 604, 제지1층 제124호 (논현동)"
초록작업실,기타,37.48530933573788,127.03440343401125,영업/정상,"서울특별시 강남구 강남대로 240, 양재SK허브프리모 지상1층 103호 (도곡동)"
공유주방 우아한 강남키친,기타,37.50357434023682,127.05428035340167,영업/정상,"서울특별시 강남구 삼성로81길 43, 지상2층 2호 (대치동)"
이십오,기타,37.510746924229856,127.05550768298366,영업/정상,"서울특별시 강남구 삼성로104길 10, 이호빌딩 지하1층 (삼성동)"
잔느(Zanne),기타,37.50354639764277,127.0508291875745,영업/정상,"서울특별시 강남구 선릉로86길 15, 현대선릉 GOLD TOWER 지상1층 103호 (대치동)"
홍로,기타,37.50848221735918,127.02410323391909,영업/정상,"서울특별시 강남구 학동로4길 48, 지하 1층 (논현동)"
퀴즈노스 대치1호점,기타,37.503799431218454,127.06005898676311,영업/정상,"서울특별시 강남구 역삼로 519, 지상1층 (대치동)"
이태리부대찌개 선정릉점,기타,37.5103733028883,127.04226461050139,영업/정상,"서울특별시 강남구 봉은사로49길 6 (논현동,지상1층)"
그림나베 학동역점,기타,37.515577017748534,127.0327823540225,영업/정상,"서울특별시 강남구 논현로132길 29, 1층 (논현동)"
그레잇이삼칠,기타,37.51383967960891,127.02302402662393,영업/정상,"서울특별시 강남구 학동로7길 29, 지하1층 (논현동)"
이태리부대찌개 학동점,기타,37.51571842728645,127.03229357307447,영업/정상,"서울특별시 강남구 학동로33길 15 (논현동,지상1층)"
오씨네,기타,37.49524827287173,127.08518164591825,영업/정상,"서울특별시 강남구 개포로 664, 101호 (일원동)"
트웰브 원더바,기타,37.52339383135422,127.04365764612126,영업/정상,"서울특별시 강남구 도산대로 442, 피엔폴루스 지하1층 (청담동)"
메가엠지씨커피 강남구청역점,기타,37.51668653661626,127.04059047030417,영업/정상,"서울특별시 강남구 학동로 342, 에스케이 허브블루 지상1층 106호 (논현동)"
우시야 역삼점,기타,37.504916856254205,127.0426584069315,영업/정상,"서울특별시 강남구 언주로98길 12, 지상1층 101호 (역삼동)"
옛날시장골목,기타,37.52400988655534,127.04924793786324,영업/정상,"서울특별시 강남구 도산대로 514, 지하1층 (청담동, 제1 라호)"
청담하이,기타,37.525291699069605,127.05255319665629,영업/정상,"서울특별시 강남구 도산대로101길 3, 지상2층 (청담동)"
쿱업(coop up),기타,37.52649986159617,127.03786552760101,영업/정상,"서울특별시 강남구 압구정로50길 27, 지상3층 301호 (신사동)"
비어가든_야외음악회,기타,37.50904780086485,127.06089284405361,영업/정상,"서울특별시 강남구 테헤란로 521, 파르나스타워 1층 (삼성동)"
어떤바람,기타,37.477449812241865,127.04888143882422,영업/정상,"서울특별시 강남구 개포로22길 25 (개포동,지상2층)"
신의 곱창,기타,37.51826565740171,127.0194614459917,영업/정상,"서울특별시 강남구 강남대로 632, 지상1층 (신사동)"
윤서울,기타,37.52416615356361,127.03906734141121,영업/정상,"서울특별시 강남구 선릉로 805, W빌딩 지상1층 (신사동)"
그릿(GRIT),기타,37.51759198755917,127.02958547666731,영업/정상,"서울특별시 강남구 논현로 734, 지하3층, 지상1층 (논현동)"
돈까스 하우스,기타,37.48602374605106,127.0365908813341,영업/정상,"서울특별시 강남구 남부순환로359길 16, 지상1층 A호 (도곡동)"
봉평착한메밀,기타,37.490763334054385,127.03403639232694,영업/정상,"서울특별시 강남구 강남대로62길 30, 지상1층 101호 (역삼동)"
청담족발 강남점,기타,37.501725397302486,127.03391283212696,영업/정상,"서울특별시 강남구 논현로95길 29-5, 지상1층 101호 (역삼동, 금하빌딩)"
일품양평해장국,기타,37.5028731124212,127.05732305265633,영업/정상,"서울특별시 강남구 역삼로 459, 지상1층 (대치동)"
차돌삼합 진대감,기타,37.50276471852954,127.03718594393492,영업/정상,"서울특별시 강남구 봉은사로30길 75 (역삼동,지상1층)"
오레노카츠,기타,37.50369029752461,127.05463697954278,영업/정상,"서울특별시 강남구 삼성로81길 37, 1층 (대치동)"
배스킨라빈스 Workshop,기타,37.48597537481849,127.04094050435657,영업/정상,"서울특별시 강남구 논현로 201, 지상1층 (도곡동)"
누이네,기타,37.51877161786243,127.02066860429736,영업/정상,"서울특별시 강남구 압구정로2길 46, 지상1층 22호 (신사동, ---------)"
바나프레소 선릉역사거리점,기타,37.504653155429935,127.04829178654667,영업/정상,"서울특별시 강남구 테헤란로 335, 엔지니어링공제빌딩 지상1층 (역삼동)"
더 뷰직바,기타,37.5182003595211,127.02240548318582,영업/정상,"서울특별시 강남구 도산대로11길 11, 지하1층 (신사동)"
추포도,기타,37.48572596257309,127.09847392344479,영업/정상,"서울특별시 강남구 광평로 236, 지상1층 (수서동)"
사량도,기타,37.49745094563444,127.04166119064745,영업/정상,"서울특별시 강남구 역삼로33길 3 (역삼동,지상1층)"
미피아체,기타,37.52146729327361,127.04487095109793,영업/정상,"서울특별시 강남구 도산대로70길 34, 지상1층 (청담동)"
개성집,기타,37.50526352735499,127.02524316425576,영업/정상,"서울특별시 강남구 봉은사로1길 6 (논현동,지상1층)"
산낙지갯마을,기타,37.485083716202695,127.09757386904782,영업/정상,서울특별시 강남구 광평로 226 (수서동)
김밥킹 삼성역점,기타,37.50847746286273,127.05788668519753,영업/정상,"서울특별시 강남구 테헤란로83길 14 (삼성동,지상1층 103호)"
고든램지 스트리트 버거 현대백화점 무역센터점,기타,37.50859530026902,127.05971847792408,영업/정상,"서울특별시 강남구 테헤란로 517, 현대백화점 지하1층 (삼성동)"
스시사,기타,37.52655126842906,127.05344870292554,영업/정상,"서울특별시 강남구 도산대로101길 28, 지상1층 (청담동)"
놀부부대찌개 역삼2호점,기타,37.49761037195823,127.0416192404902,영업/정상,"서울특별시 강남구 역삼로33길 7, 지상1층 (역삼동)"
(주)소노인터내셔널 삼성지점,기타,37.50959124747711,127.05927363531747,영업/정상,"서울특별시 강남구 테헤란로87길 22, 지상3층 (삼성동, 한국도심공항터미널)"
미가한우소금구이,기타,37.502268247112944,127.05786195135357,영업/정상,"서울특별시 강남구 삼성로71길 12 (대치동,주원빌딩1층)"
플러스82 강남논현점,기타,37.5098936788082,127.02613402668372,영업/정상,"서울특별시 강남구 강남대로124길 48, 지상1층 (논현동)"
라이스포레스트 쌀빵샌드위치,기타,37.51122842856755,127.05035544190079,영업/정상,"서울특별시 강남구 봉은사로68길 11, 지상1층 101호 (삼성동)"
카메라루시다,기타,37.517069358843735,127.0298964945084,영업/정상,"서울특별시 강남구 논현로140길 5 (논현동,지하1층)"
다이아,기타,37.520852796857824,127.02757925037535,영업/정상,"서울특별시 강남구 도산대로27길 16, 지하1층 (신사동)"
미미만두 교자&리큐어 LIQUOR,기타,37.52357075703165,127.03149363352702,영업/정상,"서울특별시 강남구 도산대로37길 40, 지상1층 (신사동)"
크림(CREAM),기타,37.50530837218414,127.0465946313715,영업/정상,"서울특별시 강남구 테헤란로53길 15-3, 지상2층 (역삼동)"
기와강,기타,37.521138266191066,127.02893675768996,영업/정상,"서울특별시 강남구 논현로152길 9, 4층 (신사동)"
내가찜한닭 강남역점,기타,37.49988050931543,127.02773482988059,영업/정상,"서울특별시 강남구 강남대로96길 9, 지상2층 (역삼동)"
켄,기타,37.52301528329302,127.03479675443931,영업/정상,"서울특별시 강남구 언주로152길 15-3, 지상2층 (신사동)"
와인하우스프리바다,기타,37.522202714240954,127.03258276464831,영업/정상,"서울특별시 강남구 언주로151길 8 (신사동,지상1층)"
라파즈,기타,37.52362749953291,127.0492678241403,영업/정상,"서울특별시 강남구 도산대로90길 11, 지하1층 (청담동)"
슬로우캘리 선릉점,기타,37.50381208310623,127.04524703703565,영업/정상,"서울특별시 강남구 테헤란로 313, 성지하이츠1 지상1층 103호 (역삼동)"
라스바,기타,37.497139273503336,127.03150834602897,영업/정상,"서울특별시 강남구 강남대로84길 36, 지하1층 (역삼동)"
커피효과,기타,37.49445098659691,127.03762728550724,영업/정상,"서울특별시 강남구 역삼로20길 12, 성우빌딩 지상1층 (역삼동)"
153구포국수 선릉역점,기타,37.503055644611514,127.0504978356168,영업/정상,"서울특별시 강남구 선릉로86길 8 (대치동,지상1층)"
카페 밀키,기타,37.49601582913694,127.0341413366315,영업/정상,"서울특별시 강남구 논현로79길 61, 지상1층 (역삼동)"
개라지 일일팔(garage 118),기타,37.51710508911504,127.03940130693232,영업/정상,"서울특별시 강남구 학동로53길 3-12, 지하1층 (논현동)"
노걸대감자탕 직화뼈구이 역삼역점,기타,37.50065686744174,127.03966580925902,영업/정상,"서울특별시 강남구 언주로87길 43, 에벤에셀 지상1층 101호 (역삼동)"
하니킴피자 신논현점,기타,37.510781061291546,127.02898742186055,영업/정상,"서울특별시 강남구 논현로123길 37, 1층 102호 (논현동)"
쿠사소울푸드(food),기타,37.5015427798219,127.05731283950183,영업/정상,"서울특별시 강남구 역삼로78길 15, 1층 103호 (대치동)"
문어앤치킨,기타,37.51115005309481,127.05669703501832,영업/정상,"서울특별시 강남구 삼성로104길 24 (삼성동,지상1층)"
황금면가,기타,37.48801674446367,127.10184847065206,영업/정상,"서울특별시 강남구 밤고개로1길 10 (수서동,현대벤쳐빌 B106호)"
학동수제비,기타,37.515577017748534,127.0327823540225,영업/정상,"서울특별시 강남구 논현로132길 29, 지상1층 (논현동)"
쿠지 커피 로스터스 대치,기타,37.49914371777531,127.0524736775372,영업/정상,"서울특별시 강남구 선릉로68길 9, 1층 101호 (대치동)"
니꾸바키라,기타,37.485160462297074,127.04389460493195,영업/정상,"서울특별시 강남구 논현로36길 25, 지상1층 (도곡동)"
단백하루,기타,37.518240744901725,127.02724178297035,영업/정상,"서울특별시 강남구 논현로149길 15, 지상1층 102호 (논현동)"
춘화포차,기타,37.48266967257188,127.06182995445742,영업/정상,"서울특별시 강남구 선릉로6길 10, 지상1층 (개포동)"
푸드코트101,기타,37.507105790562235,127.02796337098934,영업/정상,"서울특별시 강남구 강남대로118길 64, 지상2층 202호 (논현동)"
아파트(APT),기타,37.51487668435382,127.02101244034193,영업/정상,"서울특별시 강남구 강남대로146길 9, 지상1층 102호 (논현동)"
무등산 카이로스,기타,37.50479569770735,127.04718270395969,영업/정상,"서울특별시 강남구 선릉로91길 18, 동현빌딩 지상2층 (역삼동)"
(주)박앤박 역삼점,기타,37.500590199254376,127.04276255216791,영업/정상,"서울특별시 강남구 테헤란로38길 29, 이원빌딩 지하1층 7호 (역삼동)"
나따오비까(대치점),기타,37.49818258443985,127.0544205841521,영업/정상,서울특별시 강남구 선릉로64길 26 (대치동)
더진국 수육국밥(논현점),국밥,37.50864273280401,127.02298850064706,영업/정상,"서울특별시 강남구 강남대로 520, 지상1층 (논현동)"
보노,기타,37.50379676952716,127.0406680819241,영업/정상,"서울특별시 강남구 언주로93길 16 (역삼동,지상2층)"
남오토코,기타,37.49853003884036,127.03572852017686,영업/정상,"서울특별시 강남구 논현로85길 29, 2층 201호 (역삼동)"
에이블(ABLE),기타,37.510739772550956,127.03521609311188,영업/정상,"서울특별시 강남구 봉은사로37길 41, 지상1층 (논현동)"
페라리,기타,37.52822493386775,127.03450304233385,영업/정상,"서울특별시 강남구 언주로174길 8 (신사동,지하1층)"
형제한식,기타,37.48072263245926,127.05835049782655,영업/정상,"서울특별시 강남구 개포로 310 (개포동,지상1층154호,155호,172호)"
캐딜락,기타,37.51808563126902,127.02822125660076,영업/정상,서울특별시 강남구 도산대로28길 18 (논현동)
티,기타,37.51087752277319,127.04711607800158,영업/정상,"서울특별시 강남구 봉은사로 430, 지상1층 (삼성동)"
알라프리마(Alla prima),기타,37.51356540743067,127.02602376231762,영업/정상,"서울특별시 강남구 학동로17길 13, 지하1층 B101호 (논현동)"
미스터순두부,기타,37.51046472706423,127.06027605014796,영업/정상,
106길 15,기타,37.503144518882465,127.02678433642991,영업/정상,"서울특별시 강남구 강남대로106길 15, 지하1층 (역삼동)"
수미돈,기타,37.510388992730235,127.05340584497014,영업/정상,"서울특별시 강남구 삼성로103길 12, 지상1층 106호 (삼성동, 신도브래뉴주상복합)"
롯데리아 압구정역점,기타,37.52631594457931,127.02776009538006,영업/정상,"서울특별시 강남구 논현로175길 6, 지상1층 105호 (신사동)"
네스트,기타,37.52438286476132,127.04399642487161,영업/정상,"서울특별시 강남구 압구정로80길 33, 6층 (청담동)"
이가원항아리수제비,기타,37.514357697185346,127.02884990841412,영업/정상,"서울특별시 강남구 학동로25길 11, 씨플레이스 지상1층 102호 (논현동)"
동락커피점EXP,기타,37.49772601279262,127.0292970420504,영업/정상,"서울특별시 강남구 테헤란로4길 6, 강남역 센트럴 푸르지오 시티 1층 116호 (역삼동)"
무제,기타,37.51043451011324,127.05566696846066,영업/정상,"서울특별시 강남구 테헤란로81길 51, 릴팡빌딩 지하1층 103호 (삼성동)"
블랙가든(BLACK GARDEN),기타,37.49781001520138,127.02893196545418,영업/정상,"서울특별시 강남구 테헤란로4길 6, 지하1층 B106호 (역삼동, 센트럴푸르지오시티 )"
오만복,기타,37.527584993548004,127.03931243200638,영업/정상,"서울특별시 강남구 압구정로50길 5-12 (신사동,.1층)"
온리고엔코,기타,37.52054040307327,127.02874627877868,영업/정상,"서울특별시 강남구 도산대로 205, 선샤인호텔 지상1층 (신사동)"
네모집,기타,37.52261030662724,127.04184436068735,영업/정상,"서울특별시 강남구 선릉로148길 28, 지하1층 (청담동)"
애니홀,기타,37.50707952451885,127.05361898974508,영업/정상,"서울특별시 강남구 테헤란로77길 11-10, 1층 (삼성동)"
수아당,기타,37.52489782097349,127.03929363738187,영업/정상,"서울특별시 강남구 선릉로 815, 신한양빌딩 지상1층 104호 (신사동)"
디퍼센트,기타,37.523885874842186,127.03703929377232,영업/정상,"서울특별시 강남구 도산대로49길 15, 제성씨티빌딩 지하1층 (신사동)"
신사포차,기타,37.52782276866141,127.03045808378056,영업/정상,"서울특별시 강남구 압구정로 212, 지상1층 11호 (신사동)"
설희식당,기타,37.52081553977627,127.04654105491863,영업/정상,"서울특별시 강남구 삼성로147길 34 (청담동,1층)"
스시소라(청담점),기타,37.521338056286226,127.03768079821269,영업/정상,"서울특별시 강남구 도산대로50길 17, 3층 (논현동)"
콤팩트 레코드 바(Kompakt Record Bar),기타,37.52255634853213,127.02600699536877,영업/정상,"서울특별시 강남구 도산대로25길 46, 지상1층 102호 (신사동)"
드림오피스(와인오피스),기타,37.51186500806474,127.04357933778266,영업/정상,"서울특별시 강남구 선릉로 616, 드림타운 지상1층 (삼성동)"
스틸,기타,37.524259832155714,127.04016460602774,영업/정상,"서울특별시 강남구 선릉로152길 7, 지하1층 (청담동)"
멜로우 가든,기타,37.50400909520739,127.02615956254577,영업/정상,"서울특별시 강남구 강남대로110길 15, 지상1층 102호 (역삼동)"
도야짬뽕 역삼점,기타,37.50092917130699,127.03422800476751,영업/정상,"서울특별시 강남구 강남대로94길 87 (역삼동,지상2층)"
동경규동 선릉점,기타,37.502510857218624,127.05026658010526,영업/정상,"서울특별시 강남구 선릉로 420, 지상1층 2호 (대치동)"
일리조(IL RISO),기타,37.527339737877305,127.03523878984075,영업/정상,"서울특별시 강남구 압구정로42길 23, 지상1층 101호 (신사동)"
신천할매 떡볶이,기타,37.50855925725822,127.03421365093114,영업/정상,"서울특별시 강남구 논현로114길 10, 102호 (논현동)"
(주)커피빈코리아 수서역원방빌딩점,기타,37.48875981772224,127.10406595211212,영업/정상,"서울특별시 강남구 광평로51길 6-23, 원방테크사옥 지상1층 (수서동)"
맛찬,기타,37.49269402398625,127.07562822482916,영업/정상,"서울특별시 강남구 개포로 615, 석탑프라자 지하1층 106,107호 (개포동)"
백삼십육길 육미 3F,기타,37.517392300782326,127.03635088910404,영업/정상,"서울특별시 강남구 언주로136길 9, 3,4층 (논현동)"
지옥 반점,기타,37.50956430237851,127.02282896934727,영업/정상,"서울특별시 강남구 학동로2길 28, 지상1층 101호 일부호 (논현동)"
로스터스로스터리(Roasters Roastery):삼성,기타,37.50478560022026,127.05708113475093,영업/정상,"서울특별시 강남구 삼성로81길 6, 지상1층 (대치동)"
쿠촐로 테라짜,기타,37.52474764616693,127.04238447948035,영업/정상,"서울특별시 강남구 도산대로59길 16, 지하1층 (청담동, 테이블2025)"
길목 신관,기타,37.512912468657305,127.05412626524617,영업/정상,"서울특별시 강남구 봉은사로 504, 지상1,2층 (삼성동)"
강남곱창이야기 본점,기타,37.507017656179094,127.024042878941,영업/정상,"서울특별시 강남구 봉은사로1길 35, 지상1층 (논현동)"
심플로우(simplow),기타,37.50235302656792,127.04672834748939,영업/정상,"서울특별시 강남구 테헤란로52길 16, 상가3동 지하1층 24호 (역삼동, 테헤란아이파크)"
상하이 야시장,기타,37.50085838008427,127.04058796164693,영업/정상,"서울특별시 강남구 언주로85길 32, 역삼역센트럴푸르지오 B1층 CA27호 (역삼동)"
몽크투바흐,기타,37.52122861763507,127.02727923916541,영업/정상,"서울특별시 강남구 도산대로27길 21 (신사동,지상2층)"
업커피(UPCOFFEE),기타,37.49300157535366,127.0391171527819,영업/정상,"서울특별시 강남구 논현로63길 16, 지상1층 123호 (역삼동, 강남서해그랑블)"
삼성골,기타,37.50755255669261,127.06507287524724,영업/정상,"서울특별시 강남구 영동대로86길 12, 지하1층 2호 (대치동)"
카츠쇼신 강남점,기타,37.50011785425546,127.03222166172274,영업/정상,"서울특별시 강남구 테헤란로 129, 지하1층 4호 (역삼동)"
구면,기타,37.48302380975111,127.04327979703388,영업/정상,"서울특별시 강남구 논현로30길 8, 지상1층 (도곡동)"
선향정샤브샤브,기타,37.50851250714221,127.03295889679872,영업/정상,"서울특별시 강남구 논현로 613, 지하1층 (논현동)"
다님길,기타,37.509095054369006,127.02364012891829,영업/정상,"서울특별시 강남구 강남대로124길 11, 지하1층 102호 (논현동)"
우아한논현키친,기타,37.50530981002964,127.02957793044767,영업/정상,"서울특별시 강남구 봉은사로16길 16, 지하1층 (역삼동)"
플라야 라운지,기타,37.51988146497261,127.030048577155,영업/정상,"서울특별시 강남구 도산대로 212, 지상2층 (논현동)"
통닭왕맥주 강남역점,기타,37.49772601279262,127.0292970420504,영업/정상,"서울특별시 강남구 테헤란로4길 6, 111호 (역삼동, 센트럴애비뉴 )"
유메오뎅 강남역,기타,37.500185081746736,127.02777784560517,영업/정상,"서울특별시 강남구 테헤란로1길 28-4, JWHouse 지상1층 101호 (역삼동)"
짱이네,기타,37.509369943456214,127.03719812716545,영업/정상,서울특별시 강남구 언주로 605 (논현동)
안주일체 강남점,기타,37.503629030364856,127.02594286735807,영업/정상,"서울특별시 강남구 봉은사로2길 15 (역삼동,지상1층)"
레코(RECO),기타,37.475719540849774,127.05017980552897,영업/정상,"서울특별시 강남구 논현로12길 33, 지상1층 101호 (개포동)"
오순,기타,37.50536870120621,127.03561337043513,영업/정상,"서울특별시 강남구 봉은사로30길 34, 지상1층 (역삼동)"
삼남매 설렁탕,기타,37.52399053700674,127.04304823966655,영업/정상,"서울특별시 강남구 도산대로 431, 1층 (청담동)"
세컨드플로어,기타,37.50062640768005,127.03304957771135,영업/정상,"서울특별시 강남구 강남대로94길 72, 지상2층 가호 (역삼동)"
한우전문 육회이야기 강남점,기타,37.49300157535366,127.0391171527819,영업/정상,"서울특별시 강남구 논현로63길 16, 지상1층 118호 (역삼동, 역삼종합시장 더블루)"
마구로동 우니도,기타,37.50513722991982,127.04745022247077,영업/정상,"서울특별시 강남구 선릉로93길 11, 1층 (역삼동)"
이담,기타,37.52774588756646,127.03860967651286,영업/정상,"서울특별시 강남구 압구정로50길 7 (신사동,(10호))"
남오토코 대치점,기타,37.50723692840977,127.06241290362799,영업/정상,"서울특별시 강남구 테헤란로98길 16, 지상1층 101호 (대치동)"
수퍼판,기타,37.52447562795105,127.02685160109255,영업/정상,"서울특별시 강남구 논현로167길 15, 2층 (신사동)"
마켓정,기타,37.50971728873687,127.02280154224465,영업/정상,"서울특별시 강남구 강남대로128길 6, 지상2층 (논현동)"
드와(De_wa),기타,37.51639407023232,127.0378846010746,영업/정상,"서울특별시 강남구 학동로 317, 삼화빌딩 지상1층 (논현동)"
굽네치킨 논현1동점,기타,37.50946762869689,127.02481196572874,영업/정상,"서울특별시 강남구 강남대로124길 27, 1층 (논현동)"
멘쿠도,기타,37.503954750203356,127.02549045470478,영업/정상,"서울특별시 강남구 봉은사로2길 10 (역삼동,지상1층)"
해갈식당,기타,37.48276934429062,127.06196837164184,영업/정상,"서울특별시 강남구 선릉로6길 12 (개포동,지하1층)"
가마솥감자탕,기타,37.492309221770384,127.0357757848269,영업/정상,"서울특별시 강남구 도곡로13길 19 (역삼동,롯데캐슬노블상가 지하1층104호)"
모쿠(MOKU),기타,37.50535747577704,127.04301941302883,영업/정상,"서울특별시 강남구 봉은사로44길 70, 지상1층 101호 (역삼동, 신호빌리지)"
멕시카나치킨,기타,37.50425500641158,127.05145858940072,영업/정상,"서울특별시 강남구 테헤란로64길 13, 지상1층 103호 (대치동)"
요술 역삼점,기타,37.50041751749916,127.03348463730407,영업/정상,"서울특별시 강남구 테헤란로19길 5 (역삼동,지하1층)"
향원,기타,37.51493271877028,127.05904492949021,영업/정상,"서울특별시 강남구 영동대로115길 7 (삼성동,지하1층)"
어반81,기타,37.512620769016586,127.04857955373095,영업/정상,"서울특별시 강남구 봉은사로67길 14, 지상1층 101호 (삼성동)"
제주우다,기타,37.501026145022365,127.05289149082128,영업/정상,"서울특별시 강남구 역삼로 420 (대치동,지상1층 102호)"
청담 탑노치커피,기타,37.524201957592204,127.05010310182315,영업/정상,"서울특별시 강남구 도산대로 522, 1층 4호 (청담동)"
뚝뗀,기타,37.4865168787329,127.05188290856825,영업/정상,"서울특별시 강남구 언주로 118, 지하1층 12호 (도곡동, 우성캐릭터199)"
커피 휘엘(Coffee Fiel),기타,37.51699655177119,127.02358379445977,영업/정상,"서울특별시 강남구 논현로149길 62, 지상102호 (논현동)"
단심,기타,37.52291245874175,127.02720440603035,영업/정상,"서울특별시 강남구 논현로159길 11, 지상2층 (신사동)"
딜리셧 부티끄,기타,37.49772601279262,127.0292970420504,영업/정상,"서울특별시 강남구 테헤란로4길 6, 강남역 센트럴 푸르지오 시티 2층 219호 (역삼동)"
배당라운지,기타,37.51432228578461,127.03488398841677,영업/정상,"서울특별시 강남구 언주로 647 (논현동,지상1층)"
에이 투앤티 세컨드 A-TWENTY SECOND,기타,37.52218898112088,127.02181282577922,영업/정상,"서울특별시 강남구 압구정로10길 22, 지상1층 (신사동)"
하루,기타,37.47427693316772,127.04856152378933,영업/정상,"서울특별시 강남구 논현로 36, 지하1층 102호 (개포동)"
에코사랑목영점,기타,37.49161420575852,127.03335101537587,영업/정상,"서울특별시 강남구 도곡로3길 20-10, 지상1층 111호 (역삼동)"
새르(Saer),기타,37.520906364134994,127.02581914729842,영업/정상,"서울특별시 강남구 논현로153길 28, 지상1층 (신사동)"
순딜리버리 16호점,기타,37.513353374559664,127.02132348064708,영업/정상,"서울특별시 강남구 강남대로136길 5-4, 지하1층 16호 (논현동)"
행복여성사우나,기타,37.48905931128043,127.06717764488506,영업/정상,"서울특별시 강남구 개포로 504, 지하2층 B201호 (개포동)"
키??,기타,37.519872508719835,127.02665674535588,영업/정상,"서울특별시 강남구 논현로151길 19, 더건한빌딩 지상1층 (신사동)"
심양 청담본점,기타,37.52735692482001,127.03853399020959,영업/정상,"서울특별시 강남구 선릉로161길 21, 지상1층 (신사동)"
고(GO),기타,37.52676502666687,127.03858071662444,영업/정상,"서울특별시 강남구 언주로172길 60, 지하1층 (신사동)"
양궈푸마라탕 역삼점,기타,37.502837389389235,127.03800608156023,영업/정상,서울특별시 강남구 논현로94길 21 (역삼동)
사색고급요리집,기타,37.49896683011122,127.03904957212649,영업/정상,"서울특별시 강남구 언주로81길 57 (역삼동,지하1층)"
(주)탭샵바 도산대로점,기타,37.51796928068871,127.0250456232026,영업/정상,"서울특별시 강남구 도산대로 150, 지상1층 (논현동)"
야마야 강남N타워점,기타,37.50011785425546,127.03222166172274,영업/정상,"서울특별시 강남구 테헤란로 129, 지하1층 (역삼동)"
오조,기타,37.522515940819254,127.0270794454426,영업/정상,"서울특별시 강남구 논현로157길 12 (신사동,1층)"
정읍그맛,기타,37.503171016957346,127.05184033491649,영업/정상,"서울특별시 강남구 테헤란로64길 27 (대치동,지하1층)"
썸,기타,37.50351570830276,127.0518578554672,영업/정상,"서울특별시 강남구 선릉로86길 26, 지상3층 (대치동)"
을지로골뱅이,기타,37.49786490540297,127.06861753721277,영업/정상,서울특별시 강남구 영동대로 213 (대치동)
본죽 삼성차관점,기타,37.51231775375058,127.05182977445693,영업/정상,"서울특별시 강남구 봉은사로 474 (삼성동,쌍용플래티넘지상1층108호)"
에센허브 커피,기타,37.52012470599253,127.03276137871349,영업/정상,"서울특별시 강남구 언주로149길 17, 지상1층,2층 (논현동)"
청담무신,기타,37.52573155488231,127.05070262693859,영업/정상,"서울특별시 강남구 도산대로89길 15, 지상2층 (청담동)"
마선생얼큰국밥 강남구청점,국밥,37.51589633428585,127.04228592729022,영업/정상,서울특별시 강남구 선릉로 664 (삼성동)
메가엠지씨커피 대치중앙점,기타,37.50093602500644,127.05262320045131,영업/정상,"서울특별시 강남구 역삼로 416, 태양빌딩 지상1층 (대치동)"
마루바이 쿠시마사,기타,37.519745231538835,127.0314300453076,영업/정상,"서울특별시 강남구 논현로150길 36, 지하1층 102호 (논현동)"
오로라 김밥,기타,37.49878262687282,127.05874310814674,영업/정상,"서울특별시 강남구 도곡로77길 6, 1층 101호 (대치동)"
장수설렁탕,기타,37.51704198780769,127.0244719736941,영업/정상,"서울특별시 강남구 논현로149길 51-1, 지하1층,지상1층 (논현동)"
일품향,기타,37.48661020580266,127.03571442353781,영업/정상,"서울특별시 강남구 남부순환로359길 29 (도곡동,외1필지)"
오엔 바앤다이닝,기타,37.52734581271206,127.01786764514183,영업/정상,
슈가프리,기타,37.52774588756646,127.03860967651286,영업/정상,"서울특별시 강남구 압구정로50길 7, 정동상가 지상2층 18호 (신사동)"
예가,기타,37.50169492342049,127.03597692861798,영업/정상,"서울특별시 강남구 논현로 507, 성지하이츠3차 지하1층 B101호 (역삼동)"
바나프레소 선릉상록점,기타,37.50495637776126,127.04360554011346,영업/정상,"서울특별시 강남구 언주로98길 21, 1층 102호 (역삼동)"
알렌센터 에프티,기타,37.52526331920882,127.04806780326359,영업/정상,"서울특별시 강남구 도산대로81길 12, 4층 (청담동)"
트러블스(Trou8les),기타,37.52308407183617,127.0227583145806,영업/정상,"서울특별시 강남구 가로수길 78, 지상1층 101호 (신사동)"
레 폴리,기타,37.51818011396473,127.03967754197352,영업/정상,"서울특별시 강남구 선릉로133길 14, 지상1층 (논현동)"
성덕,기타,37.52564960861178,127.04929718287704,영업/정상,"서울특별시 강남구 도산대로85길 18, 지상1층 101호 (청담동, 성영파크빌라)"
서정,기타,37.47629184404117,127.05031911845572,영업/정상,"서울특별시 강남구 개포로22길 49-3 (개포동,지상1층)"
돈까스리,기타,37.50297359241314,127.04653232570449,영업/정상,"서울특별시 강남구 테헤란로 322, 지하층 124호 (역삼동, 한신인터밸리24)"
제이포레시피,기타,37.497425094439194,127.0389211715937,영업/정상,"서울특별시 강남구 논현로 416 (역삼동,운기빌딩 지상1층)"
모카,기타,37.52176785930225,127.04456911019386,영업/정상,"서울특별시 강남구 도산대로68길 27, 1층 (청담동)"
김가네,기타,37.52400988655534,127.04924793786324,영업/정상,"서울특별시 강남구 도산대로 514 (청담동,지상1층15호)"
라비센 샐러드,기타,37.52138956378759,127.03739419136711,영업/정상,"서울특별시 강남구 도산대로50길 16, 지상1층 102호 (논현동)"
본부케(Bon Bouquet),기타,37.50306933237525,127.02652630789082,영업/정상,"서울특별시 강남구 강남대로106길 11, 지상1,2층 (역삼동)"
자연산횟집,기타,37.507284939407164,127.06137768685417,영업/정상,"서울특별시 강남구 테헤란로92길 11, 지하1층 (대치동)"
(주)알피스페이스 카페엠투(M2),기타,37.50247740934013,127.06598151382734,영업/정상,"서울특별시 강남구 영동대로 315, 지상2층 (대치동)"
채움,기타,37.52258866144506,127.04494828687848,영업/정상,"서울특별시 강남구 도산대로70길 12-6 (청담동,지하1층)"
스시 렌,기타,37.522278345481574,127.04231478714044,영업/정상,"서울특별시 강남구 선릉로146길 27-8, 지상2층 (청담동)"
전주집,기타,37.50692397190761,127.05385068552744,영업/정상,"서울특별시 강남구 테헤란로77길 11-9 (삼성동,1층)"
계절집,기타,37.48845643292605,127.10418988810102,영업/정상,"서울특별시 강남구 광평로 295 (수서동,서관111호)"
중화요리연경,기타,37.526450078528434,127.04484244382147,영업/정상,서울특별시 강남구 압구정로 438 (청담동)
(주)카페일레븐,기타,37.50518172969327,127.02570919015123,영업/정상,"서울특별시 강남구 봉은사로 111, 1층 (논현동, 이에스타워)"
용공장 강남1호점,기타,37.50895780691971,127.04193557174094,영업/정상,"서울특별시 강남구 선릉로107길 26, 1층 101호 (역삼동, 소망빌라)"
카페사이,기타,37.5182717771397,127.03942535680852,영업/정상,"서울특별시 강남구 선릉로135길 13-4, 1층 (논현동)"
데이데이 Day Day,기타,37.52296193002116,127.04070829053093,영업/정상,"서울특별시 강남구 도산대로 412, 지상9층 (청담동, 남강빌딩)"
테라스,기타,37.51026705657149,127.0647043598972,영업/정상,"서울특별시 강남구 테헤란로103길 8-7 (삼성동,지상1층)"
난봉꾼,기타,37.507652331629984,127.02658303620953,영업/정상,"서울특별시 강남구 강남대로120길 40 (논현동,지상1층)"
무진,기타,37.52246292906285,127.04451751207209,영업/정상,"서울특별시 강남구 도산대로68길 18, 지하1층 (청담동)"
커튼콜,기타,37.52725362350586,127.04074497131545,영업/정상,"서울특별시 강남구 선릉로 844, 신한빌딩 지하1층 (청담동)"
민물털랭이매운탕 생선구이,기타,37.48257001627926,127.06169149875393,영업/정상,"서울특별시 강남구 선릉로6길 8, 2층 201호 (개포동)"
명동따로집,기타,37.48867399853818,127.06680617836673,영업/정상,"서울특별시 강남구 삼성로 38, 개포빌딩 지상1층 109호 (개포동)"
바 티 센트,기타,37.526696440421844,127.0416827411827,영업/정상,"서울특별시 강남구 선릉로162길 16, 1층 (청담동)"
팔식당,기타,37.523756328373985,127.04938519175792,영업/정상,"서울특별시 강남구 도산대로90길 7, 지상1층 (청담동)"
차고집,기타,37.495683519533365,127.03581855621387,영업/정상,"서울특별시 강남구 역삼로17길 13, 지상1층 (역삼동)"
엠투(M2),기타,37.5004853414216,127.02776271942523,영업/정상,"서울특별시 강남구 테헤란로1길 28-5, 지상1층 (역삼동)"
꿉쇠,기타,37.50523755070842,127.05820624548555,영업/정상,"서울특별시 강남구 삼성로84길 6, 지상1층 (대치동)"
(주)유경서원,기타,37.51289595376957,127.042539080984,영업/정상,"서울특별시 강남구 선릉로 629, 싸이더스에이치큐빌딩 B동 2층 (논현동)"
크랩52&샤브52,기타,37.51039790008076,127.0611933146357,영업/정상,"서울특별시 강남구 영동대로 511, 트레이드타워 52층 (삼성동)"
올리브불한증막,기타,37.50612886209169,127.03968361114819,영업/정상,"서울특별시 강남구 논현로102길 58, 지상1층 (역삼동)"
명가 바지락 칼국수,칼국수,37.478701756000085,127.04814657853159,영업/정상,"서울특별시 강남구 개포로 232, 희영빌딩 지상1층 102호,103호 (개포동)"
로다(Roda),기타,37.517518445005685,127.05165743278567,영업/정상,"서울특별시 강남구 삼성로126길 6, 지상1층 1호 (삼성동)"
강성환차이나,기타,37.506758766171096,127.05393053740143,영업/정상,"서울특별시 강남구 삼성로91길 28, 지상2층 (삼성동)"
찌개집1979,기타,37.50505197078168,127.04727141318398,영업/정상,"서울특별시 강남구 선릉로93길 15, 제이더블유타워 1층 (역삼동)"
원(블랙),기타,37.50930747347226,127.02338263377248,영업/정상,"서울특별시 강남구 학동로2길 33-1, 지상1층 (논현동)"
생생돈까스 논현점,기타,37.51054182685763,127.03594543667222,영업/정상,"서울특별시 강남구 언주로 615, 논현 아이파크 103동 비114호 (논현동)"
영희네포차,기타,37.509095054369006,127.02364012891829,영업/정상,"서울특별시 강남구 강남대로124길 11, 지상1층 (논현동)"
셰프의 돈까스 삼성역점,기타,37.50851430328014,127.06631778714286,영업/정상,"서울특별시 강남구 영동대로86길 27, 2층 (대치동)"
천미향,기타,37.5168080334279,127.0343014893679,영업/정상,"서울특별시 강남구 학동로37길 23 (논현동,2층)"
베니티테이블,기타,37.498296270892574,127.0393654002261,영업/정상,"서울특별시 강남구 역삼로25길 32, 1층 (역삼동)"
야키도리 수다,기타,37.511289892253075,127.05719948365652,영업/정상,"서울특별시 강남구 테헤란로87길 57, 지하1층 (삼성동)"
이웃랩스,기타,37.484022436760455,127.04380141658824,영업/정상,"서울특별시 강남구 논현로30길 23, 지상3층 (도곡동)"
원조우리 생태찌게,기타,37.505039778754806,127.04398148063491,영업/정상,"서울특별시 강남구 테헤란로43길 27, 1층 (역삼동)"
팔도식당,기타,37.52399282366596,127.02722878019107,영업/정상,"서울특별시 강남구 논현로163길 11, 지상1층 2호 (신사동)"
(주)이닝,기타,37.52240874595546,127.04128476815843,영업/정상,"서울특별시 강남구 도산대로58길 14, 지상1층 (청담동)"
서강쇠 떡볶이 강남구청점,기타,37.517512523206165,127.04619298638954,영업/정상,"서울특별시 강남구 선릉로130길 57, 1동 지상1층 13호 (삼성동)"
숯향입은 후라이드,기타,37.51205781174079,127.04438606797166,영업/정상,"서울특별시 강남구 봉은사로57길 21-3, 지상2층 203호 (삼성동)"
르빵 일상의즐거움,기타,37.50859530026902,127.05971847792408,영업/정상,"서울특별시 강남구 테헤란로 517, 지하1층 (삼성동, 현대백화점식품팀)"
대가,기타,37.50338172145116,127.02638209574793,영업/정상,"서울특별시 강남구 봉은사로4길 22, 지상1층 (역삼동)"
행보케포케,기타,37.51245831860277,127.03207674285521,영업/정상,"서울특별시 강남구 논현로124길 5, 지상2층 201-14호 (논현동)"
빈티지935(Vintage 935),기타,37.498104257114306,127.05463100746228,영업/정상,"서울특별시 강남구 선릉로62길 27-5, 지하1층 (대치동)"
폴스타(polestar),기타,37.52357211714621,127.03688802246043,영업/정상,"서울특별시 강남구 도산대로45길 10-11, 지하1층 (신사동)"
정든김밥,기타,37.50181155828828,127.03521089377182,영업/정상,"서울특별시 강남구 테헤란로25길 17 (역삼동,지상1층)"
고려무쌍 신식요리제법,기타,37.50331227607704,127.04633325591085,영업/정상,"서울특별시 강남구 테헤란로 322, 한신인터밸리24 지하2층 제비125호 (역삼동)"
옥된장 역삼점,기타,37.499001981118326,127.0368160639269,영업/정상,"서울특별시 강남구 논현로85길 7, 지상1층 (역삼동)"
촌구석,기타,37.498415826599924,127.04293362854749,영업/정상,"서울특별시 강남구 역삼로37길 9, 지하1층 2호 (역삼동)"
우나기와,기타,37.5030501439917,127.03705266539933,영업/정상,"서울특별시 강남구 봉은사로30길 71, 지상1, 2층 (역삼동)"
직화한상 삼성역점,기타,37.507049992251545,127.06182236983138,영업/정상,"서울특별시 강남구 영동대로85길 20, 지하1층 B115호, B116호 (대치동)"
아도르,기타,37.521490241245594,127.0301613122998,영업/정상,"서울특별시 강남구 논현로152길 23, 알파빌딩 지상1층 1호 (신사동)"
오늘와인한잔 매봉역점,기타,37.48527950385067,127.04369662883065,영업/정상,서울특별시 강남구 논현로38길 26 (도곡동)
위너 보드카페,기타,37.50900892229112,127.02571733108836,영업/정상,"서울특별시 강남구 강남대로122길 39-9, 지하1층 (논현동)"
37.5 시그니처 개포점,기타,37.48905931128043,127.06717764488506,영업/정상,"서울특별시 강남구 개포로 504, 메트하임 17층 1701호 (개포동)"
바르다김선생 압구정역점,기타,37.524057735887894,127.02791593357462,영업/정상,"서울특별시 강남구 논현로 841, 제이비 미소 빌딩 지상1층 106호 (신사동)"
비비큐치킨,기타,37.51877161786243,127.02066860429736,영업/정상,"서울특별시 강남구 압구정로2길 46, 지상2층 201-1호 (신사동, ---------)"
최수사 대게마을,기타,37.49914654186458,127.03742183367983,영업/정상,"서울특별시 강남구 논현로 429 (역삼동,씨앤씨빌딩3층4층)"
(주)모터쿼드,기타,37.52242717027375,127.04160313616231,영업/정상,"서울특별시 강남구 도산대로58길 13 (청담동,지상1층)"
감자보리밥,기타,37.5044072241276,127.04970385981306,영업/정상,"서울특별시 강남구 테헤란로 406, 샹제리제센터 A동 지하1층 118호 (대치동)"
탉,기타,37.52601053716392,127.0355705129021,영업/정상,"서울특별시 강남구 언주로168길 24, 지상1층 102호 (신사동)"
고양꼬치 본점,기타,37.503296045259226,127.03886214051242,영업/정상,"서울특별시 강남구 테헤란로33길 23, 지하1층 (역삼동)"
보타르가 비노,기타,37.52237156738175,127.0443192500341,영업/정상,"서울특별시 강남구 도산대로66길 19, 4층 (청담동)"
이모네 전집,파전,37.50802527091545,127.05430706449566,영업/정상,"서울특별시 강남구 테헤란로77길 22 (삼성동,지상1층)"
왕꼬김,기타,37.51549546908519,127.03660415821113,영업/정상,"서울특별시 강남구 학동로 310 (논현동,지하1층)"
논현담설렁탕,기타,37.51236444400152,127.02180148899882,영업/정상,"서울특별시 강남구 학동로1길 14, 지상1층 (논현동)"
양구식당,기타,37.51995394429284,127.02608538151469,영업/정상,서울특별시 강남구 논현로151길 26 (신사동)
영동민물장어,기타,37.52031827825175,127.03533535934605,영업/정상,"서울특별시 강남구 언주로148길 8 (논현동,지하1층)"
백세주마을 삼성점,기타,37.51542012400309,127.06544737017155,영업/정상,"서울특별시 강남구 봉은사로 641 (삼성동,지상1층,지하1층)"
퍼밋 청담,기타,37.52329167138207,127.04583237583492,영업/정상,"서울특별시 강남구 삼성로149길 22, 지상1층 (청담동)"
바나프레소 양재역점,기타,37.48530933573788,127.03440343401125,영업/정상,"서울특별시 강남구 강남대로 240, 양재SK허브프리모 지상1층 105호 (도곡동)"
삼월애쭈꾸미 콩나물국밥 선릉점,국밥,37.50258488929874,127.05050390237162,영업/정상,"서울특별시 강남구 선릉로82길 5, 102호 (대치동)"
소반,기타,37.494577716126,127.0460697448447,영업/정상,"서울특별시 강남구 언주로 303 (역삼동,지상1,2층)"
명,기타,37.50347865599148,127.05023590125383,영업/정상,"서울특별시 강남구 선릉로86길 5-4, 지상1층 1호 (대치동)"
아임,기타,37.52444137198133,127.04105874536184,영업/정상,"서울특별시 강남구 선릉로152길 17, 지하1층 (청담동)"
세브도르와인바,기타,37.50189886659195,127.04273824052461,영업/정상,"서울특별시 강남구 언주로 431, 삼봉빌딩 지상1층 101호 (역삼동)"
인생2막창 논현점,기타,37.50864273280401,127.02298850064706,영업/정상,"서울특별시 강남구 강남대로 520 (논현동,지상1층)"
투썸플레이스 대웅제약사옥점,기타,37.51448606891902,127.06547895381293,영업/정상,"서울특별시 강남구 봉은사로114길 12, 대웅제약빌딩 별관동 지상1층 (삼성동)"
백소정 역삼역점,기타,37.49851601275029,127.03443229351925,영업/정상,"서울특별시 강남구 테헤란로20길 18, 1층 (역삼동)"
세바(Sevva),기타,37.52171562434574,127.0316865621874,영업/정상,"서울특별시 강남구 언주로151길 21, 지상1층 (신사동)"
푸드트리오,기타,37.505178261644396,127.04401821415064,영업/정상,"서울특별시 강남구 테헤란로43길 29, 예원빌딩 지상1층 101호 (역삼동)"
동인동,기타,37.533026741970474,127.0279255640881,영업/정상,"서울특별시 강남구 압구정로29길 71 (압구정동,금강상가4동지상114호)"
돌곰네,기타,37.51935397920062,127.03657536507883,영업/정상,"서울특별시 강남구 언주로146길 18 (논현동,동현상가지하1층10호)"
제임스,기타,37.50018840352633,127.0414975052058,영업/정상,"서울특별시 강남구 언주로85길 23-10, 지하1층 (역삼동)"
오브젝티브 커피 로스터스,기타,37.51705580736958,127.03765098501013,영업/정상,"서울특별시 강남구 언주로134길 25, 지상2층 (논현동)"
젠,기타,37.48812055362653,127.05107766375514,영업/정상,"서울특별시 강남구 언주로30길 13 (도곡동,대림아크로텔107호)"
윙즈(wings),기타,37.51802607187791,127.02275260855171,영업/정상,"서울특별시 강남구 강남대로152길 42, 3층 (신사동)"
니꾸자가,기타,37.512521154961824,127.05881929973503,영업/정상,"서울특별시 강남구 영동대로 511 (삼성동,컨벤션별관지하1층)"
일원산곰장어,기타,37.48995665888113,127.08183827892668,영업/정상,"서울특별시 강남구 양재대로27길 12, 지상1층 (일원동)"
창화당 대치점,기타,37.50158842825549,127.05259392765333,영업/정상,"서울특별시 강남구 역삼로63길 6, 지상1층 2호 (대치동)"
주식회사 온다플레이버,기타,37.519061410639196,127.02208712492327,영업/정상,"서울특별시 강남구 강남대로156길 39, 지상1층, 지상2층 (신사동)"
마라홀릭 양재역점,기타,37.485713727520874,127.03680741949528,영업/정상,"서울특별시 강남구 남부순환로359길 10, 지상2층 (도곡동)"
시카고,기타,37.52457581096401,127.0383056105035,영업/정상,"서울특별시 강남구 선릉로153길 13 (신사동,한조빌딩 지하1층)"
소공동직화구이와뚝배기,기타,37.52760342709236,127.03507832630251,영업/정상,"서울특별시 강남구 언주로172길 16 (신사동,지하1층)"
미친양꼬치 일원직영점,기타,37.49091069398037,127.08641522985037,영업/정상,"서울특별시 강남구 양재대로49길 5, 1층 (일원동)"
메종바드,기타,37.50784679434225,127.02336813443041,영업/정상,"서울특별시 강남구 강남대로 512, 지상5층 (논현동)"
청담순두부 압구정점,기타,37.52691652816877,127.03021566196928,영업/정상,"서울특별시 강남구 압구정로32길 11, 캐럴라인타워 지상1층 104호,105호 (신사동)"
세컨드 보드카페,기타,37.504038677002775,127.05348510368806,영업/정상,"서울특별시 강남구 선릉로86길 46, RG빌딩 5층 (대치동)"
슈퍼쭈꾸미,기타,37.519181554220204,127.02296396205385,영업/정상,"서울특별시 강남구 도산대로13길 19, 2층 (신사동)"
아임샤인,기타,37.4744204365494,127.04878567027934,영업/정상,"서울특별시 강남구 논현로12길 5 (개포동,지상1층)"
이치즈,기타,37.512191692762265,127.0526682269499,영업/정상,"서울특별시 강남구 봉은사로78길 8, 지하1층 (삼성동)"
피키이터 역삼점,기타,37.499251202902656,127.03593284583003,영업/정상,"서울특별시 강남구 테헤란로26길 14, 대세빌딩 지하1층 (역삼동)"
동진참치,기타,37.48553923443835,127.04377293751485,영업/정상,"서울특별시 강남구 남부순환로 2722 (도곡동,지상2층)"
마노,기타,37.52264605263122,127.03153391753634,영업/정상,"서울특별시 강남구 도산대로37길 26, 지하1층 (신사동)"
띠아우타이,기타,37.518878092774386,127.02360606099907,영업/정상,"서울특별시 강남구 도산대로13길 14-4, 지하1층 (신사동)"
철이네 조개찜?구이,기타,37.50751457516423,127.05415276084223,영업/정상,"서울특별시 강남구 테헤란로77길 17, 승광빌딩 지상1층 1호 (삼성동)"
인생치밥 숯불치킨 강남본점,기타,37.508883224410205,127.03526814732326,영업/정상,"서울특별시 강남구 논현로114길 22, 지상1층 102호 (논현동)"
사운즈 오브 애플 강남점,기타,37.49841760953935,127.03260965167308,영업/정상,"서울특별시 강남구 테헤란로10길 13, 1층 101호,102호 (역삼동)"
푸라닭 일원점,기타,37.49069821071676,127.08658580476585,영업/정상,"서울특별시 강남구 일원로9길 62, 지상1층 (일원동)"
최강달인춘천닭갈비.막국수,기타,37.515292295954076,127.04167551414294,영업/정상,"서울특별시 강남구 선릉로 657, 지하1층 (논현동)"
전통 백암순대국,기타,37.50932860848138,127.05620649157461,영업/정상,"서울특별시 강남구 테헤란로81길 37 (삼성동,지상1층)"
소셜코드,기타,37.523447599955546,127.03598690304987,영업/정상,"서울특별시 강남구 도산대로45길 16-8, 지하1층 (신사동)"
빌리지,기타,37.519279148069934,127.03003515934724,영업/정상,서울특별시 강남구 논현로150길 18 (논현동)
황비홍 마라탕,기타,37.50821437960834,127.03251788074064,영업/정상,"서울특별시 강남구 논현로113길 7 (논현동,지하1층103호)"
라비르,기타,37.48672053654981,127.03597937938393,영업/정상,"서울특별시 강남구 남부순환로359길 30, 지상1층 106호, 107호 (도곡동)"
메이드 바이 제이 made by J,기타,37.505203615433764,127.0402620980332,영업/정상,"서울특별시 강남구 언주로97길 13, 지상1층 102호 (역삼동)"
고봉밥상,기타,37.50094918532847,127.03551808949534,영업/정상,"서울특별시 강남구 테헤란로 147, 성지하이츠Ⅱ 지하1층 2호 (역삼동)"
동방미식,기타,37.506253357227195,127.0358696073364,영업/정상,"서울특별시 강남구 논현로106길 18, 지하1층 (좌측)호 (역삼동)"
청담골,기타,37.52273475958339,127.04339726502332,영업/정상,"서울특별시 강남구 선릉로148길 48 (청담동,지하1층)"
골목식당,기타,37.525560373998424,127.05099827437914,영업/정상,서울특별시 강남구 압구정로79길 47 (청담동)
기소야,기타,37.49006226658437,127.03438927287786,영업/정상,"서울특별시 강남구 도곡로 128 (도곡동,크리스탈빌딩2층201호)"
에비슈라,기타,37.52706238875679,127.0289765134167,영업/정상,"서울특별시 강남구 논현로 878 (신사동,지하1층)"
고불초삼겹강남점,기타,37.49223134056983,127.03405060332165,영업/정상,"서울특별시 강남구 도곡로7길 25 (역삼동,지상2층)"
JVL부대찌개 포스코점,기타,37.50556615264505,127.05503035185583,영업/정상,"서울특별시 강남구 선릉로90길 72, 2층 (대치동)"
한끼든든,기타,37.50859530026902,127.05971847792408,영업/정상,"서울특별시 강남구 테헤란로 517 (삼성동,현대백화점 지하1층)"
엔터비(Enter Bee),기타,37.52424585323722,127.04239413657471,영업/정상,"서울특별시 강남구 선릉로152길 34, 지상3층 (청담동)"
강남 양재 해장,기타,37.4854178069659,127.04449916794218,영업/정상,"서울특별시 강남구 논현로38길 34, 지상2층 (도곡동)"
엠(M)라운지,기타,37.50803446853475,127.05889545159013,영업/정상,"서울특별시 강남구 테헤란로 513, 지하1층 (삼성동)"
본도시락,기타,37.52170466155013,127.02728600726952,영업/정상,"서울특별시 강남구 논현로155길 9, 지상1층 (신사동)"
육회왕자연어공주 매봉점,기타,37.48490339865642,127.04596016971442,영업/정상,"서울특별시 강남구 논현로28길 53, 지상1층 (도곡동)"
라운지 어반,기타,37.519560419399305,127.01997162436054,영업/정상,"서울특별시 강남구 강남대로160길 15, 지하1층 (신사동)"
딤딤덕,기타,37.50096137788107,127.03062279266865,영업/정상,"서울특별시 강남구 테헤란로7길 22, 과학기술회관 지하1층 104호 (역삼동)"
해소담,기타,37.50011785425546,127.03222166172274,영업/정상,"서울특별시 강남구 테헤란로 129, 지하2층 2호 (역삼동)"
논현136,기타,37.51629480100431,127.03018522167957,영업/정상,"서울특별시 강남구 논현로136길 5-5, 지하1층 (논현동)"
덮밥연구소 대치점,기타,37.50357434023682,127.05428035340167,영업/정상,"서울특별시 강남구 삼성로81길 43, 지상2층 21호 (대치동)"
귀한족발 선릉점,기타,37.504946732846086,127.04710603526792,영업/정상,"서울특별시 강남구 선릉로93길 17, 지상1층 (역삼동)"
삼원가든별채,기타,37.52458489273364,127.0325783391439,영업/정상,"서울특별시 강남구 언주로 833, 가동 지상1층 (신사동)"
압구정연탄공장,기타,37.52621937537704,127.03649601749412,영업/정상,서울특별시 강남구 압구정로48길 36-4 (신사동)
강남점 담소소사골순대.육개장,기타,37.495217070782424,127.03134935306511,영업/정상,"서울특별시 강남구 강남대로78길 24 (역삼동,지상1층)"
투다리 수서점,기타,37.488369761469094,127.10247199019736,영업/정상,"서울특별시 강남구 광평로51길 8 (수서동,로얄프라자106호)"
마실,기타,37.494634723220535,127.03739999064605,영업/정상,"서울특별시 강남구 역삼로20길 10 (역삼동,지하1층)"
초밥맛있는집,기타,37.49281107823658,127.03944588267815,영업/정상,"서울특별시 강남구 논현로63길 15, 지상1층 A호 (역삼동)"
로마옥,기타,37.48696686741515,127.0340913457319,영업/정상,"서울특별시 강남구 강남대로48길 11, 지하1층 (도곡동)"
돈치킨,기타,37.49595693850821,127.03026659789342,영업/정상,"서울특별시 강남구 테헤란로4길 38-4, 지상1층 (역삼동, 태양빌딩)"
페블,기타,37.52421085433444,127.05282614563059,영업/정상,"서울특별시 강남구 도산대로94길 33, 지하1층 (청담동)"
콜비 에비뉴,기타,37.52691652816877,127.03021566196928,영업/정상,"서울특별시 강남구 압구정로32길 11, 지상1층 102호 (신사동)"
호앙비엣 도곡점,기타,37.48314800319555,127.04438347803736,영업/정상,"서울특별시 강남구 논현로28길 24, 지상1층 (도곡동)"
"강남감자탕,해장국",기타,37.47734167695149,127.04899352360138,영업/정상,"서울특별시 강남구 개포로22길 27, 두로빌딩 지상1층 (개포동)"
현대순대국 3호점,기타,37.50885383488828,127.0236233078786,영업/정상,"서울특별시 강남구 강남대로124길 12, 1층 (논현동)"
고려향,기타,37.50344104961895,127.0487798955239,영업/정상,"서울특별시 강남구 선릉로89길 7, 지상2층 (역삼동)"
전주콩나루콩나물국밥,국밥,37.4865168787329,127.05188290856825,영업/정상,"서울특별시 강남구 언주로 118, 지하1층 3호 (도곡동, 우성캐릭터199)"
알부자알요리전문점,기타,37.500697865408604,127.02783965162537,영업/정상,"서울특별시 강남구 강남대로98길 14 (역삼동,지상1,2층)"
백년육일집,기타,37.50191052448587,127.04355049492581,영업/정상,"서울특별시 강남구 언주로 430, 윤익빌딩 1층 101호 (역삼동)"
샐러링 언주역점,기타,37.50878963404654,127.03400928700647,영업/정상,"서울특별시 강남구 봉은사로29길 21, 성우빌딩 지하1층 102호 (논현동)"
타코볼볼 대웅제약점,기타,37.51448606891902,127.06547895381293,영업/정상,"서울특별시 강남구 봉은사로114길 12, 대웅제약빌딩 지하1층 1호 (삼성동)"
퍼시픽 스탠다드(Pacific Standard),기타,37.52175916629546,127.02081060883141,영업/정상,"서울특별시 강남구 압구정로4길 27-6, 지상1층, 지하1층 B01호 (신사동)"
더(The) 감성(도곡점),기타,37.48313474098209,127.0430097644038,영업/정상,"서울특별시 강남구 논현로30길 7, 인성빌딩 지상1층 (도곡동)"
팀호완 삼성점,기타,37.51141305277484,127.05677949721535,영업/정상,"서울특별시 강남구 봉은사로86길 30, 지하1층,지상1층 (삼성동)"
도미노피자 삼성점,기타,37.512043148595126,127.04902273212932,영업/정상,"서울특별시 강남구 봉은사로 451, 지상1층 101호 (삼성동)"
키고,기타,37.52318607424521,127.04655032937406,영업/정상,"서울특별시 강남구 삼성로149길 13, 지상5층 (청담동)"
소나무,기타,37.52111748516701,127.03498370914453,영업/정상,"서울특별시 강남구 언주로150길 7, 지상1층, 2층 (논현동)"
불닭불,기타,37.51245561999468,127.05030166458032,영업/정상,"서울특별시 강남구 봉은사로 463 (삼성동,지상1층2호)"
갈포갈비(강남구청역점),기타,37.514356203267816,127.04204731248188,영업/정상,서울특별시 강남구 선릉로 647 (논현동)
최가남도마당,기타,37.49415913600187,127.07868928853152,영업/정상,"서울특별시 강남구 개포로 621 (개포동,지하1층)"
빠들담닭갈비,기타,37.5016084061075,127.05840932462057,영업/정상,"서울특별시 강남구 삼성로69길 11, 지상1층 104호 (대치동)"
프랭크버거 선릉역점,기타,37.50354639764277,127.0508291875745,영업/정상,"서울특별시 강남구 선릉로86길 15 (대치동,지상1층 102호)"
언노운카페다이너,기타,37.484177726752726,127.04548635328823,영업/정상,서울특별시 강남구 논현로28길 42 (도곡동)
정통집 강남역점,기타,37.49998826668399,127.02810493344352,영업/정상,서울특별시 강남구 강남대로96길 13 (역삼동)
청림,기타,37.48473407835252,127.08761837082973,영업/정상,"서울특별시 강남구 광평로19길 10 (수서동,까치마을상가 1층107호)"
라베뉴,기타,37.52165014599396,127.02878185954009,영업/정상,"서울특별시 강남구 논현로154길 7 (신사동,지상1층)"
뮤즈온,기타,37.5032841635068,127.02642739254671,영업/정상,"서울특별시 강남구 봉은사로4길 24, 지하1층 (역삼동)"
8코기네,기타,37.48729725245291,127.04678521023044,영업/정상,"서울특별시 강남구 남부순환로 2749, 북청 지상1층 (도곡동)"
효도치킨 논현점,기타,37.52071738225474,127.03714742643572,영업/정상,"서울특별시 강남구 도산대로46길 21, 101동 지1층 B120호 (논현동, 한진로즈힐아파트)"
씨더블유씨커머스 유한회사 엘레망 청담,기타,37.526413221485825,127.0470070347993,영업/정상,"서울특별시 강남구 도산대로81길 31, 지상1,2,3,4층 (청담동)"
타만타(Tamantar),기타,37.52040961636883,127.0206430903935,영업/정상,"서울특별시 강남구 강남대로162길 27, 지하1층 (신사동)"
네모집,기타,37.52261030662724,127.04184436068735,영업/정상,"서울특별시 강남구 선릉로148길 28, 1층 (청담동)"
영동족반,기타,37.50893124027564,127.02381281791503,영업/정상,"서울특별시 강남구 학동로4길 38, 부1의 1층 일부호 (논현동)"
제제집,기타,37.510758251177194,127.02292383805394,영업/정상,"서울특별시 강남구 학동로4길 10, 지상2층 201호,202호 (논현동)"
하이보,기타,37.506948703147295,127.06258735333203,영업/정상,"서울특별시 강남구 영동대로85길 13, 지상2층 (대치동)"
(주)브로젝스 청담점,기타,37.52468434751557,127.04008740408537,영업/정상,"서울특별시 강남구 선릉로 818, 디자이너클럽 지하2층 (청담동)"
필 앤 필 버거(PHIL & FILL BURGER),기타,37.499719131778065,127.03489804306014,영업/정상,"서울특별시 강남구 테헤란로 142, 캐피탈타워 지상1층 (역삼동)"
우모크,기타,37.52660827092137,127.03541653994867,영업/정상,"서울특별시 강남구 언주로170길 22, 지하2층 (신사동)"
알잘딱깔센,기타,37.51300600881279,127.03371480730588,영업/정상,"서울특별시 강남구 학동로34길 24, 지상1층 (논현동)"
원스보드게임카페,기타,37.526345747380674,127.03678278089168,영업/정상,"서울특별시 강남구 압구정로48길 34, 지하1층 (신사동)"
대치동 껍데기,기타,37.50125345719453,127.05216339779672,영업/정상,"서울특별시 강남구 역삼로 413, 지상1층 (대치동)"
골목안 생태집,기타,37.483901036587916,127.04408731411701,영업/정상,"서울특별시 강남구 논현로30길 24 (도곡동,지상1층)"
로블레스,기타,37.48276615614638,127.06141390024686,영업/정상,"서울특별시 강남구 선릉로8길 6 (개포동,지상1층)"
선릉가든,기타,37.50665749282514,127.049987343184,영업/정상,서울특별시 강남구 선릉로100길 34 (삼성동)
마라공방 대치점,기타,37.49797448547408,127.05289242705193,영업/정상,"서울특별시 강남구 선릉로64길 7, 지상1층 102호 (대치동)"
썬더버거,기타,37.5204697940939,127.02260877148585,영업/정상,"서울특별시 강남구 강남대로160길 50 (신사동,지상1층)"
황금정,기타,37.50581908424874,127.04052849248684,영업/정상,"서울특별시 강남구 언주로 537 (역삼동,.14)"
삼정일식,기타,37.51101423400175,127.03252752511375,영업/정상,"서울특별시 강남구 논현로 642, 지상1,2층 (논현동)"
월풍월,기타,37.52241697319794,127.05666390116792,영업/정상,"서울특별시 강남구 학동로101길 33 (청담동,청담상가 1층8호)"
그랜드힐컨벤션,기타,37.50657497520942,127.0670290630137,영업/정상,"서울특별시 강남구 역삼로 607, 지상2층 (대치동)"
브라운베이글 신사점,기타,37.51940419450517,127.02463596131295,영업/정상,"서울특별시 강남구 도산대로17길 11, 지하1층 (신사동)"
미식도감,기타,37.49854340335709,127.03504106478107,영업/정상,"서울특별시 강남구 테헤란로20길 19, 엘지에클라트 지하1층 104호 (역삼동)"
대가방,기타,37.510536394657485,127.04306053458859,영업/정상,"서울특별시 강남구 봉은사로 333, 지상1층 101호,102호일부호 (논현동, 선정릉역 모아엘가 퍼스트 홈)"
스시나미,기타,37.48812055362653,127.05107766375514,영업/정상,"서울특별시 강남구 언주로30길 13, 지하1층 12호,13호 (도곡동, 대림아크로빌, 대림아크로텔)"
삼정사우나식당,기타,37.50612256363703,127.03118032422752,영업/정상,서울특별시 강남구 봉은사로 150 (역삼동)
청담,기타,37.504538771857355,127.0581593547343,영업/정상,"서울특별시 강남구 삼성로 420 (대치동,지상2층)"
지세포,기타,37.48530933573788,127.03440343401125,영업/정상,"서울특별시 강남구 강남대로 240, 양재SK허브프리모 지하1층 비107,108호 (도곡동)"
라몬(LAMON),기타,37.516796248447456,127.03759972124796,영업/정상,"서울특별시 강남구 언주로134길 24, 지상2층 (논현동)"
도시락 카페,기타,37.51216196911044,127.06534269224233,영업/정상,"서울특별시 강남구 봉은사로114길 42, 지상2층 201호 (삼성동)"
명동칼국수,칼국수,37.50847746286273,127.05788668519753,영업/정상,"서울특별시 강남구 테헤란로83길 14, 지하1층 102,103호 (삼성동, 두산위브센티움)"
수천,기타,37.505658797291815,127.0256091837209,영업/정상,"서울특별시 강남구 강남대로112길 15 (논현동,다다빌딩 지하1층)"
콩쥐팥쥐,기타,37.49683094742961,127.03664012409111,영업/정상,"서울특별시 강남구 역삼로17길 32, 지하1층 B102호 (역삼동)"
소포차,기타,37.51624574339313,127.05063369163427,영업/정상,"서울특별시 강남구 삼성로119길 8 (삼성동,청담상가지상1층B동25)"
내고향 내마음 고성,기타,37.51961598577751,127.02161191827481,영업/정상,"서울특별시 강남구 강남대로158길 34, 지상1층 101호 (신사동)"
스페셜원,기타,37.527550343919565,127.03775253543188,영업/정상,"서울특별시 강남구 선릉로161길 31, 혜성빌딩 지하1층 (신사동)"
콴,기타,37.52145195494786,127.03093456943903,영업/정상,"서울특별시 강남구 논현로152길 34, 지하1층 (신사동)"
본도시락봉은사역점,기타,37.514350314188235,127.06379618298264,영업/정상,서울특별시 강남구 봉은사로108길 5 (삼성동)
우뚝소곱창 강남구청역점,기타,37.517227820774984,127.03921577146647,영업/정상,"서울특별시 강남구 선릉로131길 21, 지하1층 2호 (논현동)"
런던베이글뮤지엄 도산점(LONDON BAGEL MUSEUM),기타,37.52605665817539,127.03643191723351,영업/정상,"서울특별시 강남구 언주로168길 33, 지상1층.지상2층 (신사동)"
신토불이 정육식당,기타,37.48537773252112,127.03735342502934,영업/정상,서울특별시 강남구 남부순환로 2629 (도곡동)
영양센타대치점,기타,37.4976946675888,127.05815996342773,영업/정상,"서울특별시 강남구 도곡로 436 (대치동,지상1층)"
하남돼지집 역삼1호점,기타,37.503138992529806,127.0397297375904,영업/정상,"서울특별시 강남구 언주로93길 29 (역삼동,지상1층)"
강남식당,기타,37.515338331393764,127.04870367370573,영업/정상,"서울특별시 강남구 봉은사로71길 49, 지하1층 (삼성동)"
청기와타운(강남점),기타,37.49478792443512,127.03006670600598,영업/정상,"서울특별시 강남구 강남대로78길 8 (역삼동,지상1층)"
화통식당,기타,37.52130261018318,127.05739497919156,영업/정상,"서울특별시 강남구 학동로101길 15, 청구 빌딩 지상1층 (청담동)"
그로타 지간테,기타,37.49109413192898,127.08242819542609,영업/정상,"서울특별시 강남구 양재대로33길 25, 지하1층 2호 (일원동)"
무월식탁 파르나스몰점,기타,37.50904780086485,127.06089284405361,영업/정상,"서울특별시 강남구 테헤란로 521, 파르나스몰 지하1층 F-16호 (삼성동)"
라스,기타,37.527112550656156,127.03669033215972,영업/정상,"서울특별시 강남구 언주로172길 36, 지하1층 (신사동)"
뱀피르(VAMPIR),기타,37.51879025640992,127.02923317000463,영업/정상,"서울특별시 강남구 도산대로30길 16-4, 지상1층 101호 (논현동)"
메종 사우스케이프,기타,37.52340618470689,127.03503750790304,영업/정상,"서울특별시 강남구 도산대로45길 17, 제성빌딩 지하1,지상2층 (신사동)"
리틀사이공,기타,37.52799340508793,127.03585446103196,영업/정상,"서울특별시 강남구 언주로174길 26, 지상1층 (신사동)"
(주)담희-3지점,기타,37.50212257777558,127.05877292555265,영업/정상,"서울특별시 강남구 삼성로 343, 대치빌딩 지하1층 04호 (대치동)"
논현장어,기타,37.501725397302486,127.03391283212696,영업/정상,"서울특별시 강남구 논현로95길 29-5, 지상1층 102호 (역삼동, 금하빌딩)"
코다차야 강남점,기타,37.504202866095845,127.02511409702076,영업/정상,"서울특별시 강남구 강남대로 468, 지하2층 (역삼동, 외4필지)"
푸드카페 김밥천국 청담2호점,기타,37.52241697319794,127.05666390116792,영업/정상,"서울특별시 강남구 학동로101길 33, 1층 1-1,1-2호 (청담동)"
라라식당,기타,37.49772601279262,127.0292970420504,영업/정상,"서울특별시 강남구 테헤란로4길 6, 강남역 센트럴 푸르지오 시티 지하1층 B121호 (역삼동)"
헬로룸카페,기타,37.5021090777605,127.02718191726679,영업/정상,"서울특별시 강남구 강남대로102길 16, 3층 (역삼동)"
달리아다이닝,기타,37.523239085406445,127.03580231620144,영업/정상,"서울특별시 강남구 도산대로45길 14, 1,2층 (신사동)"
루비하우스,기타,37.52463683925576,127.03763554023134,영업/정상,"서울특별시 강남구 선릉로153길 21, 지상1층 (신사동)"
장흥집 신사점,기타,37.51877161786243,127.02066860429736,영업/정상,"서울특별시 강남구 압구정로2길 46, 1층 17,18호 (신사동)"
금(金)테판,기타,37.492309221770384,127.0357757848269,영업/정상,"서울특별시 강남구 도곡로13길 19, 지하1층 105호 (역삼동, 역삼동 롯데캐슬 노블)"
묘우,기타,37.52250359085898,127.02739798986512,영업/정상,"서울특별시 강남구 논현로157길 8, 지하1층 (신사동)"
하루H,기타,37.501009791138095,127.04128193477513,영업/정상,"서울특별시 강남구 언주로85길 24, PNM TOWER 지하1층 (역삼동)"
민들레,기타,37.516477819680105,127.06160531297878,영업/정상,"서울특별시 강남구 봉은사로105길 28 (삼성동,지하1층,지상1층)"
스미식당,기타,37.48801674446367,127.10184847065206,영업/정상,"서울특별시 강남구 밤고개로1길 10 (수서동,현대벤처빌 지하1층132)"
본투비 을지로골뱅이,기타,37.51104167851546,127.05560495875295,영업/정상,"서울특별시 강남구 삼성로104길 11 (삼성동,지상1층)"
보니엠,기타,37.485119844633815,127.04358893101384,영업/정상,서울특별시 강남구 논현로36길 21 (도곡동)
리틀제이콥스,기타,37.498612525362205,127.0280559301017,영업/정상,"서울특별시 강남구 테헤란로 101 (역삼동,강남역지하상가지하1층A21호)"
포레스트,기타,37.50278137977529,127.0390371423499,영업/정상,"서울특별시 강남구 테헤란로33길 15, 지상2층 201호 (역삼동)"
영동소금구이,기타,37.49207836827825,127.03186363709439,영업/정상,서울특별시 강남구 강남대로66길 11 (역삼동)
코너스톤,기타,37.50856679166254,127.0641468957995,영업/정상,"서울특별시 강남구 테헤란로 606 (대치동,지상1층)"
키키발리,기타,37.52064869335404,127.02755127052627,영업/정상,"서울특별시 강남구 논현로 805, 지하1층 (신사동)"
틴틴,기타,37.503539529432736,127.02614448240567,영업/정상,"서울특별시 강남구 봉은사로2길 19, 지상2층 (역삼동)"
노크 커피바 선릉,기타,37.502365469926154,127.0528199897641,영업/정상,"서울특별시 강남구 역삼로67길 15, 1층 102호 (대치동, 케희빌딩)"
역삼기사식당,기타,37.49595516164303,127.04665713725551,영업/정상,"서울특별시 강남구 언주로 314 (역삼동,지상1층)"
술집,기타,37.48535105728231,127.0442620714037,영업/정상,"서울특별시 강남구 논현로38길 32 (도곡동,지상2층)"
엘레나영,기타,37.52665243816508,127.04939566885041,영업/정상,"서울특별시 강남구 도산대로99길 47, 지상1층 (청담동)"
디오엠 삼성2,기타,37.510483694787034,127.05761406778362,영업/정상,"서울특별시 강남구 테헤란로87길 41, 2층 (삼성동)"
아트스시,기타,37.49539989631866,127.03040580524147,영업/정상,"서울특별시 강남구 테헤란로4길 46 (역삼동,쌍용플래티넘밸류 지하1층 125호)"
못잊어,기타,37.5041511422463,127.05209766721448,영업/정상,"서울특별시 강남구 선릉로86길 31 (대치동,롯데골드로즈2 지상1층 108호)"
명인만두 역삼2호점,기타,37.49609380297773,127.03886806313936,영업/정상,"서울특별시 강남구 논현로 403 (역삼동,지상1층)"
짜글이주의보 강남본점,기타,37.51054182685763,127.03594543667222,영업/정상,"서울특별시 강남구 언주로 615, 논현 아이파크 103동 지하1층 B104호 (논현동)"
숙성회장,기타,37.50471815129686,127.05465320049792,영업/정상,"서울특별시 강남구 삼성로85길 32, 동보빌딩 지상2층 (대치동)"
강남전집,파전,37.500598393427275,127.02755543444752,영업/정상,"서울특별시 강남구 강남대로98길 10, 지상1층 (역삼동)"
호텔 이본,기타,37.522984517751794,127.05225535291538,영업/정상,"서울특별시 강남구 도산대로100길 24, 지상1층 (청담동)"
부어치킨 역삼역점,기타,37.50080908896047,127.03320445608188,영업/정상,서울특별시 강남구 강남대로94길 73 (역삼동)
아쏘,기타,37.51985721923982,127.03207019664579,영업/정상,"서울특별시 강남구 도산대로38길 12, 지하1층 (논현동)"
앨거리즘,기타,37.52336749353129,127.03743007850444,영업/정상,"서울특별시 강남구 도산대로49길 8, YK빌딩 지상2층 (신사동)"
이자카야 겸,기타,37.493001495297264,127.04179603270042,영업/정상,"서울특별시 강남구 도곡로 209, 1층 (역삼동)"
더컨벤션 신사점,기타,37.5194574115232,127.01911852061257,영업/정상,"서울특별시 강남구 강남대로 652, 지상3층 (신사동)"
브루(BREW)113,기타,37.49388344833005,127.03132611920483,영업/정상,"서울특별시 강남구 역삼로 113, 오성빌딩 지상1층 103호 (역삼동)"
(주)알피스페이스 청담나인,기타,37.516609327401284,127.05177694673829,영업/정상,"서울특별시 강남구 삼성로 634, 지하1,2,지상10층 (삼성동)"
김태완스시,기타,37.50769716770685,127.0234393574915,영업/정상,"서울특별시 강남구 강남대로 508, 영동월드빌딩 지상2층 1호 (논현동)"
돈까스 전원,기타,37.52489782097349,127.03929363738187,영업/정상,"서울특별시 강남구 선릉로 815 (신사동,1층12호)"
쏭,기타,37.485810474673194,127.03781500553656,영업/정상,서울특별시 강남구 남부순환로363길 9-4 (도곡동)
노리터,기타,37.50059155943301,127.03945319989182,영업/정상,"서울특별시 강남구 언주로87길 47, 지하1층 (역삼동)"
삼덕통닭 신논현점,기타,37.50713405198113,127.02398642511935,영업/정상,"서울특별시 강남구 봉은사로1길 37, 호서빌딩 2층 (논현동)"
왓더버거 강남역삼점,기타,37.49093766830762,127.03461281931419,영업/정상,"서울특별시 강남구 강남대로62길 38, 지상1층 101호 (역삼동)"
오케이파스타 선릉,기타,37.50331227607704,127.04633325591085,영업/정상,"서울특별시 강남구 테헤란로 322, 한신인터밸리24 지하2층 B107호 (역삼동)"
두꺼비,기타,37.50151234953106,127.05306344774245,영업/정상,서울특별시 강남구 역삼로 421 (대치동)
컬러압구,기타,37.525833924850794,127.03890578705139,영업/정상,"서울특별시 강남구 도산대로53길 39, 신사동 C/K빌딩 지하1층 (신사동)"
질할브로스(JILHAL BROS),기타,37.52514669440828,127.049764759126,영업/정상,"서울특별시 강남구 압구정로79길 32, 지상1층 105-B호 (청담동)"
열짱닭발,기타,37.52581783680241,127.03741630333361,영업/정상,"서울특별시 강남구 선릉로155길 28, 지상1층 (신사동)"
십앤칠,기타,37.4982193272013,127.03908640117241,영업/정상,"서울특별시 강남구 논현로80길 9, 지상1층 102호 (역삼동)"
도시락 키친,기타,37.508883224410205,127.03526814732326,영업/정상,"서울특별시 강남구 논현로114길 22, 지하1층 (논현동)"
레몬도시락,기타,37.5080139610026,127.0553955587808,영업/정상,"서울특별시 강남구 삼성로 517, 지하1층 B112호 (삼성동, 채널리저브 상가)"
리향,기타,37.51220816132044,127.04289114677776,영업/정상,"서울특별시 강남구 선릉로 623 (논현동,지상2층)"
그라티아(Gratia),기타,37.48927177114473,127.06881747953594,영업/정상,"서울특별시 강남구 개포로 512, 개포종합상가 지상2층 208호 (개포동)"
키친맘,기타,37.51986065334996,127.0489055338344,영업/정상,"서울특별시 강남구 학동로77길 18 (청담동,1층)"
스시초희,기타,37.52378392634375,127.03597971481214,영업/정상,"서울특별시 강남구 도산대로45길 18-6, 지상2층 (신사동)"
한남동24시뼈다귀감자탕 분점,기타,37.51731445244771,127.03838602388664,영업/정상,"서울특별시 강남구 언주로134길 35, 지상2층 (논현동)"
그린랜드 역삼점,기타,37.499251202902656,127.03593284583003,영업/정상,"서울특별시 강남구 테헤란로26길 14, 위워크빌딩 지하2층 103호 (역삼동)"
만선,기타,37.50708130210363,127.05438474130838,영업/정상,"서울특별시 강남구 테헤란로77길 9, 지상1층 (삼성동)"
디자인마또,기타,37.51900798385773,127.02129952798732,영업/정상,"서울특별시 강남구 강남대로156길 31-7, 지상1층 (신사동)"
전주식당,기타,37.49854340335709,127.03504106478107,영업/정상,"서울특별시 강남구 테헤란로20길 19, 엘지에클라트 지상1층 107호, 108호 (역삼동)"
프랭크버거 역삼점,기타,37.50163710367722,127.03563373913131,영업/정상,"서울특별시 강남구 테헤란로25길 20, 역삼현대벤쳐텔 지상2층 201호 (역삼동)"
매드하이볼 논현,기타,37.517347647877514,127.03961055250771,영업/정상,"서울특별시 강남구 선릉로131길 15, 희승빌딩 1층 (논현동)"
두찜 강남일원점,기타,37.490966176447486,127.08279686916165,영업/정상,"서울특별시 강남구 양재대로33길 22, 지하1층 (일원동)"
나여임 건강식단 송화,기타,37.50091531529374,127.03279270813837,영업/정상,"서울특별시 강남구 강남대로94길 69 (역삼동,지하1층)"
(주)미남옥,기타,37.52287311892743,127.03221022654198,영업/정상,"서울특별시 강남구 언주로153길 12, 태경빌딩 지상1층 (신사동)"
롤링삐삐,기타,37.504015917183466,127.06297960937576,영업/정상,"서울특별시 강남구 역삼로92길 7, 지상1층 (대치동)"
연어요리 연구소 대치점,기타,37.50357434023682,127.05428035340167,영업/정상,"서울특별시 강남구 삼성로81길 43, 지상2층 10호 (대치동)"
주식회사 더케이에프앤비 공룡쌀국수,기타,37.50890085474024,127.0363640379943,영업/정상,"서울특별시 강남구 봉은사로37길 7-6, 지하1층 B101호 (논현동)"
우담,기타,37.52063510400601,127.03516378563397,영업/정상,서울특별시 강남구 언주로148길 7 (논현동)
더 와인(The wine),기타,37.509369943456214,127.03719812716545,영업/정상,"서울특별시 강남구 언주로 605 (논현동,지상1층)"
우리집젤라또 대치점,기타,37.49908619433127,127.05229065304093,영업/정상,"서울특별시 강남구 선릉로68길 7, 지상1층 103호 (대치동)"
고끌림,기타,37.518037858524195,127.02984244302081,영업/정상,"서울특별시 강남구 논현로146길 10, 지상1층 101호 (논현동)"
센민 이자카야,기타,37.502789984003535,127.03489243429081,영업/정상,서울특별시 강남구 테헤란로25길 35 (역삼동)
감탄계 강남역점,기타,37.50057339472026,127.02789563555845,영업/정상,"서울특별시 강남구 강남대로98길 12-3, 지상2층 (역삼동)"
동해횟집,기타,37.50620894078006,127.06604986642274,영업/정상,서울특별시 강남구 영동대로76길 12 (대치동)
현미네 뼈감자탕 파불고기,기타,37.47578665584639,127.04699909126182,영업/정상,"서울특별시 강남구 논현로 62, 1층 (개포동)"
신왕우육면,기타,37.508380976417904,127.05817174847333,영업/정상,"서울특별시 강남구 삼성로96길 26-12, 조영빌딩 지상1층 (삼성동)"
욜로,기타,37.488601715350775,127.04000861813886,영업/정상,"서울특별시 강남구 남부순환로365길 49, 지하1층 (도곡동)"
커피 알라,기타,37.507349619735365,127.02626211367453,영업/정상,"서울특별시 강남구 강남대로118길 39, 지상1층 101호 (논현동)"
파시,기타,37.48533738203019,127.04411455427969,영업/정상,서울특별시 강남구 논현로38길 30 (도곡동)
크림크림,기타,37.51275177794732,127.0498460499968,영업/정상,"서울특별시 강남구 봉은사로71길 7, 지상1층 101호 일부호 (삼성동, 로프트원)"
기와집 능이백숙삼계탕 해천탕,기타,37.51786682191086,127.03987718196494,영업/정상,"서울특별시 강남구 선릉로131길 12, 로뎀2빌딩 지상1층 (논현동)"
진미언양불고기,기타,37.508725525250455,127.05800024078289,영업/정상,"서울특별시 강남구 삼성로96길 26-6 (삼성동,지상1,2,3층)"
콩뿌리 콩나물국밥,국밥,37.484420684245045,127.0450110852482,영업/정상,"서울특별시 강남구 논현로28길 41 (도곡동,지상1층)"
레꽁디멍,기타,37.49131663131745,127.08506230624411,영업/정상,"서울특별시 강남구 양재대로43길 20, 지상1층 2호 (일원동)"
그레블,기타,37.50760302890294,127.06603415178874,영업/정상,"서울특별시 강남구 테헤란로108길 28-1, 지상1층 (대치동)"
목포해물탕아구찜,기타,37.4908513415345,127.08285034816905,영업/정상,"서울특별시 강남구 양재대로33길 20 (일원동,지상1층)"
도산대로,기타,37.50102193569804,127.02763157001655,영업/정상,"서울특별시 강남구 봉은사로18길 88, 지하1층 (역삼동)"
땡초불닭발 동대문엽기떡볶이,기타,37.524057735887894,127.02791593357462,영업/정상,서울특별시 강남구 논현로 841 (신사동)
오수양푼이동태탕,기타,37.507568970954715,127.03202391602382,영업/정상,"서울특별시 강남구 논현로111길 18 (논현동,(1층))"
김밥타운,기타,37.500811209206134,127.05100838536464,영업/정상,서울특별시 강남구 선릉로 402 (대치동)
리미티드 하누 Limited HANU,기타,37.47528956448009,127.05041109702265,영업/정상,"서울특별시 강남구 논현로10길 29, 지상2층 (개포동)"
길동우동 수서역점,기타,37.487326826880114,127.10314006660364,영업/정상,"서울특별시 강남구 광평로 280 (수서동,로즈데일빌딩 지하2층6호)"
한입꼬마김밥 & 꼬치,기타,37.48333952031109,127.06242755540221,영업/정상,"서울특별시 강남구 선릉로6길 19, 지하1층 (개포동)"
안골,기타,37.50746390901475,127.06532240903924,영업/정상,서울특별시 강남구 테헤란로104길 26 (대치동)
울엄마추어탕,기타,37.49870067584982,127.03157677479244,영업/정상,"서울특별시 강남구 테헤란로 124 (역삼동,지하1층)"
로티바,기타,37.494435837559685,127.03239393833768,영업/정상,"서울특별시 강남구 역삼로5길 8, 1층 (역삼동, 시드니빌딩)"
돈까스데이,기타,37.50895780691971,127.04193557174094,영업/정상,"서울특별시 강남구 선릉로107길 26, 지상1층 102호 (역삼동, 소망빌라)"
다복,기타,37.508731682678366,127.0360094648542,영업/정상,서울특별시 강남구 봉은사로37길 7-14 (논현동)
세상의 모든 바베큐,기타,37.519475449697225,127.02090330544253,영업/정상,"서울특별시 강남구 강남대로158길 27, 지하, 1층, 2층 (신사동)"
화로상회 강남논현점,기타,37.50941955444498,127.02320979252599,영업/정상,"서울특별시 강남구 학동로2길 31, 지상2층 (논현동)"
소림마라 개포점,기타,37.48877694433219,127.0673243100103,영업/정상,"서울특별시 강남구 개포로82길 7, 삼성빌딩 지상1층 5호 (개포동)"
비언유주얼 강남점,기타,37.50956261375466,127.0446167104693,영업/정상,"서울특별시 강남구 선릉로108길 5, 지상1층 (삼성동)"
호식이두마리치킨 논현1호점,기타,37.509369943456214,127.03719812716545,영업/정상,"서울특별시 강남구 언주로 605, 지상1층 8호 (논현동)"
(주)테이스터스 바스버거 매봉역점,기타,37.48558611026551,127.04545576224375,영업/정상,"서울특별시 강남구 논현로38길 46-3, 지상1층 101호 (도곡동)"
페르에피스,기타,37.4873620460815,127.05132530187836,영업/정상,"서울특별시 강남구 언주로30길 10, 현대비전21 지상1층 111호 (도곡동)"
페이홍러우 삼성점,기타,37.50989204256572,127.05751427726794,영업/정상,"서울특별시 강남구 테헤란로87길 35, 금강타워3 지하1층 (삼성동)"
투썸플레이스 신논현점,기타,37.50577138710022,127.02743144387901,영업/정상,"서울특별시 강남구 봉은사로 125, 지상1층 101호 (논현동, 리스트 강남(List Gangnam))"
뱃고동,기타,37.52684973103294,127.03804130183872,영업/정상,서울특별시 강남구 언주로172길 54 (신사동)
트랩커피,기타,37.4850488505175,127.04588558006841,영업/정상,"서울특별시 강남구 논현로30길 52 (도곡동,지상1층)"
스태틱(static),기타,37.51976699023921,127.02470842041096,영업/정상,"서울특별시 강남구 논현로151길 42, 2층 (신사동)"
세로수맥주창고,기타,37.51762079624518,127.02170858379786,영업/정상,"서울특별시 강남구 강남대로152길 28, 지하1층 (신사동)"
이디야 삼성동점,기타,37.50688369141595,127.05943678659689,영업/정상,"서울특별시 강남구 테헤란로88길 10 (대치동,신안메트로칸상가지상1층101호)"
도곡여울,기타,37.48444115334114,127.04460091103478,영업/정상,"서울특별시 강남구 논현로30길 36, 지상1층 (도곡동)"
청담한우 진상,기타,37.51972811629557,127.05663002825388,영업/정상,"서울특별시 강남구 영동대로 647, 청담역 푸르지오시티 지상1층 101,102,103호 (삼성동)"
마라토끼 삼성점,기타,37.51040946130939,127.05515165113957,영업/정상,"서울특별시 강남구 삼성로 546, 흥국에프엔비빌딩 지상1층 102호 (삼성동)"
추억속으로,기타,37.494956565693535,127.03702661049277,영업/정상,서울특별시 강남구 역삼로 164 (역삼동)
마케집 논현점,기타,37.50631739076772,127.0247440692923,영업/정상,"서울특별시 강남구 강남대로118길 12 (논현동,지상1층)"
아베크,기타,37.52560930806387,127.03929072282757,영업/정상,"서울특별시 강남구 선릉로 823, 한양타운빌딩 지상1층 (신사동)"
보그(VOGUE),기타,37.49486229683894,127.03035769101466,영업/정상,"서울특별시 강남구 강남대로78길 12, 예미프레스티지 지하2층 (역삼동)"
포인비에트,기타,37.515990091309384,127.04030400511442,영업/정상,"서울특별시 강남구 선릉로129길 15, 지상2층 (논현동)"
송포갈비,기타,37.50609117804928,127.02703332739786,영업/정상,"서울특별시 강남구 강남대로112길 33 (논현동, 지상1층)"
뉴욕프라이즈코엑스점,기타,37.512521154961824,127.05881929973503,영업/정상,"서울특별시 강남구 영동대로 511 (삼성동,사단법인한국무역협회 코엑스몰지하1층LF8호)"
시골가마솥김치찜 강남본점,기타,37.49506967797681,127.03534452188669,영업/정상,"서울특별시 강남구 역삼로11길 20, 지하1층 일부호 (역삼동, 버베나하우스(A))"
그란구스또,기타,37.50197120904377,127.05957547612527,영업/정상,"서울특별시 강남구 삼성로 340 (대치동,지상1,2층)"
비비큐 개포동역점,기타,37.48927177114473,127.06881747953594,영업/정상,"서울특별시 강남구 개포로 512 (개포동,개포종합상가지상1층108호)"
우시야,기타,37.520852796857824,127.02757925037535,영업/정상,"서울특별시 강남구 도산대로27길 16, 지상1층 (신사동)"
바다로가자,기타,37.50867775174831,127.0366222314622,영업/정상,"서울특별시 강남구 봉은사로37길 5, 1층 (논현동)"
함흥당,기타,37.52222739011859,127.02764257760323,영업/정상,"서울특별시 강남구 도산대로27길 36, 1층 (신사동)"
리치웰호텔(2층리치가든),기타,37.50297217304734,127.03982319490258,영업/정상,"서울특별시 강남구 테헤란로37길 13-10, 지상2층 (역삼동, 호텔리치웰)"
찌웅이네 숯불두마리치킨 강남2호점,기타,37.50082821654611,127.05519688701865,영업/정상,"서울특별시 강남구 역삼로74길 15, 지상1층 (대치동)"
신동궁감자탕뼈숯불구이,기타,37.49779810634242,127.03290800958712,영업/정상,"서울특별시 강남구 테헤란로10길 21, A동 지상1층 105호 (역삼동)"
투데이키친,기타,37.51690359355173,127.02639584297987,영업/정상,"서울특별시 강남구 학동로23길 58, 3층 (논현동)"
호화반점,기타,37.52693774784553,127.03978953201626,영업/정상,"서울특별시 강남구 선릉로161길 5, 지상1,2층 (신사동)"
투다리 강남자곡점,기타,37.47358822748657,127.10303758250463,영업/정상,"서울특별시 강남구 자곡로 180, 지상1층 107-2호 (자곡동, 강남유탑유블레스)"
풍천가 강남,기타,37.50367012718289,127.03948143235812,영업/정상,"서울특별시 강남구 언주로93길 30, 역삼빌딩 지하1층 (역삼동)"
평양만두,기타,37.52829506783659,127.03711746975235,영업/정상,"서울특별시 강남구 압구정로 326, 지상1층 106호, 110호 (신사동)"
바우,기타,37.503433383386756,127.04781454798282,영업/정상,"서울특별시 강남구 선릉로89길 16, 1층 101호 (역삼동, 능현빌딩)"
딘,기타,37.52466296037598,127.03812807549554,영업/정상,"서울특별시 강남구 선릉로153길 15 (신사동,2층)"
실키웨이,기타,37.526226786660374,127.03134793290452,영업/정상,"서울특별시 강남구 압구정로36길 34, 지하1층 (신사동)"
대왕숯불갈비,기타,37.48990683072562,127.08391041794597,영업/정상,서울특별시 강남구 일원로9길 28 (일원동)
청해전복궁,기타,37.476572391105556,127.04724984673922,영업/정상,"서울특별시 강남구 논현로16길 11 (개포동,지상1층)"
이층집 닭도리탕,기타,37.50885403668357,127.02347837281971,영업/정상,"서울특별시 강남구 강남대로124길 10 (논현동,지상2층)"
카이센클럽(Kaisen Club),기타,37.52661784302888,127.03494064238895,영업/정상,"서울특별시 강남구 압구정로42길 35, 지하1층 (신사동)"
또보겠지 떡볶이집 강남 헬로몽키점,기타,37.503083493495616,127.02725129961408,영업/정상,"서울특별시 강남구 봉은사로6길 30, 2층 (역삼동)"
다담다글로벌,기타,37.499251202902656,127.03593284583003,영업/정상,"서울특별시 강남구 테헤란로26길 14, 위워크빌딩 지하3층 202호 (역삼동)"
청춘어람,기타,37.503279887843625,127.04885815504716,영업/정상,"서울특별시 강남구 선릉로87길 8, 지상2층 (역삼동)"
고삐,기타,37.526056418855354,127.03813349384733,영업/정상,"서울특별시 강남구 선릉로157길 21, 지상2층 (신사동)"
라우더(Louder),기타,37.50172044311945,127.03323364916896,영업/정상,"서울특별시 강남구 논현로95길 34, 지상1층 102호 (역삼동)"
덮밥전문웍스50 청담점,기타,37.524633085253996,127.04796426707212,영업/정상,"서울특별시 강남구 도산대로 503, 지상1층 103호 (청담동)"
구단주,기타,37.52403726481218,127.04334399489083,영업/정상,"서울특별시 강남구 도산대로 435, 삼이빌딩 지하2층 (청담동)"
모노로그,기타,37.52339383135422,127.04365764612126,영업/정상,"서울특별시 강남구 도산대로 442, 피엔폴루스 지상1층 (청담동)"
멤버(Member),기타,37.497679282393534,127.0305153934084,영업/정상,"서울특별시 강남구 테헤란로6길 14, 1층 (역삼동)"
올드페리도넛 대치점,기타,37.498069142335055,127.05748898248271,영업/정상,"서울특별시 강남구 도곡로 431, 강남 동산 빌딩 지상1층 (대치동)"
프레즈드로이,기타,37.51911072794788,127.02220827516253,영업/정상,"서울특별시 강남구 강남대로156길 41, 지상1,2층 (신사동)"
메이루,기타,37.50859530026902,127.05971847792408,영업/정상,"서울특별시 강남구 테헤란로 517, 지하1층 (삼성동, 현대백화점)"
야키토리 잔잔 압구정로데오점,기타,37.52659458459472,127.03674877171733,영업/정상,"서울특별시 강남구 언주로170길 37, 지상1층 신관102호 (신사동)"
친구(Friend Pub),기타,37.49511825980778,127.03881744299606,영업/정상,"서울특별시 강남구 논현로71길 8 (역삼동,지상1층)"
미소야,기타,37.48877694433219,127.0673243100103,영업/정상,"서울특별시 강남구 개포로82길 7 (개포동,삼성빌딩지상1층108호)"
황장금 강남점,기타,37.50704616404345,127.03551335086584,영업/정상,"서울특별시 강남구 언주로107길 46, 지하1층 B01호 101호 (역삼동)"
다루푸드,기타,37.50085838008427,127.04058796164693,영업/정상,"서울특별시 강남구 언주로85길 32, 역삼역센트럴푸르지오 지하1층 B118C호중 CA28-1호 (역삼동)"
집앞,기타,37.500338744810556,127.05319419760325,영업/정상,"서울특별시 강남구 역삼로64길 11 (대치동,지상1층)"
백년교동짬뽕,기타,37.488800081331306,127.06836275169084,영업/정상,"서울특별시 강남구 개포로82길 13-15 (개포동,지상1층 1,6호)"
나래비,기타,37.50356463089533,127.06058103141784,영업/정상,"서울특별시 강남구 역삼로 524 (대치동,지상1층)"
제메이 양꼬치와 샤브샤브,기타,37.51877385732428,127.0244571822376,영업/정상,서울특별시 강남구 강남대로152길 64 (신사동)
바오로흑염소,기타,37.50528252887274,127.04680906994074,영업/정상,"서울특별시 강남구 선릉로93길 18, 지상2층 (역삼동)"
초원족발,기타,37.50850826423784,127.05695959521745,영업/정상,"서울특별시 강남구 테헤란로81길 22 (삼성동,지상1층)"
청년볶음밥,기타,37.50284011257186,127.03744102263121,영업/정상,"서울특별시 강남구 테헤란로27길 23, 지하1층 3호 (역삼동)"
꼬마1(CCOMA1),기타,37.52315572608281,127.04708770307911,영업/정상,"서울특별시 강남구 도산대로78길 11, 1층 (청담동)"
커피나인 학동역점,기타,37.51401395504177,127.03433367414405,영업/정상,"서울특별시 강남구 학동로38길 14, 지상1층 101호 (논현동)"
와리가리 커피,기타,37.51090569212202,127.02756093100912,영업/정상,"서울특별시 강남구 학동로20길 42, 지상1층 (논현동)"
구정(九鼎),기타,37.50838396234656,127.05537977980983,영업/정상,"서울특별시 강남구 삼성로 519, 원혜빌딩 지상2층 (삼성동)"
착한족발 역삼점,기타,37.50588169852775,127.04013121002409,영업/정상,"서울특별시 강남구 언주로99길 10, 지상1층 우측호 (역삼동)"
이엘포레스트,기타,37.49920892138716,127.04392156003382,영업/정상,"서울특별시 강남구 언주로 405, 지상2층 202호 (역삼동)"
밥조아,기타,37.49942728561998,127.04469803872237,영업/정상,"서울특별시 강남구 언주로 408, 역삼자이 지하1층 B08호 (역삼동)"
묵호일식,기타,37.51594686713497,127.04097187872249,영업/정상,"서울특별시 강남구 선릉로129길 3-6, 삼아프라자 1층 101호 (논현동)"
히가시노,기타,37.51191290474702,127.05305506287995,영업/정상,"서울특별시 강남구 봉은사로78길 13, 지상1층 (삼성동)"
그림버겐,기타,37.52554713910381,127.05074643091996,영업/정상,"서울특별시 강남구 도산대로89길 13 (청담동,지상1층)"
함바하우스,기타,37.51478383355651,127.05898971772082,영업/정상,"서울특별시 강남구 영동대로115길 9 (삼성동,지상2층)"
소나무,기타,37.52503732319793,127.02677889738263,영업/정상,"서울특별시 강남구 압구정로28길 22-9, 1층 (신사동)"
포아(poar),기타,37.5097753211574,127.0562652220128,영업/정상,서울특별시 강남구 테헤란로81길 46 (삼성동)
손가네,기타,37.50890364553495,127.04174520056625,영업/정상,"서울특별시 강남구 선릉로107길 30 (역삼동,102호)"
대학촌,기타,37.48970942556342,127.08241509907317,영업/정상,"서울특별시 강남구 양재대로29길 6 (일원동,지상1층)"
몰토2,기타,37.522919401693315,127.02642976849523,영업/정상,"서울특별시 강남구 논현로159길 21 (신사동,1층)"
88시장버거,기타,37.50422361918812,127.04001924600078,영업/정상,"서울특별시 강남구 테헤란로37길 29, 지상1층 101호 (역삼동)"
모던아시아누들서비스,기타,37.521901358095946,127.02117558107484,영업/정상,"서울특별시 강남구 강남대로162길 41-20, 지상1층 (신사동)"
60년전통 신촌황소곱창(논현점),기타,37.50713405198113,127.02398642511935,영업/정상,"서울특별시 강남구 봉은사로1길 37, 호서빌딩 지상1층 (논현동)"
지강한식당 압구정본점,기타,37.52632532916472,127.02954337871972,영업/정상,"서울특별시 강남구 압구정로30길 17 (신사동,지상1층111호,112호)"
2,기타,37.52567799237424,127.04313421874818,영업/정상,"서울특별시 강남구 도산대로61길 27 (청담동,지하1층)"
카페더블링,기타,37.50776975189813,127.03262590108639,영업/정상,"서울특별시 강남구 봉은사로25길 10, 지상2층 (논현동)"
케이보드카페,기타,37.49221611272089,127.03129553361173,영업/정상,"서울특별시 강남구 역삼로2길 16, 지하1층 (역삼동)"
바다꽃 드새우,기타,37.508883224410205,127.03526814732326,영업/정상,"서울특별시 강남구 논현로114길 22, 지상1층 1-1호 (논현동)"
해봉,기타,37.507877669049606,127.06648117909832,영업/정상,"서울특별시 강남구 테헤란로108길 25, 대동빌딩 1층 (대치동)"
야동꼬치 역삼지점,기타,37.49225837875556,127.0389276910569,영업/정상,"서울특별시 강남구 논현로63길 25, 지하1층 주방2호 (역삼동)"
보리굴비 토종소곱창,기타,37.492919372075875,127.05890173327909,영업/정상,"서울특별시 강남구 남부순환로 2915 (대치동,우일빌딩지상1층101호)"
꿍탈레,기타,37.52280780723007,127.02173420594497,영업/정상,"서울특별시 강남구 압구정로10길 14, 2층 (신사동)"
카도야라멘 가로수직영점,기타,37.52173321187154,127.02170764634461,영업/정상,"서울특별시 강남구 압구정로10길 30-3, 지하1층 (신사동)"
엠,기타,37.52468434751557,127.04008740408537,영업/정상,"서울특별시 강남구 선릉로 818 (청담동,지상2층)"
취화선,기타,37.50084803646945,127.06013000923177,영업/정상,서울특별시 강남구 삼성로 324 (대치동)
통통,기타,37.51050819515262,127.05106238984567,영업/정상,"서울특별시 강남구 봉은사로68길 25 (삼성동,지상1층)"
이태리부대찌개 신사점,기타,37.5164602366395,127.02284901987495,영업/정상,"서울특별시 강남구 논현로149길 73, 지하1,지상1층 (논현동)"
맨하탄,기타,37.500952985834004,127.03333698243253,영업/정상,"서울특별시 강남구 테헤란로19길 13, 지하1층 (역삼동)"
동래정 신논현직영점,기타,37.505945763356365,127.02587357404954,영업/정상,"서울특별시 강남구 강남대로114길 20, 지하2층 1호 (논현동)"
인생아구찜,기타,37.51668653661626,127.04059047030417,영업/정상,"서울특별시 강남구 학동로 342, 에스케이 허브블루 지상1층 113호 (논현동)"
굽네치킨(역삼1동점),기타,37.49436990548992,127.03383984320025,영업/정상,"서울특별시 강남구 역삼로 129 (역삼동,지상1층)"
구스아일랜드 탭룸 강남구청역점,기타,37.515980954306066,127.0407159462031,영업/정상,"서울특별시 강남구 선릉로129길 9-4, 지하1층 (논현동)"
맛있저염 키친,기타,37.50366098627476,127.04429478219924,영업/정상,"서울특별시 강남구 테헤란로 309, 삼성제일빌딩 지하1층 2호 (역삼동)"
김태완스시대치본점,기타,37.497967713321295,127.05393966339011,영업/정상,서울특별시 강남구 선릉로64길 20 (대치동)
카이??,기타,37.51908170698549,127.04199166482185,영업/정상,"서울특별시 강남구 학동로55길 12-11, 지상1층 (청담동)"
데바스테이트(DEVASTATE),기타,37.52620399650317,127.0447436862755,영업/정상,"서울특별시 강남구 선릉로162길 51, 1층 1호 (청담동)"
성북동청국장,기타,37.51399413506795,127.06191889997837,영업/정상,"서울특별시 강남구 봉은사로104길 6 (삼성동,(지상1~2층))"
윤이네,기타,37.474381296446616,127.04945204209538,영업/정상,"서울특별시 강남구 논현로10길 11, 지상1층 (개포동)"
오감쿡,기타,37.48268253238148,127.06151178470796,영업/정상,"서울특별시 강남구 선릉로6길 5, 지상1층 103호 (개포동)"
프로젝트룸,기타,37.50885063061025,127.06453692158235,영업/정상,"서울특별시 강남구 테헤란로 610, 호텔 글래드 강남 코엑스센터 지하2층 (대치동)"
차백도 강남한티점,기타,37.49906011774676,127.05193036382063,영업/정상,"서울특별시 강남구 선릉로 328, 지상1층 6호,7호 (대치동)"
청담머구리,기타,37.52205726228092,127.03796367691228,영업/정상,"서울특별시 강남구 언주로150길 45, 지상1층 (논현동)"
진주정,기타,37.50643446378827,127.03961278252326,영업/정상,"서울특별시 강남구 테헤란로39길 65, 청담빌딩 지상1층 (역삼동)"
레 끌레 드 크리스탈 청담,기타,37.524955089235085,127.04776687611381,영업/정상,"서울특별시 강남구 압구정로79길 8, 2층 (청담동)"
이그제큐티브 라운지(Executive Lounge),기타,37.5108153559892,127.04690562723697,영업/정상,"서울특별시 강남구 봉은사로 428, 호텔크레센도서울 지상10층 (삼성동)"
강남그릴,기타,37.4778344934301,127.04736953783198,영업/정상,"서울특별시 강남구 개포로20길 14, 지상1층 (개포동)"
도데카,기타,37.52619284467681,127.05375716937942,영업/정상,"서울특별시 강남구 압구정로79길 81 (청담동,지하2층)"
미인 삼계탕,기타,37.512521154961824,127.05881929973503,영업/정상,"서울특별시 강남구 영동대로 511 (삼성동,컨벤션별관 지하2층)"
주식회사 송,기타,37.50859530026902,127.05971847792408,영업/정상,"서울특별시 강남구 테헤란로 517, 지상10층 (삼성동, 현대백화점)"
썸(SOME),기타,37.518125213378205,127.02052800597077,영업/정상,"서울특별시 강남구 강남대로156길 16, 지하1층 (신사동)"
제이앤제이,기타,37.482262608181394,127.04356133797724,영업/정상,"서울특별시 강남구 논현로28길 6, 2층 201호 (도곡동)"
순딜리버리 10호점,기타,37.513353374559664,127.02132348064708,영업/정상,"서울특별시 강남구 강남대로136길 5-4, 지하1층 10호 (논현동)"
스시이타마에,기타,37.490763334054385,127.03403639232694,영업/정상,서울특별시 강남구 강남대로62길 30 (역삼동)
생생아구 삼성직영점,기타,37.51005826997606,127.05449396370231,영업/정상,"서울특별시 강남구 삼성로 543, 지상1,2,3층 (삼성동)"
카페케로,기타,37.51182832885278,127.03703679229213,영업/정상,"서울특별시 강남구 학동로42길 57, 지상1층 (논현동)"
커피삼촌,기타,37.50356463089533,127.06058103141784,영업/정상,"서울특별시 강남구 역삼로 524 (대치동,지상1층)"
(주)삼원가든 투뿔등심 강남역점,기타,37.49781001520138,127.02893196545418,영업/정상,"서울특별시 강남구 테헤란로4길 6, 2층 201,202호 (역삼동, 강남역센트럴푸르지오시티)"
행복밥상,기타,37.50956430237851,127.02282896934727,영업/정상,"서울특별시 강남구 학동로2길 28, 지하1층 (논현동)"
대파양곱창,기타,37.5020905366839,127.05233522372727,영업/정상,"서울특별시 강남구 역삼로63길 14 (대치동,지상1층)"
명동칼국수 샤브샤브,칼국수,37.500872031718735,127.03393789752137,영업/정상,"서울특별시 강남구 강남대로94길 83, 지상2층 (역삼동)"
케이엠지엠(KMGM) 논현점,기타,37.50681827382005,127.02413998136512,영업/정상,"서울특별시 강남구 봉은사로1길 33, 지상3층 (논현동)"
황회장집,기타,37.526228331329875,127.0373293976883,영업/정상,"서울특별시 강남구 선릉로157길 29, 3층 (신사동)"
메르밀진미집 역삼점,기타,37.50295200727982,127.03511915854179,영업/정상,"서울특별시 강남구 테헤란로25길 36, 1층 103,105호 (역삼동)"
88국제시장,기타,37.52595899338391,127.03685691962751,영업/정상,"서울특별시 강남구 압구정로48길 38, 2층 (신사동)"
마산아구찜,기타,37.492919372075875,127.05890173327909,영업/정상,"서울특별시 강남구 남부순환로 2915 (대치동,지상2층)"
카즈야,기타,37.50202948778418,127.0384494873448,영업/정상,"서울특별시 강남구 테헤란로27길 8-4 (역삼동,지상1층)"
카페 피노사,기타,37.50464189313692,127.03433063246953,영업/정상,"서울특별시 강남구 논현로101길 8, 지상1층 (역삼동)"
로그인,기타,37.52154698483503,127.03124151100299,영업/정상,"서울특별시 강남구 논현로152길 38, 지하1층 (신사동)"
JS가든(압구정점),기타,37.528508762667435,127.03500869205386,영업/정상,서울특별시 강남구 언주로174길 13 (신사동)
돈생고기,기타,37.49109413192898,127.08242819542609,영업/정상,"서울특별시 강남구 양재대로33길 25 (일원동,지상1층)"
청담쭈꾸미,기타,37.50526352735499,127.02524316425576,영업/정상,"서울특별시 강남구 봉은사로1길 6, 2층 201호 (논현동)"
감미옥,기타,37.51875561311899,127.02381277477846,영업/정상,"서울특별시 강남구 도산대로15길 7, 지하1층 (신사동)"
하치타치(hostytosty),기타,37.493253390714266,127.08579617245665,영업/정상,"서울특별시 강남구 일원로3길 79, 지상1층 (일원동)"
태능숯불갈비,기타,37.521075221956956,127.02716471932088,영업/정상,서울특별시 강남구 도산대로25길 20 (신사동)
(주)담희-대치지점,기타,37.50212257777558,127.05877292555265,영업/정상,"서울특별시 강남구 삼성로 343, 대치빌딩 지하1층 03호 (대치동)"
비어락,기타,37.49764886326095,127.05403697162423,영업/정상,"서울특별시 강남구 선릉로62길 19, 지하1층 (대치동)"
정갈한상,기타,37.50108380917074,127.03218529641505,영업/정상,"서울특별시 강남구 테헤란로13길 22, 지상1층 (역삼동)"
(주)콤팩트레코드바,기타,37.52215654526071,127.02576053916708,영업/정상,"서울특별시 강남구 논현로157길 28, 지상1층 101호 (신사동)"
연타발,기타,37.52153391552384,127.03212749583679,영업/정상,"서울특별시 강남구 도산대로 231 (신사동,지상2,3층)"
루307(Lu307),기타,37.52193046641927,127.02155029273439,영업/정상,"서울특별시 강남구 압구정로10길 30-7, 지상1층 (신사동)"
아는데,기타,37.519028940026175,127.02453157367692,영업/정상,"서울특별시 강남구 강남대로152길 67, 1층 103호 (신사동)"
긴자 히비키,기타,37.500540307236186,127.0515960686755,영업/정상,"서울특별시 강남구 역삼로 406, 지상1층 101호 (대치동)"
듄(dune),기타,37.477530682667506,127.04635600821153,영업/정상,"서울특별시 강남구 논현로18길 14-6, 지하1층 (개포동)"
에이씨(AC),기타,37.497425094439194,127.0389211715937,영업/정상,"서울특별시 강남구 논현로 416, 지하1층 (역삼동, 운기빌딩)"
무등산 수만리 염소탕,기타,37.49248102463101,127.03158048066193,영업/정상,서울특별시 강남구 역삼로2길 13 (역삼동)
육식주의 고깃집 강남본점,기타,37.50212046146655,127.03406396981269,영업/정상,"서울특별시 강남구 논현로95길 22, 지상1층 101호 (역삼동)"
도산 스테이,기타,37.523237049492046,127.03654034761973,영업/정상,"서울특별시 강남구 도산대로45길 10-8, 하늬솔빌딩 지하1층 (신사동)"
본죽&비빔밥 강남세브란스사거리점,기타,37.49595516164303,127.04665713725551,영업/정상,"서울특별시 강남구 언주로 314, 강남프라자 지상1층 110호 (역삼동)"
몽크스부처,기타,37.52637607689811,127.03521934234703,영업/정상,"서울특별시 강남구 언주로168길 19, 지하1층 (신사동)"
사운드온더펍 대치점,기타,37.5016084061075,127.05840932462057,영업/정상,"서울특별시 강남구 삼성로69길 11, 지상1층 102호 (대치동)"
스시 한다,기타,37.52268194469149,127.04400858626387,영업/정상,"서울특별시 강남구 선릉로148길 52-5, 지상3층 (청담동)"
오마카세 오사이초밥 강남역점,기타,37.50049979766464,127.02807998300851,영업/정상,"서울특별시 강남구 테헤란로1길 28-9, 성은빌딩 5층 (역삼동)"
뉴욕김치찌개,기타,37.49772601279262,127.0292970420504,영업/정상,"서울특별시 강남구 테헤란로4길 6, 강남역 센트럴 푸르지오 시티 지하2층 B206호 (역삼동)"
망치,기타,37.508598508990204,127.0343503797806,영업/정상,"서울특별시 강남구 봉은사로29길 13, 지상1층 (논현동)"
도심커피랩,기타,37.51797238677247,127.02071143066216,영업/정상,"서울특별시 강남구 강남대로154길 19, 지하1층 (신사동)"
로데오뎅,기타,37.52659458459472,127.03674877171733,영업/정상,"서울특별시 강남구 언주로170길 37, 지하1층 (신사동)"
마코토,기타,37.52438441529622,127.04355838545871,영업/정상,"서울특별시 강남구 압구정로80길 37 (청담동,지상2층)"
석기정,기타,37.50572129580447,127.05908532183862,영업/정상,서울특별시 강남구 테헤란로84길 23 (대치동)
디바,기타,37.52659791331759,127.0429441337749,영업/정상,"서울특별시 강남구 선릉로162길 29 (청담동,지하1층)"
톰버디,기타,37.49012871374169,127.03265371070049,영업/정상,"서울특별시 강남구 도곡로 111 (역삼동,지하1층)"
더블린테라스,기타,37.50066501660126,127.02910975541896,영업/정상,"서울특별시 강남구 강남대로94길 27-15 (역삼동,태리빌딩 지하B1,B2)"
쿠시 쿠시,기타,37.50725792911846,127.02422844410796,영업/정상,"서울특별시 강남구 봉은사로1길 38 (논현동,지상2층)"
사주닷컴,기타,37.52727158012683,127.03896433861023,영업/정상,서울특별시 강남구 선릉로161길 17 (신사동)
유로스커피로스터스 센터필드점,기타,37.502779143502565,127.04061157063272,영업/정상,"서울특별시 강남구 테헤란로37길 7, 조이타워 지상1층 (역삼동)"
더스프,기타,37.52400988655534,127.04924793786324,영업/정상,"서울특별시 강남구 도산대로 514, 지상1층 6호 (청담동)"
스시도손 무역센터점,기타,37.50859530026902,127.05971847792408,영업/정상,"서울특별시 강남구 테헤란로 517, 현대백화점 10층 (삼성동)"
꼭그닭,기타,37.502439548017406,127.02711150952274,영업/정상,"서울특별시 강남구 봉은사로4길 37, 지하1층 (역삼동)"
에이블(ABLE),기타,37.52351271430615,127.02299198031712,영업/정상,"서울특별시 강남구 압구정로14길 12, 지상2층 (신사동)"
바나프레소 세관사거리점,기타,37.51581021423505,127.03574314997333,영업/정상,"서울특별시 강남구 언주로 702, 라이브플렉스타워 지상1층 (논현동)"
미아리우동집 대치동점,기타,37.502194053078355,127.05666783681085,영업/정상,"서울특별시 강남구 역삼로 452, 지상1층 101호 (대치동)"
고고램,기타,37.5157091463354,127.04124249726661,영업/정상,"서울특별시 강남구 선릉로127길 6 (논현동,지하1층)"
나도족발 강남본점,기타,37.50163710367722,127.03563373913131,영업/정상,"서울특별시 강남구 테헤란로25길 20, 지상2층 203호 (역삼동, 역삼현대벤쳐텔)"
창바리 한상,기타,37.50374403551208,127.04024527083526,영업/정상,"서울특별시 강남구 테헤란로37길 23, 2층 (역삼동)"
해품초 삼성점,기타,37.509673854867124,127.05795348044431,영업/정상,"서울특별시 강남구 테헤란로87길 29 (삼성동,엠타워 지하1층)"
시시오,기타,37.50344104961895,127.0487798955239,영업/정상,"서울특별시 강남구 선릉로89길 7 (역삼동,지하1층)"
생활맥주 을지병원사거리점,기타,37.519327232030136,127.03017775900935,영업/정상,"서울특별시 강남구 논현로150길 20, 데일리 비전 타워 지상1층 (논현동)"
아도(ado),기타,37.52721294279985,127.04806960843902,영업/정상,"서울특별시 강남구 압구정로77길 31, 5층 (청담동)"
돼지가엔푸드,기타,37.507369417251844,127.02790846643725,영업/정상,"서울특별시 강남구 강남대로118길 61, 지상1층 101호 (논현동)"
신의한국수 삼성점,기타,37.50542730882902,127.05878230065784,영업/정상,"서울특별시 강남구 삼성로84길 14, 1층 101호 (대치동)"
영동다방,기타,37.509216980894166,127.02475207738719,영업/정상,"서울특별시 강남구 강남대로124길 26, 지상1층 102호 (논현동)"
맛자랑,기타,37.506765184992176,127.04808443368391,영업/정상,"서울특별시 강남구 선릉로 524, 선릉대림아크로텔 지상1층 107호 (삼성동)"
피팝,기타,37.52401842102548,127.04278016495057,영업/정상,"서울특별시 강남구 도산대로 429, 지상1층 (청담동)"
스시리카이,기타,37.51903050670422,127.02174430810177,영업/정상,"서울특별시 강남구 강남대로156길 31-4, 지상1층 101호 (신사동, 축복하우스)"
페스카도 청담(PESCADO CheongDam),기타,37.52187732211048,127.0397724838102,영업/정상,"서울특별시 강남구 선릉로 752, 태성빌딩 지상1층 102호 (청담동)"
스시류,기타,37.49078174208699,127.0816020919731,영업/정상,"서울특별시 강남구 일원로5길 8, 1층 (일원동)"
zip(집),기타,37.49552229994425,127.03580096948085,영업/정상,"서울특별시 강남구 역삼로17길 9, 1층 (역삼동)"
산야로,기타,37.50143714960746,127.04224162307264,영업/정상,서울특별시 강남구 언주로87길 9 (역삼동)
팬트하우스,기타,37.517953901395494,127.0212921631799,영업/정상,"서울특별시 강남구 압구정로2길 60 (신사동,7층701호)"
한빛,기타,37.52489782097349,127.03929363738187,영업/정상,서울특별시 강남구 선릉로 815 (신사동)
별하곱창 논현본점,기타,37.50770261988182,127.02408188939732,영업/정상,"서울특별시 강남구 강남대로122길 10 (논현동,지상1층)"
청담순두부두부공방,기타,37.524440323591,127.03837196219807,영업/정상,"서울특별시 강남구 도산대로53길 19, 지상1층 (신사동)"
살롱 드 아난티(SALON DE ANANTI),기타,37.516248850972204,127.03101928867714,영업/정상,"서울특별시 강남구 논현로136길 11, 지상1층 (논현동)"
삼성동  보쌈,기타,37.513299042471814,127.05257433202148,영업/정상,"서울특별시 강남구 삼성로111길 7, 지하1층 (삼성동)"
엠푸드,기타,37.50212257777558,127.05877292555265,영업/정상,"서울특별시 강남구 삼성로 343, 지하1층 2호 (대치동)"
압구정고깃집 더 프라이빗,기타,37.52725514311707,127.03774913941876,영업/정상,"서울특별시 강남구 압구정로50길 18, 지상2층 (신사동)"
구퉁이 논현점,기타,37.50799521370361,127.02443215702414,영업/정상,"서울특별시 강남구 강남대로122길 16, 지상1층 101호 (논현동)"
영천얼큰돼지국밥 강남직영점,국밥,37.502921426273524,127.03711242168022,영업/정상,"서울특별시 강남구 봉은사로30길 73, 2층 5호 (역삼동)"
썬더볼드 강남역점,기타,37.49702710547764,127.02976901919028,영업/정상,"서울특별시 강남구 강남대로84길 15, 지하1층 112,113호 (역삼동)"
제주섬애,기타,37.51549439872133,127.03238741455613,영업/정상,"서울특별시 강남구 학동로33길 11 (논현동,지상1층)"
연스시,기타,37.48927177114473,127.06881747953594,영업/정상,"서울특별시 강남구 개포로 512, 지상1층 113호 (개포동, 개포종합상가)"
홈즈,기타,37.51799769796792,127.02316824744518,영업/정상,"서울특별시 강남구 도산대로 135, 본 지상3층 (신사동)"
치킨뱅이,기타,37.51389399949817,127.02817333245713,영업/정상,"서울특별시 강남구 학동로23길 7 (논현동,지상1층)"
맛돈축산,기타,37.494956565693535,127.03702661049277,영업/정상,"서울특별시 강남구 역삼로 164, 라비빌딩 지상1층 (역삼동)"
더그릴630(the Grill630),기타,37.52302497367802,127.04301611473693,영업/정상,"서울특별시 강남구 선릉로148길 43, 지상1,2층 (청담동)"
커피스쿨,기타,37.50495360653193,127.05948830440775,영업/정상,"서울특별시 강남구 역삼로83길 22, 1층 101호 (대치동)"
찌개의 민족,기타,37.48812055362653,127.05107766375514,영업/정상,"서울특별시 강남구 언주로30길 13 (도곡동,대림아크로텍지하1층2-2호)"
비진도해물뚝배기,기타,37.4986942963497,127.03590020298319,영업/정상,"서울특별시 강남구 논현로85길 25, 2층 (역삼동)"
토미타야,기타,37.52003612173733,127.03153041259495,영업/정상,"서울특별시 강남구 논현로150길 37, 지상2층 (논현동)"
고기92,기타,37.49446127275491,127.0403774731513,영업/정상,"서울특별시 강남구 논현로68길 4, 1층 103호 (역삼동)"
카페촉,기타,37.51540508742604,127.06345743221416,영업/정상,"서울특별시 강남구 영동대로112길 38, 1층 (삼성동)"
클라우드비어파크,기타,37.50475944042249,127.05325468726268,영업/정상,"서울특별시 강남구 테헤란로70길 12, 2층 (대치동)"
금선,기타,37.49456354283261,127.03447466446742,영업/정상,"서울특별시 강남구 역삼로 137, 지상3층 301호 (역삼동)"
반하는 보쌈&밥상,기타,37.51039790008076,127.0611933146357,영업/정상,"서울특별시 강남구 영동대로 513, 지하1층 M103호 (삼성동, 컨벤션센터 코엑스몰)"
하이볼가든(Highball Garden),기타,37.52288372723671,127.02498223185965,영업/정상,"서울특별시 강남구 논현로161길 39, 지하1층 101호 (신사동)"
누베이스(NUBASE),기타,37.518243769118484,127.02081313806482,영업/정상,"서울특별시 강남구 강남대로156길 20, 지상1층 (신사동)"
강릉엄지네꼬막집 역삼역점,기타,37.502804413927855,127.0367187154275,영업/정상,"서울특별시 강남구 봉은사로30길 74 (역삼동,.2층)"
김바라김밥 대치점,기타,37.50070247992649,127.05401209930554,영업/정상,"서울특별시 강남구 선릉로72길 34, 지상1층 (대치동)"
명문어가,기타,37.49637429193007,127.03445936127369,영업/정상,"서울특별시 강남구 논현로79길 56, 지상1층 101호 (역삼동)"
빽다방 양재역점,기타,37.48514456922606,127.03575694615022,영업/정상,"서울특별시 강남구 남부순환로 2615, 104호 (도곡동, 극동스타클래스)"
진수사,기타,37.50280796687954,127.04010050732893,영업/정상,서울특별시 강남구 테헤란로37길 13-7 (역삼동)
대치골한우곱창,기타,37.49830905742541,127.05286532337642,영업/정상,"서울특별시 강남구 선릉로64길 11-5, 지상1층 (대치동)"
야나기,기타,37.52180319960481,127.05712225804999,영업/정상,"서울특별시 강남구 학동로101길 21, 지상1층 (청담동)"
셀렉커피랩 강남논현점,기타,37.50900892229112,127.02571733108836,영업/정상,"서울특별시 강남구 강남대로122길 39-9, 지상1층 (논현동)"
클럽도파,기타,37.49702710547764,127.02976901919028,영업/정상,"서울특별시 강남구 강남대로84길 15, 지상1층 101-1호,101-2호,101-3호 (역삼동)"
던킨도너츠 선릉역점,기타,37.50526788069259,127.05288269735598,영업/정상,"서울특별시 강남구 테헤란로 422, KT타워 지상1층 (대치동)"
유미분식,기타,37.48888090919822,127.0676510840815,영업/정상,서울특별시 강남구 개포로82길 5-8 (개포동)
영동소곱창,기타,37.5177078521297,127.02123101180219,영업/정상,"서울특별시 강남구 강남대로152길 23, 지상1층 102호 (신사동)"
자담치킨 강남청담점,기타,37.51890951969275,127.04908888310993,영업/정상,"서울특별시 강남구 학동로 441, 지하1층 (청담동)"
호텔세느,기타,37.50394434432403,127.03509502540386,영업/정상,"서울특별시 강남구 논현로 533, 호텔 세느 지하1층 (역삼동)"
조올라 커피(Zola coffee),기타,37.49808319656304,127.03630178449869,영업/정상,"서울특별시 강남구 역삼로17길 51, 미드타운센터 역삼 지하1층 (역삼동)"
순딜리버리 12호점,기타,37.513353374559664,127.02132348064708,영업/정상,"서울특별시 강남구 강남대로136길 5-4, 지하1층 12호 (논현동)"
멘츠루 선릉점,기타,37.5035421581371,127.05107362632971,영업/정상,"서울특별시 강남구 선릉로86길 17 (대치동,지상1층101호)"
오향절면,기타,37.48584816170747,127.0357026103167,영업/정상,서울특별시 강남구 남부순환로355길 13 (도곡동)
사이공핫팟,기타,37.517512523206165,127.04619298638954,영업/정상,"서울특별시 강남구 선릉로130길 57, 지하1층 1,2,3호 (삼성동)"
런치패드,기타,37.519091614074014,127.02405060894162,영업/정상,"서울특별시 강남구 도산대로15길 12, 지하1층 (신사동)"
장도리곰탕,기타,37.506343134211896,127.03549739917604,영업/정상,"서울특별시 강남구 봉은사로30길 19 (역삼동,지상1,2층)"
조인바이트,기타,37.51128859346611,127.04985765490355,영업/정상,"서울특별시 강남구 봉은사로68길 8, DECKS 빌딩 비01호 (삼성동)"
카페 바이탈바이브,기타,37.46376934150748,127.10671355086478,영업/정상,"서울특별시 강남구 밤고개로34길 14, 지상1층 (세곡동)"
입맛을 훔친 순댓국,기타,37.50541223251608,127.04728157637315,영업/정상,"서울특별시 강남구 선릉로93길 12, 지하1층 (역삼동)"
샤모니,기타,37.51365537533847,127.03049020184083,영업/정상,서울특별시 강남구 논현로 667 (논현동)
지호한방삼계탕 압구정역점,기타,37.52499389117257,127.0266228090198,영업/정상,"서울특별시 강남구 압구정로28길 22-11, 1층 (신사동)"
친친,기타,37.50616836978432,127.0509286830279,영업/정상,"서울특별시 강남구 테헤란로63길 12, 지상1층 101호 (삼성동, LG선릉에클라트B동)"
(주)벽제타워팰리스,기타,37.48733628888635,127.05282966375741,영업/정상,"서울특별시 강남구 언주로30길 26 (도곡동,타워팰리스스포츠클럽에스동지상1층)"
오므토토마토,기타,37.51046472706423,127.06027605014796,영업/정상,
유라노스 강남 Uranus Gangnam,기타,37.486359788420785,127.03597493234368,영업/정상,"서울특별시 강남구 강남대로44길 28, 지상1층 (도곡동)"
비비드,기타,37.49817677880218,127.0336434519445,영업/정상,"서울특별시 강남구 논현로85길 52, 역삼 푸르지오 시티 지상1층 110호 (역삼동)"
오로스트 커피,기타,37.490764592091026,127.03326034647453,영업/정상,"서울특별시 강남구 강남대로62길 21, 지상1층 (역삼동)"
자갈치 양곱창,기타,37.4945035924725,127.03088946758534,영업/정상,"서울특별시 강남구 역삼로3길 17-5, 지상2층 (역삼동)"
압구정꼬마김밥,기타,37.528840287716996,127.03465368435289,영업/정상,"서울특별시 강남구 압구정로 306 (신사동,지하1층5호)"
가족회관 도곡점,기타,37.489710774953146,127.0544905363916,영업/정상,"서울특별시 강남구 언주로30길 57, 상가동 지하1층 (도곡동, 타워팰리스)"
서울덮밥&김치찜,기타,37.50959124747711,127.05927363531747,영업/정상,"서울특별시 강남구 테헤란로87길 22, 지하1층 Q103호 (삼성동)"
레솔베르 청담2호점,기타,37.52468926725603,127.04098704468198,영업/정상,"서울특별시 강남구 도산대로57길 13-4, 지상1층 (청담동)"
팔당닭발,기타,37.51651315087713,127.03779091420355,영업/정상,"서울특별시 강남구 학동로45길 3, 지상1층 (논현동)"
포스톤즈 삼성본점,기타,37.50985338986252,127.06400266098578,영업/정상,"서울특별시 강남구 테헤란로103길 5, 지상1층,2층 (삼성동)"
히노츠키,기타,37.50904780086485,127.06089284405361,영업/정상,"서울특별시 강남구 테헤란로 521, 지상1층 (삼성동, 인터콘티넨탈)"
돈부자,기타,37.518036180341724,127.02202616934287,영업/정상,서울특별시 강남구 강남대로152길 33 (신사동)
태양곱창 신논현점,기타,37.506520887484285,127.02428319492022,영업/정상,"서울특별시 강남구 봉은사로1길 27 (논현동,1층)"
숙성회 카이단,기타,37.519197370413266,127.02187713077522,영업/정상,"서울특별시 강남구 도산대로11길 31-7, 지하1층 101호 (신사동)"
냉부차,기타,37.51008344477726,127.02411768104722,영업/정상,"서울특별시 강남구 강남대로128길 22, 지상1층 101호 (논현동)"
카페인더무드X무드베지,기타,37.49084155782067,127.08172715833436,영업/정상,"서울특별시 강남구 일원로5길 10, 지상1층 (일원동)"
아우라,기타,37.526667360760456,127.04622690029723,영업/정상,"서울특별시 강남구 압구정로73길 5, 명성빌딩 지하1층 (청담동)"
하자 엔터테인먼트,기타,37.52072946537035,127.03546102255503,영업/정상,"서울특별시 강남구 언주로148길 11, 1층 (논현동)"
페리카나치킨,기타,37.47755797685293,127.04876933771021,영업/정상,"서울특별시 강남구 개포로22길 23 (개포동,지상1층)"
베티,기타,37.5059964006095,127.04849579639432,영업/정상,서울특별시 강남구 선릉로 520 (삼성동)
청석골,기타,37.50613081268578,127.05987460368566,영업/정상,서울특별시 강남구 삼성로86길 28 (대치동)
하우스 엠(house M),기타,37.4837959959592,127.04560755958795,영업/정상,"서울특별시 강남구 논현로26길 42, 1층 (도곡동)"
베이비 기네스,기타,37.514350314188235,127.06379618298264,영업/정상,"서울특별시 강남구 봉은사로108길 5, 1층 (삼성동)"
샤브인서울 압구정로데오점,기타,37.525556453306386,127.03880823083072,영업/정상,"서울특별시 강남구 선릉로155길 12, 웬즈데이빌딩 지상2층 (신사동)"
돈삼촌 역삼점,기타,37.50085838008427,127.04058796164693,영업/정상,"서울특별시 강남구 언주로85길 32, 역삼역센트럴푸르지오 지하1층 B125호 (역삼동)"
강릉엄지네꼬막집 삼성역점,기타,37.50656647603212,127.06279655296751,영업/정상,"서울특별시 강남구 테헤란로98길 28, 지상2층 1호 (대치동)"
선애밥,기타,37.50556051063917,127.05917008720354,영업/정상,서울특별시 강남구 테헤란로84길 25 (대치동)
청춘당 꽈배기 & 카페,기타,37.513199978188695,127.04302623965677,영업/정상,"서울특별시 강남구 선릉로 636, 지상1층 103호 (삼성동)"
마츄피츄(MACHUFFEECHU),기타,37.51367273570756,127.04102345584775,영업/정상,"서울특별시 강남구 선릉로121길 15, 1층 101호 (논현동)"
또보겠지떡볶이집 신사오후산책점,기타,37.51835623667749,127.02108554340754,영업/정상,"서울특별시 강남구 강남대로156길 24, 지상2층 202호 (신사동)"
신사술녀,기타,37.52363647494702,127.02300398732662,영업/정상,"서울특별시 강남구 논현로175길 75, 지상1층 104호 (신사동)"
규타로,기타,37.49335365084068,127.05987966149355,영업/정상,"서울특별시 강남구 남부순환로 2921 (대치동,남서울 종합시장154호)"
옛날농장,기타,37.507963970378654,127.02390860006382,영업/정상,"서울특별시 강남구 학동로2길 57, 지상1층,2층 (논현동)"
목포명가 봉은사역점,기타,37.515681047877635,127.06543379305822,영업/정상,"서울특별시 강남구 봉은사로111길 6, 지상1층 (삼성동)"
라브리크,기타,37.50238448218391,127.02791559542456,영업/정상,"서울특별시 강남구 봉은사로18길 66, 지상1층,지상2층 (역삼동)"
원조마포소금구이,기타,37.50618613747543,127.06004229353506,영업/정상,"서울특별시 강남구 테헤란로88길 22, 지상2층 (대치동)"
커피스미스 주식회사,기타,37.49689401217254,127.04196332649293,영업/정상,"서울특별시 강남구 역삼로 230, 지상1층 (역삼동)"
일공중식,기타,37.515985957779286,127.06520749427361,영업/정상,"서울특별시 강남구 영동대로112길 61, 지상2층 (삼성동)"
카페아리,기타,37.4865168787329,127.05188290856825,영업/정상,"서울특별시 강남구 언주로 118, 1층 123호 (도곡동, 우성캐릭터199)"
무안회관 청담점,기타,37.52143869062705,127.04059929112857,영업/정상,"서울특별시 강남구 선릉로 748 (청담동,현대상가지상1층)"
처음처럼,기타,37.494975045523205,127.03938390725948,영업/정상,"서울특별시 강남구 논현로 333 (역삼동,지하1층1호)"
봉(bong) 강남본점,기타,37.49992722574058,127.02789743154912,영업/정상,서울특별시 강남구 강남대로96길 11 (역삼동)
강남면옥,기타,37.52145195494786,127.03093456943903,영업/정상,"서울특별시 강남구 논현로152길 34 (신사동,지상1층)"
참고을,기타,37.48980617226732,127.0340618613565,영업/정상,"서울특별시 강남구 도곡로6길 6 (도곡동,지하1층)"
내림손 삼계탕,기타,37.49852510475672,127.03849733093963,영업/정상,"서울특별시 강남구 논현로 428 (역삼동,지상1층)"
해피데이푸드,기타,37.48489621730933,127.09067764740408,영업/정상,"서울특별시 강남구 광평로31길 27 (수서동,삼성아파트상가 지하1층 12호)"
풍천장어,기타,37.508965074192005,127.02316898429882,영업/정상,서울특별시 강남구 학동로2길 40 (논현동)
캘리포니아치킨,기타,37.52186112995668,127.01991423743188,영업/정상,서울특별시 강남구 압구정로4길 12 (신사동)
프로마치 논현 언주역점,기타,37.50746912566449,127.03169163267562,영업/정상,"서울특별시 강남구 논현로111길 22, 지상1층 101호 (논현동)"
폰티라운지(FonTii Lounge),기타,37.51846094286818,127.03957271314488,영업/정상,"서울특별시 강남구 선릉로135길 13, 지상1층 (논현동)"
논현삼겹,기타,37.515961389024234,127.03109913288449,영업/정상,"서울특별시 강남구 논현로136길 12, 지상1층 101호 (논현동)"
토로노,기타,37.500854070936875,127.05836351235334,영업/정상,"서울특별시 강남구 삼성로67길 13 (대치동,리치캐슬1층)"
프로간장새우 1호점,기타,37.508054346346086,127.0246204133409,영업/정상,"서울특별시 강남구 강남대로122길 20 (논현동,지상1층)"
다래원,기타,37.52469090806018,127.04558566747251,영업/정상,"서울특별시 강남구 압구정로80길 15, 지상1,2층 (청담동)"
메이트재즈,기타,37.52243041770107,127.04369993569742,영업/정상,"서울특별시 강남구 선릉로148길 52-10, 지하1층 (청담동)"
에슬로우 도산대로점,기타,37.51949678874193,127.02909106158279,영업/정상,"서울특별시 강남구 도산대로30길 4, 지상1층 (논현동)"
남포면옥,기타,37.51556821133409,127.03421968975441,영업/정상,서울특별시 강남구 학동로 231 (논현동)
비스트로 논현,기타,37.508766489018015,127.02604782249499,영업/정상,"서울특별시 강남구 강남대로122길 39, 지상1층 101호 (논현동)"
전주해산물,기타,37.49161420575852,127.03335101537587,영업/정상,서울특별시 강남구 도곡로3길 20-10 (주)에코사랑공유키친 104호 (역삼동)
그린스티치,기타,37.52139190588777,127.02316456303512,영업/정상,"서울특별시 강남구 논현로159길 65, 지상2층 (신사동)"
두루두루,기타,37.508818225354695,127.03772702777238,영업/정상,"서울특별시 강남구 언주로 601, 파크랜드빌딩 지하1층 7호,8호 (논현동)"
딸부자네 불백 가로수길점,기타,37.52114059422402,127.02224286387481,영업/정상,"서울특별시 강남구 압구정로10길 37 (신사동,지하1층)"
구슬함박 가로수점,기타,37.5179195948204,127.02300752530516,영업/정상,"서울특별시 강남구 도산대로 133, 지상3층 (신사동)"
에슬로우 선릉1호점,기타,37.506765184992176,127.04808443368391,영업/정상,"서울특별시 강남구 선릉로 524, 1층 102호 (삼성동, 선릉대림아크로텔)"
호랑이 식당,기타,37.503480212731915,127.02633559468741,영업/정상,"서울특별시 강남구 봉은사로4길 20, 1층 (역삼동)"
밥플,기타,37.50085838008427,127.04058796164693,영업/정상,"서울특별시 강남구 언주로85길 32, 역삼역센트럴푸르지오 지하1층 B116A호 CA18호 (역삼동)"
손국시,기타,37.5211699675395,127.0351482069724,영업/정상,"서울특별시 강남구 언주로150길 9 (논현동,1층)"
(주)브로젝스,기타,37.504202866095845,127.02511409702076,영업/정상,"서울특별시 강남구 강남대로 468, 지하3층 (역삼동)"
남도식당,기타,37.490898450733866,127.03342945307666,영업/정상,"서울특별시 강남구 강남대로62길 23, 지하1층 (역삼동)"
상상오리 역삼점,기타,37.49300157535366,127.0391171527819,영업/정상,"서울특별시 강남구 논현로63길 16, 지상2층 208호 (역삼동, 강남서해그랑블)"
청담각 짜장짬뽕전문점,기타,37.50643446378827,127.03961278252326,영업/정상,"서울특별시 강남구 테헤란로39길 65, 청담빌딩 지하1층 (역삼동)"
윤미식당,기타,37.52410789202617,127.02344028434993,영업/정상,"서울특별시 강남구 논현로175길 68, 지상1층 12호 (신사동)"
혜미네 떡볶이랑 닭발,기타,37.49719864467992,127.05167067843828,영업/정상,"서울특별시 강남구 선릉로63길 7, 지상1층 5호 (역삼동)"
호샤퀴테리에,기타,37.50085838008427,127.04058796164693,영업/정상,"서울특별시 강남구 언주로85길 32, 역삼역센트럴푸르지오 지상1층 101호, 102호 (역삼동)"
판교집 학동직영점,기타,37.51274679548036,127.02847508249083,영업/정상,"서울특별시 강남구 학동로 158, 율암빌딩 지하1층 106호 (논현동)"
황태마을,기타,37.50532245554183,127.05496289749743,영업/정상,"서울특별시 강남구 테헤란로78길 14-6, 지하1층 (대치동)"
선릉역매운떡볶이 역삼점,기타,37.50077435892257,127.03339495737215,영업/정상,서울특별시 강남구 강남대로94길 75 (역삼동)
코마하,기타,37.485573232239524,127.0372861223478,영업/정상,"서울특별시 강남구 남부순환로361길 7, 리치원룸텔 지하1층 B1호 (도곡동)"
라살사,기타,37.52519500401552,127.02505142303775,영업/정상,"서울특별시 강남구 압구정로 148 (신사동,지하1층)"
청년감자탕순대국 선릉점,기타,37.505478447086325,127.04662664525593,영업/정상,서울특별시 강남구 테헤란로53길 17 (역삼동)
아토커피 논현점,기타,37.511610930832525,127.02731468561805,영업/정상,"서울특별시 강남구 학동로18길 18, 101호 (논현동)"
양산도 도곡점,기타,37.48928307112221,127.05280405331841,영업/정상,"서울특별시 강남구 남부순환로 2806, 군인공제회관 지하1층 일부호 (도곡동)"
맛있는돈까스,기타,37.49432938220161,127.08238249890054,영업/정상,"서울특별시 강남구 개포로 638 (일원동,지상1층)"
땡초불닭발 동대문엽기떡볶이(역삼점),기타,37.50336394588969,127.03906994077455,영업/정상,"서울특별시 강남구 테헤란로33길 24, 2층 (역삼동)"
덱52(DECK52),기타,37.52514560804954,127.03868610293449,영업/정상,"서울특별시 강남구 도산대로53길 29, 지하1층 (신사동)"
로이파스타 강남점,기타,37.49485748877768,127.03457956384428,영업/정상,"서울특별시 강남구 역삼로11길 10, 1층 01호 (역삼동)"
주식회사 디오피피 논현직영점,기타,37.51693098772704,127.02552846539295,영업/정상,"서울특별시 강남구 논현로145길 40-3, 지상1층 101호 (논현동)"
키와미,기타,37.46679616270798,127.0990585367774,영업/정상,"서울특별시 강남구 헌릉로569길 25, 지상1층 (세곡동)"
(주)커피빈코리아삼성봉은사거리점,기타,37.5145802961981,127.0594833571263,영업/정상,"서울특별시 강남구 영동대로 607, 랜드마크빌딩 지상1,2층 (삼성동)"
바로푸드,기타,37.505947435295354,127.03718684473424,영업/정상,"서울특별시 강남구 언주로103길 35, 지하1층 101호 (역삼동)"
코르트사이드바(Courte Sidebar),기타,37.523895546704026,127.03782261080207,영업/정상,"서울특별시 강남구 도산대로51길 13, 주현빌딩 지상1층 3호,4호 (신사동)"
스탠다드브레드 cafe,기타,37.52404022964691,127.03828051069968,영업/정상,"서울특별시 강남구 도산대로53길 13, 지상2층~지상4층 (신사동)"
청담제이앤제이(청담j&j),기타,37.525024533913715,127.0498233941262,영업/정상,"서울특별시 강남구 압구정로79길 32, 지상1층 105호 (청담동)"
맹그르브 삼겹살,기타,37.508779920019236,127.02350574790998,영업/정상,서울특별시 강남구 학동로2길 43 (논현동)
벨라 꼬모,기타,37.517218098643795,127.03804913861255,영업/정상,"서울특별시 강남구 언주로134길 31 (논현동,지상1층)"
코자차,기타,37.520883409115655,127.05520657630028,영업/정상,"서울특별시 강남구 학동로97길 17, 지상1층 (청담동)"
대흥정,기타,37.48593950493941,127.09953380574558,영업/정상,"서울특별시 강남구 광평로46길 5-4, 지상2층 (수서동)"
탐라도야지,기타,37.51106940994666,127.0557154035239,영업/정상,"서울특별시 강남구 삼성로104길 13, 지상1층 (삼성동)"
(주)뚜또베네,기타,37.52573369408599,127.04711018816555,영업/정상,"서울특별시 강남구 압구정로77길 5 (청담동,지상1층)"
유쾌한접시,기타,37.517953901395494,127.0212921631799,영업/정상,"서울특별시 강남구 압구정로2길 60 (신사동,지상1층101호)"
올리앤아보,기타,37.49772601279262,127.0292970420504,영업/정상,"서울특별시 강남구 테헤란로4길 6, 강남역 센트럴 푸르지오 시티 지하1층 B109호 (역삼동)"
주식회사 하바네로디아이피,기타,37.521510687420175,127.03608072725885,영업/정상,"서울특별시 강남구 도산대로46길 8, 디아이빌딩 지상1층 (논현동)"
앵그리누들,기타,37.49616506693247,127.03069157361563,영업/정상,"서울특별시 강남구 테헤란로4길 35, 지상1층 101호 (역삼동)"
팔일삼2,기타,37.51781405147132,127.02229858438302,영업/정상,"서울특별시 강남구 도산대로11길 5 (신사동,1층)"
짝태앤노가리,기타,37.494271986242055,127.03697638681597,영업/정상,"서울특별시 강남구 논현로71길 31 (역삼동,1층)"
대명참치,기타,37.50526841360638,127.04803819819175,영업/정상,"서울특별시 강남구 선릉로93길 5, 지상2층 (역삼동, 대명빌딩)"
파티팡강남점,기타,37.50721084648276,127.03246139767424,영업/정상,"서울특별시 강남구 봉은사로 169, 지상1층 (논현동)"
(주)더휴컨벤션,기타,37.50555587736688,127.05021093352275,영업/정상,"서울특별시 강남구 테헤란로 407, 지상2,3층 (삼성동, 이케이타워)"
주식회사 쇼미더크랩 압구정점,기타,37.525286616049904,127.02702312437053,영업/정상,"서울특별시 강남구 압구정로28길 22-6, 지상1층 (신사동)"
미노센,기타,37.51090723590965,127.05590729367731,영업/정상,"서울특별시 강남구 삼성로104길 14, 1층 (삼성동)"
60계 개포점,기타,37.48867399853818,127.06680617836673,영업/정상,"서울특별시 강남구 삼성로 38, 개포빌딩 1층 115호 (개포동)"
호미곶,기타,37.4913339351556,127.03847702930521,영업/정상,"서울특별시 강남구 도곡로 174 (도곡동,한성빌딩1층)"
케이라운지(K.lounge),기타,37.515878938837666,127.02942597171696,영업/정상,"서울특별시 강남구 도산대로28길 55, 지하1층 (논현동)"
다원,기타,37.52532523242768,127.04877772014677,영업/정상,"서울특별시 강남구 압구정로79길 19, 레인 에비뉴 지상6층 (청담동)"
비케이,기타,37.513868735751664,127.0401785696229,영업/정상,"서울특별시 강남구 선릉로121길 29, 1층 일부호 (논현동)"
뱅 114,기타,37.52198351780618,127.04031321417244,영업/정상,"서울특별시 강남구 도산대로56길 16 (청담동,지상2층)"
타우너스(TOWNERS),기타,37.49843967149413,127.03985575666563,영업/정상,"서울특별시 강남구 테헤란로28길 41, 지상1층 (역삼동)"
삼성리,기타,37.511671433297145,127.05693910012657,영업/정상,"서울특별시 강남구 봉은사로86길 28, 지상1층 (삼성동)"
가연국시,기타,37.504893261341685,127.04611975814163,영업/정상,"서울특별시 강남구 테헤란로51길 15, 지상1층 (역삼동, 남경선능빌딩)"
임자,기타,37.51375949711448,127.04140752538642,영업/정상,"서울특별시 강남구 선릉로121길 11, 향원빌딩 102호 (논현동)"
프로티너(PROTEINER) 강남역점,기타,37.49486229683894,127.03035769101466,영업/정상,"서울특별시 강남구 강남대로78길 12, 예미프레스티지 지상1층 101호 중 102호 (역삼동)"
긱스 GYCS,기타,37.516258014970106,127.05969098605185,영업/정상,"서울특별시 강남구 영동대로 626, GNG 병원 빌딩 지상1층 (삼성동)"
화이브 앤 투 버거 FIVE-N-TWO BURGER,기타,37.51001850960684,127.03477713065826,영업/정상,"서울특별시 강남구 봉은사로33길 33, 양지직매상가 지하1층 3호 (논현동)"
비스포킷 까사 논현점,기타,37.508459216636076,127.03470271475392,영업/정상,"서울특별시 강남구 봉은사로29길 10, 1~2층 (논현동)"
티톨로(titolo),기타,37.526691974380896,127.0430842642103,영업/정상,"서울특별시 강남구 선릉로162길 27-3, 지상1층 (청담동)"
담미온,기타,37.50810426476696,127.06503069955082,영업/정상,서울특별시 강남구 영동대로86길 11 (대치동)
어제 연 청담,기타,37.52532523242768,127.04877772014677,영업/정상,"서울특별시 강남구 압구정로79길 19, 레인 에비뉴 지상2층 201호 (청담동)"
야키토리찬,기타,37.50378826579721,127.03632943714281,영업/정상,"서울특별시 강남구 논현로98길 7, 지상2층 (역삼동)"
마라의신 대치점,기타,37.50083587947906,127.05362108980161,영업/정상,"서울특별시 강남구 역삼로70길 10, 지상1층 101호 (대치동)"
끌로에,기타,37.52187754143887,127.04254881638356,영업/정상,"서울특별시 강남구 선릉로146길 33, 지하1층 (청담동)"
동보성,기타,37.495135718770165,127.08483624802453,영업/정상,"서울특별시 강남구 개포로 660, 지상1층 105호 (일원동)"
센야,기타,37.49575647673143,127.03362981113762,영업/정상,"서울특별시 강남구 역삼로9길 25, 지상1층 (역삼동)"
노블 테이블,기타,37.51509246318964,127.0502603096249,영업/정상,"서울특별시 강남구 삼성로115길 20-10, 지하1층 (삼성동)"
살루쪼(Saluzzo),기타,37.511298249942456,127.04543889404933,영업/정상,"서울특별시 강남구 봉은사로57길 6, 지상1층 101호 (삼성동)"
참치21,기타,37.49539989631866,127.03040580524147,영업/정상,"서울특별시 강남구 테헤란로4길 46 (역삼동,쌍용플래티넘밸류 지상1층 110호)"
타이키,기타,37.52030492749592,127.02414633251954,영업/정상,"서울특별시 강남구 논현로153길 51, 1층 102호 (신사동)"
지오바네(giovane),기타,37.50372447070737,127.03611987871577,영업/정상,"서울특별시 강남구 논현로98길 5, 지상1층 (역삼동)"
목탄장 도산점,기타,37.52596184377199,127.03764919825417,영업/정상,"서울특별시 강남구 선릉로157길 23-4, 지상1층 (신사동)"
삼봉푸줏간 청담직영점,기타,37.52668782359222,127.0409508588538,영업/정상,"서울특별시 강남구 도산대로55길 47, 지상1층 (청담동)"
라임,기타,37.50723712068329,127.03689195255562,영업/정상,"서울특별시 강남구 언주로107길 29 (역삼동,지하1층)"
국민한우집 삼성역점(구 칠프로칠백식당 포스코점),기타,37.506237933573196,127.05812932534181,영업/정상,서울특별시 강남구 테헤란로82길 11 (대치동)
그린하우스,기타,37.515555544711106,127.04236734449843,영업/정상,서울특별시 강남구 선릉로 660 (삼성동)
칠링 신사(Chilling),기타,37.51870638395954,127.02013870595894,영업/정상,"서울특별시 강남구 도산대로1길 26-5, 지상1층 101호 (신사동)"
소보키 강남점,기타,37.50157216815195,127.02737363164229,영업/정상,"서울특별시 강남구 봉은사로18길 80 (역삼동,지하1층)"
언양불고기함흥면옥,기타,37.48551827854156,127.03706994739447,영업/정상,서울특별시 강남구 남부순환로359길 6 (도곡동)
ETHOS 압구정,기타,37.52181933839933,127.02866217742464,영업/정상,"서울특별시 강남구 논현로154길 5, 신사동 빌딩 지상5층 (신사동)"
꿈꾸는애벌레,기타,37.49738559585963,127.0578588418394,영업/정상,"서울특별시 강남구 삼성로57길 40 (대치동,지상1층)"
판도라,기타,37.5221463150015,127.02294827840254,영업/정상,서울특별시 강남구 압구정로12길 27 (신사동)
나주곰탕,기타,37.50115869863675,127.03495268304046,영업/정상,"서울특별시 강남구 강남대로94길 95 (역삼동,(지하1층))"
국빈,기타,37.48433040983875,127.04450961847618,영업/정상,"서울특별시 강남구 논현로30길 32 (도곡동,1층)"
플로리안 카페,기타,37.4865168787329,127.05188290856825,영업/정상,"서울특별시 강남구 언주로 118, 지하1층 2호 중 일부호 (도곡동, 우성캐릭터199)"
후로팅(Floating),기타,37.50570189223452,127.05155068061808,영업/정상,"서울특별시 강남구 테헤란로 415, 10층 (삼성동)"
센티맷,기타,37.48398215502074,127.0462045224354,영업/정상,"서울특별시 강남구 남부순환로378길 34-10, 지상1층 (도곡동)"
지호네 집밥,기타,37.472668962067125,127.05139578269882,영업/정상,"서울특별시 강남구 논현로4길 14, 지상1층 (개포동)"
카페 정원,기타,37.50140672085079,127.05532168673038,영업/정상,"서울특별시 강남구 역삼로74길 7, 지상1층 103호 (대치동, 송암빌딩)"
카츠선명,기타,37.51163793864206,127.05335867357327,영업/정상,"서울특별시 강남구 삼성로107길 6, 지상1층 (삼성동)"
걸신맛집,기타,37.496723594024765,127.03128680195059,영업/정상,"서울특별시 강남구 테헤란로6길 29, 지상1층 (역삼동)"
(주)미미미 가든,기타,37.52383357781467,127.04111306668356,영업/정상,"서울특별시 강남구 도산대로 417, 지하1층,지하2층,지하3층 (청담동)"
생선지존 진땡이,기타,37.514260330991824,127.06437344407452,영업/정상,"서울특별시 강남구 영동대로106길 41, 1층 (삼성동)"
키친랩가로수길점,기타,37.52163328387136,127.02178850596196,영업/정상,"서울특별시 강남구 압구정로10길 30-1, 지상1,2층 (신사동)"
엔646,기타,37.511506251474906,127.03253585354871,영업/정상,"서울특별시 강남구 논현로 646, 단산논현빌딩 지상1층 (논현동)"
스시Sushi 702,기타,37.52448385915118,127.02773240910022,영업/정상,"서울특별시 강남구 압구정로28길 31, 지하1층 (신사동)"
카페751,기타,37.50588973059903,127.02822289991634,영업/정상,"서울특별시 강남구 봉은사로 129, 지하1층 (논현동, 거평타운)"
르브런쉭,기타,37.50285547746765,127.05916776501988,영업/정상,"서울특별시 강남구 삼성로 350, 지상1층 (대치동)"
비에이치씨(bhc)일원점,기타,37.49292489991673,127.08482412405046,영업/정상,"서울특별시 강남구 일원로3길 63, 1층 (일원동, 옐로우하우스)"
바나프레소 선릉역점,기타,37.50460502541753,127.04670824779495,영업/정상,"서울특별시 강남구 테헤란로51길 7, 수지빌딩 지상1층 103호 (역삼동)"
경양식당임정훈,기타,37.49702710547764,127.02976901919028,영업/정상,"서울특별시 강남구 강남대로84길 15, 1층 112,113호 (역삼동)"
김씨네식당,기타,37.52274130498671,127.03498355025565,영업/정상,"서울특별시 강남구 언주로152길 16, 지하1층 (신사동)"
계몽돈까스,기타,37.4967535297312,127.04506895370072,영업/정상,서울특별시 강남구 언주로 323 (역삼동)
이태리부대찌개 삼성봉은사역점,기타,37.514589639738766,127.06503812456874,영업/정상,"서울특별시 강남구 봉은사로112길 6, 지상1층 (삼성동)"
소문난바지락칼국수,칼국수,37.50047937470905,127.05969016147895,영업/정상,"서울특별시 강남구 삼성로 321 (대치동,지상1층)"
김밥카페,기타,37.50385994932464,127.04315978724321,영업/정상,"서울특별시 강남구 언주로 508 (역삼동,지하1층)"
생선이야기,기타,37.51482741825081,127.03915165556431,영업/정상,"서울특별시 강남구 학동로46길 23 (논현동,지하1층)"
언더라인(UNDERLINE),기타,37.506392686563025,127.05836135483119,영업/정상,"서울특별시 강남구 테헤란로84길 12, KR빌딩 지하1층 101호 (대치동)"
연남해장국,기타,37.49702710547764,127.02976901919028,영업/정상,"서울특별시 강남구 강남대로84길 15, 지하1층 B110호 (역삼동)"
알렉스의 맛있는 초밥,기타,37.50070247992649,127.05401209930554,영업/정상,"서울특별시 강남구 선릉로72길 34, 지하1층 4호 (대치동)"
강남철판,기타,37.49240903545035,127.03202358981508,영업/정상,"서울특별시 강남구 역삼로4길 16 (역삼동,성우스타우스지하1층10호)"
우루후,기타,37.52203508271263,127.04184349233772,영업/정상,"서울특별시 강남구 선릉로146길 25, 유현빌딩 지상1층 (청담동)"
수목금토,기타,37.51453004397187,127.02548495751756,영업/정상,"서울특별시 강남구 강남대로136길 63, 지하1층 (논현동)"
끼니앤 화덕피자와 샐러드(논현점),기타,37.51110656604945,127.02704571493373,영업/정상,"서울특별시 강남구 강남대로124길 67, 지상1층 (논현동)"
오쭈 강남점,기타,37.503144518882465,127.02678433642991,영업/정상,"서울특별시 강남구 강남대로106길 15, 2층 (역삼동)"
베이스먼트원,기타,37.52686435589785,127.04006128549837,영업/정상,"서울특별시 강남구 선릉로 837, 삼희빌딩 지하1층 (신사동)"
키노이에 파티,기타,37.52342120854863,127.04543538177178,영업/정상,"서울특별시 강남구 도산대로72길 8, 지하1층,지상1,2층 (청담동)"
논현감자탕,기타,37.51559687027664,127.03501597471347,영업/정상,"서울특별시 강남구 학동로 235, 2층 (논현동)"
로젯런던베이글,기타,37.503216398695066,127.03914120847568,영업/정상,"서울특별시 강남구 테헤란로33길 20, 1층 (역삼동)"
통큰덮밥,기타,37.5110682782022,127.02622060403792,영업/정상,"서울특별시 강남구 학동로12길 21, 지하1층 107호 (논현동)"
엔바이콘,기타,37.516955258051105,127.02316613883542,영업/정상,"서울특별시 강남구 논현로149길 66, 지하1,2층 (논현동)"
피자아이,기타,37.5037072874986,127.03736054710122,영업/정상,"서울특별시 강남구 테헤란로27길 36, 지하1층 (역삼동)"
동해,기타,37.47492825526068,127.04788895632704,영업/정상,"서울특별시 강남구 논현로 48, 지상1층 (개포동)"
스토리,기타,37.49260577624084,127.03448688168753,영업/정상,"서울특별시 강남구 도곡로7길 28 (역삼동,우정빌딩지하1층)"
케이제이푸드,기타,37.49942728561998,127.04469803872237,영업/정상,"서울특별시 강남구 언주로 408, 역삼자이 지하1층 B13호 (역삼동)"
쿤쏨차이,기타,37.49943859843933,127.03509751457345,영업/정상,"서울특별시 강남구 논현로87길 19, 지상2층 (역삼동)"
비비큐 강남점,기타,37.494810398492454,127.03096177070198,영업/정상,"서울특별시 강남구 역삼로3길 19, 지상1층 (역삼동)"
로얄 수제돈까스,기타,37.50738591198661,127.06164741995701,영업/정상,"서울특별시 강남구 영동대로85길 20-7, 지상2층 (대치동)"
이자카야 코코(IZAKAYA KOKO),기타,37.50334176012795,127.02612452495529,영업/정상,"서울특별시 강남구 봉은사로2길 21, 반석빌딩 지상2층 (역삼동)"
유성칼국수,칼국수,37.498845370103105,127.06237146619686,영업/정상,"서울특별시 강남구 삼성로58길 13 (대치동,지상1층)"
이자까야 탄,기타,37.49655499809697,127.0296352893822,영업/정상,"서울특별시 강남구 테헤란로2길 27, 패스트파이브빌딩 지상2층 201호 (역삼동)"
다다돈까스,기타,37.50887923270901,127.03564076044769,영업/정상,"서울특별시 강남구 봉은사로33길 12 (논현동,지상1층)"
(주)새벽집,기타,37.525518401652164,127.05290596961912,영업/정상,"서울특별시 강남구 도산대로101길 6, 지하1층, 지상1층 (청담동)"
스핀(SPINN),기타,37.52655692806336,127.03871279019167,영업/정상,"서울특별시 강남구 선릉로157길 14-7, 압구정빌딩 지하1층 (신사동)"
에스프레소,기타,37.519200533842984,127.05078483421119,영업/정상,"서울특별시 강남구 학동로 503, 한성빌딩 1층 107호 (청담동)"
하나마토 논현점,기타,37.50941955444498,127.02320979252599,영업/정상,"서울특별시 강남구 학동로2길 31, 1층 (논현동)"
도직한우,기타,37.52479736015834,127.04916841059506,영업/정상,"서울특별시 강남구 도산대로 511, 지상2층 (청담동)"
옹달샘,기타,37.505226819155546,127.04913772781353,영업/정상,"서울특별시 강남구 선릉로92길 6, 지상 8,9,10층 (삼성동)"
가나돈가스,기타,37.50990222868011,127.03773037478281,영업/정상,"서울특별시 강남구 언주로 608, 1층 102호 (논현동)"
덴키라멘(DENKI RAMEN),기타,37.48491542404559,127.04511116872682,영업/정상,"서울특별시 강남구 논현로30길 43, 지상1층 (도곡동)"
이코이,기타,37.494062179415856,127.04322649495501,영업/정상,"서울특별시 강남구 논현로64길 33, 한호빌딩 지상1층 1호 (역삼동)"
스시사이토 쥬욘,기타,37.52759455895129,127.04776548309219,영업/정상,"서울특별시 강남구 압구정로75길 30, 지상2층 (청담동)"
삼청골명가 더수제비 선릉점,기타,37.50489781947753,127.04393927690877,영업/정상,"서울특별시 강남구 언주로98길 25, 청담빌딩 지상2층 (역삼동)"
술속의밤 더블랙 압구정 직영점,기타,37.519520903412854,127.02631691625444,영업/정상,"서울특별시 강남구 도산대로 163, 현대오일뱅크 지하1층 (신사동)"
금용,기타,37.51201829349466,127.047334326623,영업/정상,서울특별시 강남구 선릉로112길 46 (삼성동)
엠티니스,기타,37.50663660878769,127.04976957312424,영업/정상,"서울특별시 강남구 선릉로100길 32, 1층 101호 (삼성동)"
(주)담희-2지점,기타,37.50149839760205,127.03167921101468,영업/정상,"서울특별시 강남구 테헤란로13길 29, 나동 지상1층 102호 (역삼동)"
너무한육회연어,기타,37.499607886519996,127.02754635283728,영업/정상,"서울특별시 강남구 테헤란로1길 19 (역삼동,지하2층)"
뉴욕바,기타,37.49676253906206,127.03059210212439,영업/정상,"서울특별시 강남구 강남대로84길 24-4, 지하1층 (역삼동)"
라모따,기타,37.52040479100007,127.02387428197254,영업/정상,"서울특별시 강남구 논현로153길 54, 서현빌딩 지상1층 (신사동)"
얼큰이찌개마을,기타,37.49582964016155,127.0398367752478,영업/정상,"서울특별시 강남구 역삼로 204, 지하1층 B06호 (역삼동)"
산호골,기타,37.510388992730235,127.05340584497014,영업/정상,"서울특별시 강남구 삼성로103길 12, 지하1층 108호 (삼성동)"
스내치,기타,37.51665984851596,127.0376165595831,영업/정상,서울특별시 강남구 학동로45길 3-4 (논현동)
광복집,기타,37.50042607549025,127.03272245830033,영업/정상,"서울특별시 강남구 테헤란로13길 8-3, 지하1층 (역삼동)"
주식회사 청담항,기타,37.52307027938689,127.05647710767201,영업/정상,"서울특별시 강남구 영동대로138길 9, 지상2층 202호 (청담동)"
청담이상,기타,37.50110606086383,127.0271589374574,영업/정상,"서울특별시 강남구 테헤란로1길 42, 2,3층 (역삼동)"
제주도흑돼지,기타,37.51527213510413,127.0316024505796,영업/정상,서울특별시 강남구 논현로132길 13 (논현동)
양국,기타,37.50207035122867,127.0347031478318,영업/정상,"서울특별시 강남구 논현로95길 15, 지상1층 (역삼동)"
카페앤드케?孃판존?코,기타,37.50022225744473,127.029132846887,영업/정상,"서울특별시 강남구 테헤란로5길 24 (역삼동,지상1층)"
원조 초가집,기타,37.526366493959465,127.0395900569488,영업/정상,서울특별시 강남구 압구정로56길 22 (신사동)
요거트 아이스크림의 정석 역삼점,기타,37.49942728561998,127.04469803872237,영업/정상,"서울특별시 강남구 언주로 408, B18호 (역삼동)"
다시사랑한다면,기타,37.499425261075565,127.04389225980606,영업/정상,"서울특별시 강남구 언주로 407, 지상1층 103호 (역삼동)"
규돈,기타,37.503829327198936,127.05335653282225,영업/정상,"서울특별시 강남구 선릉로86길 44-4 (대치동,지상1층)"
어반플랜트 한남대교,기타,37.526663788621626,127.01918929992804,영업/정상,"서울특별시 강남구 강남대로 708, 한남대교 전망카페 3층,4층 (압구정동)"
칠리향 마라탕,기타,37.499102336545604,127.06040673426651,영업/정상,"서울특별시 강남구 삼성로 301, 하늘도시 지상1층 101호 (대치동)"
카페 이레,기타,37.511694746594785,127.06554042160637,영업/정상,"서울특별시 강남구 영동대로96길 37, 1층 105호 (삼성동)"
전주맛자랑,기타,37.51995394429284,127.02608538151469,영업/정상,서울특별시 강남구 논현로151길 26 (신사동)
보틀즈(The Bottles),기타,37.50830183536444,127.02410851322476,영업/정상,"서울특별시 강남구 학동로4길 50, 우영빌딩 지상1층 (논현동)"
84밥그리고안주,기타,37.49161420575852,127.03335101537587,영업/정상,"서울특별시 강남구 도곡로3길 20-10, 지상1층 117호 (역삼동)"
카페 팰리스(강남커피),기타,37.4865168787329,127.05188290856825,영업/정상,"서울특별시 강남구 언주로 118, 1층 123호 (도곡동, 우성캐릭터199빌딩)"
그곳에가면,기타,37.48266967257188,127.06182995445742,영업/정상,서울특별시 강남구 선릉로6길 10 (개포동)
유라,기타,37.48537773252112,127.03735342502934,영업/정상,"서울특별시 강남구 남부순환로 2629, 지하1층 1호 (도곡동)"
보이드,기타,37.52268194469149,127.04400858626387,영업/정상,"서울특별시 강남구 선릉로148길 52-5, 지하1층 (청담동)"
옛골 원조 양평해장국,기타,37.51416316608494,127.06350311528472,영업/정상,"서울특별시 강남구 영동대로106길 29 (삼성동,지상1층)"
소문난집 닭도리탕,기타,37.51589633428585,127.04228592729022,영업/정상,"서울특별시 강남구 선릉로 664, 건설빌딩 지상1층 110호 (삼성동)"
동경규동 대치학원가점,기타,37.49782644155704,127.05676753746786,영업/정상,"서울특별시 강남구 도곡로 423, 윤성빌딩 지상1층 102호, 103호 (대치동)"
택이네조개전골 서울삼성점,기타,37.51116766935622,127.05597378335374,영업/정상,"서울특별시 강남구 삼성로104길 17 (삼성동,지상1층)"
함초마을,기타,37.500428610603585,127.03432457576298,영업/정상,"서울특별시 강남구 테헤란로 139 (역삼동,지하1층)"
장어의전설,기타,37.506150371635925,127.02569020516349,영업/정상,"서울특별시 강남구 강남대로114길 17 (논현동,지상1층)"
대치동1타피자,기타,37.500470961513294,127.05755750321036,영업/정상,"서울특별시 강남구 도곡로77길 35, 지상1층 101호 (대치동)"
유정식당,기타,37.51838825770631,127.02807654110711,영업/정상,서울특별시 강남구 도산대로28길 14 (논현동)
로비,기타,37.512827961794066,127.02098936530088,영업/정상,서울특별시 강남구 강남대로 570 (논현동)
정돈식당,기타,37.48973757659607,127.08333821678531,영업/정상,서울특별시 강남구 일원로9길 22 (일원동)
초이스,기타,37.52643282852578,127.03846198590071,영업/정상,"서울특별시 강남구 선릉로157길 20-4 (신사동,지상1층)"
춘리마라탕 강남점,기타,37.50165239950277,127.02637492654759,영업/정상,"서울특별시 강남구 강남대로 438, 스타플렉스 지상3층 303호,304호 (역삼동)"
만경면옥,기타,37.52399053700674,127.04304823966655,영업/정상,"서울특별시 강남구 도산대로 431, 2층 (청담동)"
요리 다이닝(Yori dining),기타,37.51760357564272,127.02564794455202,영업/정상,"서울특별시 강남구 논현로149길 35, 지상3층 301-B호 (논현동)"
역삼주점,기타,37.500872031718735,127.03393789752137,영업/정상,"서울특별시 강남구 강남대로94길 83, 2층 일부호 (역삼동)"
카페더수(cafe.the.soo),기타,37.5041703720734,127.04641448782058,영업/정상,"서울특별시 강남구 테헤란로 323, 휘닉스오피스텔 지하1층 2-1,2-2호 (역삼동)"
한식밥상,기타,37.510739772550956,127.03521609311188,영업/정상,"서울특별시 강남구 봉은사로37길 41, 지하1층 1호 (논현동)"
우일숯불주물럭,기타,37.50927890746902,127.05694761532827,영업/정상,"서울특별시 강남구 테헤란로83길 29, 지상2층 (삼성동)"
퍼남사이곤,기타,37.517100335683764,127.03637145375059,영업/정상,서울특별시 강남구 언주로136길 10 (논현동)
원조해장촌 뼈구이한판 감자탕 선릉역점,기타,37.50358314622866,127.05206205552065,영업/정상,"서울특별시 강남구 선릉로86길 28, 지상3층 (대치동)"
육회2990,기타,37.50094918532847,127.03551808949534,영업/정상,"서울특별시 강남구 테헤란로 147, 성지하이츠Ⅱ 지하1층 5호 (역삼동)"
숯(SOOT),기타,37.51963455263233,127.02594162369621,영업/정상,"서울특별시 강남구 도산대로23길 7 (신사동,지상1층)"
압구정 씨네드쉐프,기타,37.524342594301,127.02941112493845,영업/정상,"서울특별시 강남구 압구정로30길 45 (신사동,지하4층)"
청춘짬뽕 삼공일공(3010),기타,37.49702710547764,127.02976901919028,영업/정상,"서울특별시 강남구 강남대로84길 15, 지하1층 (역삼동, 강남역 효성 해링턴타워 더퍼스트)"
미리내,기타,37.51216196911044,127.06534269224233,영업/정상,"서울특별시 강남구 봉은사로114길 42, 지상2층 204호 (삼성동)"
식스 나잇(Six night),기타,37.528508762667435,127.03500869205386,영업/정상,"서울특별시 강남구 언주로174길 13, 지하1층 (신사동)"
한울타리,기타,37.50716912341793,127.06221149103887,영업/정상,"서울특별시 강남구 영동대로85길 18 (대치동,지하1층)"
지에스엠테이블,기타,37.506947531944625,127.02506968834344,영업/정상,"서울특별시 강남구 강남대로118길 21, 석광빌딩 지하1층 (논현동)"
브라운 돈까스,기타,37.5059964006095,127.04849579639432,영업/정상,"서울특별시 강남구 선릉로 520, 지상2층 (삼성동)"
한앤둘치킨,기타,37.50192685601737,127.03608473882514,영업/정상,"서울특별시 강남구 논현로 509, 지하1층 (역삼동)"
크레용,기타,37.49116104786848,127.08143950248802,영업/정상,"서울특별시 강남구 일원로3길 8 (일원동,지하1층)"
스시 소우,기타,37.524606020762256,127.03987831265344,영업/정상,"서울특별시 강남구 선릉로 816, 지하1층 (청담동)"
和食光(코우),기타,37.504922261426145,127.04379216619454,영업/정상,서울특별시 강남구 언주로98길 23 (역삼동)
이아,기타,37.5162152337669,127.03625607093115,영업/정상,"서울특별시 강남구 학동로 305-5, 이아(oia)빌 지하2층 (논현동)"
신사HQ,기타,37.51903050670422,127.02174430810177,영업/정상,"서울특별시 강남구 강남대로156길 31-4, 지하1층 101호 (신사동, 축복하우스)"
발코니 키친(Balkony Kitchen),기타,37.482812057372044,127.04661959219165,영업/정상,"서울특별시 강남구 양재천로 193, 지상2층 (도곡동)"
영아곱삼,기타,37.478185626857105,127.0463394166796,영업/정상,서울특별시 강남구 논현로20길 18 (개포동)
키라메키(kirameki),기타,37.51808563126902,127.02822125660076,영업/정상,"서울특별시 강남구 도산대로28길 18 (논현동,지상1층)"
트라가 가로수길점,기타,37.520502095631116,127.01966606794943,영업/정상,"서울특별시 강남구 압구정로2길 18, 평원빌딩 지상1층 (신사동)"
정호정,기타,37.510536394657485,127.04306053458859,영업/정상,"서울특별시 강남구 봉은사로 333, 1층 102호의 일부호 (논현동, 선정릉역 모아엘가 퍼스트 홈)"
에이지 R&D_ LAB,기타,37.52628638911268,127.03533818821016,영업/정상,"서울특별시 강남구 언주로168길 21, 지상3층 (신사동)"
원당골,기타,37.497047180059134,127.03783484770909,영업/정상,"서울특별시 강남구 논현로77길 8 (역삼동,지상1층)"
몰트앤캐스크 malt and cask,기타,37.5223050100243,127.05773590499582,영업/정상,"서울특별시 강남구 학동로101길 26, 청담 삼익상가 지상1층 163호 (청담동)"
미향,기타,37.4988386905832,127.03347860859152,영업/정상,"서울특별시 강남구 논현로87길 41 (역삼동,신일유토빌지상1층110-2호)"
시나브로,기타,37.48899883001656,127.06824153240083,영업/정상,"서울특별시 강남구 개포로82길 9-15, 지상1층 101호 (개포동)"
기네스72 삼성,기타,37.5114023119571,127.05658037053881,영업/정상,"서울특별시 강남구 삼성로104길 23, 지하1층 (삼성동)"
오늘은 볶음우동 강남본점,기타,37.520596449100715,127.0384692755449,영업/정상,"서울특별시 강남구 언주로146길 46, 지상1층 101호 (논현동)"
부활스토리,기타,37.50088345665304,127.02748482594296,영업/정상,"서울특별시 강남구 강남대로98길 11 (역삼동,지상3층)"
부잣집,기타,37.508309623862864,127.03234786209383,영업/정상,"서울특별시 강남구 봉은사로25길 18 (논현동,지상1층)"
(주)청담푸드빌(청담복집)(신의주찹쌀순대),기타,37.52246102903901,127.05512026763388,영업/정상,서울특별시 강남구 영동대로 725 (청담동)
벨라식스,기타,37.490904567885465,127.03248509962211,영업/정상,"서울특별시 강남구 도곡로1길 14, 삼일프라자오피스텔 지하1층 4호 (역삼동)"
어텀,기타,37.5091489812138,127.05698866850551,영업/정상,"서울특별시 강남구 삼성로96길 15, 지하1층 (삼성동)"
밸런스포인트 선릉점,기타,37.50586602497383,127.04714841543503,영업/정상,"서울특별시 강남구 테헤란로55길 20, 지상1층 (역삼동)"
둘둘치킨호프,기타,37.497819991317705,127.05460201155982,영업/정상,"서울특별시 강남구 도곡로63길 12 (대치동,지상1층101호)"
루팡,기타,37.52639160022508,127.04075901568879,영업/정상,"서울특별시 강남구 선릉로160길 5, 1층 (청담동)"
강남부엌,기타,37.47731901228869,127.0485233626915,영업/정상,"서울특별시 강남구 개포로22길 26, 지상1층 101호 (개포동)"
더이삭플라워,기타,37.49565692105216,127.04560671642466,영업/정상,"서울특별시 강남구 언주로 313, 지상1층 102호 (역삼동)"
오베로,기타,37.50831384510651,127.06546765925698,영업/정상,"서울특별시 강남구 영동대로86길 17 (대치동,지하1층)"
무궁화반점 강남점,기타,37.49895594754231,127.0282255695798,영업/정상,"서울특별시 강남구 테헤란로1길 10, 지상1층 (역삼동)"
육연타,기타,37.49117440303462,127.03455784888655,영업/정상,"서울특별시 강남구 도곡로7길 7, 지하1층 B01호 (역삼동)"
비트마이닝커피,기타,37.520490440915296,127.02012976270201,영업/정상,"서울특별시 강남구 압구정로2길 21, 지상1층 (신사동)"
우신설농탕,기타,37.51701199334649,127.0208477338803,영업/정상,서울특별시 강남구 도산대로 113 (신사동)
예향,기타,37.495023163655446,127.08449085116592,영업/정상,"서울특별시 강남구 개포로 656 (일원동,(지상1층))"
백년그집,기타,37.49870082171724,127.06806830868007,영업/정상,"서울특별시 강남구 영동대로 221, 지하1층 107호 (대치동, 서림상가)"
커피빈 압구정로데오2호점,기타,37.52635283091536,127.03818455703062,영업/정상,"서울특별시 강남구 선릉로157길 22, 지상2층 (신사동)"
샹츠마라 압구정점,기타,37.52572501423883,127.02741383446067,영업/정상,"서울특별시 강남구 논현로171길 12, 지상2층 (신사동)"
레빗비어(rabbit beer),기타,37.5225886565025,127.03238990270563,영업/정상,"서울특별시 강남구 언주로153길 9, 지하1층 (신사동)"
산동교자관,기타,37.52795304265197,127.03076957910137,영업/정상,"서울특별시 강남구 압구정로 214 (신사동,지상1층110호)"
리커피 로스터스(Re coffee roasters),기타,37.51216196911044,127.06534269224233,영업/정상,"서울특별시 강남구 봉은사로114길 42, 지상1층 103호 (삼성동)"
동막촌,기타,37.519487069138464,127.03065207653503,영업/정상,서울특별시 강남구 논현로150길 26 (논현동)
거나하게,기타,37.49137327141994,127.0325245061568,영업/정상,"서울특별시 강남구 도곡로3길 19, 지상1층 101호 (역삼동)"
별족발(STAR JOKBAL),기타,37.504724298918696,127.04316440054593,영업/정상,"서울특별시 강남구 언주로94길 9-6, 지상1층 (역삼동)"
델스포 역삼본점,기타,37.50359816961587,127.03975796994877,영업/정상,"서울특별시 강남구 언주로93길 28-4, 2층 (역삼동)"
천미미,기타,37.517382805992526,127.02033487909247,영업/정상,"서울특별시 강남구 강남대로152길 11, 지상1층 (신사동)"
낙타브루잉 강남역,기타,37.50290324694017,127.02666601254109,영업/정상,"서울특별시 강남구 강남대로106길 14, 지하1층 (역삼동)"
탕에이마라 역삼점,기타,37.49582964016155,127.0398367752478,영업/정상,"서울특별시 강남구 역삼로 204, 삼환 아르누보 지하1층 B07,B08 중 103호 (역삼동)"
행복담은 불돈가스 엔 김밥,기타,37.50288872015465,127.05008315879176,영업/정상,"서울특별시 강남구 선릉로 424 (대치동,지상1층 7호)"
후추포인트,기타,37.503083493495616,127.02725129961408,영업/정상,"서울특별시 강남구 봉은사로6길 30 (역삼동,지상1층)"
하남해장국 언주직영점,기타,37.51054182685763,127.03594543667222,영업/정상,"서울특별시 강남구 언주로 615, 논현 아이파크 103동 지상1층 116호 (논현동)"
푸짐한 형제들,기타,37.50320691747206,127.03661820641555,영업/정상,"서울특별시 강남구 봉은사로30길 68, 지상2층 2호 (역삼동)"
홍가네,기타,37.4989828009039,127.03710692051087,영업/정상,"서울특별시 강남구 논현로85길 5-3 (역삼동,2층)"
구을가,기타,37.513040277196964,127.04313694299991,영업/정상,"서울특별시 강남구 선릉로 632, 1,2층 (삼성동, YM타워)"
타임즈 압구정,기타,37.526244497047216,127.03933963493496,영업/정상,"서울특별시 강남구 압구정로54길 25, 지하1층 (신사동)"
카페담(cafe담),기타,37.50577951704514,127.04240206039339,영업/정상,"서울특별시 강남구 봉은사로44길 61, 지하1층 (역삼동)"
옥된장 강남구청점,기타,37.516810669981254,127.03637536573252,영업/정상,"서울특별시 강남구 언주로134길 9, 지상1층 (논현동)"
도우라이크 피자,기타,37.49565692105216,127.04560671642466,영업/정상,"서울특별시 강남구 언주로 313, 지상1층 101호 (역삼동)"
그리다 스튜디오,기타,37.5226516693281,127.05501545627672,영업/정상,"서울특별시 강남구 영동대로 727, 지상1층 (청담동)"
슬로우캘리 도곡점,기타,37.48928307112221,127.05280405331841,영업/정상,"서울특별시 강남구 남부순환로 2806, 군인공제회관 지하1층 (도곡동)"
말레,기타,37.52714651656402,127.03143248475523,영업/정상,"서울특별시 강남구 압구정로36길 22, 지상1층 102호 (신사동)"
영남식육식당,기타,37.51041169550732,127.02501408391572,영업/정상,"서울특별시 강남구 학동로6길 27, 지하1층 b02호 (논현동)"
진도 사골순대국,기타,37.46400000954552,127.10730858512954,영업/정상,"서울특별시 강남구 밤고개로34길 4, 지상1층 6호 (세곡동)"
등나무집,기타,37.502361275529054,127.02607551255828,영업/정상,서울특별시 강남구 강남대로 446 (역삼동)
샤브익스프레스 본점,기타,37.49340000574471,127.03878806536521,영업/정상,"서울특별시 강남구 도곡로21길 20, 태양빌딩 1층 (역삼동)"
밀라노푸드,기타,37.50981998067775,127.02431684806865,영업/정상,"서울특별시 강남구 강남대로126길 23, 1층 (논현동)"
박세우동태찜,기타,37.47567950350707,127.04874660862345,영업/정상,"서울특별시 강남구 논현로14길 18 (개포동,의정빌딩지상1층)"
청평숯불갈비,기타,37.50588897717435,127.02488250527946,영업/정상,서울특별시 강남구 봉은사로1길 16 (논현동)
더파티룸,기타,37.52083766306557,127.03054826390107,영업/정상,"서울특별시 강남구 도산대로 217, 지상12층 (신사동)"
지우네,기타,37.49028948407986,127.03250469350552,영업/정상,"서울특별시 강남구 강남대로62길 12, 지상2층 (역삼동)"
도마야끼 불펜,기타,37.525265878489414,127.03813138866457,영업/정상,"서울특별시 강남구 도산대로51길 34, 지상1층 (신사동)"
굄519카페,기타,37.517355020968886,127.02450121067154,영업/정상,"서울특별시 강남구 논현로149길 50, 1층 (논현동)"
레몬,기타,37.52399282366596,127.02722878019107,영업/정상,서울특별시 강남구 논현로163길 11 (신사동)
옛날손짜장,기타,37.49741797119301,127.06532707074464,영업/정상,"서울특별시 강남구 삼성로 212 (대치동,지하B13호)"
광화문국밥 도곡점,국밥,37.48412439947863,127.0442924171823,영업/정상,"서울특별시 강남구 논현로30길 28, 지상1층 (도곡동)"
홍대주막,기타,37.50040215319389,127.0279806384122,영업/정상,"서울특별시 강남구 강남대로98길 12-5 (역삼동,지상3층)"
주니냉면,냉면,37.51031674767087,127.04248029559835,영업/정상,"서울특별시 강남구 봉은사로51길 3-3, 1층 203호 (논현동)"
"오늘, 완탕",기타,37.50331227607704,127.04633325591085,영업/정상,"서울특별시 강남구 테헤란로 322, 한신인터밸리24 지하2층 B133호 (역삼동)"
코어커피스탠드,기타,37.491728190739884,127.03183980265206,영업/정상,"서울특별시 강남구 강남대로66길 14, 강남역 와이즈 플레이스 지상1층 101호 (역삼동)"
정F&B,기타,37.5044959922012,127.05155548866333,영업/정상,"서울특별시 강남구 테헤란로64길 9, 지하1층 107호 (대치동, 선릉역대우아이빌)"
모모유부 강남,기타,37.497946733376075,127.03910853272929,영업/정상,"서울특별시 강남구 역삼로25길 27, 지하1층 B101호 (역삼동, 대명벨리온)"
노엘베,기타,37.52583785019377,127.03805912783514,영업/정상,"서울특별시 강남구 도산대로51길 39, 지상3층 (신사동)"
밤별,기타,37.50246720189685,127.02667792873751,영업/정상,"서울특별시 강남구 강남대로102길 13-8, 지하1층 (역삼동)"
카페온나 선릉점,기타,37.504280061693194,127.0454625050656,영업/정상,"서울특별시 강남구 테헤란로47길 8, 1층 106호 (역삼동)"
우리단골집,기타,37.509720117792284,127.0234283460823,영업/정상,"서울특별시 강남구 학동로4길 26, 지상1층 2호 (논현동)"
메콩타이 삼성역 대치아이파크점,기타,37.507049992251545,127.06182236983138,영업/정상,"서울특별시 강남구 영동대로85길 20, 지하1층 B103호,B104호 (대치동)"
떡존,기타,37.522970419863725,127.02514841639093,영업/정상,"서울특별시 강남구 논현로161길 37, 1층 (신사동)"
뉴포트피쉬버거(newport fish burger),기타,37.52448385915118,127.02773240910022,영업/정상,"서울특별시 강남구 압구정로28길 31, 지하1층 (신사동)"
(주)니하오마중원,기타,37.507513964978116,127.06220941995608,영업/정상,"서울특별시 강남구 테헤란로98길 14 (대치동,지상2층)"
한가득 삼겹 김치찌개 대치점,기타,37.50357434023682,127.05428035340167,영업/정상,"서울특별시 강남구 삼성로81길 43, 지상2층 19호 (대치동)"
국보가든 삼성점,기타,37.513872452625435,127.05325696061009,영업/정상,"서울특별시 강남구 삼성로 608, 우창빌딩 지상1층,2층 (삼성동)"
전주밥차,기타,37.49269141366099,127.0306593211146,영업/정상,"서울특별시 강남구 강남대로 330, 지하1층 1호 (역삼동)"
키친스탠다드 강남점 65호,기타,37.50736932020773,127.03739743154303,영업/정상,"서울특별시 강남구 언주로107길 23, 지상2층 주방65호 (역삼동)"
더리얼펍,기타,37.488369761469094,127.10247199019736,영업/정상,"서울특별시 강남구 광평로51길 8 (수서동,지상2층201,202호)"
두레국수,기타,37.5048565658192,127.042822591615,영업/정상,서울특별시 강남구 언주로98길 14 (역삼동)
굽네치킨(청담점),기타,37.519464784830525,127.04610802547806,영업/정상,"서울특별시 강남구 삼성로135길 41, 1층 102호 (청담동)"
테이퍼드커피,기타,37.51218898961888,127.04345894750774,영업/정상,"서울특별시 강남구 선릉로 622, 대영빌딩 지상1층 (삼성동)"
더블유더블유섬유센터이호점,기타,37.507457670803134,127.06063515117556,영업/정상,"서울특별시 강남구 테헤란로 518, 지상13층 (대치동)"
동굴관,기타,37.49987896141306,127.02945368787252,영업/정상,"서울특별시 강남구 강남대로94길 27 (역삼동,지상1층)"
바다밥상,기타,37.50477402492146,127.04463264541195,영업/정상,"서울특별시 강남구 언주로98길 35, 지상2층 (역삼동)"
모리,기타,37.49434795190433,127.07961586766422,영업/정상,"서울특별시 강남구 개포로 623 (개포동,대청타워 지하108,109호)"
키코리아 주식회사 (청담),기타,37.52328369524897,127.04293940523989,영업/정상,"서울특별시 강남구 도산대로 430, 지상1층 비호 (청담동)"
한상 더 테이블,기타,37.52261030662724,127.04184436068735,영업/정상,"서울특별시 강남구 선릉로148길 28, 지상3층 (청담동)"
행운간,기타,37.48260050098496,127.04626750156373,영업/정상,"서울특별시 강남구 양재천로 189, 1층 (도곡동)"
대치순대국,기타,37.50316333549303,127.05610735976644,영업/정상,"서울특별시 강남구 삼성로75길 26, 지상1층 104호 (대치동)"
삼정하누 역삼본점,기타,37.50608342008216,127.0330742457751,영업/정상,"서울특별시 강남구 봉은사로26길 12, 지상1층 (역삼동)"
구찌라쿠,기타,37.487326826880114,127.10314006660364,영업/정상,"서울특별시 강남구 광평로 280 (수서동,로즈데일빌딩 지하2층 102호)"
압구정소머리국밥,국밥,37.52723270661817,127.03014359461054,영업/정상,"서울특별시 강남구 논현로176길 20, 지상1층 (신사동)"
카페르뷰,기타,37.50500263414722,127.06337320572231,영업/정상,"서울특별시 강남구 역삼로 555, 지하1층 B101-7호 (대치동)"
지안식당,기타,37.49539989631866,127.03040580524147,영업/정상,"서울특별시 강남구 테헤란로4길 46, 지하1층 제비상가 131호 (역삼동, 쌍용플래티넘밸류)"
피쉬앤피쉬,기타,37.523848920262196,127.05178203780925,영업/정상,"서울특별시 강남구 도산대로100길 12, 우리빌딩 지상1층 103호 (청담동)"
의정부원조부대찌게,기타,37.48268253238148,127.06151178470796,영업/정상,서울특별시 강남구 선릉로6길 5 (개포동)
BBQ 학동역점,기타,37.513126205535215,127.03389965962207,영업/정상,"서울특별시 강남구 학동로34길 23, 1층 (논현동)"
국민순대국 선릉본점,기타,37.50502501571448,127.04672158036537,영업/정상,"서울특별시 강남구 선릉로93길 22, 지상2층 1호 (역삼동)"
깐부치킨 압구정현대백화점,기타,37.52337427711283,127.02721045841294,영업/정상,"서울특별시 강남구 논현로161길 11, 지상1층 (신사동)"
몰트&비욘드(Malt&Beyond),기타,37.50891528436637,127.035431405021,영업/정상,"서울특별시 강남구 봉은사로33길 13, 103호 (논현동)"
온육집 대치점,기타,37.50078392093194,127.05301147838854,영업/정상,"서울특별시 강남구 역삼로64길 5, 지상1층 102호 (대치동, 럭스빌)"
현대순대국 2호점,기타,37.50971728873687,127.02280154224465,영업/정상,"서울특별시 강남구 강남대로128길 6, 지하1층 남측호 (논현동)"
논현오뎅,기타,37.50910171544036,127.02696752291774,영업/정상,"서울특별시 강남구 학동로6길 55, 1층 (논현동)"
소윤화,기타,37.500678330164426,127.03207808361255,영업/정상,서울특별시 강남구 강남대로94길 59 (역삼동)
오뚝이,기타,37.501060387614004,127.03886843070119,영업/정상,"서울특별시 강남구 테헤란로 206 (역삼동,1층)"
강남웨딩 출장부페,기타,37.51289348011986,127.02120678255616,영업/정상,서울특별시 강남구 강남대로136길 6 (논현동)
몬드리안,기타,37.507873079545256,127.05371454496806,영업/정상,"서울특별시 강남구 봉은사로68길 75 (삼성동,지상4층)"
쉬크,기타,37.5202519490023,127.03112303308696,영업/정상,"서울특별시 강남구 도산대로 220 (논현동,지상15층)"
신신사동인동,기타,37.50331978736596,127.05145911830523,영업/정상,"서울특별시 강남구 테헤란로64길 24 (대치동,지상1층)"
삼성칼국수,칼국수,37.514350314188235,127.06379618298264,영업/정상,"서울특별시 강남구 봉은사로108길 5 (삼성동,지상2층)"
(주)청정일품,기타,37.498256257211224,127.03426105535017,영업/정상,"서울특별시 강남구 논현로85길 46 (역삼동,지상1층,2층)"
영덕횟집,기타,37.510047847628904,127.0560853268226,영업/정상,"서울특별시 강남구 테헤란로81길 52 (삼성동,지상1층)"
깐부치킨,기타,37.52312052975675,127.05629509264739,영업/정상,"서울특별시 강남구 영동대로138길 9 (청담동,1층 105호)"
까페 까사밀,기타,37.521989354346715,127.01954864327304,영업/정상,"서울특별시 강남구 도산대로1길 83 (신사동,1층)"
울프강스테이크하우스코리아,기타,37.52449695180807,127.04146333180103,영업/정상,"서울특별시 강남구 선릉로152길 21, 지하1,2층 (청담동)"
원할머니보쌈 강남구청배달점,기타,37.518476718467134,127.04104200927348,영업/정상,"서울특별시 강남구 선릉로 712, 1층 (청담동)"
인량,기타,37.514036125887856,127.02121153575649,영업/정상,"서울특별시 강남구 강남대로140길 9, 비피유빌딩 지하2층 (논현동)"
미앤미,기타,37.49106363076699,127.03419580422502,영업/정상,"서울특별시 강남구 강남대로62길 33, 알앤씨빌딩 지상1층 (역삼동)"
신의한국수 강남논현점,기타,37.509943800948285,127.0357021246765,영업/정상,"서울특별시 강남구 봉은사로37길 29, 지상1층 102호 (논현동, 뜨레빌 빌라)"
물라라운지,기타,37.52510631560304,127.03617103249294,영업/정상,"서울특별시 강남구 압구정로46길 53, 지하1층 (신사동)"
마루,기타,37.490886856847226,127.08108842344654,영업/정상,"서울특별시 강남구 일원로 33 (일원동,지하1층)"
픽잇 강남점,기타,37.50704616404345,127.03551335086584,영업/정상,"서울특별시 강남구 언주로107길 46, 지하1층 B01호 102호 (역삼동)"
얌샘김밥 대치삼성점,기타,37.508276234713485,127.06494436635394,영업/정상,"서울특별시 강남구 테헤란로104길 12, 지상1층 101호 (대치동)"
우정오리,기타,37.49191958546601,127.083985706438,영업/정상,"서울특별시 강남구 일원로5길 46, 103호 (일원동)"
봉평메밀 막국수,기타,37.48888090919822,127.0676510840815,영업/정상,"서울특별시 강남구 개포로82길 5-8, 성지빌딩 지상1층 1호 (개포동)"
위스키 디에이(whisky theA),기타,37.50880903837996,127.0583768811851,영업/정상,"서울특별시 강남구 테헤란로87길 17, 마젤란 21 아스테리움 지상1층 107호 (삼성동)"
서정원 양꼬치 샤브샤브,기타,37.492309221770384,127.0357757848269,영업/정상,"서울특별시 강남구 도곡로13길 19, 상가동 지하1층 107호 (역삼동, 역삼동 롯데캐슬 노블)"
맛고을,기타,37.52328380360901,127.04492785947343,영업/정상,서울특별시 강남구 삼성로149길 32 (청담동)
히야 뭉티기,기타,37.49808984099126,127.05240862485795,영업/정상,"서울특별시 강남구 선릉로 318, 지상1층 109호 (대치동)"
신사약방 선릉본점,기타,37.510054857841176,127.04158577815315,영업/정상,"서울특별시 강남구 봉은사로 317, 아모제논현빌딩 지상1층 (논현동)"
베일리(BAILEY),기타,37.50647737595237,127.0587725545124,영업/정상,"서울특별시 강남구 테헤란로84길 11, 지하1층 (대치동)"
정성가득한 집,기타,37.496750518054945,127.03836179203182,영업/정상,"서울특별시 강남구 논현로75길 4, 1층 (역삼동)"
그냥 플라워앤에스프레소바,기타,37.47481983539618,127.04800137060448,영업/정상,"서울특별시 강남구 논현로 46, 쌍봉빌딩 지상1층 101호 (개포동)"
엑시트(EXXIT),기타,37.52308407183617,127.0227583145806,영업/정상,"서울특별시 강남구 가로수길 78, 지하1층 (신사동)"
한사리감자탕&뼈구이 세곡점,기타,37.46336378276376,127.10736170578384,영업/정상,"서울특별시 강남구 밤고개로36길 6, 지상1층 3호,4호 (세곡동)"
에르메스,기타,37.496322337893496,127.03404185615142,영업/정상,"서울특별시 강남구 논현로79길 62, 지하1층 2호 (역삼동)"
카이수산,기타,37.509943800948285,127.0357021246765,영업/정상,"서울특별시 강남구 봉은사로37길 29 (논현동, 뜨레빌 1층 103호)"
윙,기타,37.49831833779165,127.03265707423341,영업/정상,"서울특별시 강남구 테헤란로10길 13, 지상4층 (역삼동)"
서울촌놈수육국밥 신사점,국밥,37.51576536657937,127.02071028756794,영업/정상,서울특별시 강남구 강남대로150길 10 (논현동)
김재윤김치,기타,37.51089806753298,127.02285483316274,영업/정상,"서울특별시 강남구 학동로4길 8, 지상1층 102호 (논현동)"
(중화요리)남경,기타,37.49356658161673,127.04227079843434,영업/정상,서울특별시 강남구 논현로64길 22 (역삼동)
모퉁이흑미김밥,기타,37.52157515722645,127.02728066104345,영업/정상,"서울특별시 강남구 도산대로27길 25, 1층 101호 (신사동)"
포 라이브,기타,37.52775114970725,127.03783452274365,영업/정상,"서울특별시 강남구 선릉로161길 32, 지하1층 (신사동)"
릴리펏(Lilliput)청담본점,기타,37.52508890488719,127.04004930787994,영업/정상,"서울특별시 강남구 선릉로 820, 지상2층 (청담동, 한강빌딩)"
케르반레스토랑 코엑스점,기타,37.512521154961824,127.05881929973503,영업/정상,"서울특별시 강남구 영동대로 513, 지하1층 H105호 (삼성동, 기존컨벤션센터)"
본흑염소능이삼계탕 (선릉점),기타,37.50388312886005,127.05525983725784,영업/정상,"서울특별시 강남구 삼성로81길 29, 지상1층 (대치동)"
정성가득한밥상,기타,37.49300157535366,127.0391171527819,영업/정상,"서울특별시 강남구 논현로63길 16, 지하1층 (역삼동, 강남서해그랑블)"
스타일(Style),기타,37.50613081268578,127.05987460368566,영업/정상,"서울특별시 강남구 삼성로86길 28, 지상2층 (대치동)"
탄,기타,37.4988675594528,127.03459164831213,영업/정상,"서울특별시 강남구 테헤란로20길 13 (역삼동,지상2층)"
유메(ゆめ),기타,37.49813170140538,127.04305572750688,영업/정상,"서울특별시 강남구 역삼로37길 3, 지상1층 102호 (역삼동)"
도피오,기타,37.50180401357013,127.0582903615232,영업/정상,"서울특별시 강남구 삼성로69길 10, 지상1층 103호 (대치동, 진풍휴먼빌)"
8월,기타,37.52603811428693,127.05059343105151,영업/정상,"서울특별시 강남구 도산대로89길 19-12, 지상2층 (청담동)"
대한민족,기타,37.46925413555886,127.11883233502265,영업/정상,"서울특별시 강남구 헌릉로745길 25, 강남자동차매매장에이동 에이동 지하1층 117호 (율현동)"
나라원테이블,기타,37.521138266191066,127.02893675768996,영업/정상,"서울특별시 강남구 논현로152길 9, 6층 (신사동)"
윤채네 김치찌개 삼겹살,기타,37.49595516164303,127.04665713725551,영업/정상,"서울특별시 강남구 언주로 314, 강남프라자 1층 107호 (역삼동)"
꺄브다이닝,기타,37.5021700644242,127.03938216811004,영업/정상,"서울특별시 강남구 테헤란로33길 5, 지상2층 (역삼동)"
한울타리,기타,37.49782806545782,127.0610136497992,영업/정상,"서울특별시 강남구 삼성로 231, 지상1층 103호 (대치동)"
리듬앤브루,기타,37.498296270892574,127.0393654002261,영업/정상,"서울특별시 강남구 역삼로25길 32, 2층 (역삼동)"
강남통닭,기타,37.50077435892257,127.03339495737215,영업/정상,"서울특별시 강남구 강남대로94길 75, 2층 201호 (역삼동)"
돌깨마을 맷돌순두부 강남역점,기타,37.49772601279262,127.0292970420504,영업/정상,"서울특별시 강남구 테헤란로4길 6, 강남역 센트럴 푸르지오 시티 지하2층 B227호, B228호 (역삼동)"
미트앤샐러드,기타,37.48593685341592,127.03666393461984,영업/정상,서울특별시 강남구 남부순환로359길 14 (도곡동)
센티크,기타,37.52675201845204,127.03608311456478,영업/정상,"서울특별시 강남구 압구정로46길 30, 암강빌딩 지하1층 (신사동)"
보메청담,기타,37.52427930866989,127.04266125500193,영업/정상,"서울특별시 강남구 선릉로152길 40, 에이바이봄 지상1층 (청담동)"
본도시락 일원점,기타,37.48996326932631,127.0841011501434,영업/정상,"서울특별시 강남구 일원로9길 30, 1층 104호 (일원동)"
듀티프리,기타,37.50680595676352,127.03331109639295,영업/정상,"서울특별시 강남구 봉은사로 176 (역삼동,지상4층1호)"
푸타오,기타,37.49981009291828,127.03662878226913,영업/정상,"서울특별시 강남구 테헤란로 152 (역삼동,지하1층)"
삼정한식당,기타,37.5058338878528,127.03131605217888,영업/정상,서울특별시 강남구 봉은사로 150 (역삼동)
두모감자탕,기타,37.51609087704955,127.03429268386772,영업/정상,"서울특별시 강남구 언주로133길 11, 지상2층 (논현동)"
역삼 뭉티골,기타,37.49853003884036,127.03572852017686,영업/정상,서울특별시 강남구 논현로85길 29 (역삼동)
하루,기타,37.5064359987136,127.05909849307768,영업/정상,"서울특별시 강남구 테헤란로86길 14 (대치동,지하1층)"
소코아 선릉점,기타,37.50695242528526,127.0477605699927,영업/정상,"서울특별시 강남구 선릉로100길 8, 지상1층 (삼성동)"
선릉당구클럽,기타,37.50354639764277,127.0508291875745,영업/정상,"서울특별시 강남구 선릉로86길 15, 현대선릉 GOLD TOWER 지하2층 B201호,B202호 (대치동)"
주식회사 에이알커피(AR COFFEE),기타,37.5028731124212,127.05732305265633,영업/정상,"서울특별시 강남구 역삼로 459, LS2빌딩 지상1층 (대치동)"
7번국도에프앤비 주식회사,기타,37.50583345735112,127.06002714394177,영업/정상,"서울특별시 강남구 삼성로84길 30, 지상1층 (대치동)"
만카이,기타,37.526203938925654,127.03665898856728,영업/정상,"서울특별시 강남구 압구정로48길 36-2, 지상1층,2층 (신사동)"
기네스 하우스 Guinness house,기타,37.50442293122356,127.04402688936764,영업/정상,"서울특별시 강남구 테헤란로43길 18, SC빌딩 1층 101호 (역삼동)"
르네상스 티파니,기타,37.50333571146713,127.04032527184671,영업/정상,"서울특별시 강남구 언주로93길 21, 남전타운 지하1층 (역삼동)"
함지곱창,기타,37.509297566576585,127.02326669927626,영업/정상,서울특별시 강남구 학동로2길 33 (논현동)
버거리 개포동점,기타,37.48913646714988,127.06752080016594,영업/정상,"서울특별시 강남구 개포로 506, 청우빌딩 지상1층 2호 (개포동)"
갓포준×에스테반,기타,37.52422149309227,127.02733394571518,영업/정상,"서울특별시 강남구 논현로163길 10, 지하1층 (신사동)"
좋은친구,기타,37.51107974713829,127.03330337039777,영업/정상,"서울특별시 강남구 학동로30길 49, 지상1층 104호 (논현동)"
윈썸(winsome),기타,37.485866684911436,127.03494793251828,영업/정상,"서울특별시 강남구 강남대로44길 14, 지상1층 101호 (도곡동)"
식당 민홍,기타,37.51823398828557,127.02991398063439,영업/정상,"서울특별시 강남구 논현로146길 11, 지상2층 (논현동)"
코지,기타,37.52205726228092,127.03796367691228,영업/정상,"서울특별시 강남구 언주로150길 45, 지하1층 (논현동)"
미쓰양꼬치,기타,37.50312879269628,127.05155400275683,영업/정상,"서울특별시 강남구 테헤란로64길 26, 2층 (대치동)"
도시맥주 강남역점,기타,37.50087168931326,127.02770346401162,영업/정상,"서울특별시 강남구 봉은사로18길 90 (역삼동,선영빌딩1층)"
스마일골목집,기타,37.527921400155854,127.03890118712752,영업/정상,서울특별시 강남구 압구정로 338 (신사동)
더킹브로잉컴퍼니,기타,37.510206537732664,127.06441258798172,영업/정상,"서울특별시 강남구 테헤란로103길 10, 1,2층 (삼성동)"
보쌈애칼국수 강남자곡본점,칼국수,37.473063692379725,127.1024472975402,영업/정상,"서울특별시 강남구 자곡로 172, 지상1층 116호 (자곡동)"
베어스타코 본점,기타,37.50483472501995,127.04319846082312,영업/정상,"서울특별시 강남구 언주로98길 18, 2층 (역삼동)"
맥주창고 페스티벌,기타,37.47839805491212,127.0462359899958,영업/정상,"서울특별시 강남구 개포로 214 (개포동,지상1층)"
옛날그맛명동칼국수,칼국수,37.500525699959084,127.03924143984233,영업/정상,"서울특별시 강남구 언주로87길 49 (역삼동,지상1층)"
강남숯불닭갈비 칸나닭집,기타,37.49475004957233,127.03075597440974,영업/정상,"서울특별시 강남구 역삼로3길 17-4, 지상1층 (역삼동)"
지노스피자,기타,37.527491146526046,127.03901959792695,영업/정상,"서울특별시 강남구 선릉로161길 18, 지상2층 (신사동)"
스텔라떡볶이 서울개포점,기타,37.488800081331306,127.06836275169084,영업/정상,"서울특별시 강남구 개포로82길 13-15, 지상1층 5호,9호 (개포동)"
더케이에프엔비 뽁깨비,기타,37.50890085474024,127.0363640379943,영업/정상,"서울특별시 강남구 봉은사로37길 7-6, 나동 지하1층 B102호 (논현동)"
삼계옥,기타,37.510127919733314,127.05686008719982,영업/정상,"서울특별시 강남구 테헤란로83길 42, EUN SU 빌딩 2층 (삼성동)"
광수사,기타,37.50802527091545,127.05430706449566,영업/정상,"서울특별시 강남구 테헤란로77길 22, 1층 102호 (삼성동, 풍림상가)"
싸다김밥 청담역점,기타,37.51890951969275,127.04908888310993,영업/정상,"서울특별시 강남구 학동로 441, 영화빌딩 지상1층 102호 (청담동)"
수현복집,기타,37.50502406091661,127.0408593263016,영업/정상,"서울특별시 강남구 테헤란로39길 38, 지상1층 (역삼동)"
일치(IL CI),기타,37.52066107790254,127.033420846761,영업/정상,"서울특별시 강남구 언주로149길 8, 지상1,지하1층 (논현동, 백미당빌딩)"
라이스쉐프 삼성역점,기타,37.507457670803134,127.06063515117556,영업/정상,"서울특별시 강남구 테헤란로 518, 한국섬유산업연합회 지하1층 107호 (대치동)"
엔도어(n Door),기타,37.51657871566174,127.02909960551291,영업/정상,"서울특별시 강남구 논현로139길 3, 지하1층 일부호 (논현동)"
몽블랑,기타,37.52337427711283,127.02721045841294,영업/정상,"서울특별시 강남구 논현로161길 11, 지하1층 (신사동)"
오베로,기타,37.52632532916472,127.02954337871972,영업/정상,"서울특별시 강남구 압구정로30길 17 (신사동,이소니프라자 지하1층4호)"
퀴진케이프로젝트(Cuisine.K Project),기타,37.50466717868884,127.05449247273998,영업/정상,"서울특별시 강남구 삼성로85길 34, 이노플레이(INNO Play) 지상1층 102호 (대치동)"
김치찜질방,기타,37.49058011956018,127.03802700749175,영업/정상,"서울특별시 강남구 도곡로18길 12, 지상1층 (도곡동)"
포란 삼성점,기타,37.50556051063917,127.05917008720354,영업/정상,서울특별시 강남구 테헤란로84길 25 (대치동)
인플루션,기타,37.52423112944966,127.03776517401492,영업/정상,"서울특별시 강남구 도산대로51길 17, 아가페트리니티 지하1층 101호 (신사동)"
봄카츠 강남본점,기타,37.49772601279262,127.0292970420504,영업/정상,"서울특별시 강남구 테헤란로4길 6, 강남역 센트럴 푸르지오 시티 지하1층 B124호 (역삼동)"
본죽압구정로데오점,기타,37.528247886738434,127.03764142158407,영업/정상,"서울특별시 강남구 압구정로 330 (신사동,지상1층105호)"
아시아,기타,37.5002958819117,127.0414445155545,영업/정상,"서울특별시 강남구 테헤란로34길 21-10 (역삼동,지하1층)"
(주)신사 정육공방,기타,37.51832975284579,127.02986776797958,영업/정상,"서울특별시 강남구 도산대로30길 24, 1층 102호 (논현동)"
더최셰프,기타,37.502921426273524,127.03711242168022,영업/정상,"서울특별시 강남구 봉은사로30길 73, 3층 16호 (역삼동)"
까멜리아,기타,37.49592702099563,127.03887128728002,영업/정상,"서울특별시 강남구 논현로 401, 청송빌딩 지하1층 (역삼동)"
엠,기타,37.51589793612629,127.03603957391414,영업/정상,"서울특별시 강남구 학동로 305 (논현동,지하1층)"
진우림,기타,37.49696314249097,127.04462809398946,영업/정상,"서울특별시 강남구 언주로71길 5-10, 지상1층 (역삼동)"
성균관 사시미,기타,37.504135689060384,127.05597247545752,영업/정상,"서울특별시 강남구 삼성로81길 21, 지상2층 (대치동)"
순딜리버리 9호점,기타,37.513353374559664,127.02132348064708,영업/정상,"서울특별시 강남구 강남대로136길 5-4, 지하1층 9호 (논현동)"
로찌커피 논현점,기타,37.50967816481941,127.02264089585312,영업/정상,"서울특별시 강남구 강남대로128길 4, K5 지상1층,2층 (논현동)"
송호수김치찌개,기타,37.50297359241314,127.04653232570449,영업/정상,"서울특별시 강남구 테헤란로 322, 지하2층 152호 (역삼동, 한신인터밸리24)"
다복부페2,기타,37.52307027938689,127.05647710767201,영업/정상,"서울특별시 강남구 영동대로138길 9, 지하1층 (청담동)"
코코이찌방야 압구정로데오점,기타,37.52717127431224,127.03846821891362,영업/정상,"서울특별시 강남구 선릉로161길 21-4, 지상1층 101호 (신사동)"
데노체,기타,37.51877161786243,127.02066860429736,영업/정상,"서울특별시 강남구 압구정로2길 46, 지상1층 12호 (신사동, 강남상가아파트)"
마카모예 와인바,기타,37.49300157535366,127.0391171527819,영업/정상,"서울특별시 강남구 논현로63길 16, 지상1층 120호 (역삼동, 역삼종합시장 더블루)"
시골청국장,기타,37.51869361000296,127.05103480615836,영업/정상,"서울특별시 강남구 학동로 504 (삼성동,서울빌딩101호)"
청년다방 강남역삼점,기타,37.49447727219255,127.03420154751092,영업/정상,"서울특별시 강남구 역삼로 133, 지상2층 2호 (역삼동)"
온드린,기타,37.50859530026902,127.05971847792408,영업/정상,"서울특별시 강남구 테헤란로 517, 지하1층 (삼성동)"
지리산,기타,37.51864655504249,127.04636734829835,영업/정상,서울특별시 강남구 학동로67길 5 (청담동)
니뽕내뽕,기타,37.51844612193431,127.02265863540609,영업/정상,"서울특별시 강남구 도산대로11길 16, 지상2층 (신사동)"
카가리,기타,37.52268194469149,127.04400858626387,영업/정상,"서울특별시 강남구 선릉로148길 52-5, 지상2층 (청담동)"
알-바 (R-Bar),기타,37.52600730066511,127.04540731879129,영업/정상,"서울특별시 강남구 도산대로75길 28, 지하1층 (청담동)"
청담우헌,기타,37.52252531092489,127.04316753030469,영업/정상,"서울특별시 강남구 도산대로62길 13, 지상1층 (청담동)"
크레오,기타,37.5135618191454,127.04813672653351,영업/정상,"서울특별시 강남구 봉은사로67길 28, 지상1층 (삼성동)"
백암왕순대,기타,37.51466335038316,127.06095877790513,영업/정상,"서울특별시 강남구 봉은사로 605 (삼성동,지상1층)"
교촌치킨 압구정신사점,기타,37.527549585010824,127.03629615250739,영업/정상,"서울특별시 강남구 언주로172길 29 (신사동,지상1층)"
봉우리,기타,37.50304332058079,127.03814584817789,영업/정상,서울특별시 강남구 논현로94길 25-3 (역삼동)
돼지통,기타,37.5018780006672,127.03273061654141,영업/정상,"서울특별시 강남구 테헤란로19길 29, 지상1층 (역삼동)"
이자카야 나무(강남역CGV점),기타,37.50206255010228,127.026219770269,영업/정상,"서울특별시 강남구 강남대로 442, B동 지상3층 (역삼동)"
베이우드 커피하우스,기타,37.510344608087884,127.03923774567643,영업/정상,"서울특별시 강남구 언주로114길 19, 지상1층 (논현동)"
에그키친,기타,37.50069200764595,127.03462628219589,영업/정상,"서울특별시 강남구 테헤란로21길 6, 지상1층 102호 (역삼동)"
돼지통 선릉직영점,기타,37.50483571582305,127.04430100036782,영업/정상,"서울특별시 강남구 언주로98길 31 (역삼동,지상1층)"
상차려주는집,기타,37.50516103478149,127.05253427852075,영업/정상,"서울특별시 강남구 테헤란로 420 (대치동,하이리빙빌딩지하2층)"
폴인커피,기타,37.47372290178966,127.10698566068906,영업/정상,"서울특별시 강남구 밤고개로 231, 훼미리타운 A동 지상1층 114,115,116,117호 (자곡동)"
토마토케터링,기타,37.5012726692722,127.03618024655492,영업/정상,"서울특별시 강남구 논현로 503, 송촌빌딩 지하2층 일부호 (역삼동)"
이가네 양꼬치,기타,37.50557863427569,127.05818331980306,영업/정상,서울특별시 강남구 삼성로86길 8 (대치동)
청담가온,기타,37.51975929471547,127.03051403341784,영업/정상,"서울특별시 강남구 논현로150길 25 (논현동,논현빌딩지하1층)"
가가솥밥 강남점,기타,37.49503318148878,127.03186091990342,영업/정상,"서울특별시 강남구 역삼로5길 19, 지상1층 (역삼동)"
하나돈부리,기타,37.51842926218817,127.02277742718735,영업/정상,"서울특별시 강남구 강남대로152길 45, 지상1층 (신사동, 외1필지)"
장군 주먹고기,기타,37.48899883001656,127.06824153240083,영업/정상,"서울특별시 강남구 개포로82길 9-15, 지상2층 (개포동)"
호앙비엣 역삼점,기타,37.49202814759553,127.03169185874901,영업/정상,"서울특별시 강남구 강남대로66길 11, 지상1층 (역삼동)"
앙스모멍 시그니처,기타,37.52633463326549,127.03987626646382,영업/정상,"서울특별시 강남구 선릉로 831, 선우빌딩 4층 (신사동)"
킹케밥 강남점,기타,37.50163763212729,127.02689153548545,영업/정상,"서울특별시 강남구 강남대로100길 10, 지상1층 102호 (역삼동)"
니키,기타,37.52668266125073,127.02907220316379,영업/정상,서울특별시 강남구 압구정로30길 12 (신사동)
간판없는 부대찌개 대치점,기타,37.50357434023682,127.05428035340167,영업/정상,"서울특별시 강남구 삼성로81길 43, 지상2층 4호 (대치동)"
형제들이 파는 과일 브룻츠,기타,37.49528630492036,127.03665900932145,영업/정상,"서울특별시 강남구 역삼로 161, 신풍제약사옥 지상1층 (역삼동)"
강남족발,기타,37.50070510271091,127.02802902520773,영업/정상,"서울특별시 강남구 강남대로98길 16, 지상4층 (역삼동)"
고깃집심서방본점,기타,37.48927177114473,127.06881747953594,영업/정상,"서울특별시 강남구 개포로 512, 1층 101호 (개포동, 개포종합상가)"
비타,기타,37.527074765449335,127.03824624007369,영업/정상,"서울특별시 강남구 언주로172길 53, 지하1층 (신사동)"
샵,기타,37.5081731486166,127.03773001009884,영업/정상,"서울특별시 강남구 봉은사로 232 (역삼동,지하1층)"
달인포차,기타,37.51975929471547,127.03051403341784,영업/정상,"서울특별시 강남구 논현로150길 25 (논현동,지상1층)"
별난횟집,기타,37.481865649067124,127.04341378785611,영업/정상,서울특별시 강남구 논현로 134 (도곡동)
육즙주의보 강남점,기타,37.49468101293774,127.033309069141,영업/정상,"서울특별시 강남구 역삼로7길 8, 지하1층 (역삼동)"
노랑통닭 강남구청점,기타,37.51667928951313,127.03864892248859,영업/정상,"서울특별시 강남구 학동로 325, 대명빌딩 지상1층 (논현동)"
포티데이즈,기타,37.51887570800439,127.02019219612303,영업/정상,"서울특별시 강남구 강남대로158길 16, 지상1층 (신사동)"
엄마손 반찬가게,기타,37.50085838008427,127.04058796164693,영업/정상,"서울특별시 강남구 언주로85길 32, 역삼역센트럴푸르지오 지하1층 CA32호 (역삼동)"
반가 안동국시,기타,37.48601218983306,127.0992117429995,영업/정상,"서울특별시 강남구 광평로46길 5, 1층 (수서동)"
스파게티스토리,기타,37.49944825259747,127.05331360501827,영업/정상,"서울특별시 강남구 역삼로64길 26 (대치동,지상1층)"
고메스테이크 역삼점,기타,37.49195328350811,127.03854273809206,영업/정상,"서울특별시 강남구 도곡로 175, 창림빌딩 지상1층 105호 내 주방2호 (역삼동)"
산왕,기타,37.510758251177194,127.02292383805394,영업/정상,"서울특별시 강남구 학동로4길 10, 2층 203호,204호 (논현동)"
칸나칼국수,칼국수,37.49475004957233,127.03075597440974,영업/정상,"서울특별시 강남구 역삼로3길 17-4, 지상1층 (역삼동, 에레프)"
32호식당,기타,37.49741797119301,127.06532707074464,영업/정상,"서울특별시 강남구 삼성로 212 (대치동,은마종합상가B블럭지하1층32호)"
부흥오리 누룽지백숙,기타,37.479722070276964,127.04836561959033,영업/정상,"서울특별시 강남구 개포로25길 12 (개포동,지상1층105호)"
으뜸스시 신사직영점,기타,37.517794680264956,127.02144037845812,영업/정상,"서울특별시 강남구 압구정로2길 62, 지상1층 101호 (신사동)"
다고바,기타,37.52639647820912,127.05125691316523,영업/정상,"서울특별시 강남구 도산대로99길 26, 1층 101호 (청담동, 디자인빌)"
아미고,기타,37.511007916635286,127.05625475332711,영업/정상,"서울특별시 강남구 삼성로104길 18 (삼성동,지하1층)"
위스키티(Whiskitty),기타,37.502325084442326,127.05353084197941,영업/정상,"서울특별시 강남구 테헤란로68길 45, 1층 101호 (대치동)"
어슬 청담 한식다이닝,기타,37.524072624122184,127.0411110722684,영업/정상,"서울특별시 강남구 도산대로57길 7, 지하1층 (청담동)"
역전우동 0410 강남역태극당점,기타,37.49539989631866,127.03040580524147,영업/정상,"서울특별시 강남구 테헤란로4길 46, 107호 (역삼동,지하1층)"
솔마루,기타,37.50230695086149,127.04412772647304,영업/정상,"서울특별시 강남구 언주로90길 12 (역삼동,지하1층)"
오더,기타,37.51146460257597,127.05549276146338,영업/정상,"서울특별시 강남구 봉은사로82길 27, 아스텔빌딩 지하1층 (삼성동)"
옥된장 선릉점,기타,37.50460502541753,127.04670824779495,영업/정상,"서울특별시 강남구 테헤란로51길 7, 수지빌딩 지상1층 101호 (역삼동)"
도명골 청국장,기타,37.512706436492046,127.06538674013247,영업/정상,"서울특별시 강남구 봉은사로114길 38, 경인빌딩 1층 101호 (삼성동)"
꼬망쎄,기타,37.49977186179431,127.05936766299935,영업/정상,"서울특별시 강남구 삼성로63길 9, 지상1층 (대치동)"
일 피아또,기타,37.51963455263233,127.02594162369621,영업/정상,"서울특별시 강남구 도산대로23길 7, 2층 (신사동)"
흑우정,기타,37.524072624122184,127.0411110722684,영업/정상,"서울특별시 강남구 도산대로57길 7, 지상2층 (청담동)"
디저트39 청담점,기타,37.52506116549826,127.05020393601116,영업/정상,"서울특별시 강남구 도산대로89길 3, 지상1층 (청담동)"
해화장,기타,37.51018601063255,127.05561870506006,영업/정상,"서울특별시 강남구 테헤란로81길 47, 태령빌딩 1동 지상1층 101호 중 103호 (삼성동)"
무(MUU)청담,기타,37.524259832155714,127.04016460602774,영업/정상,"서울특별시 강남구 선릉로152길 7, 지상2층 (청담동)"
타코치바스코(TACOCHIBASCO),기타,37.50816422626424,127.05746914447518,영업/정상,"서울특별시 강남구 테헤란로83길 11, 지하1층 주방2호 (삼성동)"
슬로우시티,기타,37.51826565740171,127.0194614459917,영업/정상,"서울특별시 강남구 강남대로 632, 지상1층 104호 (신사동)"
뉴서울휴게소,기타,37.502936753467836,127.05055822831773,영업/정상,"서울특별시 강남구 선릉로86길 6-3, 지상1층 (대치동)"
대치옥,기타,37.50079058419191,127.06337840031713,영업/정상,"서울특별시 강남구 삼성로72길 64, 지상1층 5,6,7호 (대치동)"
유라멘 강남역삼신논현역CGV점심저녁,기타,37.50277929956737,127.026656529767,영업/정상,"서울특별시 강남구 봉은사로4길 32, 지상1층 (역삼동)"
소풍,기타,37.50959124747711,127.05927363531747,영업/정상,"서울특별시 강남구 테헤란로87길 22, 지하1층 Q101호 (삼성동, 한국도심공항터미널)"
의정부부대찌개,기타,37.51396798054488,127.06418908829005,영업/정상,서울특별시 강남구 영동대로106길 38 (삼성동)
오비어밤,기타,37.50822891757376,127.05824896888006,영업/정상,서울특별시 강남구 삼성로92길 23 (삼성동)
공차,기타,37.50102186774733,127.0346023091684,영업/정상,"서울특별시 강남구 강남대로94길 91 (역삼동,지상1층)"
뜨굽찌,기타,37.49683117327949,127.044691630355,영업/정상,"서울특별시 강남구 언주로71길 5-12 (역삼동,지상1층)"
무교동낙지,기타,37.51046472706423,127.06027605014796,영업/정상,
강삼도,기타,37.499001981118326,127.0368160639269,영업/정상,"서울특별시 강남구 논현로85길 7, 지상3층 (역삼동)"
미야비,기타,37.51818358089458,127.02299184762225,영업/정상,"서울특별시 강남구 강남대로152길 46, 지상2층 (신사동)"
하이도산,기타,37.5253075698724,127.03874259696754,영업/정상,"서울특별시 강남구 선릉로155길 11, 지상1층 101호 (신사동)"
(첼시스 하이볼) Chelsea's HIGHBALL,기타,37.52543589938048,127.04919700059509,영업/정상,"서울특별시 강남구 도산대로85길 14 (청담동,1층)"
루위,기타,37.520661823792494,127.02977824775108,영업/정상,서울특별시 강남구 도산대로 211 (신사동)
고깃집,기타,37.510502100738286,127.05726026960444,영업/정상,"서울특별시 강남구 삼성로100길 23-14, 지상2층 (삼성동)"
청해식당,기타,37.46400000954552,127.10730858512954,영업/정상,서울특별시 강남구 밤고개로34길 4 (세곡동)
티오피(T.O.P),기타,37.50744287434905,127.05393530745638,영업/정상,"서울특별시 강남구 삼성로95길 23, 남양빌딩 지하1층 102호 (삼성동)"
콜비나,기타,37.52528326960647,127.04723834983494,영업/정상,"서울특별시 강남구 압구정로 461, 네이처 포엠 지하1층 B112호 (청담동)"
칸티나,기타,37.50139675478509,127.0357922437446,영업/정상,"서울특별시 강남구 테헤란로25길 6-13, 지상1층 (역삼동)"
푸드코트 FLAVOUR6 본죽,기타,37.48866230678969,127.08598238394443,영업/정상,"서울특별시 강남구 일원로 81, 삼성서울병원 암병원 지하1층 (일원동)"
너또오리,기타,37.50823510248503,127.02377001426309,영업/정상,"서울특별시 강남구 학동로2길 53 (논현동,지상1층)"
어스(earth),기타,37.50297359241314,127.04653232570449,영업/정상,"서울특별시 강남구 테헤란로 322, 한신인터밸리24 지하2층 제비128호 (역삼동)"
아부라소바 하나레,기타,37.52480292653651,127.02691004800913,영업/정상,"서울특별시 강남구 논현로167길 16, 지상1층 103호 중 106호 (신사동)"
중화백반,기타,37.51647069715972,127.03613698314919,영업/정상,서울특별시 강남구 언주로134길 6 (논현동)
역삼농원 닭도리,기타,37.49478825847318,127.03947216127442,영업/정상,서울특별시 강남구 논현로 333 (역삼동)
오스테리아 루치아,기타,37.5128199945445,127.03206755756642,영업/정상,"서울특별시 강남구 학동로30길 20, 지하1층 (논현동)"
마그마커피(MAGMA COFFEE),기타,37.5094152119552,127.04445772011806,영업/정상,"서울특별시 강남구 선릉로 570, 지상1층 (삼성동)"
삼정관광호텔,기타,37.5058338878528,127.03131605217888,영업/정상,서울특별시 강남구 봉은사로 150 (역삼동)
(주)커피빈코리아 역삼역4번출구점,기타,37.500574274512914,127.03491535248533,영업/정상,"서울특별시 강남구 테헤란로 143, 고운빌딩 1층 (역삼동)"
밸런스톡카페,기타,37.4942949651395,127.03366223758508,영업/정상,"서울특별시 강남구 역삼로 127, 1,2층 (역삼동)"
파에(PA:E),기타,37.5224392853137,127.04272909377215,영업/정상,"서울특별시 강남구 선릉로148길 40-4, 지상2층 (청담동)"
굴비마을,기타,37.52375330096532,127.03806022471413,영업/정상,"서울특별시 강남구 도산대로49길 10-8 (신사동,지상2,3층)"
신사김밥,기타,37.516417411308716,127.0222858993874,영업/정상,"서울특별시 강남구 도산대로8길 9, 지상1층 (논현동)"
더(The) 맛있는 족발 보쌈 선릉본점,기타,37.50463280235361,127.05375184097016,영업/정상,"서울특별시 강남구 삼성로85길 42, 지상1층 105,106,107,108호 (대치동, 대치동대우아이빌멤버스)"
백소정 압구정점,기타,37.5273781203379,127.030612384106,영업/정상,서울특별시 강남구 압구정로34길 12 (신사동)
(주)압구정하루,기타,37.5267916158101,127.0383005805385,영업/정상,서울특별시 강남구 언주로172길 56 (신사동)
미분당 대치점,기타,37.497328429178836,127.05308609014104,영업/정상,"서울특별시 강남구 선릉로62길 5, 지상1층 102호 (대치동)"
혼,기타,37.47832463480679,127.04583073907685,영업/정상,"서울특별시 강남구 개포로 210 (개포동,지상1층)"
(주)러너스튜디오,기타,37.50271014005325,127.05176452427492,영업/정상,"서울특별시 강남구 역삼로63길 23 (대치동,지상1층)"
우아한논현카페앤프레쉬,기타,37.51245831860277,127.03207674285521,영업/정상,"서울특별시 강남구 논현로124길 5, 지상2층 201-2호 (논현동)"
에이치(H),기타,37.49720228104135,127.03362601970446,영업/정상,"서울특별시 강남구 테헤란로14길 34, 지상1층 상가103호,상가104호 (역삼동, 역삼동 EG SoulLeader)"
황가 곰탕 강남본점,기타,37.50704616404345,127.03551335086584,영업/정상,"서울특별시 강남구 언주로107길 46, 지하1층 B01호 일부 102호 (역삼동)"
크레스타운 압구정점,기타,37.52805217061036,127.03689128527027,영업/정상,"서울특별시 강남구 압구정로46길 5-2, 원일 지상1층 (신사동)"
메가엠지씨커피 신논현역점,기타,37.50529953299446,127.02458037747182,영업/정상,"서울특별시 강남구 강남대로 480, 지상1층 (논현동)"
스시 시미즈,기타,37.522923492193144,127.03450584842042,영업/정상,"서울특별시 강남구 언주로152길 11-3, 지하1층 (신사동)"
후지,기타,37.50618654210329,127.05922376803649,영업/정상,"서울특별시 강남구 삼성로86길 23 (대치동,지하1층,지상1층)"
안다미로,기타,37.51773089280849,127.02595301642388,영업/정상,"서울특별시 강남구 논현로149길 31, 동남빌딩 제2동 1층 101호 (논현동)"
선주가,기타,37.503446175246225,127.05387049782122,영업/정상,"서울특별시 강남구 역삼로69길 27 (대치동,1층)"
그린보이즈 샐러드&포케 역삼직영점,기타,37.50295200727982,127.03511915854179,영업/정상,"서울특별시 강남구 테헤란로25길 36, 지상1층 102호 (역삼동)"
갱상도야채고기찜 역삼점,기타,37.49390243057201,127.03575060601034,영업/정상,"서울특별시 강남구 논현로71길 47, 2층 (역삼동)"
(주)보나비 아티제 역삼역점,기타,37.50159297600209,127.03773635569763,영업/정상,"서울특별시 강남구 테헤란로 203, 서울인터내셔널타워 지상2층 (역삼동)"
벨루가,기타,37.50130718686139,127.03717257383644,영업/정상,"서울특별시 강남구 테헤란로 201, 아주빌딩 지상2층 (역삼동)"
(주)에코사랑공유키친,기타,37.49161420575852,127.03335101537587,영업/정상,"서울특별시 강남구 도곡로3길 20-10, 지상1층 102호 (역삼동)"
원조골뱅이선릉점,기타,37.5020905366839,127.05233522372727,영업/정상,"서울특별시 강남구 역삼로63길 14 (대치동,지상1층)"
옛고을 장원김밥,기타,37.50409117305275,127.04034203218934,영업/정상,서울특별시 강남구 테헤란로37길 28 (역삼동)
낭만식객,기타,37.50163710367722,127.03563373913131,영업/정상,"서울특별시 강남구 테헤란로25길 20, 지하1층 B110호 (역삼동, 역삼현대벤쳐텔)"
어미향,기타,37.50957821166843,127.03665216071475,영업/정상,"서울특별시 강남구 언주로113길 8 (논현동,지하1층)"
피자EPP 역삼점,기타,37.50085838008427,127.04058796164693,영업/정상,"서울특별시 강남구 언주로85길 32, 역삼역센트럴푸르지오 지하1층 B110호 CA35호 (역삼동)"
(주)미톨로지(돝고기506),기타,37.50080041949785,127.03515630436918,영업/정상,"서울특별시 강남구 테헤란로 145, 지하1층 (역삼동)"
(주)핫토리 동대문엽기떡볶이 강남구청역점,기타,37.517980558680236,127.04026570316596,영업/정상,"서울특별시 강남구 선릉로131길 8, 노벨빌딩 지상1층 101호 (논현동)"
기꾸(국),기타,37.52480296965606,127.02575036880745,영업/정상,"서울특별시 강남구 압구정로20길 19, 1층층 101호 (신사동)"
챕터원(Chapter1),기타,37.52268552473775,127.02117218484337,영업/정상,서울특별시 강남구 논현로175길 101 (신사동)
엘도라도,기타,37.50336709856438,127.03492508978428,영업/정상,"서울특별시 강남구 테헤란로25길 42 (역삼동,지하1층)"
히카리,기타,37.497420253074644,127.05296741282761,영업/정상,"서울특별시 강남구 선릉로 310, 지상1층 110, 111호 (대치동)"
밥집,기타,37.499003525576356,127.0435453005363,영업/정상,"서울특별시 강남구 언주로75길 8, 지상1층 (역삼동)"
메종드양,기타,37.5258973528841,127.0497702378709,영업/정상,"서울특별시 강남구 도산대로87길 19, 지하1층 (청담동)"
비재즈,기타,37.52753918816643,127.0395082082601,영업/정상,"서울특별시 강남구 압구정로54길 6 (신사동,지상5층)"
카페네스트,기타,37.511849310139326,127.03491853123631,영업/정상,서울특별시 강남구 학동로38길 47 (논현동)
볼피노,기타,37.52349695558974,127.036420400211,영업/정상,"서울특별시 강남구 도산대로45길 10-7, 1층 (신사동, 삼희2빌딩)"
이남장영동점,기타,37.51361732023304,127.06444105576738,영업/정상,서울특별시 강남구 봉은사로108길 21 (삼성동)
프렌즈,기타,37.4992037877254,127.0630993764294,영업/정상,"서울특별시 강남구 도곡로 516 (대치동,삼성상가 지하1층 3호)"
지구당 신사점,기타,37.52227489224663,127.0232897558499,영업/정상,"서울특별시 강남구 압구정로14길 32, 지상1층 (신사동)"
카오루,기타,37.524644448578776,127.03775407988,영업/정상,"서울특별시 강남구 선릉로153길 19 (신사동,지하1층)"
칠량,기타,37.52293062122599,127.05467796843361,영업/정상,"서울특별시 강남구 영동대로 731 (청담동,지하3층)"
모퉁이집,기타,37.526228331329875,127.0373293976883,영업/정상,"서울특별시 강남구 선릉로157길 29, 지상1층 101호 (신사동)"
스시전,기타,37.52688984213211,127.04573359591049,영업/정상,"서울특별시 강남구 압구정로71길 4, 1층 (청담동)"
아리,기타,37.510734766544466,127.02738797493453,영업/정상,"서울특별시 강남구 학동로20길 46, 지상1층 (논현동)"
중식당 수녹,기타,37.52263918866204,127.03627507138482,영업/정상,"서울특별시 강남구 도산대로 317, 호림아트센터 1빌딩 지하1층 2호 (신사동)"
포포빈,기타,37.507585424206226,127.06706350461673,영업/정상,"서울특별시 강남구 영동대로82길 29 (대치동,지상1층)"
세븐패티버거 압구정로데오점,기타,37.52489782097349,127.03929363738187,영업/정상,"서울특별시 강남구 선릉로 815, 신한양빌딩 지상1층 11호 (신사동)"
르블랑,기타,37.524221905810144,127.05305276948499,영업/정상,"서울특별시 강남구 학동로97길 74, 지하2층 (청담동)"
으리,기타,37.490534054885394,127.08603074977825,영업/정상,"서울특별시 강남구 일원로9길 56, 101호 (일원동)"
일품도시락,기타,37.528057914463076,127.0310211679467,영업/정상,"서울특별시 강남구 압구정로 216 (신사동,(1층23호))"
김가네김밥,기타,37.483746526374965,127.04426237909853,영업/정상,"서울특별시 강남구 논현로28길 27 (도곡동,지상1층)"
소풍나온산오징어,기타,37.493763256927984,127.03538543435663,영업/정상,서울특별시 강남구 역삼로14길 12 (역삼동)
혜교,기타,37.51561337673219,127.0522790627972,영업/정상,"서울특별시 강남구 삼성로 626 (삼성동,지상1,2층)"
하이브 플러스,기타,37.52748438230821,127.0349159590908,영업/정상,"서울특별시 강남구 압구정로42길 22 (신사동,지하1층)"
돈도란,기타,37.489656123291816,127.03285531350713,영업/정상,"서울특별시 강남구 도곡로 112 (도곡동,서한빌딩지하1층)"
우화당,기타,37.50850826423784,127.05695959521745,영업/정상,"서울특별시 강남구 테헤란로81길 22, 구암빌딩 지하1층 (삼성동)"
데블 다이스,기타,37.50110606086383,127.0271589374574,영업/정상,"서울특별시 강남구 테헤란로1길 42, 지상 5층, 6층 (역삼동)"
옥터버비(october B),기타,37.510388992730235,127.05340584497014,영업/정상,"서울특별시 강남구 삼성로103길 12, 지상3층 309호 (삼성동, 신도브래뉴주상복합)"
컴포즈커피 역삼테헤란로점,기타,37.497579297517134,127.03301261601113,영업/정상,"서울특별시 강남구 테헤란로10길 25, 105호 (역삼동, 뜨라네)"
돼지벅스,기타,37.49061172517103,127.03353641884513,영업/정상,"서울특별시 강남구 강남대로62길 24 (역삼동,지상1층)"
자금성,기타,37.518799445743255,127.046438024768,영업/정상,서울특별시 강남구 학동로67길 7 (청담동)
정가네손칼국수,칼국수,37.51611445861106,127.0406679286133,영업/정상,서울특별시 강남구 선릉로129길 11 (논현동)
더치스카페,기타,37.52306896004254,127.04571955640472,영업/정상,"서울특별시 강남구 삼성로149길 21 (청담동,지상1층)"
지알(GR) 해마루 도시락,기타,37.51220816132044,127.04289114677776,영업/정상,"서울특별시 강남구 선릉로 623, 2층 201호 (논현동)"
시즌글라스,기타,37.517512523206165,127.04619298638954,영업/정상,"서울특별시 강남구 선릉로130길 57, 지상1층 (삼성동)"
왕고모,기타,37.51159931854342,127.02892495164919,영업/정상,"서울특별시 강남구 학동로20길 19-8, 지하1층 (논현동)"
잔비워,기타,37.526667360760456,127.04622690029723,영업/정상,"서울특별시 강남구 압구정로73길 5, 명성빌딩 지상1층 (청담동)"
수황태콩나물국밥,국밥,37.48867399853818,127.06680617836673,영업/정상,"서울특별시 강남구 삼성로 38, 지하1층 4-65호 (개포동)"
베어스타코 강남점,기타,37.50291026229603,127.03773395455629,영업/정상,"서울특별시 강남구 테헤란로27길 22 (역삼동,지상1층)"
D.5414,기타,37.521833952785464,127.03849921991704,영업/정상,"서울특별시 강남구 도산대로54길 14, 지하1층 (논현동)"
카페바츄(Cafe Batchuu),기타,37.482657044239495,127.04602983954304,영업/정상,"서울특별시 강남구 논현로24길 40, 1층 (도곡동)"
로얄블랙,기타,37.518036180341724,127.02202616934287,영업/정상,"서울특별시 강남구 강남대로152길 33, 지하1층 (신사동)"
휴,기타,37.5108817651297,127.04476319085305,영업/정상,"서울특별시 강남구 봉은사로 409 (삼성동,지하1층)"
로스터리 락온 DB금융센터점,기타,37.505395458766124,127.05457465027125,영업/정상,"서울특별시 강남구 선릉로90길 66, 102동 101호 (대치동)"
이끼롤까스 가로수길본점,기타,37.51877385732428,127.0244571822376,영업/정상,"서울특별시 강남구 강남대로152길 64, 지하1층 (신사동)"
송화냉면,냉면,37.496800356273624,127.04452961278476,영업/정상,"서울특별시 강남구 도곡로37길 46, 지상1층 (역삼동)"
샤오당쟈마라탕 압구정신현대점,기타,37.52290366211883,127.0273860421523,영업/정상,"서울특별시 강남구 논현로159길 9, 지상1층 (신사동)"
청랑식당,기타,37.52400988655534,127.04924793786324,영업/정상,"서울특별시 강남구 도산대로 514 (청담동,2동지상1층1호)"
소뭉집 본점,기타,37.49059108359164,127.03262296498856,영업/정상,"서울특별시 강남구 강남대로62길 13, 지상1층 (역삼동)"
돈부리탄,기타,37.501026145022365,127.05289149082128,영업/정상,"서울특별시 강남구 역삼로 420 (대치동,지상1층5호)"
카페 밀브리지,기타,37.49325942199004,127.03130946069675,영업/정상,"서울특별시 강남구 역삼로 112, 지상1층 (역삼동, Milbridge Hall)"
떡도리탕,기타,37.50049979766464,127.02807998300851,영업/정상,"서울특별시 강남구 테헤란로1길 28-9, 지상1층 (역삼동)"
베지야 샐러드&샌드위치(Vegieya Salad&Sandwich),기타,37.50878257207008,127.03492928502016,영업/정상,"서울특별시 강남구 논현로114길 18, 지상1층 (논현동)"
원 디그리 노스,기타,37.51664279986215,127.03744122519973,영업/정상,"서울특별시 강남구 학동로43길 8 (논현동,지상1층)"
밥짓는집,기타,37.49955731937233,127.05802284749582,영업/정상,"서울특별시 강남구 도곡로77길 19 (대치동,지하1층,지상1,2층)"
당당미트 강남점,기타,37.50704616404345,127.03551335086584,영업/정상,"서울특별시 강남구 언주로107길 46, 지하1층 B01호 103호 (역삼동)"
오우,기타,37.49289505828314,127.04098947014441,영업/정상,"서울특별시 강남구 논현로 306, 지상2층, 지상3층 (역삼동)"
신신양꼬치,기타,37.515532939657376,127.0396011062541,영업/정상,"서울특별시 강남구 학동로48길 13 (논현동,지하1층)"
프레쉬,기타,37.505111472204604,127.05706847699162,영업/정상,"서울특별시 강남구 삼성로 431 (대치동,지상2층)"
미역향 삼겹장,기타,37.49799109394633,127.03236469371589,영업/정상,"서울특별시 강남구 테헤란로10길 18, 지상1층 (역삼동)"
힐링,기타,37.505962033696264,127.03314024166255,영업/정상,"서울특별시 강남구 봉은사로26길 14 (역삼동,지하1층)"
엄마손 푸드,기타,37.508751610455775,127.0412348797351,영업/정상,"서울특별시 강남구 언주로108길 25 (역삼동,지하1층)"
쥬만지,기타,37.5254308226984,127.02668742684901,영업/정상,"서울특별시 강남구 논현로175길 25 (신사동,지상2층)"
가나홀하우스,기타,37.48202443597121,127.08213220272552,영업/정상,서울특별시 강남구 광평로10길 15 (일원동)
일품양평해장국 선정릉역점,기타,37.50918372828225,127.04361561910493,영업/정상,"서울특별시 강남구 선릉로107길 6, 지상2층 (역삼동)"
토가라시,기타,37.514612815503625,127.02900301827917,영업/정상,"서울특별시 강남구 학동로25길 14 (논현동,지상1층)"
날마다막창,기타,37.502264941749864,127.05199042974927,영업/정상,서울특별시 강남구 역삼로63길 17 (대치동)
더블유더블유역삼본점,기타,37.499719131778065,127.03489804306014,영업/정상,"서울특별시 강남구 테헤란로 142, 캐피탈타워 지상3층 (역삼동)"
(주)원조부안집강남점,기타,37.500180035323815,127.0285602231416,영업/정상,"서울특별시 강남구 강남대로96길 19, 영우빌딩 지상2층 (역삼동)"
전주비빔밥,기타,37.50900862261595,127.04381577311196,영업/정상,"서울특별시 강남구 선릉로107길 5, 지상1층 (역삼동, 코덕빌딩)"
도곡물고기,기타,37.485642372851174,127.04433874681227,영업/정상,"서울특별시 강남구 남부순환로 2728, 지상1층 (도곡동)"
모우리,기타,37.510073444327,127.02260077761467,영업/정상,"서울특별시 강남구 학동로2길 20, 2층 (논현동)"
후카킹(Hookah King),기타,37.526206178256,127.03570366678115,영업/정상,"서울특별시 강남구 언주로168길 25, 3층 (신사동)"
이모네,기타,37.51041045594766,127.0242798427818,영업/정상,"서울특별시 강남구 강남대로128길 27, 지상1층 104호 (논현동, 새호시티라이프빌딩)"
바나프레소 대치점,기타,37.50625534042192,127.058432163221,영업/정상,"서울특별시 강남구 테헤란로84길 14, 지상1층 (대치동)"
부엉이돈가스 대치점,기타,37.50003252284838,127.06322758576724,영업/정상,"서울특별시 강남구 도곡로 521, 대치프라자 II 지상1층 107호 (대치동)"
스타일비건,기타,37.51877852317509,127.04005881293898,영업/정상,"서울특별시 강남구 선릉로135길 6, 지상2층 (논현동)"
왕의닭강정(강남대치점),기타,37.49944825259747,127.05331360501827,영업/정상,"서울특별시 강남구 역삼로64길 26, 지상1층 104호 (대치동)"
라그릴리아 강남스퀘어점,기타,37.49437641833323,127.0298570207918,영업/정상,"서울특별시 강남구 강남대로 352, 3층 (역삼동)"
씨제이씨지브이 (CJ CGV) 청담씨네시티점,기타,37.52289527290569,127.03704903223257,영업/정상,"서울특별시 강남구 도산대로 323 (신사동,8층)"
제타리움 비스트로(ZETARIUM bistro),기타,37.51106542210635,127.04328064267573,영업/정상,"서울특별시 강남구 선릉로 607, 삼공빌딩 지상2층 (논현동)"
나인틴먼스(19MONTHS),기타,37.486614678389884,127.04500406089902,영업/정상,"서울특별시 강남구 남부순환로377길 3, 지상1층 (도곡동, 우박빌딩)"
볕드는 호두집,기타,37.50370948385338,127.03907691569795,영업/정상,"서울특별시 강남구 언주로93길 32-7, 지하1층 (역삼동)"
커프,기타,37.50002603099709,127.04279044969516,영업/정상,"서울특별시 강남구 테헤란로38길 40, 1층 일부호 (역삼동)"
만다린,기타,37.48801674446367,127.10184847065206,영업/정상,"서울특별시 강남구 밤고개로1길 10 (수서동,지하1층8호)"
선 스시,기타,37.52722178827613,127.0347170461547,영업/정상,"서울특별시 강남구 압구정로42길 24-3 (신사동,지상1층)"
베러댄커피,기타,37.51718063045631,127.01984484414349,영업/정상,"서울특별시 강남구 강남대로 620, 영일빌딩 지상1층 105-2호 (신사동)"
윤쓰키친(yun's kitchen),기타,37.49212158957942,127.04320892996284,영업/정상,"서울특별시 강남구 도곡로28길 8, 상가동 지하1층 107호 (도곡동, 도곡1차아이파크아파트)"
이제만나,기타,37.495984602319766,127.03599433602916,영업/정상,"서울특별시 강남구 역삼로17길 17, 1층 101-2호 (역삼동)"
주식회사 럭스915,기타,37.52173140941037,127.03079758094346,영업/정상,"서울특별시 강남구 논현로152길 33, 지상1층 (신사동)"
마포집,기타,37.48560313109332,127.04415079836183,영업/정상,"서울특별시 강남구 남부순환로 2726, 거북빌딩 1층 (도곡동)"
클라시코(Clasico),기타,37.52606015915857,127.03750084485367,영업/정상,"서울특별시 강남구 선릉로157길 27-3, 錦奉빌딩 지하1층 (신사동)"
더바오(THE BAO),기타,37.52797374778474,127.03720009306171,영업/정상,"서울특별시 강남구 압구정로46길 5-6, 지상1층 101호 (신사동, 압구정로데오스타)"
일품헌,기타,37.50367012718289,127.03948143235812,영업/정상,"서울특별시 강남구 언주로93길 30, 역삼빌딩 1층 (역삼동)"
(주)커피빈코리아 도곡동지오빌딩점,기타,37.49223887060753,127.04167506907258,영업/정상,"서울특별시 강남구 도곡로 206, 지하1층 (도곡동)"
도산뚝배기,기타,37.52157602533926,127.0386087599792,영업/정상,"서울특별시 강남구 도산대로54길 18, 소프트시티 1층 (논현동)"
디오니소스,기타,37.498522239419195,127.05656448237713,영업/정상,서울특별시 강남구 삼성로61길 48 (대치동)
양파이 강남역점,기타,37.49931556948604,127.02855745620147,영업/정상,"서울특별시 강남구 강남대로94길 14, 지상1층 1호 (역삼동, 강남교구)"
청담동,기타,37.52640588946508,127.04125635626458,영업/정상,"서울특별시 강남구 도산대로55길 46 (청담동,지상2층)"
왕쓰브 강남본점,기타,37.51054182685763,127.03594543667222,영업/정상,"서울특별시 강남구 언주로 615, 논현 아이파크 103동 1층 109호 (논현동)"
동동포차,기타,37.5262498731829,127.03717727092905,영업/정상,"서울특별시 강남구 선릉로157길 31, 지상1층 (신사동)"
남산옥,기타,37.50847757359702,127.06618308813987,영업/정상,서울특별시 강남구 테헤란로108길 15 (대치동)
하늘,기타,37.50403046503905,127.05565064639856,영업/정상,"서울특별시 강남구 삼성로81길 25 (대치동,지하1층)"
제이와인,기타,37.49736060307999,127.03977864912716,영업/정상,"서울특별시 강남구 역삼로25길 16, 지상1층 (역삼동)"
소블리,기타,37.50930747347226,127.02338263377248,영업/정상,"서울특별시 강남구 학동로2길 33-1, 지상2층 (논현동)"
선릉황태,기타,37.502419174934005,127.05218197192492,영업/정상,"서울특별시 강남구 역삼로63길 20, 지상1층 102호 (대치동)"
냉철한삼겹 일원점,기타,37.4894514924949,127.08237116700721,영업/정상,서울특별시 강남구 일원로9길 10 (일원동)
파이니지(Fineasy),기타,37.5089438073675,127.04366846475551,영업/정상,"서울특별시 강남구 선릉로107길 7, 지상1층 102호 (역삼동)"
종로계림닭도리탕원조 역삼점,기타,37.49887574320695,127.03715599100528,영업/정상,"서울특별시 강남구 논현로85길 5-5, 지상1층 (역삼동)"
옛날순대국,기타,37.52400988655534,127.04924793786324,영업/정상,"서울특별시 강남구 도산대로 514 (청담동,2동지상1층1다호)"
갑기회관 강남본점,기타,37.51890167921348,127.02897514444822,영업/정상,"서울특별시 강남구 논현로150길 4 (논현동,지상1층)"
카페 나이아스,기타,37.526432664432285,127.04966699324389,영업/정상,"서울특별시 강남구 도산대로85길 30, 지상1층 108-2호 (청담동, 청담신원아침도시마인)"
로코컴플렉스(LOCO COMPLEX),기타,37.527304037055636,127.03823494992037,영업/정상,"서울특별시 강남구 압구정로50길 13, 지하1층,지상1,2층 (신사동)"
더 빌라,기타,37.49300356358395,127.03973373480287,영업/정상,"서울특별시 강남구 도곡로23길 12, 지상1층 (역삼동)"
주식회사 우아한카페앤프레쉬논현,기타,37.51245831860277,127.03207674285521,영업/정상,"서울특별시 강남구 논현로124길 5, 지상2층 201-1호 (논현동)"
피오렌티나,기타,37.524057735887894,127.02791593357462,영업/정상,"서울특별시 강남구 논현로 841 (신사동,지상1층104호)"
카메스시,기타,37.513837853487395,127.04179119988521,영업/정상,"서울특별시 강남구 선릉로121길 7, 지상1층 (논현동)"
이승재참치,기타,37.50258931271467,127.05209964429592,영업/정상,"서울특별시 강남구 역삼로63길 22, 지상2층 (대치동)"
속초오징어어시장 강남점,기타,37.49497044938872,127.03071239543056,영업/정상,"서울특별시 강남구 강남대로78길 16 (역삼동,지상1층)"
냠냠족발&보쌈 강남논현본점,기타,37.5066849545093,127.02525223232571,영업/정상,"서울특별시 강남구 강남대로118길 22 (논현동,지하1층)"
(주)뉴광명수산,기타,37.50908275839987,127.02345058074391,영업/정상,"서울특별시 강남구 학동로2길 39 (논현동,지상1층)"
돈우애락,기타,37.498420849582885,127.03695985029394,영업/정상,"서울특별시 강남구 논현로85길 5-13, 지상2층 (역삼동)"
우미야 역삼1호점,기타,37.496628583070304,127.04212040402665,영업/정상,"서울특별시 강남구 역삼로34길 8, 1층 103호 (역삼동)"
베이징코야강남점,기타,37.50001729559285,127.03911789971373,영업/정상,"서울특별시 강남구 논현로86길 20 (역삼동,지상1층)"
팔일삼,기타,37.51781405147132,127.02229858438302,영업/정상,"서울특별시 강남구 도산대로11길 5 (신사동,지상1층)"
공원스크립트 가로수길점,기타,37.52118043756849,127.0225433574331,영업/정상,"서울특별시 강남구 가로수길 49-1, 2층 (신사동)"
비비큐치킨 삼성역점,기타,37.510388992730235,127.05340584497014,영업/정상,"서울특별시 강남구 삼성로103길 12, 지상1층 140호 (삼성동, 신도브래뉴주상복합)"
고운님삼성역점,기타,37.50810426476696,127.06503069955082,영업/정상,"서울특별시 강남구 영동대로86길 11 (대치동,지상2층)"
압구정 파티룸 스튜디오 샤블리셰리,기타,37.52182578019534,127.0314377493516,영업/정상,"서울특별시 강남구 도산대로37길 12, 지하1층 (신사동)"
호미곶횟집,기타,37.47624669220522,127.04815574301787,영업/정상,"서울특별시 강남구 논현로16길 14-7 (개포동,지상1층)"
더 바른 정육식당,기타,37.50542697043109,127.02451651330665,영업/정상,"서울특별시 강남구 강남대로 482 (논현동,지상1층)"
일산칼국수 선릉역점,칼국수,37.50331227607704,127.04633325591085,영업/정상,"서울특별시 강남구 테헤란로 322, 한신인터밸리24 지하2층 제비143호 (역삼동)"
스시 스즈메,기타,37.528093298283835,127.03568639995353,영업/정상,"서울특별시 강남구 언주로174길 22, 지하1층 (신사동)"
선릉포차,기타,37.50474011858507,127.04481953892599,영업/정상,서울특별시 강남구 언주로98길 37 (역삼동)
베네디지오네,기타,37.52590426039636,127.04596586018786,영업/정상,"서울특별시 강남구 압구정로 450 (청담동,퀸빌딩7층)"
원할머니보쌈개포점,기타,37.48277522570943,127.06221668952682,영업/정상,"서울특별시 강남구 선릉로4길 13 (개포동,지상1층)"
블로굿(blogood),기타,37.52077598989281,127.03772335687718,영업/정상,"서울특별시 강남구 도산대로50길 25, 2층 (논현동)"
라비앵 테이스트,기타,37.5056568688279,127.02719497360596,영업/정상,"서울특별시 강남구 봉은사로 123, 103호 (논현동)"
라망드 쉐프,기타,37.49045538662736,127.03305451290969,영업/정상,"서울특별시 강남구 강남대로62길 18, 1층 101호 (역삼동)"
BBQ 역삼스타점,기타,37.496802181245506,127.03853506191247,영업/정상,"서울특별시 강남구 논현로 411, 남형빌딩 지상1층 (역삼동)"
호시타코야끼 대치점,기타,37.50084375150747,127.05765581693952,영업/정상,"서울특별시 강남구 삼성로67길 22, 1층 103호 (대치동)"
에나(Ena),기타,37.522069098541586,127.04153183842631,영업/정상,"서울특별시 강남구 도산대로58길 17 (청담동,지하1층)"
쇼부라멘 대웅제약점,기타,37.51448606891902,127.06547895381293,영업/정상,"서울특별시 강남구 봉은사로114길 12, 대웅제약빌딩 지하1층 4호 (삼성동)"
메이크 어 딜리버리,기타,37.51300600881279,127.03371480730588,영업/정상,"서울특별시 강남구 학동로34길 24, 지상1층 (논현동)"
본토 푸줏간,기타,37.52774588756646,127.03860967651286,영업/정상,"서울특별시 강남구 압구정로50길 7, 정동상가 지상2층 19호 (신사동)"
이장군 충무김밥,기타,37.50588973059903,127.02822289991634,영업/정상,"서울특별시 강남구 봉은사로 129 (논현동,거평타운 지하121호)"
알찬한끼,기타,37.50094918532847,127.03551808949534,영업/정상,"서울특별시 강남구 테헤란로 147, 성지하이츠Ⅱ 지하1층 14,15호 (역삼동)"
무국적식탁 강남점,기타,37.49756732952494,127.03761065784857,영업/정상,"서울특별시 강남구 논현로79길 7, 지상1층 (역삼동)"
류니끄,기타,37.52293068867814,127.03602957480318,영업/정상,"서울특별시 강남구 도산대로45길 8-1, 지상1층, 지상2층 (신사동)"
비야 게레로,기타,37.51196317581306,127.0527839925212,영업/정상,"서울특별시 강남구 봉은사로78길 12, 1층 101호, 102호 (삼성동)"
명가 순두부,기타,37.49881763957852,127.03510912828743,영업/정상,"서울특별시 강남구 테헤란로22길 16, 지상2층 (역삼동)"
디트로이트,기타,37.51634172314658,127.03919948566148,영업/정상,"서울특별시 강남구 학동로 332 (논현동,지하1층)"
파크하얏트서울이벤트,기타,37.50856679166254,127.0641468957995,영업/정상,"서울특별시 강남구 테헤란로 606, 2층 (대치동, 파크하얏트서울)"
교토,기타,37.49012871374169,127.03265371070049,영업/정상,"서울특별시 강남구 도곡로 111, 지하1층 (역삼동, 미진빌딩)"
둘둘치킨,기타,37.4917319537374,127.03235280890986,영업/정상,"서울특별시 강남구 도곡로3길 25 (역삼동,지상1층108,109,110호)"
그 고깃집,기타,37.48302053844141,127.06198433247218,영업/정상,서울특별시 강남구 선릉로6길 13 (개포동)
아임샌드,기타,37.50297359241314,127.04653232570449,영업/정상,"서울특별시 강남구 테헤란로 322, 한신인터밸리24빌딩 지하2층 제비115호 (역삼동)"
화니스시,기타,37.50854333601183,127.03224676236917,영업/정상,"서울특별시 강남구 논현로113길 12, 1층 105호 (논현동)"
강남세브란스점 푸드코트,기타,37.49254976727992,127.04652748457534,영업/정상,"서울특별시 강남구 언주로 211, 지하1층 (도곡동, 강남세브란스병원)"
키겐(kigen),기타,37.522180225488924,127.03834980470748,영업/정상,"서울특별시 강남구 언주로150길 51, 지하1층 (논현동)"
바 엘(bar L),기타,37.49131261803,127.03824204690005,영업/정상,"서울특별시 강남구 도곡로 170, 대성빌딩 지하1층 b01호 (도곡동)"
레스토랑 솔밤,기타,37.52141717468793,127.03168739257372,영업/정상,"서울특별시 강남구 도산대로37길 6, 지상4층 (신사동)"
김랩,기타,37.512851816214045,127.03437946795822,영업/정상,"서울특별시 강남구 언주로125길 11, 지상1층 101호 (논현동)"
휴 컴퍼니 2(Hyu Company 2),기타,37.51054182685763,127.03594543667222,영업/정상,"서울특별시 강남구 언주로 615, 논현 아이파크 103동 지상1층 115호 (논현동)"
베네베네,기타,37.52287687885329,127.04376899855404,영업/정상,"서울특별시 강남구 선릉로148길 52, 지상2층 (청담동)"
구이마마,기타,37.50357434023682,127.05428035340167,영업/정상,"서울특별시 강남구 삼성로81길 43, 지하1층 (대치동)"
기영이 숯불두마리치킨 강남역삼점,기타,37.49492651436874,127.03439407079722,영업/정상,"서울특별시 강남구 역삼로11길 7, 지상1층 (역삼동)"
빈티지(Vintage),기타,37.4850488505175,127.04588558006841,영업/정상,"서울특별시 강남구 논현로30길 52, 지하1층 (도곡동)"
목삼정,기타,37.508446276185566,127.0648568808739,영업/정상,"서울특별시 강남구 테헤란로104길 10, 더원트윈타워2 지상1층, 2층 (대치동)"
서리정,기타,37.50295200727982,127.03511915854179,영업/정상,"서울특별시 강남구 테헤란로25길 36, 지하1층 (역삼동)"
미치코서울,기타,37.508779920019236,127.02350574790998,영업/정상,"서울특별시 강남구 학동로2길 43, 지상2층 (논현동)"
다몽집,기타,37.501852264926924,127.02717040429857,영업/정상,"서울특별시 강남구 강남대로100길 13, 지하1층 (역삼동)"
웨스키하우스,기타,37.51528909508536,127.02215675629941,영업/정상,"서울특별시 강남구 강남대로146길 25, 에코스페이스 5층 (논현동)"
영동스낵,기타,37.50885383488828,127.0236233078786,영업/정상,"서울특별시 강남구 강남대로124길 12, 지상1층 (논현동)"
만아정육점식당,기타,37.48731258454296,127.10514601866998,영업/정상,"서울특별시 강남구 광평로56길 11 (수서동,수서아파트상가103호)"
주식회사 팔레드고몽,기타,37.525799554368106,127.04730191152667,영업/정상,"서울특별시 강남구 도산대로81길 21 (청담동,지상1층)"
스시선수,기타,37.52284813501981,127.03636797609096,영업/정상,"서울특별시 강남구 도산대로45길 6, 호림아트센터 2빌딩 지하1층 3호 (신사동)"
재뉴어리,기타,37.51149664316446,127.0496638828858,영업/정상,"서울특별시 강남구 봉은사로68길 6 (삼성동,지하1층)"
주식회사 하게,기타,37.51810138913576,127.05135779911127,영업/정상,"서울특별시 강남구 학동로82길 12, 지상1층 (삼성동)"
수,기타,37.50379196974881,127.03983800541087,영업/정상,"서울특별시 강남구 언주로93길 22-5 (역삼동,지하1층)"
논현새 강남 본점,기타,37.508272628769056,127.02444042468193,영업/정상,"서울특별시 강남구 강남대로122길 17, 지상101호 (논현동)"
주)봉산집,기타,37.51193089832162,127.05429131068233,영업/정상,"서울특별시 강남구 삼성로 564, 지상2층,지상3층 (삼성동)"
명동손칼국수,칼국수,37.5221298041098,127.05694393721046,영업/정상,"서울특별시 강남구 학동로101길 33 (청담동,(1층6호))"
비스트로 몽리,기타,37.51875121891759,127.02131954203249,영업/정상,"서울특별시 강남구 강남대로156길 27, 지상1층 (신사동)"
카페4길25(cafe 4gil 25),기타,37.52142644548225,127.02081543461843,영업/정상,"서울특별시 강남구 압구정로4길 25, 지상1,2층 (신사동)"
서울황태,기타,37.51937361215154,127.0303173050898,영업/정상,"서울특별시 강남구 논현로150길 22, 지상1층 (논현동)"
우리동네 횟집,기타,37.507480369374626,127.02599946246507,영업/정상,"서울특별시 강남구 강남대로120길 30, 103호 (논현동)"
스시구,기타,37.53197601451119,127.02856301041372,영업/정상,"서울특별시 강남구 압구정로29길 68, 지하1층 (압구정동)"
알라카르테 강남,기타,37.50439165929066,127.03488498152169,영업/정상,"서울특별시 강남구 논현로 539, 지하1층 (역삼동)"
장호덕 손만두,기타,37.46578197475622,127.1011912282916,영업/정상,"서울특별시 강남구 헌릉로 569, 지상1층 104호 (세곡동)"
대치동블루스,기타,37.50405159812697,127.05104533854794,영업/정상,"서울특별시 강남구 테헤란로64길 14, 더 나인 오피스텔 지상1층 101호 (대치동)"
커피엠스테이블(COFFEE M STABLE),기타,37.52381595686798,127.05161825449882,영업/정상,"서울특별시 강남구 도산대로94길 20, 지상1층 (청담동)"
카페방송갤러리,기타,37.5055462087658,127.0305119734682,영업/정상,"서울특별시 강남구 논현로105길 46, 2층 (역삼동)"
제로밥상 강남점,기타,37.50615434009952,127.02490411631051,영업/정상,"서울특별시 강남구 강남대로116길 10, 지상2층 (논현동)"
갓즈포케 강남,기타,37.500838261699634,127.03252961580638,영업/정상,"서울특별시 강남구 강남대로94길 67, 도연빌딩 1층 101호 (역삼동)"
뽕글탱글,기타,37.52344645222799,127.02998388051824,영업/정상,"서울특별시 강남구 논현로164길 21, 지상1층 (신사동, 우리빌딩)"
와쇼쿠예인,기타,37.52487595773445,127.0372010461374,영업/정상,"서울특별시 강남구 도산대로49길 30, 지상2층 (신사동)"
엠브릿지 유한회사,기타,37.51211705785473,127.03640416691667,영업/정상,"서울특별시 강남구 학동로42길 52, 지상1층 (논현동)"
양양불떡볶이,기타,37.509465258014444,127.02362067655854,영업/정상,"서울특별시 강남구 학동로4길 32, 1층 102호 (논현동)"
등촌샤브칼국수 선릉점,칼국수,37.50150282125702,127.05220895215479,영업/정상,서울특별시 강남구 역삼로63길 5 (대치동)
제일숯불바베큐,기타,37.510348121468596,127.0543390464822,영업/정상,서울특별시 강남구 삼성로 547 (삼성동)
스튜디오담다(주),기타,37.51170911331597,127.03456960819031,영업/정상,"서울특별시 강남구 학동로30길 43-20, 2층 (논현동)"
마레461,기타,37.48562087348514,127.09859041194983,영업/정상,"서울특별시 강남구 광평로42길 4, 가동 지상1층, 나동 지상2층 (수서동)"
퀸스바(Queens bar),기타,37.52293068867814,127.03602957480318,영업/정상,"서울특별시 강남구 도산대로45길 8-1, 지하1층 (신사동)"
다인,기타,37.49107954268298,127.08166521257856,영업/정상,"서울특별시 강남구 일원로5길 9 (일원동,지하1층)"
1992덮밥 & 짜글이,기타,37.49642673200609,127.02919180490872,영업/정상,"서울특별시 강남구 강남대로84길 6, 지상1층 (역삼동)"
필,기타,37.497840196692565,127.05925664980383,영업/정상,서울특별시 강남구 삼성로57길 22 (대치동)
하랑,기타,37.511839692329126,127.04672161781748,영업/정상,"서울특별시 강남구 선릉로112길 38, 지상1층 102호 (삼성동)"
레디오헤드,기타,37.50717724215941,127.06205504473228,영업/정상,서울특별시 강남구 영동대로85길 20-2 (대치동)
짐승고깃간 강남구청역 본점,기타,37.51711913902374,127.03792027595615,영업/정상,서울특별시 강남구 언주로134길 29 (논현동)
발리(Bali),기타,37.50925223236292,127.03269038672173,영업/정상,"서울특별시 강남구 논현로 623, 성지빌딩 지상1층 101호 (논현동)"
서리달,기타,37.519106633093436,127.0196868925662,영업/정상,서울특별시 강남구 도산대로1길 36 (신사동)
토브,기타,37.51702365160324,127.03056321982505,영업/정상,"서울특별시 강남구 도산대로30길 46, 지하1층 (논현동)"
야키토리 요이사,기타,37.52268552473775,127.02117218484337,영업/정상,"서울특별시 강남구 논현로175길 101 (신사동,지상1층)"
캣츠,기타,37.50479635423374,127.05802248385359,영업/정상,"서울특별시 강남구 삼성로 424 (대치동,지하1층)"
레??(Legume),기타,37.5194574115232,127.01911852061257,영업/정상,"서울특별시 강남구 강남대로 652, SINSA SQUARE 지상2층 207-2호 (신사동)"
카소미야 삼성점,기타,37.5080139610026,127.0553955587808,영업/정상,"서울특별시 강남구 삼성로 517, 지상1층 113호 (삼성동, 채널리저브)"
담뿍화로된장 대치점,기타,37.50487287461846,127.0543845057228,영업/정상,"서울특별시 강남구 테헤란로78길 14-15, 세왕빌딩 지상1층 (대치동)"
양식당 더램키친,기타,37.52188030335266,127.03805862247656,영업/정상,"서울특별시 강남구 언주로150길 48 (논현동,지상1층101호)"
호시,기타,37.51677020655946,127.02007359804371,영업/정상,"서울특별시 강남구 도산대로 107, 지상20층 (신사동)"
캐슬,기타,37.508765786629226,127.05708476233258,영업/정상,"서울특별시 강남구 삼성로96길 14, 중아빌딩 지하1층 (삼성동)"
명동칼국수,칼국수,37.51424902920098,127.03354539227367,영업/정상,"서울특별시 강남구 언주로129길 20 (논현동,1층)"
풍년집,기타,37.49375325424519,127.03574861629292,영업/정상,"서울특별시 강남구 역삼로14길 13, 지상2층 201호 (역삼동)"
시골집,기타,37.52261758950089,127.04438492729624,영업/정상,"서울특별시 강남구 도산대로66길 15 (청담동,지상1층,지하1층)"
대림옥,기타,37.51882022318774,127.04813982384756,영업/정상,서울특별시 강남구 학동로 431 (청담동)
한솔구내식당,기타,37.50754262567998,127.03578319462099,영업/정상,"서울특별시 강남구 봉은사로 214 (역삼동,지하3층)"
베르체,기타,37.517300890880115,127.0196211893612,영업/정상,"서울특별시 강남구 강남대로 622 (신사동,지상1층)"
초원,기타,37.46336378276376,127.10736170578384,영업/정상,서울특별시 강남구 밤고개로36길 6 (세곡동)
꼬끄더그릴(COQ THE Grill),기타,37.5175384588824,127.02018568054294,영업/정상,서울특별시 강남구 강남대로154길 10 (신사동)
을지다락 도산공원,기타,37.526206178256,127.03570366678115,영업/정상,"서울특별시 강남구 언주로168길 25 (신사동,2층)"
당근,기타,37.516660885681354,127.02980599960065,영업/정상,"서울특별시 강남구 논현로 722, 지하1층 (논현동)"
대화,기타,37.49789790569617,127.04035529529027,영업/정상,"서울특별시 강남구 테헤란로30길 52 (역삼동,지상1,2층)"
에그드랍 압구정점,기타,37.52629777102165,127.02744711007324,영업/정상,"서울특별시 강남구 압구정로 162, 베네하임시티 지상1층 110호 (신사동)"
펀 비어킹(fun beerking),기타,37.51697734229983,127.03717896430354,영업/정상,"서울특별시 강남구 언주로134길 19 (논현동,1층)"
오늘은 닭,기타,37.51069410860042,127.05638709325223,영업/정상,"서울특별시 강남구 테헤란로83길 51 (삼성동,지상1층)"
청년치킨,기타,37.515085251077394,127.04782483131346,영업/정상,"서울특별시 강남구 삼성로119길 45, 지상1층 (삼성동)"
비하우스,기타,37.49539989631866,127.03040580524147,영업/정상,"서울특별시 강남구 테헤란로4길 46, 지하1층 비 상가 105호 (역삼동, 쌍용플래티넘밸류)"
네모오징어 강남파이낸스점,기타,37.49887943712369,127.03632802439704,영업/정상,"서울특별시 강남구 역삼로17길 61 (역삼동,지상1층)"
세로방,기타,37.490904567885465,127.03248509962211,영업/정상,"서울특별시 강남구 도곡로1길 14 (역삼동,지상1층102,103호)"
롱타임노씨 신사점,기타,37.517467408110086,127.02064966949183,영업/정상,"서울특별시 강남구 강남대로152길 15, 지상2층 (신사동)"
코모루,기타,37.5225547753862,127.02436466223016,영업/정상,"서울특별시 강남구 논현로161길 49, 지하1층 B01호 (신사동)"
부니카페(BOONI CAFE),기타,37.497290863119666,127.04081685992311,영업/정상,"서울특별시 강남구 논현로76길 24, BPT빌딩 지상1층 (역삼동)"
말리본 더바,기타,37.52572595848253,127.04535160564404,영업/정상,"서울특별시 강남구 도산대로75길 25, 지하1층 (청담동)"
(주)예,기타,37.51985640658422,127.03368779889301,영업/정상,서울특별시 강남구 언주로147길 9 (논현동)
뉴델리,기타,37.52750447871542,127.03063017926765,영업/정상,서울특별시 강남구 논현로176길 28 (신사동)
욕지도횟집,기타,37.49808311346318,127.07121923963504,영업/정상,서울특별시 강남구 영동대로 210 (대치동)
초가마을,기타,37.496631069151285,127.04042762710404,영업/정상,"서울특별시 강남구 역삼로 213, 지하1층 (역삼동)"
화작,기타,37.51797036334151,127.01934011936818,영업/정상,서울특별시 강남구 강남대로 630 (신사동)
빽다방(논현영동시장점),기타,37.50750761040396,127.02350474728605,영업/정상,서울특별시 강남구 강남대로 506 (논현동)
청실홍실,기타,37.484057674499844,127.04561546191017,영업/정상,"서울특별시 강남구 논현로26길 45 (도곡동,지상1층)"
마라명장,기타,37.51790055347948,127.0301203636659,영업/정상,"서울특별시 강남구 도산대로30길 32, 지상1층 (논현동)"
(주)토브헤세드,기타,37.51854921603823,127.03274388851013,영업/정상,"서울특별시 강남구 도산대로38길 32, 지상1,2층 (논현동)"
팔도순대,기타,37.500755309314705,127.03429343778207,영업/정상,"서울특별시 강남구 강남대로94길 88, 1층 (역삼동)"
주식회사 우미노히,기타,37.52527383294466,127.05086022394006,영업/정상,"서울특별시 강남구 도산대로89길 12 (청담동,지상1층 104호)"
The Beatles(비틀즈),기타,37.50742515850548,127.02653011608456,영업/정상,"서울특별시 강남구 강남대로118길 43, 시화빌딩 지하1층 (논현동)"
커피인류 대치삼성점,기타,37.507585424206226,127.06706350461673,영업/정상,"서울특별시 강남구 영동대로82길 29, 대신빌딩 지하1층 (대치동)"
디바,기타,37.49469534254429,127.03491097976153,영업/정상,"서울특별시 강남구 역삼로 141, YB빌딩 지하1층 (역삼동)"
튀김명인 최영일 닭강정&새우강정 강남점,기타,37.50736932020773,127.03739743154303,영업/정상,"서울특별시 강남구 언주로107길 23, 2층 (역삼동)"
게집,기타,37.52107244817242,127.01978615009466,영업/정상,"서울특별시 강남구 압구정로4길 14-14, 지상1층,지상2층 (신사동)"
연돈볼카츠 튀김덮밥 도시락 강남CGV점,기타,37.50165239950277,127.02637492654759,영업/정상,"서울특별시 강남구 강남대로 438, 스타플렉스 2층 213호 (역삼동)"
하몽하몽이베리코,기타,37.50325812144054,127.04009345081013,영업/정상,"서울특별시 강남구 언주로93길 25, 지상1층 101호 (역삼동)"
은이네 백반집,기타,37.46400000954552,127.10730858512954,영업/정상,"서울특별시 강남구 밤고개로34길 4, 1층 16호 (세곡동)"
포메인 청담점,기타,37.525440759333556,127.04981102964489,영업/정상,"서울특별시 강남구 도산대로87길 11, 지상1층 (청담동)"
장터포장마차,기타,37.49838758837063,127.05238194714943,영업/정상,"서울특별시 강남구 선릉로66길 6, 지상1층 102호 (대치동)"
브루터스앤케이터링(Brutus&catering),기타,37.52136004080094,127.02759454869387,영업/정상,"서울특별시 강남구 도산대로27길 26, 지상1층 102호 (신사동)"
까사생갈비,기타,37.50316003205383,127.02620859982135,영업/정상,"서울특별시 강남구 봉은사로2길 23, 2층 (역삼동)"
빅스타 강남1호점,기타,37.512017764413095,127.03501528066938,영업/정상,"서울특별시 강남구 언주로121길 4-5, 1층 1호 (논현동)"
초원,기타,37.52028858132262,127.03221524162933,영업/정상,"서울특별시 강남구 도산대로 232 (논현동,지상1층)"
한솥도시락,기타,37.500466815227135,127.03085473259841,영업/정상,"서울특별시 강남구 테헤란로7길 22, 지상1층 (역삼동)"
논현골 흑염소,기타,37.507652331629984,127.02658303620953,영업/정상,"서울특별시 강남구 강남대로120길 40, 지상1층 (논현동)"
가츠몽,기타,37.51501310149699,127.06179392834541,영업/정상,"서울특별시 강남구 봉은사로103길 6 (삼성동,지상1층)"
노?v참치 스시,기타,37.502439548017406,127.02711150952274,영업/정상,"서울특별시 강남구 봉은사로4길 37, 지하1층 (역삼동)"
압구정제주집(狎鷗亭濟州緝),기타,37.521506942316584,127.03110797714918,영업/정상,"서울특별시 강남구 논현로152길 36, 지상1층 (신사동)"
더(The)감성,기타,37.48313474098209,127.0430097644038,영업/정상,"서울특별시 강남구 논현로30길 7, 인성빌딩 지상1층 (도곡동)"
갈팡즙팡 과일디저트카페 본사직영점,기타,37.493595292699496,127.04146770565039,영업/정상,"서울특별시 강남구 논현로64길 14 (역삼동,1층102호)"
무미다점 바이 이스턴에디션,기타,37.51606323426189,127.03387388970988,영업/정상,"서울특별시 강남구 언주로133길 17, 3층 (논현동)"
프레임(FRAME),기타,37.526394603264,127.03659304704718,영업/정상,"서울특별시 강남구 언주로170길 36, 지와이빌딩 지하1층 (신사동)"
루나,기타,37.51833427417987,127.02743943164556,영업/정상,"서울특별시 강남구 논현로149길 13 (논현동,예진빌딩지상1층)"
스패뉴선릉점,기타,37.50320971916104,127.04995869899606,영업/정상,"서울특별시 강남구 선릉로 426 (대치동,지상2층)"
대학로김가네김밥,기타,37.50483472501995,127.04319846082312,영업/정상,"서울특별시 강남구 언주로98길 18, 지상1층 (역삼동)"
고봉민 김밥인(대치역점),기타,37.4938288264825,127.0629407625155,영업/정상,"서울특별시 강남구 삼성로 155, 1층 103호 (대치동, 대치퍼스트)"
영천영화 뜰,기타,37.523965859360274,127.04958585417793,영업/정상,"서울특별시 강남구 도산대로90길 3, 상민빌딩 지상5층 (청담동)"
프리모(PRIMO),기타,37.520012421102045,127.02349549095634,영업/정상,"서울특별시 강남구 논현로153길 59, 1층 (신사동)"
샤브리스,기타,37.517969034554355,127.02186316723629,영업/정상,서울특별시 강남구 강남대로152길 31 (신사동)
알촌 논현직영점,기타,37.509866400370846,127.03546377457924,영업/정상,"서울특별시 강남구 언주로115길 15, 지상1층 103호 (논현동)"
톡(tok),기타,37.49165256093709,127.03573804712443,영업/정상,"서울특별시 강남구 도곡로11길 10, 지상1층 102호 (역삼동)"
또도 신사2호점,기타,37.52329266813361,127.0276928750289,영업/정상,"서울특별시 강남구 압구정로28길 49, 106호 (신사동)"
(주)툭툭누들타이(티티그릴),기타,37.52177451887926,127.03112619412043,영업/정상,"서울특별시 강남구 논현로152길 37, 한서빌딩 지상1층 (신사동)"
보성녹돈,기타,37.4901889297854,127.0848639122942,영업/정상,"서울특별시 강남구 일원로9길 40 (일원동,지상1층)"
(주)뚜또베네,기타,37.525799554368106,127.04730191152667,영업/정상,"서울특별시 강남구 도산대로81길 21 (청담동,지상1층)"
세조니,기타,37.522643817180985,127.04320035397645,영업/정상,서울특별시 강남구 도산대로62길 11 (청담동)
곤지암 할매 소머리 국밥,국밥,37.51082546241062,127.03062087036027,영업/정상,서울특별시 강남구 논현로121길 18 (논현동)
두산분식,기타,37.51907521525465,127.03529805026311,영업/정상,서울특별시 강남구 언주로 726 (논현동)
막퍼주는식당,기타,37.493310745070325,127.03606082135052,영업/정상,"서울특별시 강남구 논현로67길 48, 1층 102호 (역삼동)"
도곡와인구락부,기타,37.485398648776815,127.03478108326874,영업/정상,"서울특별시 강남구 남부순환로351길 8, 지상1층 (도곡동)"
호앙비엣 역삼2호점,기타,37.50053851789022,127.03343068766199,영업/정상,"서울특별시 강남구 테헤란로19길 7, 지상1층 102호 (역삼동)"
오프오프커피,기타,37.49530963808415,127.03381815556321,영업/정상,"서울특별시 강남구 역삼로9길 20, 지상1층 (역삼동)"
편백집 파르나스몰점,기타,37.50904780086485,127.06089284405361,영업/정상,"서울특별시 강남구 테헤란로 521, 파르나스타워 지하1층 F7,8호 (삼성동)"
옵션스페셜티커피 상록회관점,기타,37.50385994932464,127.04315978724321,영업/정상,"서울특별시 강남구 언주로 508 (역삼동,지하1층)"
중앙실비,기타,37.51668653661626,127.04059047030417,영업/정상,"서울특별시 강남구 학동로 342, 지상1층 111,112호 (논현동)"
길포차,기타,37.50316333549303,127.05610735976644,영업/정상,"서울특별시 강남구 삼성로75길 26, 103호 (대치동)"
소풍가는날,기타,37.5223050100243,127.05773590499582,영업/정상,"서울특별시 강남구 학동로101길 26, 청담 삼익상가 지하1층 38호 (청담동)"
알펜,기타,37.516590668433324,127.03424255557198,영업/정상,"서울특별시 강남구 학동로37길 19 (논현동,1층)"
석화촌,기타,37.48530933573788,127.03440343401125,영업/정상,"서울특별시 강남구 강남대로 240, 지하1층 B111,B113,B117호 (도곡동, 양재SK허브프리모)"
청담이상 본점,기타,37.52545450388046,127.05011593640872,영업/정상,서울특별시 강남구 압구정로79길 35 (청담동)
블루마운틴,기타,37.49193020069927,127.03422250363116,영업/정상,"서울특별시 강남구 도곡로7길 19, 지하1층 102호 (역삼동)"
부산삼정,기타,37.49976357006546,127.03107229723464,영업/정상,"서울특별시 강남구 테헤란로7길 8, 지상1층 103호 (역삼동)"
Delivery Friends(딜리버리 프랜즈),기타,37.50076278101459,127.03233718059339,영업/정상,"서울특별시 강남구 테헤란로13길 16, 지하1층 B101호 (역삼동)"
피자탑 강남1호점,기타,37.51702830190219,127.03654715647733,영업/정상,"서울특별시 강남구 언주로134길 11-3, 지상1층 (논현동)"
안스(Ans),기타,37.52635283091536,127.03818455703062,영업/정상,"서울특별시 강남구 선릉로157길 22, 지상3층 (신사동)"
대치동제빵소 베이커리까페,기타,37.50278956859344,127.05491585929171,영업/정상,"서울특별시 강남구 삼성로75길 40, 지상2층 203호 (대치동)"
벤츠비 카패 레스토랑 앤 바,기타,37.52491124728059,127.04556743225538,영업/정상,"서울특별시 강남구 압구정로80길 14, 1층, 지하1층 (청담동)"
더커피체임버,기타,37.50784679434225,127.02336813443041,영업/정상,"서울특별시 강남구 강남대로 512, 지상2층 (논현동)"
육달집,기타,37.50239481591155,127.02742633169616,영업/정상,"서울특별시 강남구 강남대로102길 22, MIN빌딩 지상1층 (역삼동)"
커피포유,기타,37.506327936135015,127.04632772436437,영업/정상,"서울특별시 강남구 테헤란로55길 32, 우재빌딩 지상1층 (역삼동)"
어썸로즈(Awesome Rose),기타,37.52091982530799,127.0220027815928,영업/정상,"서울특별시 강남구 압구정로10길 40, 지하1층 (신사동)"
병천순대,기타,37.5051383592491,127.04260465725407,영업/정상,서울특별시 강남구 언주로98길 9 (역삼동)
603딜리버리본점,기타,37.508845072621654,127.03251180364715,영업/정상,"서울특별시 강남구 논현로115길 7, 지상1층 (논현동)"
얼루전(Allusion),기타,37.52574451250028,127.03677187337023,영업/정상,"서울특별시 강남구 언주로168길 40, 지상4층 (신사동)"
긴자료코 대치점,기타,37.50088289572851,127.05947776589251,영업/정상,"서울특별시 강남구 삼성로 327, 아람빌딩 지상1층 (대치동)"
란수사,기타,37.503945731588274,127.04060138135041,영업/정상,"서울특별시 강남구 언주로93길 14-3, 지상 1, 2층 (역삼동)"
미로정,기타,37.503148786208236,127.03893132142058,영업/정상,"서울특별시 강남구 테헤란로33길 19 (역삼동,지상2층)"
만랩커피 삼성1호점,기타,37.514184052433514,127.06384217305228,영업/정상,"서울특별시 강남구 영동대로106길 33 (삼성동,104호)"
선데이텐에이엠&매듭,기타,37.51224076123927,127.02678100242389,영업/정상,"서울특별시 강남구 강남대로128길 67, NSH빌딩 지하1층 (논현동)"
먹자빈대떡,파전,37.490975399616026,127.08669405950883,영업/정상,"서울특별시 강남구 일원로9길 63, 지상1층 (일원동)"
(주)스케줄코퍼레이션 오스테리아 에덴(osteria eden),기타,37.524669523042554,127.04270814913467,영업/정상,"서울특별시 강남구 선릉로152길 37, 청담동 올리브빌딩 지상1층 (청담동)"
글라스 티어즈,기타,37.52133164740028,127.02235801894402,영업/정상,"서울특별시 강남구 압구정로10길 35-1, 4층 (신사동)"
강남손제비,기타,37.50163710367722,127.03563373913131,영업/정상,"서울특별시 강남구 테헤란로25길 20, 역삼현대벤쳐텔 지상2층 207호 (역삼동)"
통영집,기타,37.507497980262364,127.04022365057534,영업/정상,"서울특별시 강남구 언주로 554 (역삼동,1층)"
클로버 포케,기타,37.511567294460846,127.05168551810048,영업/정상,"서울특별시 강남구 봉은사로74길 14, 지상1층 101호 (삼성동)"
유원,기타,37.520407250459,127.03609523539045,영업/정상,"서울특별시 강남구 언주로148길 14, 청호불교문화원 다동 2층 (논현동)"
우미각,기타,37.518835500078055,127.0341330421901,영업/정상,"서울특별시 강남구 언주로141길 6, 백향빌딩 지상1층 (논현동)"
길동우동,기타,37.49982892379707,127.02745386264145,영업/정상,"서울특별시 강남구 강남대로96길 5, 지상1층 (역삼동)"
의정부 도연부대찌개,기타,37.48434647733464,127.0447343339354,영업/정상,"서울특별시 강남구 논현로30길 36-4 (도곡동,지상1층)"
비스트로드욘트빌,기타,37.5260416347972,127.04119248262201,영업/정상,"서울특별시 강남구 선릉로158길 13-7, 지상1층 (청담동)"
써브웨이,기타,37.48500034596714,127.03535177708714,영업/정상,"서울특별시 강남구 남부순환로 2611 (도곡동,지상1층)"
문익점,기타,37.50077326444741,127.02825330014963,영업/정상,"서울특별시 강남구 강남대로98길 20, 2층 (역삼동)"
돈불리제담,기타,37.51877161786243,127.02066860429736,영업/정상,"서울특별시 강남구 압구정로2길 46, 1층 제34,N1~6호 (신사동)"
마이오,기타,37.5106558668605,127.0463607022048,영업/정상,"서울특별시 강남구 봉은사로 422 (삼성동,지하1층)"
신촌설렁탕대치점,기타,37.49780954766548,127.05402151639265,영업/정상,서울특별시 강남구 도곡로63길 13 (대치동)
영구식당,기타,37.5108817651297,127.04476319085305,영업/정상,서울특별시 강남구 봉은사로 409 (삼성동)
신라스테이 삼성 카페(cafe),기타,37.51005644572298,127.06314286377248,영업/정상,"서울특별시 강남구 영동대로 506, 유니온타 지상18층 (삼성동)"
오뎅 n 카레,기타,37.503609503804384,127.05370772106743,영업/정상,"서울특별시 강남구 선릉로82길 45, 지상1층 102호 (대치동)"
펠리스산쵸 대치점,기타,37.49977989803162,127.06456857096066,영업/정상,"서울특별시 강남구 도곡로 532, 태안빌딩 지상1층 103호 (대치동)"
싸다김밥 압구정로데오점,기타,37.52814942842982,127.03804883840809,영업/정상,"서울특별시 강남구 압구정로 334, 지상1층 107호,A-1호, A-2호 (신사동)"
프레스시 FRESUSHI,기타,37.50102346087018,127.03608248456472,영업/정상,"서울특별시 강남구 테헤란로 151, 지하1층 2-5호 (역삼동)"
이디야커피 청담역점,기타,37.52006847780936,127.04916322075822,영업/정상,"서울특별시 강남구 삼성로 721, 룩희 819 지상1층 (청담동)"
민규,기타,37.51272472722338,127.05584001417144,영업/정상,"서울특별시 강남구 봉은사로84길 9, 메트릭스빌딩 지상1층 (삼성동)"
옛날김치돼지찌개,기타,37.47471806303861,127.05300873556774,영업/정상,서울특별시 강남구 논현로8길 52 (개포동)
엄마밥상,기타,37.5245432805244,127.03699764777855,영업/정상,"서울특별시 강남구 도산대로49길 25 (신사동,지상2층)"
"올리브도시락, 안녕숯불",기타,37.49515603967889,127.04534190735569,영업/정상,서울특별시 강남구 언주로65길 7 (역삼동)
(주)동원홈푸드 삼정회계법인,기타,37.49881912165051,127.03553268325307,영업/정상,"서울특별시 강남구 논현로85길 28 (역삼동,지하1층)"
노가리앤비어,기타,37.494975045523205,127.03938390725948,영업/정상,서울특별시 강남구 논현로 333 (역삼동)
마롱,기타,37.502552199301604,127.03987171395438,영업/정상,"서울특별시 강남구 테헤란로33길 6-5, 지하1층 (역삼동)"
더 에이치(The H),기타,37.4905713871702,127.0324502407542,영업/정상,"서울특별시 강남구 도곡로1길 10, 7층 (역삼동)"
목포명가2,기타,37.515681047877635,127.06543379305822,영업/정상,"서울특별시 강남구 봉은사로111길 6, 지상2층 (삼성동)"
호퍼스 Hopers,기타,37.52672346299232,127.03877054413643,영업/정상,"서울특별시 강남구 언주로172길 62, 지하1층 (신사동)"
로데오,기타,37.52738990047494,127.03095685021555,영업/정상,"서울특별시 강남구 압구정로34길 11 (신사동,4층407호)"
아야진생태찌개,기타,37.511791694532974,127.05475910819835,영업/정상,"서울특별시 강남구 삼성로108길 8 (삼성동,(101호))"
이모네,기타,37.51021432574635,127.0269001742765,영업/정상,"서울특별시 강남구 학동로20길 58, 지상1층 101호 (논현동)"
시크릿스페이스,기타,37.510087973256056,127.05532381067023,영업/정상,"서울특별시 강남구 삼성로 540, 빌딩 브로모 지하1층 (삼성동)"
신라양꼬치,기타,37.511007916635286,127.05625475332711,영업/정상,"서울특별시 강남구 삼성로104길 18 (삼성동,2층)"
커리인,기타,37.511694746594785,127.06554042160637,영업/정상,"서울특별시 강남구 영동대로96길 37, 지상1층 102호 (삼성동)"
투썸플레이스 을지병원사거리DI점,기타,37.518292543307396,127.02914608122418,영업/정상,"서울특별시 강남구 논현로 742, 지상1층 (논현동)"
베트남 쌀국수 분짜 반미 월남쌈 전문점 강남 맛집 포몬스,기타,37.52775114970725,127.03783452274365,영업/정상,"서울특별시 강남구 선릉로161길 32, 지상1층 (신사동)"
평안도식당 신사점,기타,37.51605233628055,127.02080507585957,영업/정상,"서울특별시 강남구 강남대로150길 11, 지상1층 (논현동)"
하남돼지집(학동역),기타,37.5163612984907,127.03374022621084,영업/정상,"서울특별시 강남구 언주로133길 18, 1층 (논현동)"
호별관,기타,37.508883224410205,127.03526814732326,영업/정상,"서울특별시 강남구 논현로114길 22, 1층 1호 (논현동)"
세이지 앤 버터,기타,37.5239887808423,127.03242209425497,영업/정상,"서울특별시 강남구 언주로157길 6, 지상1층 (신사동)"
역삼동 찹쌀순대국,기타,37.49564657813464,127.04081025486643,영업/정상,"서울특별시 강남구 논현로72길 16, 초원빌딩 지상1층 101호 (역삼동)"
타이완벤땅 강남직영점,기타,37.49260577624084,127.03448688168753,영업/정상,"서울특별시 강남구 도곡로7길 28 (역삼동,지상1층)"
아부라 소바,기타,37.51616473338345,127.03023189167001,영업/정상,"서울특별시 강남구 논현로136길 5-3, 지상1층 103호 (논현동)"
질할브로스 청담본점,기타,37.525235808861886,127.05010503674362,영업/정상,"서울특별시 강남구 압구정로79길 36, 지상1층 오른쪽상가호 (청담동)"
하루 스페이스,기타,37.519886244966784,127.02437514904052,영업/정상,"서울특별시 강남구 도산대로17길 19, 지하1층 (신사동)"
제이 플러스유,기타,37.52306310007924,127.03520836538608,영업/정상,"서울특별시 강남구 도산대로45길 11, 지하1층 (신사동, 주명빌딩)"
라혜(RAHYE),기타,37.5223050100243,127.05773590499582,영업/정상,"서울특별시 강남구 학동로101길 26, 2층 21호 (청담동, 청담 삼익상가)"
만리장성,기타,37.515406432591554,127.0605744567468,영업/정상,"서울특별시 강남구 영동대로114길 7 (삼성동,지상1층)"
독집,기타,37.52049003764153,127.03370813247511,영업/정상,"서울특별시 강남구 언주로149길 5 (논현동,지상1층)"
이창영 참치,기타,37.49539989631866,127.03040580524147,영업/정상,"서울특별시 강남구 테헤란로4길 46 (역삼동,,40 번지 104동111호)"
봉추찜닭 선릉역점,기타,37.50474156847006,127.04603436427331,영업/정상,서울특별시 강남구 선릉로93길 32 (역삼동)
라쿵푸 강남구청점,기타,37.51668653661626,127.04059047030417,영업/정상,"서울특별시 강남구 학동로 342, 에스케이 허브블루 지상1층 101호 (논현동)"
여로집,기타,37.502921426273524,127.03711242168022,영업/정상,"서울특별시 강남구 봉은사로30길 73, 지상2층 6호 (역삼동)"
숑숑돈가스서울대웅제약점,기타,37.51448606891902,127.06547895381293,영업/정상,"서울특별시 강남구 봉은사로114길 12, 대웅제약빌딩 지하1층 3호 (삼성동)"
제니스라운지,기타,37.52240190759775,127.03796307671642,영업/정상,"서울특별시 강남구 도산대로 328, 5층 (논현동)"
참숯불화로구이쇠뚜레,기타,37.50476351443918,127.04294938967875,영업/정상,서울특별시 강남구 언주로94길 9-5 (역삼동)
온정돈까스(선릉점),기타,37.504038677002775,127.05348510368806,영업/정상,"서울특별시 강남구 선릉로86길 46 (대치동,지상2층)"
헤라하우스,기타,37.51728046884733,127.02673142884565,영업/정상,"서울특별시 강남구 도산대로24길 26 (논현동,지상1층)"
피어날레,기타,37.49922313558545,127.02757496831154,영업/정상,"서울특별시 강남구 강남대로 408 (역삼동,지하1층)"
엔젤스가든,기타,37.48652127716965,127.03391610714276,영업/정상,"서울특별시 강남구 남부순환로351길 27, 1층 (도곡동)"
잭슨피자 청담점,기타,37.51839990850532,127.04060193605362,영업/정상,"서울특별시 강남구 선릉로 711, 지상1층 102호 (논현동)"
돈카춘대치점,기타,37.4938288264825,127.0629407625155,영업/정상,"서울특별시 강남구 삼성로 155, 대치퍼스트빌딩 1층 110호 (대치동)"
징기스칸 晙,기타,37.50425500641158,127.05145858940072,영업/정상,"서울특별시 강남구 테헤란로64길 13, 지상1층 107호 (대치동, 선릉역 풍림아이원레몬)"
덕덕(duck duck),기타,37.50510302972566,127.05941249337953,영업/정상,"서울특별시 강남구 역삼로83길 24, H 복합빌딩 지하1층 (대치동)"
단뽀뽀,기타,37.50427460968983,127.02535414527803,영업/정상,
완도상회전복통닭,기타,37.5161240721225,127.03249272144646,영업/정상,"서울특별시 강남구 언주로133길 32, 지하1층 (논현동)"
피앤피,기타,37.522953093352534,127.0486469125045,영업/정상,"서울특별시 강남구 삼성로146길 6, 대진빌딩 지하1층 (청담동)"
끌로드용,기타,37.528093298283835,127.03568639995353,영업/정상,"서울특별시 강남구 언주로174길 22, 지상4층 (신사동)"
지리산청,기타,37.512091652171385,127.04349995612476,영업/정상,"서울특별시 강남구 선릉로 620, 지상1층 (삼성동)"
야키토리 스미(Yakitori Sumi),기타,37.52707598154342,127.0362139558591,영업/정상,"서울특별시 강남구 압구정로46길 26, 지상2층 (신사동)"
아수라발발타,기타,37.50262748659037,127.03914606485225,영업/정상,"서울특별시 강남구 테헤란로33길 13, 지상3층 (역삼동)"
달봉 대치점,기타,37.49854591932866,127.0532415164548,영업/정상,"서울특별시 강남구 선릉로64길 15-7, 지상2층 (대치동)"
슈바빙(SCHWABING),기타,37.52043053095902,127.03352122488478,영업/정상,"서울특별시 강남구 언주로149길 7, 지상1층 (논현동)"
원조옛날순대전문점,기타,37.51904779114779,127.02002588531568,영업/정상,"서울특별시 강남구 강남대로158길 13, 지상1층 101호 (신사동)"
북청김치찌개,기타,37.49536083290247,127.08552700984596,영업/정상,"서울특별시 강남구 개포로 668 (일원동,지상1층)"
유장원보쌈,기타,37.51335858087403,127.03027141013699,영업/정상,"서울특별시 강남구 학동로28길 5 (논현동,지상1,2층)"
홍콩반점0410 선릉역점,기타,37.50167706433163,127.05225412535069,영업/정상,"서울특별시 강남구 선릉로76길 22 (대치동,지상2층)"
하일로,기타,37.524818843933986,127.03680785637759,영업/정상,"서울특별시 강남구 선릉로153길 32, 3층 (신사동)"
60계 치킨 압구정점,기타,37.52655404076346,127.03462363257331,영업/정상,"서울특별시 강남구 압구정로42길 36, 1층 104호 (신사동)"
사보텐 역삼점,기타,37.49889282185917,127.03660999612977,영업/정상,"서울특별시 강남구 역삼로17길 64, 역삼동JESS 2층 (역삼동)"
시골밥상신사점,기타,37.52410789202617,127.02344028434993,영업/정상,"서울특별시 강남구 논현로175길 68 (신사동,에덴상가지상1층10,11호)"
버거리 선정릉역점,기타,37.50952514436708,127.03895479161527,영업/정상,"서울특별시 강남구 언주로 604, 지하1층 116호 (논현동, ACROHILLS논현)"
앙마꼬치,기타,37.517261847143416,127.03932859032014,영업/정상,"서울특별시 강남구 선릉로131길 19, 지하1층 (논현동)"
라뻬,기타,37.476443446179104,127.04631862268376,영업/정상,서울특별시 강남구 논현로 70 (개포동)
코코노체,기타,37.52599603369077,127.03670890729232,영업/정상,"서울특별시 강남구 언주로168길 37 (신사동,1층)"
헬렌스키친,기타,37.504840393988026,127.05954742076985,영업/정상,"서울특별시 강남구 역삼로83길 18, 동현빌딩 지상1층 (대치동)"
진영푸드(주) 피자헛 청담사거리점,기타,37.52370073522254,127.04605249616215,영업/정상,"서울특별시 강남구 도산대로 454 (청담동,지하101,102,108호)"
왓더바,기타,37.522683662812376,127.04262894064344,영업/정상,"서울특별시 강남구 선릉로148길 38, 지상1층 (청담동)"
아리산,기타,37.49722174103707,127.04406597862973,영업/정상,"서울특별시 강남구 언주로71길 11 (역삼동,지상1층)"
알파! 콜렉티브,기타,37.52218733539074,127.02408226736195,영업/정상,"서울특별시 강남구 논현로159길 48-3, 지하1층 (신사동)"
뎁짜이 개포점,기타,37.48300004242158,127.06079046849774,영업/정상,"서울특별시 강남구 선릉로10길 4-4, 지상1층 101호,102호 (개포동)"
리키도잔,기타,37.49300157535366,127.0391171527819,영업/정상,"서울특별시 강남구 논현로63길 16, 지상1층 115호 (역삼동, 역삼종합시장 더블루)"
발리,기타,37.49225837875556,127.0389276910569,영업/정상,"서울특별시 강남구 논현로63길 25 (역삼동,은혜빌딩 지하102호)"
코르트 스튜디오(COURTE STUDIOS),기타,37.523895546704026,127.03782261080207,영업/정상,"서울특별시 강남구 도산대로51길 13, 주현빌딩 지하1층 (신사동)"
할매순대국 매봉역점,기타,37.48512141299162,127.04604209937192,영업/정상,"서울특별시 강남구 남부순환로378길 18, 지상1층 (도곡동, 풍양빌딩)"
콰이,기타,37.52093916674409,127.02728442909626,영업/정상,"서울특별시 강남구 도산대로25길 16, 지상1층 (신사동)"
윤포차,기타,37.503082632944455,127.03765281516475,영업/정상,"서울특별시 강남구 테헤란로27길 26, 지하1층 (역삼동)"
춘하추동밀면 논현직영점,기타,37.520407250459,127.03609523539045,영업/정상,"서울특별시 강남구 언주로148길 14 (논현동,나동)"
와쏘(Wasso),기타,37.51968540186435,127.03123909585327,영업/정상,"서울특별시 강남구 논현로150길 34 (논현동,지상1층)"
버텍스 삼성점,기타,37.50816422626424,127.05746914447518,영업/정상,"서울특별시 강남구 테헤란로83길 11, 지하1층 비101호 중 주방 05호 (삼성동)"
코??,기타,37.52276937141446,127.03206292264662,영업/정상,"서울특별시 강남구 언주로153길 14, 지상2층 (신사동)"
씨엠피 커피(CMP coffee),기타,37.51223809017258,127.037824934511,영업/정상,"서울특별시 강남구 언주로122길 23, 지하1층 일부호 (논현동)"
정대(正大),기타,37.52459294223143,127.04762720908907,영업/정상,"서울특별시 강남구 도산대로 501, 지상1층 102호 (청담동)"
예향,기타,37.49072870313349,127.03459053262267,영업/정상,서울특별시 강남구 도곡로 133 (역삼동)
예천한우,기타,37.510271026329434,127.0541123831833,영업/정상,"서울특별시 강남구 삼성로103길 5 (삼성동,지상1층)"
에이치라운지강남,기타,37.50636373528265,127.02979420834052,영업/정상,"서울특별시 강남구 봉은사로 139, 베스트웨스턴 강남호텔 지상2층 (논현동)"
지아니스 나폴리 역삼,기타,37.50269976416069,127.03754075296355,영업/정상,"서울특별시 강남구 논현로94길 15, 지하1층 (역삼동)"
요거요거&과일빙수,팥빙수,37.50235302656792,127.04672834748939,영업/정상,"서울특별시 강남구 테헤란로52길 16, 상가-2동 지하1층 20호 (역삼동, 테헤란아이파크)"
뚜또카페,기타,37.508982475915715,127.03186853220382,영업/정상,"서울특별시 강남구 논현로115길 12, 유퍼스트빌딩 지상1층 103호 (논현동)"
두찜 강남역삼점,기타,37.49478452174757,127.03520593793624,영업/정상,"서울특별시 강남구 역삼로 145, 우성빌딩 지상1층 3호 (역삼동)"
키치클럽,기타,37.482125980448075,127.04476862784799,영업/정상,"서울특별시 강남구 논현로24길 21, 지상1층 (도곡동)"
궁,기타,37.52335707201199,127.0348175505616,영업/정상,"서울특별시 강남구 언주로154길 18 (신사동,지하1층)"
한성양꼬치,기타,37.503171016957346,127.05184033491649,영업/정상,서울특별시 강남구 테헤란로64길 27 (대치동)
(주)보나비 아티제 대치은마점,기타,37.49891225617895,127.0619543716901,영업/정상,"서울특별시 강남구 도곡로 510 (대치동, 지상1층 4,5,6,7호)"
라드레쎄,기타,37.484038969403485,127.04682143342195,영업/정상,"서울특별시 강남구 남부순환로378길 36, 102호 (도곡동, 의산빌딩)"
회 풍 압구정점,기타,37.525986282977776,127.03789926257384,영업/정상,"서울특별시 강남구 선릉로157길 23-3, 1층 102호 (신사동)"
리나스파파,기타,37.51710154336657,127.02344965038401,영업/정상,"서울특별시 강남구 도산대로12길 6, 지상2층 (논현동)"
희도,기타,37.51401395504177,127.03433367414405,영업/정상,"서울특별시 강남구 학동로38길 14, 지상2층 201호 (논현동)"
더??,기타,37.50865007408601,127.06575421570157,영업/정상,"서울특별시 강남구 테헤란로108길 12, 지하1층 (대치동)"
역삼한우,기타,37.498100919745816,127.03794007553192,영업/정상,"서울특별시 강남구 논현로 425, 마이다스빌딩 2층 202호 (역삼동)"
커리146(CURRY146),기타,37.50586602497383,127.04714841543503,영업/정상,"서울특별시 강남구 테헤란로55길 20, 지상2층 (역삼동)"
속초집,기타,37.50374365281535,127.03968876814336,영업/정상,"서울특별시 강남구 언주로93길 28-6, 지상1층 (역삼동)"
대통령 청담,기타,37.522379886877694,127.04254433622582,영업/정상,"서울특별시 강남구 선릉로148길 36-3, 지상1층 (청담동)"
도미노피자 개포점,기타,37.47555880627775,127.04723528436608,영업/정상,"서울특별시 강남구 논현로 58, 동진빌딩 지상1층 (개포동)"
빠라박타임,기타,37.52475470922024,127.0485306797899,영업/정상,"서울특별시 강남구 도산대로 507, 지상1층 102호 (청담동)"
도도,기타,37.49171218327913,127.03160057478969,영업/정상,"서울특별시 강남구 강남대로66길 8 (역삼동,지상3층)"
카페데베르,기타,37.4971854652833,127.041339998064,영업/정상,"서울특별시 강남구 역삼로 225, 지하1층 (역삼동)"
퀸 포장마차,기타,37.51876171942421,127.01993286511397,영업/정상,"서울특별시 강남구 강남대로158길 12 (신사동,지상1층)"
띠넬로 인 서울 Tinello in seoul,기타,37.52060347445123,127.02722767449569,영업/정상,"서울특별시 강남구 도산대로25길 11, 지상1층 (신사동)"
대일,기타,37.502538911217734,127.05855577555685,영업/정상,"서울특별시 강남구 삼성로 347 (대치동,(지하1층))"
더청춘,기타,37.52138956378759,127.03739419136711,영업/정상,"서울특별시 강남구 도산대로50길 16, 2층 (논현동)"
크라이치즈버거 강남점,기타,37.49705652659463,127.03175284174841,영업/정상,"서울특별시 강남구 테헤란로8길 28, 지상1층 (역삼동)"
좋은사람들,기타,37.50516103478149,127.05253427852075,영업/정상,"서울특별시 강남구 테헤란로 420 (대치동,지하2층)"
완도,기타,37.51877161786243,127.02066860429736,영업/정상,"서울특별시 강남구 압구정로2길 46 (신사동,2층207호)"
순감자 옹심이 메밀칼국수,칼국수,37.50070184742118,127.06319439083047,영업/정상,"서울특별시 강남구 삼성로64길 35 (대치동,지상1층)"
보리수,기타,37.505590735670765,127.05975201677437,영업/정상,"서울특별시 강남구 삼성로82길 25 (대치동,지상1층)"
해밀 돈족,기타,37.49045500282066,127.03229581773502,영업/정상,"서울특별시 강남구 도곡로1길 7, 지하1층 (역삼동)"
목포명가,기타,37.47377405182533,127.10860309275263,영업/정상,"서울특별시 강남구 밤고개로23길 22, 지하1층 (율현동)"
류(柳),기타,37.519973995008144,127.03133488947631,영업/정상,"서울특별시 강남구 논현로150길 35, 지상1층 102호 (논현동)"
플랫폼(Platform),기타,37.52506289216088,127.04863792030598,영업/정상,"서울특별시 강남구 압구정로79길 18, 지하1층 (청담동)"
코페아,기타,37.49446127275491,127.0403774731513,영업/정상,"서울특별시 강남구 논현로68길 4 (역삼동,지상1층104호)"
풍성짬뽕1,기타,37.507379360832736,127.0627586351143,영업/정상,서울특별시 강남구 테헤란로98길 15 (대치동)
본,기타,37.512960948697,127.0265514690409,영업/정상,서울특별시 강남구 학동로 143 (논현동)
보틀그린,기타,37.517476311174924,127.02534555242538,영업/정상,"서울특별시 강남구 도산대로16길 13-7, B201호 (논현동)"
강릉집,기타,37.498445254468635,127.05376496161011,영업/정상,"서울특별시 강남구 도곡로63길 23 (대치동,지상1층)"
더펍사운드온 언주역점,기타,37.51054182685763,127.03594543667222,영업/정상,"서울특별시 강남구 언주로 615, 논현 아이파크 103동 지1층 B118호 (논현동)"
제일식당,기타,37.5223050100243,127.05773590499582,영업/정상,"서울특별시 강남구 학동로101길 26, 지하1층 37호 (청담동, 청담 삼익상가)"
해월,기타,37.52130829598882,127.03623220339746,영업/정상,"서울특별시 강남구 언주로150길 24, 지상2층 (논현동)"
오라방,기타,37.521113818656914,127.02371103876013,영업/정상,"서울특별시 강남구 도산대로17길 39, 지상1층 (신사동)"
커피살롱,기타,37.51736085353091,127.03856372306214,영업/정상,"서울특별시 강남구 언주로134길 37, 지상1층 (논현동)"
내수족발보쌈집,기타,37.51720666813872,127.03824298694978,영업/정상,"서울특별시 강남구 언주로134길 33, 지상1층 (논현동)"
본죽&비빔밥 카페 삼성역점,기타,37.50688369141595,127.05943678659689,영업/정상,"서울특별시 강남구 테헤란로88길 10, 지하1층 비109-1호 (대치동)"
신의주찹쌀순대,기타,37.48959033347896,127.08201093961434,영업/정상,"서울특별시 강남구 양재대로27길 6 (일원동,지상1층)"
노지푸드,기타,37.50085838008427,127.04058796164693,영업/정상,"서울특별시 강남구 언주로85길 32, 역삼역센트럴푸르지오 지하1층 B119호중 CA30-1호 (역삼동)"
전주식당,기타,37.5041703720734,127.04641448782058,영업/정상,"서울특별시 강남구 테헤란로 323, 휘닉스오피스텔 지하1층 B104호 (역삼동)"
하얀상회,기타,37.526110438271054,127.03728867845032,영업/정상,"서울특별시 강남구 선릉로157길 27-4, 지상1층 (신사동)"
(주)김돈이,기타,37.50619470749173,127.0492129514408,영업/정상,서울특별시 강남구 선릉로94길 9 (삼성동)
다미,기타,37.528057914463076,127.0310211679467,영업/정상,"서울특별시 강남구 압구정로 216 (신사동,지상1층8, 9호)"
와이제이푸드 강남점,기타,37.49696314249097,127.04462809398946,영업/정상,"서울특별시 강남구 언주로71길 5-10, 지하1층 4호 (역삼동)"
외고집설렁탕,기타,37.511035158250884,127.05396426055135,영업/정상,"서울특별시 강남구 삼성로 555 (삼성동,지상1층)"
영천영화,기타,37.523965859360274,127.04958585417793,영업/정상,"서울특별시 강남구 도산대로90길 3 (청담동,상민빌딩 1,2층)"
머드내 갈비살,기타,37.51761514622765,127.0395043179151,영업/정상,서울특별시 강남구 선릉로131길 18 (논현동)
개포마을,기타,37.48277442423238,127.06164240205925,영업/정상,"서울특별시 강남구 선릉로6길 9 (개포동,.2층)"
스시사카바 압구정점,기타,37.52499212713679,127.02579177056829,영업/정상,"서울특별시 강남구 압구정로22길 10 (신사동,지상1층)"
자담치킨 서울개포점,기타,37.48863776191035,127.06777628336134,영업/정상,"서울특별시 강남구 개포로82길 13-9, 세종빌딩 지상1층 104,105,106호 (개포동)"
카오돈 선릉점,기타,37.50297359241314,127.04653232570449,영업/정상,"서울특별시 강남구 테헤란로 322, 한신인터밸리24 지하2층 B106호 (역삼동)"
써스티 몽크 청담점,기타,37.52290010627758,127.04026925916746,영업/정상,"서울특별시 강남구 도산대로56길 3, 1층 (청담동)"
본죽 앤 비빔밥 cafe 역삼역점,기타,37.50249525315332,127.03701381528388,영업/정상,서울특별시 강남구 봉은사로30길 78 (역삼동)
코엑스 피자느반 현대백화점 무역센터점,기타,37.50859530026902,127.05971847792408,영업/정상,"서울특별시 강남구 테헤란로 517, 현대백화점 지하1층 (삼성동)"
스티머스커피팩토리,기타,37.52199259033011,127.01997343460921,영업/정상,"서울특별시 강남구 압구정로4길 10 (신사동,두인빌딩 지하1층)"
평강,기타,37.501581780142736,127.0624074223061,영업/정상,"서울특별시 강남구 영동대로65길 50 (대치동,지상1층)"
친구포차,기타,37.49502263702246,127.03122705478883,영업/정상,"서울특별시 강남구 역삼로3길 22, 지하1층 (역삼동)"
역전포장마차 강남,기타,37.50011594723549,127.02804496460442,영업/정상,"서울특별시 강남구 강남대로96길 11-4 (역삼동,지상1층)"
스테파니카페,기타,37.5198351697344,127.02649491221824,영업/정상,"서울특별시 강남구 논현로151길 21 (신사동,1층)"
조선육회,기타,37.494284720643314,127.03489819699169,영업/정상,"서울특별시 강남구 역삼로 140, 청암빌딩 지하2층 6호 (역삼동)"
호남식당,기타,37.522889168023696,127.03060242477726,영업/정상,"서울특별시 강남구 논현로164길 30 (신사동,지상1층)"
투뿔한상,기타,37.48866229226385,127.10319217922601,영업/정상,"서울특별시 강남구 밤고개로1길 30, 지상1층 5,6호 (수서동)"
켈리스커피,기타,37.511233313028356,127.04381706941753,영업/정상,"서울특별시 강남구 선릉로 608 (삼성동,지하1층)"
맨메이드우영미(MAN NADE WOOYOUNGMI),기타,37.524547723795614,127.03654215235908,영업/정상,"서울특별시 강남구 선릉로153길 35, 지상2층 일부호 (신사동)"
통영다찌,기타,37.515961389024234,127.03109913288449,영업/정상,"서울특별시 강남구 논현로136길 12 (논현동,지상1층)"
영동포차나,기타,37.520407250459,127.03609523539045,영업/정상,"서울특별시 강남구 언주로148길 14, 청호불교문화원 나동 지상2층 208호,209호 (논현동)"
더진갈비,기타,37.489759289292124,127.08257980115107,영업/정상,서울특별시 강남구 양재대로31길 5 (일원동)
코이에(KOIE),기타,37.52038055565123,127.02471039778425,영업/정상,"서울특별시 강남구 논현로153길 43, 지하1층 (신사동)"
두사라 청담,기타,37.52590893170372,127.04475801755014,영업/정상,"서울특별시 강남구 선릉로162길 52, 지상1층 (청담동)"
(주)비블레스,기타,37.5095179762555,127.05678394723476,영업/정상,"서울특별시 강남구 테헤란로83길 33, 지상1층 (삼성동)"
토리키치 포이사거리점,기타,37.478185626857105,127.0463394166796,영업/정상,"서울특별시 강남구 논현로20길 18, 지상1층 102호 (개포동)"
쌀국수공방 역삼점,기타,37.50282548996486,127.04478456667569,영업/정상,"서울특별시 강남구 테헤란로 310, 두꺼비빌딩 지하1층 B101호 (역삼동)"
맘앤드죽,기타,37.503314615516395,127.05125061930475,영업/정상,"서울특별시 강남구 선릉로86길 18 (대치동,.35)"
투다리,기타,37.48877694433219,127.0673243100103,영업/정상,서울특별시 강남구 개포로82길 7 (개포동)
사운드온더펍 개포점,기타,37.47905779079935,127.04811475091321,영업/정상,"서울특별시 강남구 개포로 233, 유림빌딩 지상1층 101호 (개포동)"
압구정순대국 신사점,기타,37.52705504103482,127.034748664472,영업/정상,"서울특별시 강남구 언주로170길 13 (신사동,지상1층)"
블랙국밥 신사점,국밥,37.517697118686065,127.0200744788851,영업/정상,"서울특별시 강남구 도산대로1길 16, 지하1층 103호 (신사동)"
백소정 선릉점,기타,37.503314615516395,127.05125061930475,영업/정상,"서울특별시 강남구 선릉로86길 18, 3층 (대치동)"
플래쉬백,기타,37.507789491321724,127.02369371716395,영업/정상,"서울특별시 강남구 학동로2길 58, 지하1층 (논현동)"
리칭,기타,37.50869713989584,127.05595503997809,영업/정상,서울특별시 강남구 삼성로 520 (삼성동)
경천애인 2237,기타,37.50600576540431,127.05252821209604,영업/정상,"서울특별시 강남구 테헤란로 421, 6층 603호 (삼성동)"
꽃지삼성,기타,37.514077425304855,127.06165469331552,영업/정상,서울특별시 강남구 봉은사로 610 (삼성동)
쏭버드,기타,37.50190204570984,127.05893020125299,영업/정상,서울특별시 강남구 삼성로 341 (대치동)
미뮤즈 청담,기타,37.52187452633802,127.04945270579573,영업/정상,"서울특별시 강남구 도산대로92길 44, 지상1층 (청담동)"
카페큐릉,기타,37.502927598213816,127.04854652030693,영업/정상,"서울특별시 강남구 테헤란로52길 21, 역삼동 벤처빌딩 지상1층 101호, 103호 (역삼동)"
노랑통닭 선릉점,기타,37.5042566371266,127.05411448796855,영업/정상,"서울특별시 강남구 삼성로85길 39, 1층 102,103,104호 (대치동)"
갓포돈,기타,37.50163710367722,127.03563373913131,영업/정상,"서울특별시 강남구 테헤란로25길 20, 역삼현대벤쳐텔 지하1층 B102호 (역삼동)"
속초백반,기타,37.51001850960684,127.03477713065826,영업/정상,"서울특별시 강남구 봉은사로33길 33, 양지직매상가 지상1층 5호,17호,24호 (논현동)"
돼지와플&요거트아이스크림 강남점,기타,37.50831001803717,127.0254035669213,영업/정상,"서울특별시 강남구 강남대로122길 30, 지상2층 (논현동)"
(주)포브라더스,기타,37.48402902402314,127.0452816187929,영업/정상,"서울특별시 강남구 논현로28길 40, 지상1층 (도곡동)"
자매의부엌,기타,37.52091982530799,127.0220027815928,영업/정상,"서울특별시 강남구 압구정로10길 40, 지상2층 (신사동)"
다미참치전문점,기타,37.52303540828337,127.02884311920184,영업/정상,"서울특별시 강남구 압구정로30길 66 (신사동,지상1층)"
오브젝티브 커피 로스터스,기타,37.51705580736958,127.03765098501013,영업/정상,서울특별시 강남구 언주로134길 25 (논현동)
손짜장,기타,37.47964659760152,127.04977311412884,영업/정상,"서울특별시 강남구 개포로31길 8 (개포동,지상1층)"
포쇄(POSWAE),기타,37.5051383592491,127.04260465725407,영업/정상,"서울특별시 강남구 언주로98길 9, 4층 (역삼동)"
지지 gigi,기타,37.507531964123594,127.02454115389969,영업/정상,"서울특별시 강남구 봉은사로1길 42-10, 지상1층 (논현동)"
진곱도리탕 강남점,기타,37.49564913064755,127.03457138856795,영업/정상,"서울특별시 강남구 역삼로11길 13-10, 지하1층 (역삼동)"
타이쇼 난지당,기타,37.48525825796343,127.0352106927967,영업/정상,"서울특별시 강남구 강남대로42길 16 (도곡동,지상1층)"
멕시코밥집,기타,37.505411636310576,127.04025345588991,영업/정상,"서울특별시 강남구 언주로97길 12, 지하1층 1호 (역삼동)"
양문(역삼점),기타,37.50333571146713,127.04032527184671,영업/정상,"서울특별시 강남구 언주로93길 21, 1층 (역삼동, 남전타운)"
만복회해산물(뱅뱅사거리점),기타,37.49047766362021,127.03213142691085,영업/정상,"서울특별시 강남구 강남대로62길 7, 지상1층 (역삼동)"
본우리집밥 팁스점,기타,37.495577794274354,127.03744072944878,영업/정상,"서울특별시 강남구 역삼로 169, 명우빌딩 지상1층 (역삼동)"
리베르떼,기타,37.484438004075066,127.0463750151249,영업/정상,"서울특별시 강남구 논현로26길 55, 지상1층 (도곡동)"
홍키친,기타,37.50320691747206,127.03661820641555,영업/정상,"서울특별시 강남구 봉은사로30길 68, 2층 8호 (역삼동)"
타이거꼬마김밥(언주역점),기타,37.50669749260098,127.03278238244951,영업/정상,"서울특별시 강남구 봉은사로 170, 지상1층 101호 (역삼동)"
카페 누,기타,37.52380614280198,127.04091387797338,영업/정상,"서울특별시 강남구 도산대로 415, 지상1층 (청담동)"
더 스퀘어,기타,37.505303330492296,127.02886701898474,영업/정상,서울특별시 강남구 봉은사로 130 (역삼동)
키퍼스마켓,기타,37.48867259728632,127.05210218727476,영업/정상,"서울특별시 강남구 언주로30길 21, B동 지상1층 105호 (도곡동, 아카데미스위트)"
최고야 닭갈비,기타,37.51017988997355,127.05740670701866,영업/정상,"서울특별시 강남구 삼성로100길 23-2 (삼성동,,1층)"
케이엠지엠(KMGM) 선릉점,기타,37.50409419704531,127.05363907597793,영업/정상,"서울특별시 강남구 선릉로86길 48, 동창빌딩 지상2층 (대치동)"
바나프레소 국기원사거리점,기타,37.4971929557415,127.03168598107999,영업/정상,"서울특별시 강남구 테헤란로8길 26, 테헤란빌딩 지상1층 (역삼동)"
중화객잔수,기타,37.49202814759553,127.03169185874901,영업/정상,"서울특별시 강남구 강남대로66길 11, 지상1층, 2층 (역삼동)"
교텐,기타,37.5198616711991,127.02064919318283,영업/정상,"서울특별시 강남구 강남대로160길 23, 1층 101호 (신사동)"
길라니 후카바,기타,37.50982138811856,127.02773450659573,영업/정상,"서울특별시 강남구 강남대로122길 65, 지상1층 03호 (논현동)"
파로스,기타,37.51236028333224,127.0485103057199,영업/정상,"서울특별시 강남구 봉은사로67길 9 (삼성동,지상2층)"
초심한우 정육식당,기타,37.52102604934135,127.03668921032767,영업/정상,"서울특별시 강남구 언주로148길 27, 1,2층 (논현동)"
더베일리하우스 삼성점,기타,37.51005644572298,127.06314286377248,영업/정상,"서울특별시 강남구 영동대로 506, 지상1층, 3층 (삼성동)"
우리돈삼이,기타,37.50094918532847,127.03551808949534,영업/정상,"서울특별시 강남구 테헤란로 147, 지하1층 1호 (역삼동)"
건강밥상,기타,37.50859530026902,127.05971847792408,영업/정상,"서울특별시 강남구 테헤란로 517, 지하1층 (삼성동)"
빌라드지디 청담,기타,37.52022201561997,127.05544610001526,영업/정상,"서울특별시 강남구 학동로 519, 빌라드지디 청담 지하1,지상1층 (청담동)"
플럼 위스키 하우스,기타,37.520079615753865,127.0269776697666,영업/정상,"서울특별시 강남구 논현로151길 15, 지상1층 (신사동)"
식껍 삼성역점,기타,37.51044118769748,127.06504828741072,영업/정상,"서울특별시 강남구 테헤란로107길 11, 성보타운 106호 (삼성동)"
도어 투 도어 압구정점,기타,37.52651147500496,127.0399373910282,영업/정상,"서울특별시 강남구 선릉로 833, 지상1층 우실 (신사동)"
붓처스피어 삼성점,기타,37.50880903837996,127.0583768811851,영업/정상,"서울특별시 강남구 테헤란로87길 17, 지하1층 B101~B104호 (삼성동, 마젤란21아스테리움)"
미무,기타,37.52290767386029,127.04487333330876,영업/정상,"서울특별시 강남구 도산대로68길 11, 웅찬빌딩 지상1층 (청담동)"
강남불백,기타,37.49550056321752,127.03144591213938,영업/정상,서울특별시 강남구 강남대로78길 27 (역삼동)
토리키치 역삼점,기타,37.49248862346761,127.03934354562821,영업/정상,서울특별시 강남구 논현로63길 19 (역삼동)
김여사의 오감만족 한식.분식,기타,37.47876807426335,127.04502532614704,영업/정상,"서울특별시 강남구 개포로15길 3-4, 1층 (개포동)"
우천식육식당 신사점,기타,37.51588117409148,127.02240459340517,영업/정상,"서울특별시 강남구 도산대로8길 17, 지상1층 (논현동)"
오마카세오사이초밥 압구정점,기타,37.52587218390985,127.03720385920256,영업/정상,"서울특별시 강남구 선릉로155길 30, 지상3층 (신사동)"
스시현,기타,37.48887399972195,127.06859379690619,영업/정상,"서울특별시 강남구 개포로82길 13-17, 지상1층 3호 (개포동)"
카라바지오,기타,37.497154900432484,127.04389019453565,영업/정상,"서울특별시 강남구 언주로71길 13, 선광빌딩 지상1층 (역삼동)"
연이네 토스트,기타,37.51245831860277,127.03207674285521,영업/정상,"서울특별시 강남구 논현로124길 5, 지상2층 201-10호 (논현동)"
청목,기타,37.49870067584982,127.03157677479244,영업/정상,서울특별시 강남구 테헤란로 124 (역삼동)
희(HEE),기타,37.52154470791486,127.03848204945488,영업/정상,"서울특별시 강남구 선릉로145길 12, 지하층 (논현동)"
인디아나바베큐호프,기타,37.52143869062705,127.04059929112857,영업/정상,"서울특별시 강남구 선릉로 748 (청담동,현대상가208)"
보야저,기타,37.52306570663637,127.03596051553137,영업/정상,"서울특별시 강남구 도산대로45길 10-2, 지하1층 (신사동)"
나인애플,기타,37.50448979035221,127.05258164195325,영업/정상,"서울특별시 강남구 테헤란로68길 13, 지상2층 (대치동)"
포시즌,기타,37.501444365614944,127.05285277008151,영업/정상,"서울특별시 강남구 역삼로 419 (대치동,203호)"
죽이야기 강남양재역점,기타,37.48514456922606,127.03575694615022,영업/정상,"서울특별시 강남구 남부순환로 2615, 127~130호 (도곡동, 극동스타클래스)"
(주)삼원가든 썬더버드 청담점,기타,37.526201877557746,127.04170678595224,영업/정상,"서울특별시 강남구 압구정로60길 18, 지상1층 (청담동)"
러빙유골프존(삼성점),기타,37.51235882475732,127.05326043833387,영업/정상,"서울특별시 강남구 삼성로 571, 4.5층 (삼성동, 경산빌딩)"
융선양고기전문점,기타,37.50069200764595,127.03462628219589,영업/정상,"서울특별시 강남구 테헤란로21길 6, 지상1층 101호 (역삼동)"
프라하,기타,37.503148786208236,127.03893132142058,영업/정상,"서울특별시 강남구 테헤란로33길 19, 지하1층 (역삼동)"
연안숯불 압구정 로데오,기타,37.52797374778474,127.03720009306171,영업/정상,"서울특별시 강남구 압구정로46길 5-6 (신사동,103호)"
퀸스파크 청담점,기타,37.52592197068556,127.04160807706248,영업/정상,"서울특별시 강남구 압구정로60길 22 (청담동,(지하1층, 지상1,2층))"
술도깨비,기타,37.49062024327653,127.08306031322888,영업/정상,"서울특별시 강남구 양재대로33길 14 (일원동,지상1층)"
얌샘김밥 대치점,기타,37.49824413618982,127.05365358848378,영업/정상,"서울특별시 강남구 선릉로64길 17, 디앤비빌딩 지상1층 101호 (대치동)"
이치진,기타,37.477993566157615,127.04622412917627,영업/정상,"서울특별시 강남구 논현로18길 15, 지상1층 101호 (개포동)"
레커 LEKKER,기타,37.52241494935824,127.04235127952393,영업/정상,"서울특별시 강남구 선릉로146길 27-10, 지상1층 (청담동)"
클럽맘보,기타,37.50013926738232,127.02839940418086,영업/정상,"서울특별시 강남구 강남대로96길 17 (역삼동,일우빌딩지상6층)"
전주콩나물국밥집,국밥,37.4959438962324,127.04368955105437,영업/정상,"서울특별시 강남구 언주로69길 23-3 (역삼동,지상1층103호)"
이모네손칼국수,칼국수,37.49635434411315,127.04450170244814,영업/정상,"서울특별시 강남구 언주로69길 9, 1층 (역삼동)"
마리바풀,기타,37.49215411449544,127.03230382178552,영업/정상,"서울특별시 강남구 역삼로4길 22, 지상1층 (역삼동)"
티그로타,기타,37.482262608181394,127.04356133797724,영업/정상,"서울특별시 강남구 논현로28길 6, 데코빌딩 지상1, 지하1층 (도곡동)"
투다리포이점,기타,37.47766614296477,127.04865718005506,영업/정상,"서울특별시 강남구 개포로22길 21 (개포동,지상1층)"
세븐몽키즈,기타,37.508749447393726,127.03999584688474,영업/정상,"서울특별시 강남구 봉은사로44길 2 (역삼동,지상1층)"
백암,기타,37.505284470363655,127.04072936219225,영업/정상,"서울특별시 강남구 언주로97길 7 (역삼동,지상1층)"
정성담은 라밥,기타,37.49836836032641,127.06086287442609,영업/정상,"서울특별시 강남구 삼성로 237, 101호 (대치동)"
땅코참숯구이 강남역직영점,기타,37.49545846725804,127.03126284142482,영업/정상,"서울특별시 강남구 강남대로78길 25, 지상1층 (역삼동)"
본죽.비빔밥 카페(cafe),기타,37.51781405147132,127.02229858438302,영업/정상,"서울특별시 강남구 도산대로11길 5, 2층 201호 (신사동)"
인사이드,기타,37.49901338934087,127.04266228726945,영업/정상,"서울특별시 강남구 언주로79길 17, 지하1층 (역삼동)"
초콜렛,기타,37.50363395548681,127.05221788012857,영업/정상,"서울특별시 강남구 선릉로86길 30 (대치동,지상3층)"
장가네비빔밥,기타,37.523462487078895,127.02631692487039,영업/정상,"서울특별시 강남구 논현로161길 21 (신사동,지상1층)"
부산어묵직판장,기타,37.48872618171162,127.0681317102145,영업/정상,"서울특별시 강남구 개포로82길 13-11 (개포동,장우빌딩지상1층101호)"
대게집,기타,37.50998006853162,127.02665770546278,영업/정상,"서울특별시 강남구 학동로20길 62, 지상1층 103호 (논현동)"
(주)일일향,기타,37.52349338360511,127.03034435047586,영업/정상,"서울특별시 강남구 도산대로35길 39, 지상1층,2층 (신사동)"
다정한상,기타,37.4865168787329,127.05188290856825,영업/정상,"서울특별시 강남구 언주로 118, 지하1층 13호 (도곡동, 우성캐릭터199)"
명인대동양평해장국 삼성직영점,기타,37.50891380039874,127.05634982246758,영업/정상,"서울특별시 강남구 삼성로96길 7, 지하1층 (삼성동)"
태권브이,기타,37.50912220637801,127.0229887970136,영업/정상,"서울특별시 강남구 강남대로124길 3-6, 3층 (논현동)"
호프을지로골뱅이,기타,37.49342552494627,127.03584194655276,영업/정상,"서울특별시 강남구 역삼로14길 19 (역삼동,지상1층)"
카페 디자인 프로젝트,기타,37.50908607848476,127.03593024880153,영업/정상,"서울특별시 강남구 언주로113길 17, 지상1층 (논현동)"
버블라운지,기타,37.521919756554986,127.04221664718379,영업/정상,"서울특별시 강남구 선릉로146길 29, 지상2층 (청담동)"
전주집,기타,37.50982509592754,127.0564369543746,영업/정상,"서울특별시 강남구 삼성로100길 13 (삼성동,지하1층)"
제육이네 국물두루치기 강남본점,기타,37.49506967797681,127.03534452188669,영업/정상,"서울특별시 강남구 역삼로11길 20, 지하1층 일부호 (역삼동, 버베나하우스(A))"
팔초어,기타,37.518878092774386,127.02360606099907,영업/정상,"서울특별시 강남구 도산대로13길 14-4 (신사동,.201호)"
봉태민식당,기타,37.50395149884502,127.05371508801362,영업/정상,"서울특별시 강남구 테헤란로70길 26 (대치동,지하1층)"
라마다사우나식당,기타,37.51029508051192,127.0453883639988,영업/정상,"서울특별시 강남구 봉은사로 410 (삼성동,지하중층)"
신상,기타,37.52829506783659,127.03711746975235,영업/정상,"서울특별시 강남구 압구정로 326 (신사동,1층111,112호)"
테라스,기타,37.5059626508482,127.05936260877583,영업/정상,"서울특별시 강남구 삼성로86길 22 (대치동,2층)"
꿀때기,기타,37.50196217762579,127.05209532921644,영업/정상,"서울특별시 강남구 역삼로63길 13, 지상1층 101호 (대치동)"
일상일식 도곡점,기타,37.483879693262075,127.04539995107388,영업/정상,"서울특별시 강남구 논현로26길 41, 지상1층 (도곡동)"
용수사,기타,37.5057904889061,127.05794595139693,영업/정상,"서울특별시 강남구 삼성로86길 7 (대치동,지상2층)"
바나프레소 역삼GS점,기타,37.50264421628351,127.03737498182406,영업/정상,"서울특별시 강남구 논현로94길 13 (역삼동,지상1층)"
셀럽 앤 어??,기타,37.51735158334379,127.03412115575264,영업/정상,"서울특별시 강남구 언주로 711 (논현동,지하1층)"
버블앤코클스,기타,37.52678214245232,127.03590310434005,영업/정상,"서울특별시 강남구 언주로170길 27 (신사동,지상1층)"
타쿠타쿠,기타,37.51040525981666,127.03945908339476,영업/정상,"서울특별시 강남구 언주로114길 23, 1층 2호 (논현동)"
주식회사 헤비스테이크 강남역점,기타,37.49630429163711,127.03017044672121,영업/정상,"서울특별시 강남구 테헤란로4길 32, 지상1층 103호 (역삼동, 역삼동우정에쉐르1)"
더키푸드,기타,37.52560930806387,127.03929072282757,영업/정상,"서울특별시 강남구 선릉로 823, 6층 (신사동)"
깐부치킨 강남역 플래티넘점,기타,37.494918779584,127.03054034662019,영업/정상,서울특별시 강남구 강남대로78길 14 (역삼동)
소담한우,기타,37.50495637776126,127.04360554011346,영업/정상,"서울특별시 강남구 언주로98길 21, 지상1층 101호 (역삼동)"
맛과멋,기타,37.502510857218624,127.05026658010526,영업/정상,"서울특별시 강남구 선릉로 420, 지하1층 2호호 (대치동)"
하우스풀,기타,37.52539320187744,127.03835988282403,영업/정상,"서울특별시 강남구 선릉로155길 15, 지하1층 (신사동)"
반려문화,기타,37.515937923952116,127.0333030193755,영업/정상,"서울특별시 강남구 언주로133길 23, 1층 (논현동)"
고향식당,기타,37.51616473338345,127.03023189167001,영업/정상,서울특별시 강남구 논현로136길 5-3 (논현동)
레호이,기타,37.520250304837866,127.02018852633063,영업/정상,"서울특별시 강남구 강남대로162길 21 (신사동,지상1층)"
유다까,기타,37.509171338976806,127.04131033884487,영업/정상,"서울특별시 강남구 봉은사로 312, 지상1층 101호,2층 201호,202호 (역삼동, 역삼동 하나빌)"
명가,기타,37.50297359241314,127.04653232570449,영업/정상,"서울특별시 강남구 테헤란로 322 (역삼동,지하1층)"
양심장어 삼성역점,기타,37.50567499876464,127.05848066222158,영업/정상,"서울특별시 강남구 삼성로86길 12, 1층 (대치동)"
데쎄르 룸,기타,37.51094911017037,127.04250235107877,영업/정상,"서울특별시 강남구 봉은사로51길 13, 지상1층 101호 (논현동)"
이군주막시즌2,기타,37.5066849545093,127.02525223232571,영업/정상,"서울특별시 강남구 강남대로118길 22, 2층 (논현동)"
피씨엠 스퀘어(PCM SQUARE),기타,37.5185645958249,127.0434133671617,영업/정상,"서울특별시 강남구 선릉로132길 27, 1층 (청담동)"
구영회참치&초밥(강남점),기타,37.504894404937644,127.04067511342348,영업/정상,"서울특별시 강남구 테헤란로39길 37, 지상1층 (역삼동)"
잘하우스,기타,37.5272076254781,127.03307430507466,영업/정상,"서울특별시 강남구 언주로 859 (신사동,지상7층)"
베테랑할매,기타,37.5110682782022,127.02622060403792,영업/정상,"서울특별시 강남구 학동로12길 21, 지하1층 102호 (논현동)"
마이 위스키 테이블 (삼성점),기타,37.50603189492499,127.05823557822762,영업/정상,"서울특별시 강남구 테헤란로82길 15, 지상1층 (대치동)"
청담 아불,기타,37.52514669440828,127.049764759126,영업/정상,"서울특별시 강남구 압구정로79길 32, 지상1층 101호 (청담동)"
제일샴페인,기타,37.522004534947754,127.0217412517591,영업/정상,"서울특별시 강남구 압구정로10길 30-8, 2층 (신사동)"
스시마니아,기타,37.50164243397811,127.035076861278,영업/정상,"서울특별시 강남구 테헤란로25길 15-3 (역삼동,지하2층)"
순천만,기타,37.5240679917356,127.02444840042686,영업/정상,서울특별시 강남구 압구정로18길 12 (신사동)
소노야,기타,37.515555544711106,127.04236734449843,영업/정상,"서울특별시 강남구 선릉로 660, 1층 109호 (삼성동, 브라운스톤)"
광평 삼성본점,기타,37.51434267269933,127.06488826648987,영업/정상,"서울특별시 강남구 영동대로106길 45, 지하1층, 지상1층 (삼성동)"
하나(구 김말자),기타,37.51668653661626,127.04059047030417,영업/정상,"서울특별시 강남구 학동로 342, 에스케이 허브블루 지하3층 비302호 (논현동)"
신도세기 도곡직영점,기타,37.488658767370374,127.05301618281284,영업/정상,"서울특별시 강남구 언주로30길 39, 린스퀘어 지하1층 (도곡동)"
로칼커피 강남구청역점,기타,37.517955968665596,127.04075883295931,영업/정상,"서울특별시 강남구 선릉로 705 (논현동,지상1층)"
바 펄스(Bar Pulse),기타,37.51958993711708,127.03000023105947,영업/정상,"서울특별시 강남구 논현로150길 19, 지상2층 (논현동)"
디씨크리에이티브,기타,37.52241391906489,127.05430582110613,영업/정상,"서울특별시 강남구 학동로97길 41, 지상4층 (청담동)"
오픈키친,기타,37.526235517059725,127.03106150013781,영업/정상,"서울특별시 강남구 압구정로36길 34-6 (신사동,지상1층)"
교동전선생,기타,37.51465528188098,127.0297893913933,영업/정상,"서울특별시 강남구 논현로131길 6, 지상1층 (논현동)"
주식회사 더케이에프앤비 금돼지카츠,기타,37.50890085474024,127.0363640379943,영업/정상,"서울특별시 강남구 봉은사로37길 7-6, 나동 지하1층 B103호 (논현동)"
도호,기타,37.504084520184996,127.02636451695864,영업/정상,"서울특별시 강남구 봉은사로4길 11, 지상1층 (역삼동)"
푸드카페 김밥천국,기타,37.52569474336198,127.05085938942156,영업/정상,"서울특별시 강남구 도산대로89길 17, 지상1층 (청담동)"
삼성동 제이제이비어,기타,37.50598053955492,127.0585706373138,영업/정상,서울특별시 강남구 테헤란로84길 18 (대치동)
돈가네도곡점,기타,37.48451869135715,127.04330739929101,영업/정상,"서울특별시 강남구 논현로34길 16 (도곡동,지상1층)"
드루와,기타,37.50576948817335,127.05877607110553,영업/정상,"서울특별시 강남구 삼성로86길 16, 지상3층 (대치동)"
두툼해 도곡,기타,37.48928307112221,127.05280405331841,영업/정상,"서울특별시 강남구 남부순환로 2806, 군인공제회관 지하1층 (도곡동)"
시베리아허스키냉면 시허냉 논현점,냉면,37.50752947258814,127.03189236845861,영업/정상,"서울특별시 강남구 논현로111길 20, 논현씨엘 하우징 지하1층 (논현동)"
올디스 타코 신사점,기타,37.519262181356446,127.02090490071107,영업/정상,"서울특별시 강남구 강남대로158길 26, M-SPACE 지상1층 101호 (신사동)"
투다리,기타,37.50902288024617,127.0357189255138,영업/정상,"서울특별시 강남구 언주로113길 19 (논현동,1층)"
호아나(HOANA),기타,37.525364325570145,127.04101330330657,영업/정상,"서울특별시 강남구 선릉로158길 12, 지하1층, 지상2층 (청담동)"
풍년집,기타,37.5056148728122,127.0593416109508,영업/정상,"서울특별시 강남구 삼성로84길 22 (대치동,지상1 층)"
쌍룡갈비,기타,37.50306121129284,127.05138053997302,영업/정상,"서울특별시 강남구 선릉로86길 16-5 (대치동,지상1층)"
우아한과일&커피 강남역삼점,기타,37.49278928913056,127.03428608026324,영업/정상,"서울특별시 강남구 역삼로8길 21, 성욱빌딩 지상1층 103호 (역삼동)"
싸다김밥 강남구청역점,기타,37.51668653661626,127.04059047030417,영업/정상,"서울특별시 강남구 학동로 342, 지상1층 105호 (논현동, 강남구청역 에스케이 허브 블루)"
더스퀘어(The Square),기타,37.51401086039365,127.02770878681501,영업/정상,"서울특별시 강남구 학동로21길 13, 지상1층 (논현동)"
주식회사 리베르떼브띠끄,기타,37.484438004075066,127.0463750151249,영업/정상,"서울특별시 강남구 논현로26길 55, 지상2층 (도곡동)"
스시 키,기타,37.508887562630406,127.04386195418415,영업/정상,"서울특별시 강남구 선릉로107길 3-4, 1층 (역삼동)"
봄동,기타,37.50859530026902,127.05971847792408,영업/정상,"서울특별시 강남구 테헤란로 517 (삼성동,지하1층)"
미니 보물섬,기타,37.518572695322554,127.02214174002577,영업/정상,"서울특별시 강남구 강남대로154길 39, 지상1층 (신사동)"
파스타엔포크 강남역삼점,기타,37.49137327141994,127.0325245061568,영업/정상,"서울특별시 강남구 도곡로3길 19, 서희스타힐스오피스텔 지상1층 103호 (역삼동)"
소두리,기타,37.525749328161446,127.03829302790088,영업/정상,"서울특별시 강남구 도산대로51길 40, 지상1층 102호 (신사동)"
붓처스컷 도산,기타,37.524968880623604,127.0326686167983,영업/정상,"서울특별시 강남구 언주로 835, 삼원가든 자동 지하1층,지상1,2층 (신사동)"
강남 The Psalms,기타,37.46376934150748,127.10671355086478,영업/정상,"서울특별시 강남구 밤고개로34길 14, 지상2층 (세곡동)"
부산 양대창 전문점,기타,37.47762983482727,127.04550843528139,영업/정상,"서울특별시 강남구 논현로18길 6 (개포동,지상1층)"
부케 드 뺑(bouquet de pain),기타,37.52406514533856,127.03734590985921,영업/정상,"서울특별시 강남구 도산대로49길 18, 1층 (신사동)"
사케리아 잇콘(SAKERIA-IKKON),기타,37.52658647163234,127.03583263103332,영업/정상,"서울특별시 강남구 언주로170길 28, 지상2층 (신사동)"
비에스 타바스바,기타,37.52357702801435,127.04892582519433,영업/정상,"서울특별시 강남구 도산대로90길 16, 지상2층 (청담동)"
함가네 일원동 김밥,기타,37.4917018688818,127.08751111266409,영업/정상,"서울특별시 강남구 양재대로55길 13 (일원동,지상1층)"
작은식당,기타,37.50297359241314,127.04653232570449,영업/정상,"서울특별시 강남구 테헤란로 322, 한신인터밸리24 지하2층 B112호 (역삼동)"
정글주스(Jungle Juice) 테헤란로 한신점,기타,37.50297359241314,127.04653232570449,영업/정상,"서울특별시 강남구 테헤란로 322, 한신인터밸리24 B동 지하2층 158호 (역삼동)"
포이브 하우스,기타,37.52387365601701,127.03123347439596,영업/정상,"서울특별시 강남구 언주로157길 21, 1층 101호 (신사동)"
놀부부대찌개,기타,37.48801674446367,127.10184847065206,영업/정상,"서울특별시 강남구 밤고개로1길 10 (수서동,현대벤처빌지하1층118호)"
무쇠김치삼겹 삼성,기타,37.50584991611068,127.05901885162056,영업/정상,"서울특별시 강남구 삼성로86길 18 (대치동,지상1층)"
라무진 강남역점,기타,37.496848831783346,127.03098963579764,영업/정상,"서울특별시 강남구 테헤란로6길 26, 지상1층 (역삼동)"
순딜리버리 11호점,기타,37.513353374559664,127.02132348064708,영업/정상,"서울특별시 강남구 강남대로136길 5-4, 지하1층 11호 (논현동)"
케이(K)제육,기타,37.50153030069189,127.05653869356657,영업/정상,"서울특별시 강남구 삼성로71길 29, 1층 102호 (대치동)"
둥지,기타,37.50497530582394,127.02933013588819,영업/정상,서울특별시 강남구 봉은사로16길 22 (역삼동)
도리반반,기타,37.50334176012795,127.02612452495529,영업/정상,"서울특별시 강남구 봉은사로2길 21, 반석빌딩 지하1층 (역삼동)"
고래불,기타,37.496322337893496,127.03404185615142,영업/정상,"서울특별시 강남구 논현로79길 62, 지상1,2층 (역삼동)"
(주)신사꽃게당 신사본점,기타,37.51944076029937,127.0197333176467,영업/정상,"서울특별시 강남구 강남대로160길 11, 지상1층 (신사동)"
팡뮤제 베이커리 강남본점,기타,37.49624801427151,127.03200749917158,영업/정상,"서울특별시 강남구 테헤란로8길 40, 알티넷빌딩 지상1층 (역삼동)"
10번가고깃집 앤드 쉐프의부대찌개 선릉역점,기타,37.50489610194747,127.0474708993247,영업/정상,서울특별시 강남구 선릉로91길 14 (역삼동)
(주)타워차이,기타,37.48733628888635,127.05282966375741,영업/정상,"서울특별시 강남구 언주로30길 26 (도곡동,타워팰리스스포츠클럽지상1층)"
대청뼈다귀감자탕,기타,37.48985042580501,127.08371971428643,영업/정상,"서울특별시 강남구 일원로9길 26 (일원동,지상1층)"
만나,기타,37.52364548020499,127.02805710856059,영업/정상,"서울특별시 강남구 논현로 839 (신사동,지상3층)"
호돌이반점,기타,37.50102186774733,127.0346023091684,영업/정상,"서울특별시 강남구 강남대로94길 91 (역삼동,지상2층)"
참 한우곱창,기타,37.50688369141595,127.05943678659689,영업/정상,"서울특별시 강남구 테헤란로88길 10, 신안메트로칸 지하1층 B101호 (대치동)"
티케,기타,37.52590893170372,127.04475801755014,영업/정상,"서울특별시 강남구 선릉로162길 52, 지하1층 (청담동)"
모두의모임 선릉점,기타,37.50258488929874,127.05050390237162,영업/정상,"서울특별시 강남구 선릉로82길 5, 캥거루 빌딩 지하1층 (대치동)"
로라방앗간,기타,37.52530455792837,127.05049409618135,영업/정상,"서울특별시 강남구 도산대로89길 9, 1층 (청담동)"
칸트푸드,기타,37.49616506693247,127.03069157361563,영업/정상,"서울특별시 강남구 테헤란로4길 35, 지하1층 (역삼동)"
레꼴뜨,기타,37.50914387915109,127.04255439429389,영업/정상,"서울특별시 강남구 봉은사로50길 10, 섹터사옥 지상1층 (역삼동)"
샤오당쟈마라탕 압구정구현대점,기타,37.52691652816877,127.03021566196928,영업/정상,"서울특별시 강남구 압구정로32길 11, 캐럴라인타워 지상1층 101호 (신사동)"
(주)커피빈코리아 선릉KSA한국표준협회점,기타,37.50621641856418,127.05239351691759,영업/정상,"서울특별시 강남구 테헤란로69길 5, 지상1층 (삼성동)"
오므파탈 강남삼성점,기타,37.50816422626424,127.05746914447518,영업/정상,"서울특별시 강남구 테헤란로83길 11, 지하1층 제비101호 주방6호 (삼성동)"
논현 수구레,기타,37.51220816132044,127.04289114677776,영업/정상,"서울특별시 강남구 선릉로 623 (논현동,지상1층)"
수하동 본점,기타,37.50520236127337,127.05539152742065,영업/정상,"서울특별시 강남구 테헤란로78길 16 (대치동,지상2층)"
금성스테이크 부대찌게,기타,37.52799340508793,127.03585446103196,영업/정상,"서울특별시 강남구 언주로174길 26, 남강빌딩 지상1층 2호 (신사동)"
체인 엔터라운지(chain enter lounge),기타,37.50478560022026,127.05708113475093,영업/정상,"서울특별시 강남구 삼성로81길 6, 윕스타워 1층 (대치동)"
인미소 압구정 본점,기타,37.52596184377199,127.03764919825417,영업/정상,"서울특별시 강남구 선릉로157길 23-4, 지상1층 (신사동)"
처음처럼,기타,37.50492110456696,127.0346580070385,영업/정상,서울특별시 강남구 논현로 545 (역삼동)
비노비코(VINO VICO),기타,37.48710559128034,127.04477391076827,영업/정상,"서울특별시 강남구 남부순환로381길 52, 지상1층 (도곡동)"
불독,기타,37.503629030364856,127.02594286735807,영업/정상,"서울특별시 강남구 봉은사로2길 15, 지상2층 (역삼동)"
정담가옥,기타,37.51773089280849,127.02595301642388,영업/정상,"서울특별시 강남구 논현로149길 31, 1동 지상1층 101-1호 (논현동)"
순딜리버리 15호점,기타,37.513353374559664,127.02132348064708,영업/정상,"서울특별시 강남구 강남대로136길 5-4, 지하1층 15호 (논현동)"
구름계란덮밥 강남점,기타,37.50971623935137,127.03352390377331,영업/정상,"서울특별시 강남구 봉은사로29길 35, 지하2층 비201호,비202호,비203호,주방10호 (논현동, 한양수자인 어반게이트)"
지칸,기타,37.51071624012323,127.05144857179548,영업/정상,"서울특별시 강남구 삼성로107길 33, 지상1층 (삼성동)"
페어링룸,기타,37.52536654529877,127.04785498464291,영업/정상,"서울특별시 강남구 도산대로81길 14 (청담동,지상1층)"
센마키,기타,37.50568779431862,127.05400383905028,영업/정상,"서울특별시 강남구 테헤란로 428, 지상1층 207호,208호 (대치동, 테헤란로 대우 아이빌)"
크로플 바베큐 버거,기타,37.49369130873913,127.03378018462045,영업/정상,"서울특별시 강남구 역삼로8길 5, 지하1층 (역삼동)"
요거프룻,기타,37.51245831860277,127.03207674285521,영업/정상,"서울특별시 강남구 논현로124길 5, 지상2층 201-6호 (논현동)"
주식회사 컬처앤비,기타,37.50896975428118,127.04410948552007,영업/정상,"서울특별시 강남구 선릉로 565, 한국빌딩 지하1층 일부호 (역삼동)"
마마논마마,기타,37.52257291581704,127.02125607896393,영업/정상,"서울특별시 강남구 논현로175길 101-3, 1층 (신사동)"
수라밥상,기타,37.51670602072046,127.0339232271227,영업/정상,"서울특별시 강남구 언주로135길 15 (논현동,지상1층)"
세계관,기타,37.5089625433626,127.05679674587385,영업/정상,"서울특별시 강남구 삼성로96길 11, 지상2층 (삼성동)"
서오릉피자 강남논현점,기타,37.51615357019529,127.03902548637534,영업/정상,"서울특별시 강남구 학동로 330, 학동빌딩 지상1층 (논현동)"
88(팔팔),기타,37.528205508006984,127.03782195566836,영업/정상,"서울특별시 강남구 압구정로 332, 지하1층 (신사동)"
돌핀,기타,37.498612525362205,127.0280559301017,영업/정상,"서울특별시 강남구 테헤란로 101, 지하1층 E41호 (역삼동, 강남역지하도상가)"
생어거스틴 파르나스점,기타,37.50904780086485,127.06089284405361,영업/정상,"서울특별시 강남구 테헤란로 521, 지하1층 F-11,12호 (삼성동)"
아테페(A.T.P.),기타,37.522475801001704,127.0299702555739,영업/정상,"서울특별시 강남구 논현로160길 24, 지상2층 (신사동)"
베니스,기타,37.51115005309481,127.05669703501832,영업/정상,"서울특별시 강남구 삼성로104길 24, 하영빌딩 지하1층 (삼성동)"
영암집 2호점,기타,37.510087285423126,127.02604361697871,영업/정상,"서울특별시 강남구 강남대로124길 49, 지상2층 (논현동)"
화연산장,기타,37.52392031716509,127.04033136787301,영업/정상,"서울특별시 강남구 선릉로152길 12, 담빌딩 지상1층 (청담동)"
멕시칸,기타,37.502538911217734,127.05855577555685,영업/정상,서울특별시 강남구 삼성로 347 (대치동)
근성순대,기타,37.50160577455378,127.03519576018543,영업/정상,"서울특별시 강남구 테헤란로25길 15 (역삼동,지하1층)"
수라,기타,37.503869577226304,127.04010183672946,영업/정상,"서울특별시 강남구 테헤란로37길 25, 지하1층 B101호 (역삼동)"
강남집밥,기타,37.51051156737723,127.06554337048864,영업/정상,"서울특별시 강남구 테헤란로107길 10, 지하1층 (삼성동)"
회장님댁 선릉점,기타,37.50302663977145,127.05191581218642,영업/정상,"서울특별시 강남구 선릉로82길 23 (대치동,지상2층)"
코너드커피투고플래이스,기타,37.51869072710533,127.01980357767533,영업/정상,서울특별시 강남구 강남대로158길 10 (신사동)
타임머신,기타,37.5201546295652,127.03189750056326,영업/정상,"서울특별시 강남구 논현로150길 41 (논현동,지상1층)"
해거름,기타,37.517416903434075,127.0398386941126,영업/정상,"서울특별시 강남구 선릉로131길 11, 지상1층 101호 (논현동)"
공주닭발 논현점,기타,37.509741035836875,127.02405860887494,영업/정상,"서울특별시 강남구 강남대로126길 19, 지하1층 (논현동)"
제로당식당,기타,37.50262748659037,127.03914606485225,영업/정상,"서울특별시 강남구 테헤란로33길 13, 지상2층 (역삼동)"
키친스탠다드 강남점 70호,기타,37.50736932020773,127.03739743154303,영업/정상,"서울특별시 강남구 언주로107길 23, 지상2층 주방70호 (역삼동)"
성덕,기타,37.52577360230489,127.027254402994,영업/정상,"서울특별시 강남구 논현로175길 17, 지상1층 (신사동)"
1.5리터 수제비 논현본점,기타,37.50971623935137,127.03352390377331,영업/정상,"서울특별시 강남구 봉은사로29길 35, 지하2층 B201호, B202호 주방15호 (논현동, 한양수자인 어반게이트)"
제주마을,기타,37.50996641707995,127.04182422537406,영업/정상,"서울특별시 강남구 봉은사로 319, 내외빌딩 2층 (논현동)"
1인국밥,국밥,37.50583109098066,127.04781622862265,영업/정상,"서울특별시 강남구 테헤란로57길 16, 백산빌딩 지상1층 (역삼동)"
야사이마끼 쿠이신보,기타,37.51868715293305,127.02427823255931,영업/정상,"서울특별시 강남구 강남대로152길 62, 지상1층 (신사동)"
해남세발낙지,기타,37.497840196692565,127.05925664980383,영업/정상,"서울특별시 강남구 삼성로57길 22 (대치동,(도곡532-14->87.12.31서울시조례2251호의거동명칭및지번변경))"
남해안집 삼성점,기타,37.50847746286273,127.05788668519753,영업/정상,"서울특별시 강남구 테헤란로83길 14, 지상1층 105호 (삼성동, 두산위브센티움)"
타쿠미곤,기타,37.52240874595546,127.04128476815843,영업/정상,"서울특별시 강남구 도산대로58길 14, 2층 (청담동)"
거실,기타,37.525397518141155,127.04957111881687,영업/정상,"서울특별시 강남구 압구정로79길 29, 지하1층 (청담동, 동산빌리지)"
레온 서울,기타,37.52742114770595,127.03836914504737,영업/정상,"서울특별시 강남구 선릉로161길 25, 지하1층 (신사동)"
발리밥,기타,37.51906181864981,127.04675069204922,영업/정상,서울특별시 강남구 학동로67길 12 (청담동)
모시모시,기타,37.52375479813786,127.03847135107527,영업/정상,"서울특별시 강남구 도산대로53길 10 (신사동,지상1층101호)"
더라운지,기타,37.50856679166254,127.0641468957995,영업/정상,"서울특별시 강남구 테헤란로 606 (대치동,지상22,23층)"
(주)드레스가든,기타,37.52067607275139,127.05589754713145,영업/정상,"서울특별시 강남구 영동대로 707, 지상6층 (청담동, 금융주치의청담센터)"
형제곱창,기타,37.50576948817335,127.05877607110553,영업/정상,"서울특별시 강남구 삼성로86길 16, 1층 (대치동)"
우일가든,기타,37.49906011774676,127.05193036382063,영업/정상,"서울특별시 강남구 선릉로 328, 14.15.16.17.18.20.21.23.24.25.26호 지상1층 (대치동)"
해운대 대구탕(역삼점),기타,37.501270650906825,127.03414708492977,영업/정상,"서울특별시 강남구 논현로95길 29-11, 삼아빌딩 지상1층 (역삼동)"
무교동낙지,기타,37.50941955444498,127.02320979252599,영업/정상,"서울특별시 강남구 학동로2길 31, 2층 (논현동)"
정글주스(Jungle Juice),기타,37.50860753732216,127.02911228212058,영업/정상,"서울특별시 강남구 봉은사로11길 43, 지상1층 101호 (논현동, 베스트빌)"
쉬즈베이글,기타,37.513575788305744,127.02714755080521,영업/정상,"서울특별시 강남구 논현로131길 41, 지상1층 (논현동)"
노다지 삼겹살,기타,37.50106081576503,127.06427041097814,영업/정상,서울특별시 강남구 삼성로64길 49 (대치동)
땅코참숯구이,기타,37.516882616553524,127.03672315035159,영업/정상,"서울특별시 강남구 언주로134길 13, 지상2층 (논현동)"
쟌비어,기타,37.500598393427275,127.02755543444752,영업/정상,"서울특별시 강남구 강남대로98길 10 (역삼동,지하1층)"
호보식당,기타,37.4980622054836,127.03465048312825,영업/정상,"서울특별시 강남구 논현로85길 43 (역삼동,지하1층)"
맘스터치 매봉역점,기타,37.485779349949624,127.04488205945128,영업/정상,"서울특별시 강남구 남부순환로 2732, 지상1층 (도곡동)"
오르빗,기타,37.52591027834145,127.03873571243055,영업/정상,"서울특별시 강남구 선릉로157길 13, 지하1층 (신사동)"
바라던바,기타,37.49440837779641,127.03217269042385,영업/정상,"서울특별시 강남구 역삼로5길 9, CENTRE-19 지상2층 201호 (역삼동)"
더스노우 대치 본점,기타,37.50123234224407,127.05100317064877,영업/정상,"서울특별시 강남구 선릉로76길 4, 코람벤처타운 1층 (대치동)"
우리식당,기타,37.523313482027994,127.02599385327485,영업/정상,서울특별시 강남구 논현로161길 27 (신사동)
테이블 스타(Table star),기타,37.52013088246258,127.02327471079231,영업/정상,"서울특별시 강남구 논현로153길 62, 지하1,지상1층 (신사동)"
밀떡팩토리 본점,기타,37.51877385732428,127.0244571822376,영업/정상,"서울특별시 강남구 강남대로152길 64, 지하1층 (신사동)"
미스터와인,기타,37.514359467840016,127.0495964710923,영업/정상,"서울특별시 강남구 삼성로115길 32, 지하1층 (삼성동)"
(주)아이비앤비,기타,37.51046472706423,127.06027605014796,영업/정상,
산호초 논현점,기타,37.507965774593444,127.02360953238906,영업/정상,"서울특별시 강남구 학동로2길 56, 원창빌딩 지상1층 101호,102호 (논현동)"
컬러풀,기타,37.51289348011986,127.02120678255616,영업/정상,"서울특별시 강남구 강남대로136길 6, 지하1층 (논현동)"
배다른 오리,기타,37.49817677880218,127.0336434519445,영업/정상,"서울특별시 강남구 논현로85길 52, 역삼 푸르지오 시티 지하1층 B109호 (역삼동)"
숯덩이,기타,37.49058877973772,127.08621581386706,영업/정상,"서울특별시 강남구 일원로9길 58 (일원동,지상1층)"
문,기타,37.52145026988142,127.0358902713855,영업/정상,"서울특별시 강남구 언주로150길 21 (논현동,지상1.2층)"
촌돼지마을,기타,37.51223213343627,127.02855454033947,영업/정상,"서울특별시 강남구 학동로20길 13, 지상1층 (논현동)"
삼원가든,기타,37.524968880623604,127.0326686167983,영업/정상,"서울특별시 강남구 언주로 835, 삼원가든 다동 지상1,2,3층 (신사동)"
에코사랑목직점,기타,37.49161420575852,127.03335101537587,영업/정상,"서울특별시 강남구 도곡로3길 20-10, 지상1층 113호 (역삼동)"
밤비노,기타,37.522278345481574,127.04231478714044,영업/정상,"서울특별시 강남구 선릉로146길 27-8, 5층 (청담동)"
강남곱창,기타,37.516783155385575,127.04205318903902,영업/정상,"서울특별시 강남구 선릉로130길 5, 지상1층 102호 (삼성동)"
장독대 김치찌게,기타,37.5081731486166,127.03773001009884,영업/정상,"서울특별시 강남구 봉은사로 232 (역삼동,1층)"
한솥도시락,기타,37.50145650206672,127.04268895037328,영업/정상,"서울특별시 강남구 언주로 427 (역삼동,지상1층111호)"
송강식당,기타,37.5146446520444,127.05864282264429,영업/정상,"서울특별시 강남구 영동대로115길 14 (삼성동,지상1,2층)"
위치 7016,기타,37.520566463930926,127.05515730406431,영업/정상,"서울특별시 강남구 영동대로131길 14 (청담동,지하1층)"
주식회사 더케이에프앤비 파스타다,기타,37.50890085474024,127.0363640379943,영업/정상,"서울특별시 강남구 봉은사로37길 7-6, 나동 지하1층 B102호 (논현동)"
생활맥주 역삼역 4번출구점,기타,37.501296008090556,127.03497830686499,영업/정상,"서울특별시 강남구 테헤란로25길 9, 지상1층 (역삼동)"
깐부치킨 언주역점,기타,37.50817634844435,127.03283226588425,영업/정상,"서울특별시 강남구 논현로113길 5, 1층 103호 (논현동, 프라임아파트)"
다이닝 마,기타,37.52250032419222,127.0342773188389,영업/정상,"서울특별시 강남구 언주로152길 8, 유일빌딩 지상2층 (신사동)"
더 바른 정육식당 논현점,기타,37.50971728873687,127.02280154224465,영업/정상,"서울특별시 강남구 강남대로128길 6, 지상1층 (논현동)"
등촌샤브칼국수,칼국수,37.48533738203019,127.04411455427969,영업/정상,"서울특별시 강남구 논현로38길 30, 지상2층 (도곡동)"
메가엠지씨커피 서울신구초점,기타,37.5238628376995,127.02295104945483,영업/정상,"서울특별시 강남구 압구정로14길 6, 1층 102호 (신사동)"
자연김밥,기타,37.52803117973357,127.03241989771246,영업/정상,서울특별시 강남구 언주로173길 13 (신사동)
시즈널 톤(Seasonal Tone),기타,37.50912220637801,127.0229887970136,영업/정상,"서울특별시 강남구 강남대로124길 3-6, 호은빌딩 지상2층 2호 (논현동)"
압구정 사카에 스시,기타,37.52164752387553,127.01983134079616,영업/정상,"서울특별시 강남구 도산대로1길 78, 지상1층 (신사동)"
단정 강남358타워점,기타,37.49503904291086,127.02970354160853,영업/정상,"서울특별시 강남구 강남대로 358, 강남358타워 지상2층 204호 (역삼동)"
삼성웰스토리(주)교수회관일원점,기타,37.48866230678969,127.08598238394443,영업/정상,"서울특별시 강남구 일원로 81 (일원동,삼성서울병원암센터 지하1층)"
와이 스파치오(Y spazio),기타,37.51593634649745,127.03362262593546,영업/정상,"서울특별시 강남구 언주로133길 21, 1층 (논현동, 조일빌딩)"
키세카츠,기타,37.51729605116982,127.02435718667127,영업/정상,"서울특별시 강남구 논현로149길 52, 지상1층 101호 (논현동)"
로이신사,기타,37.52164752387553,127.01983134079616,영업/정상,"서울특별시 강남구 도산대로1길 78, 지하1층,지상1층 (신사동)"
커브(CURVE),기타,37.51868715293305,127.02427823255931,영업/정상,"서울특별시 강남구 강남대로152길 62, 지하1층 (신사동)"
전주집,기타,37.487326826880114,127.10314006660364,영업/정상,"서울특별시 강남구 광평로 280 (수서동,로즈데일빌딩지하2층103호)"
장수순대국,기타,37.49421293995431,127.08632109348939,영업/정상,서울특별시 강남구 개포로140길 22 (일원동)
육회바른연어 양재비엔피점,기타,37.485622033498096,127.03590803810151,영업/정상,"서울특별시 강남구 강남대로42길 23, 지상1층 102호 (도곡동)"
이층 고깃집,기타,37.515980954306066,127.0407159462031,영업/정상,"서울특별시 강남구 선릉로129길 9-4, 1층 (논현동)"
깐부치킨,기타,37.51445282891691,127.03333245278738,영업/정상,"서울특별시 강남구 학동로 224 (논현동,삼환아르누보 지상1층105,106호)"
대가,기타,37.51625323024564,127.03979850663906,영업/정상,"서울특별시 강남구 학동로50길 6, 지하1층 (논현동)"
청담순대국,기타,37.52323769730595,127.04516529296178,영업/정상,"서울특별시 강남구 삼성로149길 30 (청담동,지상1층)"
마치래빗 강남점,기타,37.49539989631866,127.03040580524147,영업/정상,"서울특별시 강남구 테헤란로4길 46 (역삼동,쌍용플래티넘밸류 지하139호)"
쏭아지매 덮밥집,기타,37.50357434023682,127.05428035340167,영업/정상,"서울특별시 강남구 삼성로81길 43, 지상2층 14호 (대치동)"
텐파 마라탕 마라샹꿔,기타,37.5255866028557,127.05115210848099,영업/정상,"서울특별시 강남구 압구정로79길 49, 지상1층 (청담동)"
제스트(ZEST),기타,37.52526146172238,127.04077784691198,영업/정상,"서울특별시 강남구 도산대로55길 26, 하늘빌딩 지하1층 (청담동)"
에쓰,기타,37.516131862138714,127.03273761400877,영업/정상,"서울특별시 강남구 언주로133길 28 (논현동,지하2층)"
본죽,기타,37.48324162414873,127.06023756760358,영업/정상,"서울특별시 강남구 선릉로 40 (개포동,지상1층1호)"
한끼한잔,기타,37.50669393789254,127.05305210404612,영업/정상,서울특별시 강남구 테헤란로77길 11-19 (삼성동)
수다 삼성1호점,기타,37.51110849185659,127.05729271297979,영업/정상,"서울특별시 강남구 테헤란로87길 53 (삼성동,(지하1,지상1,2층))"
저스트샐러드,기타,37.51245831860277,127.03207674285521,영업/정상,"서울특별시 강남구 논현로124길 5, 지상2층 201-7호 (논현동)"
휠링,기타,37.50121248807553,127.06464427884771,영업/정상,"서울특별시 강남구 도곡로93길 13 (대치동,지상2층)"
스시 산스이,기타,37.52411335991312,127.0368065775334,영업/정상,"서울특별시 강남구 압구정로46길 71-1, 지상2층 (신사동)"
도키메이테,기타,37.49772601279262,127.0292970420504,영업/정상,"서울특별시 강남구 테헤란로4길 6, 강남역 센트럴 푸르지오 시티 지하1층 B120호 (역삼동)"
37.5 시그니처 대치점,기타,37.497906184751585,127.053742637433,영업/정상,"서울특별시 강남구 선릉로64길 18, 대치 936.15 빌딩 지상2층 (대치동)"
호루몬 규상,기타,37.520407250459,127.03609523539045,영업/정상,"서울특별시 강남구 언주로148길 14, 다동 지상1층 103호 (논현동, 청호불교문화원)"
개나리곱창,기타,37.499606208996106,127.0438184131579,영업/정상,"서울특별시 강남구 언주로 409 (역삼동,지상1층)"
강남솥뚜껑,기타,37.497579297517134,127.03301261601113,영업/정상,"서울특별시 강남구 테헤란로10길 25 (역삼동,지상1층 104호)"
하루,기타,37.50076278101459,127.03233718059339,영업/정상,"서울특별시 강남구 테헤란로13길 16 (역삼동,지하1층)"
제이앤케이,기타,37.52578280151008,127.04266017804233,영업/정상,서울특별시 강남구 도산대로59길 32 (청담동)
옹고집투뿔생고기,기타,37.5110682782022,127.02622060403792,영업/정상,"서울특별시 강남구 학동로12길 21, 1층 101호 (논현동)"
선초밥,기타,37.508663592159664,127.04093459520088,영업/정상,"서울특별시 강남구 언주로108길 21, 지하1층 (역삼동)"
홍명,기타,37.514555294585065,127.0294519420221,영업/정상,서울특별시 강남구 논현로131길 10 (논현동)
1.2.3,기타,37.51002629314663,127.05158341216621,영업/정상,"서울특별시 강남구 봉은사로68길 35, 지하1층 (삼성동)"
아쎄라비,기타,37.47890387181207,127.10770605068672,영업/정상,"서울특별시 강남구 자곡로11길 28, S001동 지상2층 201호 (자곡동)"
알렉스네스트,기타,37.52481722493758,127.02593701507328,영업/정상,서울특별시 강남구 압구정로20길 21 (신사동)
기세끼 블랙,기타,37.50616359252748,127.02446400608828,영업/정상,"서울특별시 강남구 강남대로118길 8, 지상3층 (논현동)"
오클랜드 파이 개러지(A.P.G)(Auckland Pie Garage),기타,37.52710682743137,127.03890684021925,영업/정상,"서울특별시 강남구 선릉로161길 15-4, 신사동 S빌딩 1층 105호 (신사동)"
우디집 도산점,기타,37.52654840140291,127.0359997540502,영업/정상,"서울특별시 강남구 압구정로46길 32, 삼일빌딩 지상2층 (신사동)"
루엔 쿡,기타,37.48602350296904,127.03621690468464,영업/정상,"서울특별시 강남구 남부순환로359길 17, 지상1층 (도곡동)"
우기 파스타,기타,37.50971623935137,127.03352390377331,영업/정상,"서울특별시 강남구 봉은사로29길 35, 지하2층 B201호,B202호,B203호 주방6호 (논현동, 한양수자인 어반게이트)"
비채,기타,37.489450722783246,127.03368326826815,영업/정상,"서울특별시 강남구 강남대로58길 18 (도곡동,지하1층)"
진주,기타,37.509405853371995,127.05692627163504,영업/정상,"서울특별시 강남구 테헤란로83길 31 (삼성동,지상1,2층)"
한종호의 죽여주는 김치찜,기타,37.512521154961824,127.05881929973503,영업/정상,"서울특별시 강남구 영동대로 511 (삼성동,코엑스몰 지하1층)"
남자식당,기타,37.49942728561998,127.04469803872237,영업/정상,"서울특별시 강남구 언주로 408, 역삼자이 지하1층 B15호 (역삼동)"
엔 커피 스튜디오(N coffee studio),기타,37.50620703377846,127.02411175570077,영업/정상,"서울특별시 강남구 강남대로 492, 한맥빌딩 지상2층 (논현동)"
히노야카레,기타,37.50077435892257,127.03339495737215,영업/정상,"서울특별시 강남구 강남대로94길 75 (역삼동,구영빌딩101호)"
아쿠아,기타,37.51600655526267,127.03124059519578,영업/정상,"서울특별시 강남구 논현로136길 14, 지상1층 (논현동)"
준준 논현,기타,37.509299696950634,127.02720960440472,영업/정상,"서울특별시 강남구 강남대로122길 55, 지상1층 101호 (논현동)"
베러무드,기타,37.52110661397748,127.02730594863407,영업/정상,"서울특별시 강남구 도산대로27길 19, 지하1층 (신사동)"
샐러링 선릉점,기타,37.50235302656792,127.04672834748939,영업/정상,"서울특별시 강남구 테헤란로52길 16, 상가동 지하1층 16호 (역삼동, 테헤란아이파크)"
재즈 잇 업,기타,37.51887570800439,127.02019219612303,영업/정상,"서울특별시 강남구 강남대로158길 16, 지하1층 (신사동)"
리커테이션,기타,37.522625288647774,127.02207814428007,영업/정상,"서울특별시 강남구 압구정로10길 13, 지하1층 (신사동)"
(주)오리지널 팬케이크하우스(가로수길점),기타,37.52099216994285,127.02160660243764,영업/정상,"서울특별시 강남구 강남대로162길 41, 지상1층 (신사동)"
정 포차,기타,37.52317403999601,127.04615769071317,영업/정상,"서울특별시 강남구 삼성로149길 17, 지상1층 (청담동)"
장수식당,기타,37.5027577597894,127.05697094993623,영업/정상,"서울특별시 강남구 역삼로 455, 하나빌딩 지상1층 101호 (대치동)"
난분식,기타,37.49741797119301,127.06532707074464,영업/정상,"서울특별시 강남구 삼성로 212, B동 (대치동,은마상가)"
꽃보다 등심,기타,37.5078870655225,127.05396904247615,영업/정상,"서울특별시 강남구 테헤란로77길 23, 1층 (삼성동)"
정가식당,기타,37.505656575928384,127.04706172322861,영업/정상,"서울특별시 강남구 테헤란로55길 17, 지하1층 (역삼동)"
북앤빈,기타,37.50431800027829,127.04464084585938,영업/정상,"서울특별시 강남구 선릉로93길 50, 현석타워 지상2층 (역삼동)"
포항오거리막회,기타,37.498745288980636,127.03474603823932,영업/정상,"서울특별시 강남구 테헤란로20길 15, 메이플라워멤버스빌오피스텔 지하1층 B101호 (역삼동)"
사이공본가 포스코사거리점,기타,37.50551354915248,127.0579873903543,영업/정상,"서울특별시 강남구 삼성로86길 6, 지상1층 (대치동)"
(주)신정,기타,37.49707613063327,127.03234909296854,영업/정상,서울특별시 강남구 테헤란로8길 29 (역삼동)
오드비,기타,37.48269447617574,127.04395958757918,영업/정상,"서울특별시 강남구 논현로28길 14, 지하1층 (도곡동)"
청춘 F&B,기타,37.51465528188098,127.0297893913933,영업/정상,"서울특별시 강남구 논현로131길 6, 지상2층 (논현동)"
뷰티풀 샐러드&도시락,기타,37.503512413491,127.03900040992914,영업/정상,"서울특별시 강남구 테헤란로33길 26, 지상1층 (역삼동)"
꾸아 강남역CGV점,기타,37.50194817049092,127.02673434837332,영업/정상,서울특별시 강남구 강남대로102길 11 (역삼동)
스가오,기타,37.520490440915296,127.02012976270201,영업/정상,"서울특별시 강남구 압구정로2길 19 (신사동,지상1층 101호)"
장마당 신의주찹쌀순대,기타,37.49778190484667,127.05328409615444,영업/정상,서울특별시 강남구 선릉로64길 12 (대치동)
치마오,기타,37.49434795190433,127.07961586766422,영업/정상,"서울특별시 강남구 개포로 623, 지하1층 106호 (개포동)"
딸부자네불백,기타,37.51928881979294,127.02050082483363,영업/정상,"서울특별시 강남구 강남대로158길 21 (신사동,지상1층)"
카츠왕 강남직영점,기타,37.49939309584556,127.02881393593401,영업/정상,"서울특별시 강남구 강남대로94길 18, 지상1층 (역삼동)"
더또순,기타,37.500590199254376,127.04276255216791,영업/정상,"서울특별시 강남구 테헤란로38길 29, 이원빌딩 지하1층 3호 (역삼동)"
Bowl Room(보울룸),기타,37.52655404076346,127.03462363257331,영업/정상,"서울특별시 강남구 압구정로42길 36, 지상1층 103호 (신사동, 금광아크존1)"
추오정 남원추어탕,기타,37.48142170252864,127.10403410756797,영업/정상,"서울특별시 강남구 밤고개로14길 13, 지상1층 (자곡동)"
찌개마을,기타,37.49539989631866,127.03040580524147,영업/정상,"서울특별시 강남구 테헤란로4길 46, 제비122호 (역삼동)"
믹솔로지,기타,37.52208601346877,127.0412026557572,영업/정상,"서울특별시 강남구 도산대로58길 18, 지하1층 (청담동)"
하바나(havana),기타,37.52853674763107,127.03215933914923,영업/정상,"서울특별시 강남구 압구정로 224 (신사동, 우미빌딩 지하3호)"
우리샤브,기타,37.50219739572671,127.04372626840717,영업/정상,"서울특별시 강남구 언주로90길 6 (역삼동,지상1층 101호)"
사카바 온도,기타,37.5270125673389,127.03933355678299,영업/정상,"서울특별시 강남구 압구정로54길 14, 지하1층 (신사동)"
라이크 커피(LIKE COFFEE),기타,37.5190761794654,127.0237615301959,영업/정상,"서울특별시 강남구 도산대로15길 11, 지상1층 102호 (신사동)"
스시 츠바키,기타,37.52785997311762,127.03624526772107,영업/정상,"서울특별시 강남구 언주로174길 30, 지상1층 101호 (신사동)"
영심이네 집밥,기타,37.478888342308494,127.0456447683479,영업/정상,"서울특별시 강남구 개포로17길 3-10 (개포동,지상1층)"
케이(K)보드게임카페,기타,37.523625227557396,127.0268538598716,영업/정상,"서울특별시 강남구 논현로161길 16, 지하1층 (신사동)"
예술피자 강남직영점,기타,37.51509370019936,127.04798817985217,영업/정상,"서울특별시 강남구 삼성로119길 43, 지상1층 (삼성동)"
호빈(Hobin),기타,37.50869604164154,127.02423882785908,영업/정상,"서울특별시 강남구 학동로4길 43, 지상1층 (논현동)"
문워커 MOONWALKER,기타,37.52672888418382,127.03799919021496,영업/정상,"서울특별시 강남구 압구정로50길 23, 지상1층 (신사동)"
청담 꽃뎅,기타,37.525272221930315,127.05026616852768,영업/정상,"서울특별시 강남구 압구정로79길 38, 데오빌로 지상1층 101호 (청담동)"
싸다김밥 강남역삼점,기타,37.49544989940029,127.03915922816196,영업/정상,"서울특별시 강남구 논현로 339, 지상1층 101호 (역삼동)"
퀸즈 블러바드,기타,37.481612626474565,127.0434336921994,영업/정상,"서울특별시 강남구 논현로 132, 에스엔제이빌딩 1층 (도곡동)"
장모님이떴다,기타,37.50558637763585,127.03387384723632,영업/정상,"서울특별시 강남구 봉은사로26길 23, 지하1층 (역삼동)"
연속,기타,37.509369943456214,127.03719812716545,영업/정상,"서울특별시 강남구 언주로 605, 지상1층 5호 (논현동)"
브루주아,기타,37.51553479472521,127.03371360987784,영업/정상,"서울특별시 강남구 논현로132길 40, 지상1층 (논현동)"
도시하누 도산점,기타,37.527635372162344,127.03466950153376,영업/정상,"서울특별시 강남구 언주로172길 12, 지상1층 (신사동)"
순둥이,기타,37.50085838008427,127.04058796164693,영업/정상,"서울특별시 강남구 언주로85길 32, 역삼역센트럴푸르지오 지하1층 B110호 CA34-2호 (역삼동)"
미라이,기타,37.52106636312881,127.02620227306912,영업/정상,"서울특별시 강남구 논현로153길 24, 지상1층 (신사동)"
카츠조선,기타,37.49986003012312,127.05339691632435,영업/정상,"서울특별시 강남구 역삼로64길 19, 동해빌딩 지상1층 (대치동)"
파퓰러(popular),기타,37.51356476729263,127.02811934575767,영업/정상,"서울특별시 강남구 학동로21길 6, 1층 (논현동)"
노가다,기타,37.52021836141591,127.02425785726074,영업/정상,"서울특별시 강남구 도산대로17길 23, 지상104호 (신사동)"
김천재의 육회반한연어,기타,37.507503369106026,127.02680758600334,영업/정상,"서울특별시 강남구 강남대로118길 47, 지상2층 (논현동)"
용기사식당,기타,37.495209486982304,127.0858221175271,영업/정상,"서울특별시 강남구 개포로140길 6, 지상1층 (일원동)"
인딕슬로우(INDICSLOW),기타,37.52190692212168,127.02031767233653,영업/정상,"서울특별시 강남구 압구정로4길 13, 지상1층 (신사동)"
교촌치킨 강남역점,기타,37.50088345665304,127.02748482594296,영업/정상,"서울특별시 강남구 강남대로98길 11, 메트로 빌딩 지상1층 (역삼동)"
지그재그,기타,37.51481784856079,127.06508048557181,영업/정상,"서울특별시 강남구 봉은사로 638, 성암빌딩 지하1층 (삼성동)"
발렌타인,기타,37.47816479200389,127.04498908321435,영업/정상,"서울특별시 강남구 개포로 202 (개포동,지하1층)"
박신희하우스,기타,37.50053851789022,127.03343068766199,영업/정상,서울특별시 강남구 테헤란로19길 7 (역삼동)
로바타 라이브라,기타,37.52287687885329,127.04376899855404,영업/정상,"서울특별시 강남구 선릉로148길 52, 지하1층 (청담동)"
고메한끼,기타,37.48928307112221,127.05280405331841,영업/정상,"서울특별시 강남구 남부순환로 2806, 지하1층 (도곡동)"
바델마,기타,37.52480296965606,127.02575036880745,영업/정상,"서울특별시 강남구 압구정로20길 19, 지하1층 (신사동)"
피자나라 치킨공주 역삼점,기타,37.495731955379675,127.0345065606604,영업/정상,"서울특별시 강남구 테헤란로22길 69 (역삼동,지상1층)"
프리식단,기타,37.49492651436874,127.03439407079722,영업/정상,"서울특별시 강남구 역삼로11길 7, 지하1층 (역삼동)"
삼성분식,기타,37.510483694787034,127.05761406778362,영업/정상,"서울특별시 강남구 테헤란로87길 41, 지하1층 (삼성동)"
복록,기타,37.4989840788468,127.03453515828285,영업/정상,"서울특별시 강남구 테헤란로20길 11, 지상2층 (역삼동)"
케이웍(K WOK),기타,37.512683952009574,127.0215928765071,영업/정상,"서울특별시 강남구 학동로1길 19, 지상1층 (논현동)"
인트로(intro),기타,37.526890966899494,127.0390853333859,영업/정상,"서울특별시 강남구 언주로172길 65, 지하1층 (신사동)"
(주)아구본가첨벙대치,기타,37.497902390013216,127.0526593092108,영업/정상,"서울특별시 강남구 선릉로64길 5, 지상2층 202호 (대치동)"
그릴 아지사이,기타,37.50035670189206,127.03324605584761,영업/정상,"서울특별시 강남구 테헤란로13길 8-10, 1층 (역삼동, 동영빌딩)"
(주)반촌밥상 풍작코다리,기타,37.486331097602324,127.0993780982587,영업/정상,서울특별시 강남구 광평로 246 (수서동)
타임즈(Times),기타,37.50920431963003,127.0567836571591,영업/정상,"서울특별시 강남구 테헤란로83길 27, 지상1층,2층 (삼성동)"
홀인원,기타,37.50480557855248,127.04237406224924,영업/정상,"서울특별시 강남구 언주로98길 8-2, 해주빌딩 지하1층 (역삼동)"
인생치맥9,기타,37.51090723590965,127.05590729367731,영업/정상,"서울특별시 강남구 삼성로104길 14, 준선빌딩 2층 203호 (삼성동)"
아카이빙드림,기타,37.510095485280175,127.05182902760487,영업/정상,"서울특별시 강남구 봉은사로68길 35-1, 지오삼성 1층 (삼성동)"
신복관 한우육개장 전문점,기타,37.49513746496912,127.03159954241657,영업/정상,"서울특별시 강남구 역삼로3길 20-5, 지상1층 101호 (역삼동)"
매우매오 강남역본점,기타,37.503543995352686,127.02660265626724,영업/정상,"서울특별시 강남구 봉은사로4길 19, 지상1층 (역삼동)"
정동진,기타,37.50501566469819,127.04327676852411,영업/정상,서울특별시 강남구 언주로98길 17 (역삼동)
할머니포장마차,기타,37.5182382691441,127.04130376768387,영업/정상,"서울특별시 강남구 선릉로132길 3-3 (청담동,지하1층)"
진관순댓국,기타,37.521573261233215,127.03807510986728,영업/정상,"서울특별시 강남구 선릉로145길 16, 동성빌딩 1층 (논현동)"
엘레멘텀,기타,37.47456518797047,127.05213223639635,영업/정상,"서울특별시 강남구 논현로8길 41, 지상1층 101호 (개포동)"
백암 순대?감자탕,기타,37.500571574917615,127.04231101173295,영업/정상,"서울특별시 강남구 언주로85길 13 (역삼동,경남아파트상가지상1층112호)"
양계옥,기타,37.48514456922606,127.03575694615022,영업/정상,"서울특별시 강남구 남부순환로 2615, 지상1층 109호, 110호 (도곡동, 극동스타클래스)"
숙성회136 논현점,기타,37.50586627557021,127.02481463121944,영업/정상,"서울특별시 강남구 봉은사로1길 16, 2층 (논현동)"
글로리분식,기타,37.52400988655534,127.04924793786324,영업/정상,"서울특별시 강남구 도산대로 514 (청담동,2층다호)"
베타 홀덤,기타,37.5090225837282,127.02276125804701,영업/정상,"서울특별시 강남구 강남대로 524, 건일빌딩 지상3층 303호 (논현동)"
꼬네,기타,37.52219816312405,127.02140061397844,영업/정상,"서울특별시 강남구 압구정로10길 30-11, 지상1층 (신사동)"
라-알마,기타,37.522760235887496,127.0429932344101,영업/정상,"서울특별시 강남구 도산대로62길 10, 지하1층 3호 (청담동)"
호랑이푸드,기타,37.509689203348515,127.05669610993432,영업/정상,"서울특별시 강남구 삼성로100길 16, 한화빌딩 1층 (삼성동)"
던킨 청담원더스,기타,37.52331681952571,127.03786965493296,영업/정상,"서울특별시 강남구 도산대로 329, 지상1층~2층 (신사동)"
캔갈비,기타,37.49289505828314,127.04098947014441,영업/정상,"서울특별시 강남구 논현로 306, 지상1층 (역삼동)"
하네,기타,37.527634048773464,127.03489027707315,영업/정상,"서울특별시 강남구 언주로172길 14, 지상1층 (신사동)"
바른치킨 강남역점,기타,37.495836168413774,127.02956564284734,영업/정상,"서울특별시 강남구 테헤란로2길 36 (역삼동,지상1층)"
절기,기타,37.50910675420745,127.04065182777902,영업/정상,"서울특별시 강남구 봉은사로 306, 나강타워 지상1층 (역삼동)"
도라지위스키,기타,37.5253075698724,127.03874259696754,영업/정상,"서울특별시 강남구 선릉로155길 11, 지하1층 (신사동)"
임가네민속집,기타,37.49756732952494,127.03761065784857,영업/정상,"서울특별시 강남구 논현로79길 7 (역삼동,지상1층 1-1호)"
본 에스파스(Bon Espace),기타,37.522984517751794,127.05225535291538,영업/정상,"서울특별시 강남구 도산대로100길 24, 3층,4층 (청담동)"
스파게티 스토리,기타,37.50899087117157,127.02719196034289,영업/정상,"서울특별시 강남구 강남대로122길 52 (논현동,지상1층)"
노을(noeul),기타,37.52386934830067,127.03134871912049,영업/정상,"서울특별시 강남구 언주로157길 19, 1층 (신사동)"
루이스,기타,37.49063111200836,127.03427071598891,영업/정상,"서울특별시 강남구 도곡로 129, 지하1층 (역삼동)"
온화다이닝 도산점,기타,37.52488162373506,127.03799531586928,영업/정상,"서울특별시 강남구 선릉로153길 18, 지상2층 (신사동)"
순대실록 강남구청점,기타,37.515990091309384,127.04030400511442,영업/정상,"서울특별시 강남구 선릉로129길 15, 1층 (논현동)"
진진진석쇠한판,기타,37.4945925410272,127.03578053847278,영업/정상,서울특별시 강남구 역삼로 150 (역삼동)
철이네보쌈,기타,37.52763971701629,127.0390745508556,영업/정상,"서울특별시 강남구 압구정로50길 5-10 (신사동,지하1층)"
칠백식당,기타,37.5118457030839,127.0469808423447,영업/정상,"서울특별시 강남구 봉은사로63길 7, A동 1층 101호 (삼성동)"
참프루,기타,37.51023881433778,127.04202532436689,영업/정상,"서울특별시 강남구 봉은사로49길 5, 1층 (논현동)"
초원가든,기타,37.46400000954552,127.10730858512954,영업/정상,"서울특별시 강남구 밤고개로34길 4, 1층 12호 (세곡동)"
이모션,기타,37.52141717468793,127.03168739257372,영업/정상,"서울특별시 강남구 도산대로37길 6, 지하2층 B2호 (신사동)"
양사부 양꼬치(삼성점),기타,37.51028776492477,127.05735141060667,영업/정상,"서울특별시 강남구 삼성로100길 23-6, 1층 (삼성동)"
종로김밥,기타,37.517300890880115,127.0196211893612,영업/정상,"서울특별시 강남구 강남대로 622, 1층 101호 (신사동)"
써브웨이 수서역점,기타,37.48801674446367,127.10184847065206,영업/정상,"서울특별시 강남구 밤고개로1길 10 (수서동,현대벤처빌 지하1층26호)"
개성풍천장어,기타,37.51008952556581,127.06493441504564,영업/정상,서울특별시 강남구 테헤란로103길 8-8 (삼성동)
분식하우스,기타,37.52260058290661,127.02095454145399,영업/정상,"서울특별시 강남구 논현로175길 103, 지상1층 101호 (신사동)"
통통김치찌개,기타,37.4917319537374,127.03235280890986,영업/정상,"서울특별시 강남구 도곡로3길 25, 지상1층 104호,105호 (역삼동)"
해오름,기타,37.46430484770347,127.10669461288593,영업/정상,"서울특별시 강남구 헌릉로618길 7, 선일빌딩 지상1층 101호, 102호, 103호 (세곡동)"
쿡히앤컵히,기타,37.51472418884905,127.02114583873282,영업/정상,"서울특별시 강남구 학동로3길 49, 지하1층 (논현동)"
소공순대(본점),기타,37.50236061128948,127.05048828706464,영업/정상,"서울특별시 강남구 선릉로82길 4, 지상1층 (대치동)"
10월19일,기타,37.50911765519276,127.0532062528844,영업/정상,"서울특별시 강남구 테헤란로77길 43, 지상1층 (삼성동)"
애주가의 책방,기타,37.52034041033771,127.03378240238803,영업/정상,"서울특별시 강남구 언주로149길 5-3, B1층 (논현동)"
세화정육,기타,37.516557730491094,127.03680082440064,영업/정상,"서울특별시 강남구 언주로134길 14, Es Tower 1층 101호 (논현동)"
사또족발,기타,37.512564243116984,127.05280353883991,영업/정상,서울특별시 강남구 봉은사로 478 (삼성동)
작은공간,기타,37.48683099266941,127.03552462636632,영업/정상,서울특별시 강남구 남부순환로359길 31 (도곡동)
(주)캘리스코 사보텐 아워홈빌딩점,기타,37.49392390959944,127.03204812443428,영업/정상,"서울특별시 강남구 역삼로 115, 지상1층 (역삼동)"
아모르하우스,기타,37.501731753484485,127.03158012472107,영업/정상,"서울특별시 강남구 테헤란로13길 33, 지상1층 (역삼동)"
딱좋아,기타,37.51582581228038,127.02087151129632,영업/정상,서울특별시 강남구 강남대로150길 12 (논현동)
크리스탈제이드상하이딜라이트,기타,37.52733428976068,127.0274700342024,영업/정상,"서울특별시 강남구 압구정로 165 (압구정동,현대백화점 지상5층)"
압구정곱창 가로수길 직영점,기타,37.51877385732428,127.0244571822376,영업/정상,"서울특별시 강남구 강남대로152길 64, 지상1층 (신사동)"
미르차이9 (MIRECHAI9),기타,37.527339737877305,127.03523878984075,영업/정상,"서울특별시 강남구 압구정로42길 23, 지하1층 (신사동)"
막끌리네,기타,37.51116766935622,127.05597378335374,영업/정상,"서울특별시 강남구 삼성로104길 17 (삼성동, 지하1층)"
오구또와,기타,37.47496833537292,127.05095850870634,영업/정상,"서울특별시 강남구 논현로10길 30, 지상1층 102호 (개포동)"
서강쇠떡볶이,기타,37.49202814759553,127.03169185874901,영업/정상,"서울특별시 강남구 강남대로66길 11 (역삼동,1층)"
배럴,기타,37.510746924229856,127.05550768298366,영업/정상,"서울특별시 강남구 삼성로104길 10 (삼성동,지상2층)"
러쉬(RUSH),기타,37.50395149884502,127.05371508801362,영업/정상,"서울특별시 강남구 테헤란로70길 26, 지상2층 (대치동)"
우후루화,기타,37.52021836141591,127.02425785726074,영업/정상,"서울특별시 강남구 도산대로17길 23, 지상1층 103호 (신사동)"
차이향,기타,37.502708513725324,127.03835725681091,영업/정상,"서울특별시 강남구 논현로94길 24, 지상2층 (역삼동)"
논현푸드,기타,37.507693819351424,127.02673803698742,영업/정상,"서울특별시 강남구 강남대로120길 42, 지하1층 (논현동)"
비엔나,기타,37.50733587097248,127.03874786297892,영업/정상,"서울특별시 강남구 테헤란로39길 81, 지하1층 (역삼동)"
자금성,기타,37.50980166919759,127.03997189670477,영업/정상,서울특별시 강남구 봉은사로43길 8 (논현동)
한남동 그집 선릉역점,기타,37.50516103478149,127.05253427852075,영업/정상,"서울특별시 강남구 테헤란로 420, 지하2층 (대치동)"
메르밀진미집 논현직영점,기타,37.50750761040396,127.02350474728605,영업/정상,"서울특별시 강남구 강남대로 506, 광명빌딩 지상1층 101호, 102호 (논현동)"
치킨뱅이,기타,37.51790124466234,127.0225973202839,영업/정상,서울특별시 강남구 도산대로11길 4 (신사동)
우미돈 블랙,기타,37.501887827956814,127.03852258780267,영업/정상,"서울특별시 강남구 테헤란로33길 3-12, 우리빌딩 지상1층 (역삼동)"
한사발포차 신사가로수길점,기타,37.51877161786243,127.02066860429736,영업/정상,"서울특별시 강남구 압구정로2길 46, 지상1층 14호 (신사동, ---------)"
보스,기타,37.490409887464786,127.08163951919818,영업/정상,"서울특별시 강남구 양재대로27길 20 (일원동,지하1층)"
집생로커피 압구정점,기타,37.528239207400766,127.03241822184991,영업/정상,"서울특별시 강남구 언주로173길 12, 1층 (신사동)"
위너,기타,37.517354686638235,127.03600304105488,영업/정상,"서울특별시 강남구 언주로136길 5 (논현동,지하1층)"
아우정,기타,37.51065660050088,127.0575251844846,영업/정상,"서울특별시 강남구 테헤란로87길 45, 보현빌딩 지상1층, 2층 (삼성동)"
최가네,기타,37.50186462745877,127.05435863668345,영업/정상,"서울특별시 강남구 역삼로 433, 지상1층 102호 (대치동)"
펫즈데이,기타,37.521319275458474,127.03715413103443,영업/정상,"서울특별시 강남구 언주로148길 31-2, 지상1층 (논현동)"
우텐더,기타,37.52698153423125,127.03578517701335,영업/정상,"서울특별시 강남구 압구정로42길 25-10, 지상2층 (신사동)"
아란로빈(AHRANROBIN),기타,37.502900239884944,127.02705270855357,영업/정상,"서울특별시 강남구 봉은사로4길 31-3, 지상1층,2층 (역삼동)"
후루룩커피(Hururuk coffee),기타,37.51006907032955,127.05687460783186,영업/정상,"서울특별시 강남구 테헤란로83길 40, 1층 (삼성동)"
문라이트,기타,37.48947738111427,127.03299152996769,영업/정상,"서울특별시 강남구 강남대로58길 11 (도곡동,지상3층)"
사천루,기타,37.48947738111427,127.03299152996769,영업/정상,"서울특별시 강남구 강남대로58길 11 (도곡동,지상1층)"
현정숯불바베큐,기타,37.52113912527176,127.0363168508292,영업/정상,"서울특별시 강남구 도산대로46길 14 (논현동,지상1층)"
채선당개포점,기타,37.48877694433219,127.0673243100103,영업/정상,"서울특별시 강남구 개포로82길 7, 삼성빌딩 지상2층 205호 (개포동)"
스토리,기타,37.51827110205275,127.04007052447956,영업/정상,"서울특별시 강남구 선릉로133길 8 (논현동,지하1층)"
자담치킨 수서점,기타,37.48801674446367,127.10184847065206,영업/정상,"서울특별시 강남구 밤고개로1길 10 (수서동,현대벤쳐빌1164호)"
미니말레 커피뢰스터 역삼점,기타,37.50227193662265,127.0354794682582,영업/정상,"서울특별시 강남구 테헤란로25길 26, 상준빌딩 지상1층 (역삼동)"
다락,기타,37.49955731937233,127.05802284749582,영업/정상,"서울특별시 강남구 도곡로77길 19, 지하1층 (대치동)"
마일드 하이 클럽,기타,37.52660827092137,127.03541653994867,영업/정상,"서울특별시 강남구 언주로170길 22, 지상1층 (신사동)"
팔도밀방 강남본점,기타,37.499534562573956,127.0282639823862,영업/정상,"서울특별시 강남구 강남대로94길 11, 2층 (역삼동)"
스끼한판영점오,기타,37.50505197078168,127.04727141318398,영업/정상,"서울특별시 강남구 선릉로93길 15, 지상2층 (역삼동, 2H TOWER)"
코즈믹버거 청담점,기타,37.51841729905149,127.04001447430987,영업/정상,"서울특별시 강남구 학동로53길 20, 지상1층 (논현동)"
스타벅스 신사역성일빌딩점,기타,37.513958413186046,127.0206629811579,영업/정상,"서울특별시 강남구 강남대로 584, 성일빌딩 지상1층 (논현동)"
사또,기타,37.51816409170167,127.02846241496415,영업/정상,"서울특별시 강남구 논현로 743, 지하1층 (논현동)"
아로제,기타,37.527184012738445,127.0348824552119,영업/정상,"서울특별시 강남구 압구정로42길 26 (신사동,2층)"
카토멘,기타,37.5042566371266,127.05411448796855,영업/정상,"서울특별시 강남구 삼성로85길 39 (대치동,지상1층)"
유나이티드,기타,37.51473977552154,127.06471532909396,영업/정상,"서울특별시 강남구 봉은사로 634, 지하1층 (삼성동, 20타워)"
동서재 닭강정,기타,37.51205781174079,127.04438606797166,영업/정상,"서울특별시 강남구 봉은사로57길 21-3, 지상2층 205호 (삼성동)"
마산옥,기타,37.51726698932047,127.02023192188251,영업/정상,서울특별시 강남구 강남대로152길 9 (신사동)
양은이네 강남역점,기타,37.49486236575759,127.03130810202427,영업/정상,"서울특별시 강남구 역삼로3길 20 (역삼동,지상1층)"
야마모도스시,기타,37.48733628888635,127.05282966375741,영업/정상,"서울특별시 강남구 언주로30길 26, 지상1층 (도곡동, 타워3차동스포츠센타)"
바나프레소 역삼역점,기타,37.50115869863675,127.03495268304046,영업/정상,"서울특별시 강남구 강남대로94길 95, 지상1층 (역삼동)"
지호식,기타,37.478701756000085,127.04814657853159,영업/정상,"서울특별시 강남구 개포로 232, 희영빌딩 지상1층 101호 (개포동)"
바캉스(BARCANCE),기타,37.518254534324704,127.02023065925327,영업/정상,서울특별시 강남구 강남대로156길 13 (신사동)
요거트홀릭 강남점,기타,37.493660659474145,127.0310157799875,영업/정상,"서울특별시 강남구 역삼로 109, 지상1층 107호 (역삼동, 에스케이허브젠)"
꿈돼지,기타,37.52610828123742,127.05360204744645,영업/정상,"서울특별시 강남구 압구정로79길 79, 지상1층 (청담동)"
세이프룻 강남점,기타,37.493660659474145,127.0310157799875,영업/정상,"서울특별시 강남구 역삼로 109, 지상1층 107호 (역삼동, 에스케이허브젠)"
영동옛날통닭,기타,37.509465258014444,127.02362067655854,영업/정상,"서울특별시 강남구 학동로4길 32, 1층 101호 (논현동)"
뉴네모,기타,37.52701884733441,127.03305527572519,영업/정상,"서울특별시 강남구 언주로 857, 지하1층 (신사동)"
미미가,기타,37.504821689959236,127.05261622807659,영업/정상,"서울특별시 강남구 선릉로90길 42 (대치동,지하1층)"
포홀펍,기타,37.50000825424131,127.02767415602415,영업/정상,"서울특별시 강남구 테헤란로1길 26, 지상3층 (역삼동)"
다몽집,기타,37.501852264926924,127.02717040429857,영업/정상,"서울특별시 강남구 강남대로100길 13, 지상2층 (역삼동)"
선술집 오후,기타,37.504946732846086,127.04710603526792,영업/정상,"서울특별시 강남구 선릉로93길 17, 지상2층 (역삼동)"
노모어피자,기타,37.48927177114473,127.06881747953594,영업/정상,"서울특별시 강남구 개포로 512, 지상1층 120호 (개포동)"
포렌뮤즈,기타,37.5225547753862,127.02436466223016,영업/정상,"서울특별시 강남구 논현로161길 49, 지상1층 102호 (신사동)"
해오름맛집,기타,37.523370208848384,127.05587174406043,영업/정상,"서울특별시 강남구 영동대로 732 (청담동,(201호))"
솥밥예찬,기타,37.50959124747711,127.05927363531747,영업/정상,"서울특별시 강남구 테헤란로87길 22, 지하1층 Q104호 (삼성동)"
재미김밥,기타,37.49630688332072,127.03419202156766,영업/정상,"서울특별시 강남구 테헤란로14길 48, 지상1층 103호 (역삼동)"
천용,기타,37.50230695086149,127.04412772647304,영업/정상,"서울특별시 강남구 언주로90길 12 (역삼동,지상2층)"
헤이로,기타,37.52151580601811,127.0373365631188,영업/정상,"서울특별시 강남구 도산대로50길 14, 지하1층 (논현동)"
곰탕LAB,기타,37.50859530026902,127.05971847792408,영업/정상,"서울특별시 강남구 테헤란로 517, 현대백화점 10층 (삼성동)"
전주콩나물국밥,국밥,37.49476633700933,127.08370293785411,영업/정상,"서울특별시 강남구 개포로 648, 1층 (일원동)"
프랭크버거 강남일원점,기타,37.489342480218006,127.08200272133394,영업/정상,"서울특별시 강남구 일원로9길 6, 1층 101호 (일원동)"
더 키친,기타,37.516882616553524,127.03672315035159,영업/정상,"서울특별시 강남구 언주로134길 13, 3층 (논현동)"
몽글몽글,기타,37.51239268479166,127.02810152649127,영업/정상,"서울특별시 강남구 강남대로128길 84, 1층 (논현동)"
디깅,기타,37.49821089069304,127.0323323310253,영업/정상,"서울특별시 강남구 테헤란로10길 14, 지하1층 (역삼동)"
오미마리,기타,37.504340751137015,127.05586992733424,영업/정상,"서울특별시 강남구 삼성로81길 22, 한정빌딩 지상1층 101호 (대치동)"
제일영동부두,기타,37.517392300782326,127.03635088910404,영업/정상,"서울특별시 강남구 언주로136길 9, 지상1층 (논현동)"
모즈(MOZU)청담점,기타,37.518587212854506,127.04212197680404,영업/정상,"서울특별시 강남구 학동로55길 12-4, 지상1층 (청담동)"
대우식당,기타,37.502755927349554,127.03525422019158,영업/정상,"서울특별시 강남구 테헤란로25길 34 (역삼동,지상1층)"
골목집,기타,37.50235410905284,127.02692529489026,영업/정상,"서울특별시 강남구 봉은사로4길 40 (역삼동,지하1층)"
얼큰이 찌게마을 역삼점,기타,37.500466815227135,127.03085473259841,영업/정상,"서울특별시 강남구 테헤란로7길 22 (역삼동,지상1층)"
아이해브어드림,기타,37.49926417268793,127.0292459295019,영업/정상,"서울특별시 강남구 테헤란로5길 7, 지하1층 (역삼동, KG타워빌딩)"
레스토랑 오와이 (OY),기타,37.522223063551074,127.04326120701162,영업/정상,"서울특별시 강남구 선릉로148길 48-12, 지하1층 (청담동)"
벌툰 강남역점,기타,37.50070510271091,127.02802902520773,영업/정상,"서울특별시 강남구 강남대로98길 16, 3층 (역삼동)"
진주가든,기타,37.5024104707823,127.05072453822324,영업/정상,"서울특별시 강남구 선릉로82길 8, 한결 Design house 1층 (대치동)"
형제특수부위 강남점,기타,37.49998826668399,127.02810493344352,영업/정상,"서울특별시 강남구 강남대로96길 13, 지상1층 (역삼동)"
베짱이 커피집,기타,37.491152019870306,127.03794437996356,영업/정상,"서울특별시 강남구 도곡로18길 4, 지상1층 (도곡동)"
남노명가,기타,37.514184052433514,127.06384217305228,영업/정상,"서울특별시 강남구 영동대로106길 33, 지상1층 102호 (삼성동)"
꾸브라꼬 숯불두마리치킨 일원점,기타,37.49091711429432,127.087325733304,영업/정상,"서울특별시 강남구 일원로9길 72 (일원동,지상1층)"
삼미집,기타,37.52598076759056,127.05144378685034,영업/정상,"서울특별시 강남구 도산대로89길 24 (청담동,1층)"
큰물참치(강남점),기타,37.49655499809697,127.0296352893822,영업/정상,"서울특별시 강남구 테헤란로2길 27 (역삼동,비젼타워 102호)"
빠사삭 연구소,기타,37.50212046146655,127.03406396981269,영업/정상,"서울특별시 강남구 논현로95길 22, 지상1층 101호 (역삼동)"
영양센타압구정점,기타,37.52768870782692,127.03985386757725,영업/정상,서울특별시 강남구 압구정로 344 (신사동)
황금어장식당,기타,37.47839805491212,127.0462359899958,영업/정상,"서울특별시 강남구 개포로 214 (개포동,지상1층)"
오발탄(주)오발탄에프에스,기타,37.513657244344834,127.05337167454303,영업/정상,"서울특별시 강남구 삼성로 606 (삼성동,지상1,2층)"
카페 2(CAFFE 2),기타,37.49435953269636,127.04608546469748,영업/정상,"서울특별시 강남구 도곡로 255, studie 타워 지상2층 (역삼동)"
오다리집 간장게장,기타,37.50244440829511,127.03684355693271,영업/정상,"서울특별시 강남구 논현로94길 5, 2층 (역삼동)"
심가네칼국수 강남역본점,칼국수,37.49532745681061,127.03171817776338,영업/정상,"서울특별시 강남구 강남대로78길 30, 지상1층 (역삼동)"
구찌오스테리아,기타,37.52505974111718,127.04648843723031,영업/정상,"서울특별시 강남구 압구정로 462, 구찌그룹코리아사옥 5층 (청담동)"
바카라 바 서울,기타,37.52249971333742,127.03552948195828,영업/정상,"서울특별시 강남구 도산대로 313, 313빌딩 지상2층 (신사동)"
엄마손,기타,37.50077435892257,127.03339495737215,영업/정상,"서울특별시 강남구 강남대로94길 75, 지하1층 (역삼동)"
펀비어킹,기타,37.508554925738686,127.04049432129882,영업/정상,"서울특별시 강남구 언주로108길 15, 지상1, 2층 (역삼동)"
제주 은희네 해장국 대치점,기타,37.50563769899652,127.05884274437143,영업/정상,"서울특별시 강남구 삼성로84길 15 (대치동,,1층)"
병천황토방순대,기타,37.4739853724211,127.04884266968335,영업/정상,서울특별시 강남구 논현로 32 (개포동)
더채플앳논현,기타,37.50524771719377,127.03448379149401,영업/정상,"서울특별시 강남구 논현로 549, 와이타워 지상3층,4층,6층 (역삼동)"
라프레타,기타,37.51029508051192,127.0453883639988,영업/정상,"서울특별시 강남구 봉은사로 410, 지하3층 (삼성동, 라마다서울호텔)"
면서울,기타,37.52416615356361,127.03906734141121,영업/정상,"서울특별시 강남구 선릉로 805, W빌딩 지상1층 (신사동)"
센도수산 진,기타,37.48522727766169,127.04333327711403,영업/정상,"서울특별시 강남구 논현로38길 22, 지상2층 (도곡동)"
다향,기타,37.50381208310623,127.04524703703565,영업/정상,"서울특별시 강남구 테헤란로 313 (역삼동,성지하이츠지하1층)"
일일향,기타,37.508778792956825,127.05765071710209,영업/정상,"서울특별시 강남구 테헤란로83길 20 (삼성동,건영빌딩 지상1층)"
제주옥탑 블랙BBQ,기타,37.5264350668137,127.03641074370714,영업/정상,"서울특별시 강남구 언주로170길 34 (신사동,지상1층)"
상쾌한식당,기타,37.48514456922606,127.03575694615022,영업/정상,"서울특별시 강남구 남부순환로 2615, 2층 207호 (도곡동, 극동스타클래스)"
슬로우캘리 강남역점,기타,37.491728190739884,127.03183980265206,영업/정상,"서울특별시 강남구 강남대로66길 14, 강남역 와이즈 플레이스 지상1층 109호 (역삼동)"
솔잎,기타,37.48707261475469,127.09844291196134,영업/정상,"서울특별시 강남구 광평로47길 17 (수서동,신동아상가 지하1층4호)"
이비가짬뽕 대치본점,기타,37.49977989803162,127.06456857096066,영업/정상,"서울특별시 강남구 도곡로 532, 태안빌딩 지상1층 (대치동)"
청년다방 선릉역점,기타,37.5041511422463,127.05209766721448,영업/정상,"서울특별시 강남구 선릉로86길 31, 지상1층 106호 (대치동, 롯데골드로즈2)"
키친스탠다드 강남점 69호,기타,37.50736932020773,127.03739743154303,영업/정상,"서울특별시 강남구 언주로107길 23, 지상2층 주방69호 (역삼동)"
청담커피,기타,37.52120148702791,127.05547347997503,영업/정상,"서울특별시 강남구 학동로97길 20, 지상1층 (청담동)"
세이버리(Savory),기타,37.501436168479415,127.03304395922953,영업/정상,"서울특별시 강남구 테헤란로19길 21, 1층 (역삼동)"
기연한식부페,기타,37.4744204365494,127.04878567027934,영업/정상,"서울특별시 강남구 논현로12길 5 (개포동,1층)"
더블유더블유섬유센터일호점,기타,37.507457670803134,127.06063515117556,영업/정상,"서울특별시 강남구 테헤란로 518, 지상10층 (대치동)"
더드숑,기타,37.514239115789884,127.04919124687055,영업/정상,"서울특별시 강남구 봉은사로71길 31, 지상1층 (삼성동)"
주브라운,기타,37.512521154961824,127.05881929973503,영업/정상,"서울특별시 강남구 영동대로 513, 지상1층 B003호 (삼성동, 기존컨벤션센터)"
삼풍치킨역삼점,기타,37.50145650206672,127.04268895037328,영업/정상,"서울특별시 강남구 언주로 427 (역삼동,지상1층109호)"
도른계 강남역점,기타,37.49971809899404,127.02799166805053,영업/정상,"서울특별시 강남구 강남대로96길 12, B동 1층 (역삼동)"
짱구분식,기타,37.52385201114605,127.05608088384695,영업/정상,"서울특별시 강남구 영동대로138길 27 (청담동,지하1층)"
오므라이스 팝니다 강남본점,기타,37.50284011257186,127.03744102263121,영업/정상,"서울특별시 강남구 테헤란로27길 23, 지하1층 2호 (역삼동)"
제주 탐하리,기타,37.505713379007666,127.03389589533487,영업/정상,"서울특별시 강남구 봉은사로26길 21 (역삼동, 지상1층)"
백세장수촌,기타,37.49722174103707,127.04406597862973,영업/정상,"서울특별시 강남구 언주로71길 11, 지하1층 (역삼동)"
우천식육식당,기타,37.52381595686798,127.05161825449882,영업/정상,"서울특별시 강남구 도산대로94길 20, 지하1층 (청담동)"
한율(하하푸릇),기타,37.49539989631866,127.03040580524147,영업/정상,"서울특별시 강남구 테헤란로4길 46, 지하1층 B134호일부,B135호 (역삼동, 쌍용플래티넘밸류)"
비크 이뮈르달,기타,37.5056568688279,127.02719497360596,영업/정상,"서울특별시 강남구 봉은사로 123, 1층 101호 (논현동)"
리오(Rio),기타,37.525184176684036,127.03694733561879,영업/정상,"서울특별시 강남구 도산대로49길 35, 3층 (신사동)"
토마토김밥대치점,기타,37.497902390013216,127.0526593092108,영업/정상,"서울특별시 강남구 선릉로64길 5, 1층 4호 (대치동)"
오아시스,기타,37.524783826319066,127.04061865010571,영업/정상,"서울특별시 강남구 도산대로55길 20 (청담동,지상1층)"
비비큐 선릉역점,기타,37.503235189926606,127.057014864346,영업/정상,"서울특별시 강남구 삼성로75길 15, 지하1층 (대치동)"
와니스,기타,37.52738990047494,127.03095685021555,영업/정상,"서울특별시 강남구 압구정로34길 11 (신사동,압구정스퀘어 201호)"
보승회관 강남역점,기타,37.49946348005706,127.02761699484489,영업/정상,"서울특별시 강남구 테헤란로1길 17 (역삼동,지하1,지상1층)"
뉴욕러브베이글 강남본점,기타,37.50270454329773,127.02641416731458,영업/정상,"서울특별시 강남구 봉은사로2길 31, 지하1층 B102호 (역삼동)"
이름없는식당,기타,37.49090195277258,127.08128889790558,영업/정상,"서울특별시 강남구 일원로5길 3 (일원동,지하1층)"
노란상 소갈비 강남구청점,기타,37.51750777712625,127.03917418185902,영업/정상,"서울특별시 강남구 선릉로131길 22, 지상1층 (논현동)"
동명닭집 논현직영,기타,37.506115733031265,127.02476460407513,영업/정상,서울특별시 강남구 강남대로116길 8 (논현동)
옹기족발,기타,37.49042460468596,127.08566070989059,영업/정상,"서울특별시 강남구 일원로9길 50 (일원동,.1층)"
신촌설렁탕 역삼로점,기타,37.49677601993727,127.04059385334159,영업/정상,"서울특별시 강남구 역삼로 215, 지상1층 (역삼동)"
십원집,기타,37.491975197806696,127.0329995368869,영업/정상,"서울특별시 강남구 도곡로3길 26 (역삼동,지상1층115호)"
안나비니,기타,37.52591527151507,127.0420853626335,영업/정상,"서울특별시 강남구 압구정로60길 17-4 (청담동,(지상1,2층))"
소꿉,기타,37.525562697843974,127.04774761517682,영업/정상,"서울특별시 강남구 도산대로81길 18, 지상3층 (청담동)"
진미식당,기타,37.50282548996486,127.04478456667569,영업/정상,"서울특별시 강남구 테헤란로 310 (역삼동,두꺼비빌딩 지하105호)"
별달맛집,기타,37.525948549923804,127.02946110576961,영업/정상,"서울특별시 강남구 압구정로30길 23 (신사동,지하1층)"
동해수산,기타,37.50528252887274,127.04680906994074,영업/정상,"서울특별시 강남구 선릉로93길 18 (역삼동,지상1층)"
더블유더블유역삼역일호점,기타,37.499251202902656,127.03593284583003,영업/정상,"서울특별시 강남구 테헤란로26길 14, 대세빌딩 지상1층 (역삼동)"
불타는 형제들,기타,37.50606479013364,127.03514467773851,영업/정상,"서울특별시 강남구 논현로104길 12 (역삼동,지하1층)"
재키앤(JACKIEAND),기타,37.51739713082563,127.0201681266779,영업/정상,"서울특별시 강남구 도산대로1길 10, 5층 601호 (신사동)"
청우참치-e,기타,37.51818664514904,127.02067735101681,영업/정상,"서울특별시 강남구 강남대로156길 18, 1층 (신사동)"
(주)트라움에스앤씨,기타,37.50831109829803,127.03978811726384,영업/정상,"서울특별시 강남구 언주로 564, 지상2층-지상3층 (역삼동, 디동)"
기세기,기타,37.50616359252748,127.02446400608828,영업/정상,"서울특별시 강남구 강남대로118길 8 (논현동,이화빌딩지상2층)"
우리소 삼성본점,기타,37.50556051063917,127.05917008720354,영업/정상,서울특별시 강남구 테헤란로84길 25 (대치동)
동촌식품(주),기타,37.49254976727992,127.04652748457534,영업/정상,서울특별시 강남구 언주로 211 (도곡동)
양철지붕,기타,37.51900976419016,127.02512959168801,영업/정상,"서울특별시 강남구 도산대로17길 4 (신사동,1층)"
교대이층집강남역점,기타,37.494918779584,127.03054034662019,영업/정상,"서울특별시 강남구 강남대로78길 14, 2층 (역삼동)"
퍼블릭 에이치(H),기타,37.51422215469352,127.03496009829198,영업/정상,"서울특별시 강남구 언주로 645, 지상1층 (논현동)"
(주)부첼라 현대무역센터점,기타,37.50859530026902,127.05971847792408,영업/정상,"서울특별시 강남구 테헤란로 517, 지하1층 (삼성동, 현대백화점)"
선릉갈비탕,기타,37.50495637776126,127.04360554011346,영업/정상,"서울특별시 강남구 언주로98길 21, 지하1층 (역삼동)"
압구정 낭만포차,기타,37.52639049489524,127.03865408280726,영업/정상,"서울특별시 강남구 선릉로157길 14-3, 지상1층 (신사동)"
명동할머니국수,기타,37.512521154961824,127.05881929973503,영업/정상,"서울특별시 강남구 영동대로 511 (삼성동,코엑스몰지하1층A-13,15호)"
홈푸드,기타,37.51811649213166,127.04464555228847,영업/정상,"서울특별시 강남구 학동로 411, 지하1층 20호 (청담동)"
3노트 커피,기타,37.50235302656792,127.04672834748939,영업/정상,"서울특별시 강남구 테헤란로52길 16, 상가2동 지하1층 14호 (역삼동, 테헤란아이파크)"
빙동댕 개포점,기타,37.48867399853818,127.06680617836673,영업/정상,"서울특별시 강남구 삼성로 38, 개포빌딩 지상1층 110호 (개포동)"
동원 구내매점,기타,37.50411745464233,127.06486109942688,영업/정상,"서울특별시 강남구 영동대로 333, 지상1층 (대치동)"
호야(好夜),기타,37.51877161786243,127.02066860429736,영업/정상,"서울특별시 강남구 압구정로2길 46 (신사동,지상1층(47-1호))"
타코노체(TACO NOCHE),기타,37.50549969871325,127.0250794080447,영업/정상,"서울특별시 강남구 봉은사로1길 8, 지하1층 (논현동)"
살롯,기타,37.49502191533297,127.03345305393944,영업/정상,"서울특별시 강남구 역삼로9길 13, 지하1층 B01호 (역삼동)"
보나피자(buona pizza),기타,37.48222417555329,127.0449318404292,영업/정상,"서울특별시 강남구 논현로24길 25, 1층 우측 일부호 (도곡동)"
시트롱,기타,37.48427893185407,127.04650693250285,영업/정상,"서울특별시 강남구 논현로26길 56, 1층 (도곡동)"
종로김밥,기타,37.49854340335709,127.03504106478107,영업/정상,"서울특별시 강남구 테헤란로20길 19 (역삼동,LG역삼에클라트지상1층105호)"
카페 하파라이,기타,37.5021511547522,127.05376527866117,영업/정상,"서울특별시 강남구 선릉로76길 40, 1층 2호 (대치동, 신호빌딩)"
한우사랑,기타,37.497438870835566,127.05463742632331,영업/정상,
요녀석 강남점,기타,37.50890085474024,127.0363640379943,영업/정상,"서울특별시 강남구 봉은사로37길 7-6, 나동 지하1층 B102 일부호 (논현동)"
강남밭,기타,37.5037479334348,127.05363551389073,영업/정상,"서울특별시 강남구 선릉로86길 44-5, 지상1층 (대치동)"
쉬림프박스,기타,37.509890681275046,127.0253639816437,영업/정상,"서울특별시 강남구 학동로6길 34, 1층 (논현동)"
요커(yo.kr) 청담점,기타,37.525024533913715,127.0498233941262,영업/정상,"서울특별시 강남구 압구정로79길 32, 지상1층 103호 (청담동)"
봉은집(강남밥상),기타,37.51060497411528,127.04618716923017,영업/정상,"서울특별시 강남구 봉은사로 420, 학산빌딩 지하1층 (삼성동)"
(주)히로바푸드,기타,37.524737088441725,127.02427392900042,영업/정상,"서울특별시 강남구 압구정로 142 (신사동,지하1층)"
어비웃샤브샤브,기타,37.50227783594181,127.03808054856556,영업/정상,서울특별시 강남구 테헤란로27길 12 (역삼동)
주식회사 12319청담,기타,37.525924331389184,127.05109546868543,영업/정상,"서울특별시 강남구 도산대로89길 21, 지하1층 (청담동)"
동천홍 논현점,기타,37.519279148069934,127.03003515934724,영업/정상,"서울특별시 강남구 논현로150길 18 (논현동,1,2층)"
주식회사 와인무 신사점,기타,37.517756299115895,127.020190900671,영업/정상,"서울특별시 강남구 강남대로154길 11, 지상1층 (신사동)"
매쎄(Messe),기타,37.4840039484533,127.0426110130186,영업/정상,"서울특별시 강남구 논현로32길 5, 지상1층 101호 (도곡동)"
싸리골,기타,37.5034637046497,127.05169365057957,영업/정상,"서울특별시 강남구 선릉로86길 24 (대치동,지하1층)"
쿠히치 압구정점,기타,37.52417880401455,127.03804983826694,영업/정상,"서울특별시 강남구 도산대로51길 16, 지하1,지상1, 2층 (신사동)"
커피가든,기타,37.517570399087845,127.04148787960995,영업/정상,"서울특별시 강남구 학동로 401, 금하빌딩 지하1층 (청담동)"
멘야 길조,기타,37.49773243965358,127.04154103371862,영업/정상,"서울특별시 강남구 논현로76길 34, 지상1층 102호 (역삼동)"
모히또,기타,37.49800282847164,127.03076171356973,영업/정상,"서울특별시 강남구 테헤란로6길 9, 장원빌딩 지하2층 (역삼동)"
공원분식,기타,37.4914548015041,127.0820631348572,영업/정상,"서울특별시 강남구 일원로3길 18 (일원동,지상1층)"
라비옥,기타,37.50336709856438,127.03492508978428,영업/정상,"서울특별시 강남구 테헤란로25길 42 (역삼동,지상2층)"
19번지,기타,37.52028193202085,127.0231183964652,영업/정상,"서울특별시 강남구 도산대로13길 34 (신사동,지상1층)"
박대감내,기타,37.524750390318786,127.04894075453285,영업/정상,서울특별시 강남구 도산대로 509 (청담동)
(이층) 맥주창고,기타,37.500658945662806,127.03416279043074,영업/정상,"서울특별시 강남구 강남대로94길 86, 지상2층 (역삼동)"
주식회사 원강 2호점,기타,37.51078394328079,127.0239144393037,영업/정상,"서울특별시 강남구 학동로6길 16 (논현동,지층)"
수서골목냉면,냉면,37.48547285071989,127.09814525834902,영업/정상,"서울특별시 강남구 광평로 232 (수서동,지상1층)"
라뽀뜨 La porte,기타,37.52154470791486,127.03848204945488,영업/정상,"서울특별시 강남구 선릉로145길 12, 지상2층 (논현동)"
포란,기타,37.49914654186458,127.03742183367983,영업/정상,"서울특별시 강남구 논현로 429, C and C빌딩 2층 201호 (역삼동)"
룽청,기타,37.521490241245594,127.0301613122998,영업/정상,"서울특별시 강남구 논현로152길 23 (신사동,알파빌딩지상1층)"
강남불백,기타,37.516810669981254,127.03637536573252,영업/정상,"서울특별시 강남구 언주로134길 9, 2층 (논현동)"
서울왕돈까스 압구정점,기타,37.522402024690535,127.02761701751591,영업/정상,"서울특별시 강남구 도산대로27길 40, 지상1층 101호 (신사동)"
휴머,기타,37.52195336941257,127.04797623948754,영업/정상,"서울특별시 강남구 학동로77길 50, 지하1층 (청담동)"
압구정오렌지 포차 술집,기타,37.527921400155854,127.03890118712752,영업/정상,"서울특별시 강남구 압구정로 338, 지하1층 1호,3-가호 (신사동)"
글래드위드와인,기타,37.52787076328644,127.0318884209931,영업/정상,"서울특별시 강남구 언주로173길 19, 지하1층 (신사동)"
윤쿡당,기타,37.497368706235754,127.05321204945123,영업/정상,"서울특별시 강남구 선릉로62길 7, 지상3층 301호 (대치동)"
윈저,기타,37.5099011253772,127.0435079892259,영업/정상,"서울특별시 강남구 선릉로 577 (역삼동,1층(2000.7.4.6층이전))"
카츠오우 압구정점,기타,37.52186243946935,127.03152511471086,영업/정상,서울특별시 강남구 언주로151길 22 (신사동)
사리원,기타,37.485399701595576,127.04266254546025,영업/정상,서울특별시 강남구 남부순환로 2712 (도곡동)
김가네,기타,37.52003612173733,127.03153041259495,영업/정상,"서울특별시 강남구 논현로150길 37 (논현동,지상1층)"
다옴,기타,37.51510575033677,127.03348680765352,영업/정상,"서울특별시 강남구 학동로 223 (논현동,지상1층)"
웰컴투 순대국,기타,37.498419888143566,127.05330318098783,영업/정상,"서울특별시 강남구 선릉로64길 15-5 (대치동,지상1층)"
푸드까페,기타,37.498340115505634,127.0345162381115,영업/정상,"서울특별시 강남구 테헤란로20길 20 (역삼동,삼정빌딩1층)"
신영김밥,기타,37.52432183063931,127.03065410158419,영업/정상,서울특별시 강남구 언주로159길 27 (신사동)
휴,기타,37.523906820040395,127.04005850243017,영업/정상,서울특별시 강남구 도산대로55길 5 (청담동)
바인,기타,37.52198351780618,127.04031321417244,영업/정상,"서울특별시 강남구 도산대로56길 16, 지하1층 (청담동)"
철공소보쌈,기타,37.49478792443512,127.03006670600598,영업/정상,"서울특별시 강남구 강남대로78길 8, 지상2층 (역삼동)"
센자이료쿠,기타,37.52705557154047,127.03914277055655,영업/정상,"서울특별시 강남구 선릉로161길 15-3, 지상1층 102호 (신사동)"
띠띠빵빵,기타,37.52267427835481,127.03269531162726,영업/정상,"서울특별시 강남구 언주로153길 5, 지상1층 (신사동)"
프랭크버거 논현아크로힐스점,기타,37.50952514436708,127.03895479161527,영업/정상,"서울특별시 강남구 언주로 604, 근린생활시설동 지하1층 102호 (논현동, ACROHILLS논현)"
제이엠커피 신사라운지,기타,37.51846356670973,127.02237648752048,영업/정상,"서울특별시 강남구 도산대로11길 15, 지하1-지상4층 (신사동)"
도순(DODOON),기타,37.52002372886457,127.02529733771327,영업/정상,"서울특별시 강남구 도산대로19길 20 (신사동,지상1층)"
"투쓰리(2,3)",기타,37.527635372162344,127.03466950153376,영업/정상,"서울특별시 강남구 언주로172길 12, 지하1층 (신사동)"
호텔 디 아티스트 역삼점,기타,37.50241300980253,127.03848917128843,영업/정상,"서울특별시 강남구 테헤란로29길 11, 지하1층 (역삼동)"
슈슈몽드,기타,37.51882011867302,127.03260750856803,영업/정상,"서울특별시 강남구 도산대로38길 30, 지상1층 (논현동)"
대치동집 2호점,기타,37.4969409507211,127.03075265558195,영업/정상,"서울특별시 강남구 강남대로84길 26, 지하1층 (역삼동)"
멀티스낵샵,기타,37.521588367328356,127.0229492858774,영업/정상,"서울특별시 강남구 압구정로12길 37 (신사동,지상1층)"
이태리국시 도산공원,기타,37.52556839417974,127.0349430324614,영업/정상,"서울특별시 강남구 언주로164길 17, 지하1층 (신사동)"
골드레이블매직바,기타,37.51710154336657,127.02344965038401,영업/정상,"서울특별시 강남구 도산대로12길 6, 지하1층 (논현동)"
무교동낙지 강남역삼점,기타,37.49539989631866,127.03040580524147,영업/정상,"서울특별시 강남구 테헤란로4길 46, 지하1층 B137호 (역삼동, 쌍용플레티늄상가)"
한양푸드,기타,37.52560930806387,127.03929072282757,영업/정상,"서울특별시 강남구 선릉로 823, 지하2층 (신사동)"
시올돈 도곡점,기타,37.493323261379956,127.0415384913553,영업/정상,"서울특별시 강남구 도곡로25길 8, 지상1층 101호 (역삼동)"
명소한우,기타,37.510154494622014,127.03867599878899,영업/정상,"서울특별시 강남구 언주로114길 11, 동은빌딩 지상1층 102, 103호 (논현동)"
10,기타,37.50076682425872,127.04277248091793,영업/정상,"서울특별시 강남구 테헤란로38길 27 (역삼동,지하1층)"
언주상회,기타,37.50816469229945,127.0345527839277,영업/정상,"서울특별시 강남구 봉은사로29길 7, 지상1층 (논현동)"
사랑의도시락,기타,37.50053751878511,127.03166143711167,영업/정상,"서울특별시 강남구 강남대로94길 55, 2층 (역삼동)"
풍년닭도리탕(강남역삼직영점),기타,37.49532561081569,127.03253079467511,영업/정상,"서울특별시 강남구 역삼로7길 17, 지상1층 105호 (역삼동, 네스빌)"
올어라운드,기타,37.50738591198661,127.06164741995701,영업/정상,"서울특별시 강남구 영동대로85길 20-7, 지상1층 (대치동)"
명이자카야,기타,37.49240903545035,127.03202358981508,영업/정상,"서울특별시 강남구 역삼로4길 16 (역삼동,지상1층102호)"
화수사,기타,37.50817135193711,127.05475776926701,영업/정상,"서울특별시 강남구 삼성로95길 10 (삼성동,우성빌딩1층)"
키이로,기타,37.5194574115232,127.01911852061257,영업/정상,"서울특별시 강남구 강남대로 652, SINSA SQUARE 지상2층 206-2호 (신사동)"
아띠,기타,37.496349517872126,127.04064383774939,영업/정상,"서울특별시 강남구 역삼로 214 (역삼동,지상1층)"
김치찜연가,기타,37.50169492342049,127.03597692861798,영업/정상,"서울특별시 강남구 논현로 507, 성지하이츠3차빌딩 지하1층 3-1호 (역삼동)"
언플러그드,기타,37.49894603452467,127.06250012590063,영업/정상,"서울특별시 강남구 도곡로84길 6, 2층 202호 (대치동)"
동명닭집 논현직영,기타,37.506115733031265,127.02476460407513,영업/정상,"서울특별시 강남구 강남대로116길 8 (논현동,지상1층)"
만구기네(영동시장점),기타,37.50831001803717,127.0254035669213,영업/정상,"서울특별시 강남구 강남대로122길 30, 1층 (논현동)"
샐러드시티 역삼점,기타,37.499251202902656,127.03593284583003,영업/정상,"서울특별시 강남구 테헤란로26길 14, 위워크빌딩 지하2층 104호 (역삼동)"
강남고기집 한판도,기타,37.498516836864624,127.03256226766959,영업/정상,"서울특별시 강남구 테헤란로10길 9, 그랑프리빌딩 지상1층 (역삼동)"
봉구스 밥버거(대치점),기타,37.497840196692565,127.05925664980383,영업/정상,"서울특별시 강남구 삼성로57길 22 (대치동,지상1층)"
우정 양곱창,기타,37.5184386421261,127.03012475298807,영업/정상,"서울특별시 강남구 도산대로30길 23, 지상1층 (논현동)"
이가네 양갈비 양꼬치,기타,37.51077016797964,127.0569127647004,영업/정상,"서울특별시 강남구 삼성로100길 23-11, 화인빌딩 지상1층,2층 (삼성동)"
렉스 레스토랑,기타,37.514371132982994,127.02053967528757,영업/정상,"서울특별시 강남구 강남대로 588, 렉스관광호텔 4층 (논현동)"
로꼬리꼬독스,기타,37.50085838008427,127.04058796164693,영업/정상,"서울특별시 강남구 언주로85길 32, 역삼역센트럴푸르지오 지상2층 203호 (역삼동)"
달잔,기타,37.520407250459,127.03609523539045,영업/정상,"서울특별시 강남구 언주로148길 14, 청호불교문화원 라동 1층 113호 (논현동)"
전주반찬,기타,37.50186462745877,127.05435863668345,영업/정상,"서울특별시 강남구 역삼로 433, 지상1층 (대치동)"
키친스탠다드 강남점 64호,기타,37.50736932020773,127.03739743154303,영업/정상,"서울특별시 강남구 언주로107길 23, 지상2층 주방64호 (역삼동)"
메종토랑,기타,37.502538911217734,127.05855577555685,영업/정상,"서울특별시 강남구 삼성로 347 (대치동,지상2층)"
(주)아가페하우스,기타,37.51578211406807,127.02792508288375,영업/정상,"서울특별시 강남구 학동로25길 35, 지하1층 (논현동)"
아그네스,기타,37.5237873491855,127.04685722214221,영업/정상,"서울특별시 강남구 도산대로 458 (청담동,지상13층)"
목로,기타,37.525475555722224,127.02757309092566,영업/정상,서울특별시 강남구 압구정로28길 18 (신사동)
고향마을,기타,37.508883493165406,127.0434529042206,영업/정상,"서울특별시 강남구 봉은사로50길 19 (역삼동,지상3층)"
목련,기타,37.515209224187224,127.03334670613651,영업/정상,"서울특별시 강남구 학동로 223-9, 지하1층 (논현동)"
카드하비코리아,기타,37.50595689216102,127.0578605212996,영업/정상,"서울특별시 강남구 테헤란로82길 14, 부영빌딩 1층 (대치동)"
알부자,기타,37.500697865408604,127.02783965162537,영업/정상,"서울특별시 강남구 강남대로98길 14, 재상빌딩 4층 (역삼동)"
갓포 하루,기타,37.51955383880943,127.05066285547663,영업/정상,"서울특별시 강남구 학동로81길 7, 지하1층 (청담동)"
우나비,기타,37.511233313028356,127.04381706941753,영업/정상,"서울특별시 강남구 선릉로 608, 선진빌딩 지상1층 (삼성동)"
양육점 도곡점,기타,37.4873620460815,127.05132530187836,영업/정상,"서울특별시 강남구 언주로30길 10, 현대비전21 지상2층 208호 (도곡동)"
가람 부대찌게,기타,37.49561644305278,127.03674884504069,영업/정상,"서울특별시 강남구 역삼로19길 5, 1층 (역삼동)"
오구오구,기타,37.49582964016155,127.0398367752478,영업/정상,"서울특별시 강남구 역삼로 204, 삼환 아르누보 지하1층 B07,B08,B09,B10호 중 102호 (역삼동)"
오레노라멘강남,기타,37.50049979766464,127.02807998300851,영업/정상,"서울특별시 강남구 테헤란로1길 28-9, 성은빌딩 2층 (역삼동)"
리알토(RIALTO),기타,37.52318607424521,127.04655032937406,영업/정상,"서울특별시 강남구 삼성로149길 13, 지상2층 (청담동)"
이도곰탕,기타,37.503329751630964,127.03845320381359,영업/정상,"서울특별시 강남구 논현로94길 29-5, 지상1층,지상2층 (역삼동)"
잼라운지,기타,37.50511892812496,127.04652965277143,영업/정상,"서울특별시 강남구 테헤란로51길 16, 지산빌딩 지하1,2층 (역삼동)"
소제이 서울본점,기타,37.50605033455561,127.02533878816267,영업/정상,"서울특별시 강남구 강남대로114길 13, 1층 (논현동)"
반포식스 선정릉역점,기타,37.51076589479097,127.04341651465624,영업/정상,"서울특별시 강남구 선릉로 603 (논현동,지상2층)"
한국감정원구내식당,기타,37.51114700525228,127.06660353746607,영업/정상,서울특별시 강남구 테헤란로113길 12 (삼성동)
통돼지네,기타,37.4945035924725,127.03088946758534,영업/정상,"서울특별시 강남구 역삼로3길 17-5 (역삼동,지상1층)"
101에프앤비,기타,37.503234043690554,127.04719127453988,영업/정상,"서울특별시 강남구 테헤란로52길 6, 테헤란로오피스빌딩 지상1층 (역삼동)"
참치한마리 역삼점,기타,37.50371669074656,127.04051390654551,영업/정상,"서울특별시 강남구 테헤란로37길 22, 2층 (역삼동)"
포카이,기타,37.49358216790649,127.06239925172248,영업/정상,"서울특별시 강남구 남부순환로 2942, 풍림프라자 지하1층 144, 115, 116, 118, 119호 (대치동)"
아나고야,기타,37.50933042009616,127.02282224283614,영업/정상,"서울특별시 강남구 강남대로124길 3-9, 지상2층 (논현동)"
뼈다구집 정해장,기타,37.50996188652867,127.03517440498506,영업/정상,"서울특별시 강남구 언주로115길 18, 지상1층 101호 (논현동)"
맛반 맛있는 매일 백반,기타,37.4910285736231,127.03161248762946,영업/정상,"서울특별시 강남구 강남대로 310, 유니온센터오피스텔 지하1층 56호 (역삼동)"
동호치킨,기타,37.5119535463242,127.0507357197329,영업/정상,서울특별시 강남구 봉은사로 466 (삼성동)
키친스탠다드 강남점 56호,기타,37.50736932020773,127.03739743154303,영업/정상,"서울특별시 강남구 언주로107길 23, 지상2층 주방56호 (역삼동)"
래쉬,기타,37.49605692508336,127.04098870960969,영업/정상,"서울특별시 강남구 논현로72길 19 (역삼동,지상1층)"
부부 샐러드ㆍ샌드위치,기타,37.49582964016155,127.0398367752478,영업/정상,"서울특별시 강남구 역삼로 204, 삼환 아르누보 지하1층 B07,B08,B09,B10호 중 101호 (역삼동)"
담미온,기타,37.52379827113727,127.02745328912414,영업/정상,"서울특별시 강남구 압구정로28길 42, 1층 (신사동)"
등촌칼국수,칼국수,37.50101281454593,127.06412086124679,영업/정상,서울특별시 강남구 삼성로64길 47 (대치동)
카츠왕,기타,37.49772601279262,127.0292970420504,영업/정상,"서울특별시 강남구 테헤란로4길 6, 강남역 센트럴 푸르지오 시티 지하1층 B101호 (역삼동)"
이여사 한식 본점,기타,37.50539989087884,127.03513952605174,영업/정상,"서울특별시 강남구 논현로 552, 문화빌딩 2층 202호 (역삼동)"
BHC 강남논현점,기타,37.510016586851265,127.0311224001045,영업/정상,"서울특별시 강남구 논현로119길 17, 지상1층 (논현동)"
은혜도시락,기타,37.50320691747206,127.03661820641555,영업/정상,"서울특별시 강남구 봉은사로30길 68, 지상2층 7호 (역삼동)"
(주)탐라수산,기타,37.52273624023089,127.03292104531948,영업/정상,서울특별시 강남구 언주로 811 (신사동)
대한민국,기타,37.52554476084441,127.03860813037649,영업/정상,"서울특별시 강남구 선릉로155길 14, 지하1층 104호 (신사동)"
한성칼국수,칼국수,37.520407250459,127.03609523539045,영업/정상,"서울특별시 강남구 언주로148길 14, 청호불교문화원 가동 지상2층 (논현동)"
한양식당,기타,37.47017224886568,127.11692615162882,영업/정상,서울특별시 강남구 헌릉로745길 49 (율현동)
포케바(POKE BAR),기타,37.52489782097349,127.03929363738187,영업/정상,"서울특별시 강남구 선릉로 815, 신한양빌딩 지상1층 2호 (신사동)"
칸꼬시,기타,37.490763334054385,127.03403639232694,영업/정상,"서울특별시 강남구 강남대로62길 30, 지상1층 104호 (역삼동)"
나고야 히츠마부시 장어덮밥 대치점,기타,37.50357434023682,127.05428035340167,영업/정상,"서울특별시 강남구 삼성로81길 43, 지상2층 6호 (대치동)"
돼지저금통,기타,37.51861966472527,127.04098881932977,영업/정상,"서울특별시 강남구 선릉로 714, 도시빌딩 지하1층,지상1층 101호 (청담동)"
앨리카페,기타,37.5222824653398,127.02223623629175,영업/정상,"서울특별시 강남구 압구정로8길 22 (신사동,1층)"
닐리비스트로,기타,37.498445254468635,127.05376496161011,영업/정상,"서울특별시 강남구 도곡로63길 23 (대치동,지상1층)"
임고집 한우＆보쌈마을(2호점),기타,37.50855179558727,127.06538651302938,영업/정상,"서울특별시 강남구 테헤란로104길 11 (대치동,2층)"
키슈,기타,37.52304540807889,127.04894499323858,영업/정상,"서울특별시 강남구 도산대로90길 17-4, NAO 빌딩 지상1층 B호 (청담동)"
삼성한우,기타,37.51201960353013,127.05477876095837,영업/정상,"서울특별시 강남구 삼성로108길 7 (삼성동,지하1층)"
그랜드마더,기타,37.52238051441138,127.02321192679665,영업/정상,"서울특별시 강남구 압구정로14길 30, 지하1층,지상1층 (신사동)"
딤딤섬 파르나스몰점,기타,37.50904780086485,127.06089284405361,영업/정상,"서울특별시 강남구 테헤란로 521, 파르나스타워 지하1층 F-2A호 (삼성동)"
카페비스타,기타,37.52386779476254,127.04162772027307,영업/정상,"서울특별시 강남구 도산대로 419, 지상4층 (청담동)"
설매네,기타,37.525948549923804,127.02946110576961,영업/정상,서울특별시 강남구 압구정로30길 23 (신사동)
와다라멘 역삼점,기타,37.50366098627476,127.04429478219924,영업/정상,"서울특별시 강남구 테헤란로 309, 삼성제일빌딩 지하1층 6호 (역삼동)"
셀렉커피랩(SELECT),기타,37.50567660663093,127.0405969077644,영업/정상,"서울특별시 강남구 테헤란로39길 50, 지상1층 (역삼동)"
초원밥상,기타,37.49662171584147,127.03951157278905,영업/정상,"서울특별시 강남구 논현로74길 5 (역삼동,지상1층102호)"
푸드카페김밥천국,기타,37.518179997786845,127.02120376706443,영업/정상,"서울특별시 강남구 압구정로2길 58 (신사동,지상1층)"
방이샤브칼국수,칼국수,37.49760194548756,127.06113477461722,영업/정상,서울특별시 강남구 삼성로 229 (대치동)
강남 이백 순대국,기타,37.50547473572748,127.05892798814078,영업/정상,"서울특별시 강남구 테헤란로84길 26 (대치동,지상1층)"
스시이안앤 선릉역점,기타,37.50306013290853,127.05068370900148,영업/정상,"서울특별시 강남구 선릉로86길 10, 2층 (대치동)"
바 오후(BAR OHU),기타,37.49465467040648,127.0304353644373,영업/정상,"서울특별시 강남구 역삼로1길 20, 지하1층 (역삼동)"
우마쿠라,기타,37.50666705995309,127.05169373390743,영업/정상,"서울특별시 강남구 선릉로100길 54 (삼성동,1층)"
루나아시아,기타,37.50992051235827,127.05662342050705,영업/정상,"서울특별시 강남구 삼성로100길 15 (삼성동,,1층)"
다이닝 갈비 역삼점,기타,37.4988386905832,127.03347860859152,영업/정상,"서울특별시 강남구 논현로87길 41, 신일유토빌 지상1층 102호 (역삼동)"
428,기타,37.5108153559892,127.04690562723697,영업/정상,"서울특별시 강남구 봉은사로 428, 호텔크레센도서울 지상1층 (삼성동)"
튤립,기타,37.52053850864595,127.0331279632608,영업/정상,"서울특별시 강남구 언주로149길 12, 지하1층 (논현동)"
메가라운지,기타,37.51541272090901,127.04089558253224,영업/정상,"서울특별시 강남구 선릉로127길 11, 지상1층 (논현동)"
본죽&비빔밥 구룡초사거리점,기타,37.48094736010486,127.05296744953615,영업/정상,"서울특별시 강남구 개포로 265, 개포동 메디시스빌딩 지상1층 108호 (개포동)"
대운식당,기타,37.494318852006,127.0324597202685,영업/정상,"서울특별시 강남구 역삼로5길 6, 지상1층 101호 (역삼동)"
세븐,기타,37.49565373487038,127.03198743590019,영업/정상,"서울특별시 강남구 강남대로78길 33, 지하1층 (역삼동)"
청춘김치찌개,기타,37.499799385706375,127.04228259082699,영업/정상,"서울특별시 강남구 테헤란로38길 40-8, 1층 좌측호 (역삼동)"
더스노우 논현점,기타,37.507094875377526,127.02650373676967,영업/정상,"서울특별시 강남구 강남대로118길 40, 지상1층 103호 (논현동)"
해미정,기타,37.50262748659037,127.03914606485225,영업/정상,서울특별시 강남구 테헤란로33길 13 (역삼동)
청담육수원조양평해장국 더청담,기타,37.52241697319794,127.05666390116792,영업/정상,"서울특별시 강남구 학동로101길 33, 청담상가 지상1층 3호 (청담동)"
마블보드카페,기타,37.50110497737071,127.03417375865547,영업/정상,"서울특별시 강남구 논현로95길 29-13, 지하1층 (역삼동)"
오토김밥 신사점,기타,37.52291957855973,127.02057873952154,영업/정상,"서울특별시 강남구 압구정로 108, 덕산빌딩 지상1층 10호 (신사동)"
무르(Muur),기타,37.50217718575244,127.03890157778963,영업/정상,"서울특별시 강남구 테헤란로29길 8, TJ 삼영타워 지상1층 (역삼동)"
오로지,기타,37.5047987745711,127.04343161919253,영업/정상,"서울특별시 강남구 언주로98길 20, 지하1층 B01-2호 (역삼동)"
대성집,기타,37.49545846725804,127.03126284142482,영업/정상,"서울특별시 강남구 강남대로78길 25, 지상1층 (역삼동)"
어써드(A Third),기타,37.52116647027849,127.02676130017696,영업/정상,"서울특별시 강남구 도산대로25길 23, 지상1층 101호 (신사동)"
파페,기타,37.50799874048841,127.0317189076005,영업/정상,"서울특별시 강남구 봉은사로25길 13-8, 지상1층 (논현동)"
참한집 논현직영점,기타,37.507679833938624,127.02373140918893,영업/정상,"서울특별시 강남구 강남대로122길 5, 유창빌딩 지상1층 (논현동)"
인성참치포이동점,기타,37.47879034236416,127.04897397170033,영업/정상,서울특별시 강남구 개포로 240 (개포동)
CGV 청담씨네시티,기타,37.52289527290569,127.03704903223257,영업/정상,"서울특별시 강남구 도산대로 323, 1층 (신사동)"
오바,기타,37.48553923443835,127.04377293751485,영업/정상,"서울특별시 강남구 남부순환로 2722 (도곡동,지상2층)"
다모아분식,기타,37.5201546295652,127.03189750056326,영업/정상,서울특별시 강남구 논현로150길 41 (논현동)
청담111,기타,37.52231952426364,127.04018648436752,영업/정상,"서울특별시 강남구 도산대로56길 12, 지하1층 (청담동)"
바르진사골육개장,기타,37.49269141366099,127.0306593211146,영업/정상,"서울특별시 강남구 강남대로 330, 지하1층 7호 (역삼동, 우덕빌딩)"
경몽루,기타,37.520407250459,127.03609523539045,영업/정상,"서울특별시 강남구 언주로148길 14, 가동 지상1층 102호 (논현동)"
마스터피스 피자,기타,37.526342917368844,127.03423299016914,영업/정상,"서울특별시 강남구 언주로168길 8, 지상1층 (신사동)"
미소곱창,기타,37.502921426273524,127.03711242168022,영업/정상,"서울특별시 강남구 봉은사로30길 73, 지상2층 2호 (역삼동)"
두르가,기타,37.499745374848935,127.02896165179105,영업/정상,"서울특별시 강남구 강남대로94길 21, 지상1층 (역삼동)"
죽이야기,기타,37.522912564881516,127.04408300122692,영업/정상,"서울특별시 강남구 선릉로148길 54, 지하1층 (청담동)"
위스퍼 바,기타,37.52577656297709,127.03758292257972,영업/정상,"서울특별시 강남구 선릉로155길 26, 지상2층 (신사동)"
테크인 로데오점,기타,37.52336749353129,127.03743007850444,영업/정상,"서울특별시 강남구 도산대로49길 8, YK빌딩 지하1층 (신사동)"
슈퍼집,기타,37.518452692779164,127.03802979554996,영업/정상,"서울특별시 강남구 학동로43길 38 (논현동,논현웰스톤상가 지하1층 109-1호)"
왓더펍,기타,37.52202183100989,127.0407971219826,영업/정상,"서울특별시 강남구 선릉로146길 13, 지상1층 (청담동)"
로바다 최군,기타,37.51943702355544,127.03050241332653,영업/정상,"서울특별시 강남구 논현로150길 24, 장화 신은 고양이빌딩 1층 (논현동)"
양재역 명품 생대구탕,기타,37.48624359439995,127.0351701129434,영업/정상,"서울특별시 강남구 강남대로44길 21, 지상1층 104호 (도곡동)"
박고볼래,기타,37.511931559180006,127.04861165770414,영업/정상,"서울특별시 강남구 봉은사로 447 (삼성동,청명빌딩지상1층102호,103호)"
잉카바베큐,기타,37.46336378276376,127.10736170578384,영업/정상,서울특별시 강남구 밤고개로36길 6 (세곡동)
작은동경,기타,37.50403215884241,127.05398038705381,영업/정상,"서울특별시 강남구 테헤란로70길 25, 2층 201호중 2호 (대치동, 백합빌)"
눈부신 스노우,기타,37.50860753732216,127.02911228212058,영업/정상,"서울특별시 강남구 봉은사로11길 43, 지상1층 101호 (논현동, 베스트빌)"
한남동그집 가로수길점,기타,37.524273966615134,127.02376374980489,영업/정상,"서울특별시 강남구 논현로175길 64, 2층 (신사동)"
(주)로니프로젝트,기타,37.5226587387686,127.03483036383591,영업/정상,"서울특별시 강남구 언주로152길 14 (신사동,지하1층)"
초밥파는 횟집,기타,37.494599328071864,127.03803628041598,영업/정상,"서울특별시 강남구 논현로71길 19, 지상1층 (역삼동)"
공감에프앤비 FNB,기타,37.52489782097349,127.03929363738187,영업/정상,"서울특별시 강남구 선릉로 815, 신한양빌딩 1층 5호 (신사동)"
고수,기타,37.522284664691234,127.0415661318739,영업/정상,"서울특별시 강남구 도산대로58길 15, 지상1층 (청담동)"
강강술래 청담점,기타,37.52514814587532,127.05199034139396,영업/정상,"서울특별시 강남구 도산대로 535, 용강빌딩 지상1층,2층,3층 (청담동)"
서초동연가 선릉역점,기타,37.50541223251608,127.04728157637315,영업/정상,서울특별시 강남구 선릉로93길 12 (역삼동)
용푸드,기타,37.49942728561998,127.04469803872237,영업/정상,"서울특별시 강남구 언주로 408, 역삼자이 지하1층 비18호 (역삼동)"
호라이즌,기타,37.49473630963291,127.0340517894338,영업/정상,"서울특별시 강남구 역삼로11길 3-3, 지하1층 B01호 (역삼동)"
게판 오분전,기타,37.52655692806336,127.03871279019167,영업/정상,"서울특별시 강남구 선릉로157길 14-7, 압구정빌딩 1층 (신사동)"
신 마포갈매기,기타,37.49015076465358,127.0838436704598,영업/정상,"서울특별시 강남구 양재대로37길 5, 지상1층 (일원동)"
도모다찌,기타,37.5001335570204,127.02761656954551,영업/정상,"서울특별시 강남구 테헤란로1길 28, 지하1층 (역삼동)"
후문,기타,37.50739182231499,127.02581721502528,영업/정상,"서울특별시 강남구 강남대로120길 28, 지상1층 101호 (논현동)"
남경반점,기타,37.49870082171724,127.06806830868007,영업/정상,"서울특별시 강남구 영동대로 221 (대치동,지상1층)"
다모아한식뷔페,기타,37.50688369141595,127.05943678659689,영업/정상,"서울특별시 강남구 테헤란로88길 10, 지하1층 비105호 (대치동, 신안메트로칸 )"
보니또커피 논현 1호점,기타,37.51041045594766,127.0242798427818,영업/정상,"서울특별시 강남구 강남대로128길 27 (논현동,지상1층 103호)"
새나라치킨,기타,37.50195593399148,127.0442421740445,영업/정상,"서울특별시 강남구 언주로86길 11 (역삼동,지하1층)"
"동해,김명자낙지마당",기타,37.47544488882309,127.04735335024652,영업/정상,"서울특별시 강남구 논현로 56 (개포동,지상1층)"
동막골1998,기타,37.49829577982596,127.05336335420557,영업/정상,"서울특별시 강남구 선릉로64길 15-3, 지상1층 (대치동)"
디저트39 강남1,기타,37.49772601279262,127.0292970420504,영업/정상,"서울특별시 강남구 테헤란로4길 6, 강남역 센트럴 푸르지오 시티 지상1층 117호 (역삼동)"
튜니니,기타,37.51036252681949,127.04168229450315,영업/정상,"서울특별시 강남구 선릉로111길 23, 지상1층 101호 (논현동)"
찌개애감동역삼점,기타,37.49763351095083,127.04331064654073,영업/정상,서울특별시 강남구 역삼로 248 (역삼동)
광화문연가,기타,37.50160577455378,127.03519576018543,영업/정상,"서울특별시 강남구 테헤란로25길 15 (역삼동,지상2층)"
오엔,기타,37.52734581271206,127.01786764514183,영업/정상,
마이니치라멘,기타,37.509866400370846,127.03546377457924,영업/정상,"서울특별시 강남구 언주로115길 15, 지상1층 102호 (논현동)"
스토리,기타,37.5003628048476,127.04030812868278,영업/정상,"서울특별시 강남구 논현로86길 34, 지하1층 (역삼동)"
두사라,기타,37.51780951254365,127.02032083063823,영업/정상,서울특별시 강남구 강남대로154길 13 (신사동)
엄청난족발,기타,37.5058607977612,127.02558775199302,영업/정상,"서울특별시 강남구 강남대로114길 16 (논현동,지상1층)"
패킷스토리,기타,37.50941052320556,127.03621382444794,영업/정상,"서울특별시 강남구 언주로113길 14, 4호 (논현동)"
윤앤코,기타,37.519886244966784,127.02437514904052,영업/정상,"서울특별시 강남구 도산대로17길 19, 1층 (신사동)"
가정식당,기타,37.51999669630026,127.04890248947964,영업/정상,"서울특별시 강남구 학동로77길 20 (청담동,.지상1층)"
만도락,기타,37.523036812630124,127.04913522240886,영업/정상,"서울특별시 강남구 도산대로90길 17-6 (청담동,지상1층)"
김밥여행,기타,37.474293877237315,127.05344823775953,영업/정상,서울특별시 강남구 논현로4길 47 (개포동)
센터스테이지,기타,37.50941052320556,127.03621382444794,영업/정상,"서울특별시 강남구 언주로113길 14, 논현동 빌딩 1층 107호 (논현동)"
그늘집,기타,37.52218774846277,127.05530580817194,영업/정상,"서울특별시 강남구 영동대로 721, 리버뷰오피스텔 지하1층 (청담동)"
스마트 브릭,기타,37.52875739378906,127.03551349002524,영업/정상,"서울특별시 강남구 압구정로 312, 지하1층 (신사동)"
금돈옥 청담점,기타,37.519490393333996,127.0483152600548,영업/정상,"서울특별시 강남구 삼성로133길 14, 지상1층 101호 (청담동)"
에이피티(APT),기타,37.52539431367539,127.05178394340426,영업/정상,"서울특별시 강남구 압구정로79길 56, 아름다운빌딩 지하1층 (청담동)"
엘지구내매점,기타,37.495333044096355,127.03848751569326,영업/정상,"서울특별시 강남구 역삼로 176 (역삼동,지하1층)"
본죽엔 비빔밥 카페(역삼특허청점),기타,37.498651922372815,127.03293202843301,영업/정상,"서울특별시 강남구 테헤란로14길 8 (역삼동,두산위브센터움지하1층B107호)"
사우스 한량 클럽,기타,37.510409470595285,127.04267684576408,영업/정상,"서울특별시 강남구 봉은사로51길 5, 지하1층 A01호 (논현동)"
기네스 라운지,기타,37.50513722991982,127.04745022247077,영업/정상,"서울특별시 강남구 선릉로93길 11, 지상2층 (역삼동)"
삼미미식당,기타,37.49891899677743,127.03386344443184,영업/정상,"서울특별시 강남구 테헤란로16길 9, 지상1층 (역삼동)"
후토루 삼성점,기타,37.50803482471271,127.05846905559643,영업/정상,"서울특별시 강남구 테헤란로 511, PARK TEN 삼성 지상1층 101호 중 우측호 (삼성동)"
고향집,기타,37.50601003010768,127.04862541849992,영업/정상,서울특별시 강남구 선릉로96길 2 (삼성동)
국수전,기타,37.52241697319794,127.05666390116792,영업/정상,"서울특별시 강남구 학동로101길 33 (청담동,2층)"
스웨이드 스튜디오,기타,37.52182387007853,127.04272459792804,영업/정상,"서울특별시 강남구 도산대로62길 26, 지상1층 (청담동, 세정빌딩)"
오봉집 선릉점,기타,37.50579977124392,127.04725760562408,영업/정상,"서울특별시 강남구 테헤란로55길 18, 지상1층 (역삼동)"
스피드박스,기타,37.510350321887614,127.0345862571932,영업/정상,"서울특별시 강남구 논현로118길 21, 1층 (논현동)"
한사발포차 논현점,기타,37.5070586565453,127.02454059680854,영업/정상,"서울특별시 강남구 강남대로120길 12, 지상1층 (논현동)"
안단테 Ⅱ,기타,37.50703002038757,127.04082542755036,영업/정상,"서울특별시 강남구 언주로104길 6, 지하1층 B102호 (역삼동)"
명가한식,기타,37.49417411027659,127.03517644654781,영업/정상,"서울특별시 강남구 역삼로14길 6, 1층 (역삼동)"
코코이찌방야 강남역점,기타,37.49539989631866,127.03040580524147,영업/정상,"서울특별시 강남구 테헤란로4길 46 (역삼동,쌍용플래티넘밸류 지하1층 132,133호)"
후포항,기타,37.485420703455866,127.04505956946629,영업/정상,서울특별시 강남구 논현로38길 38-3 (도곡동)
즐춤그대,기타,37.50405159812697,127.05104533854794,영업/정상,"서울특별시 강남구 테헤란로64길 14, 1층 105호 (대치동)"
신전떡볶이 강남역점,기타,37.499745374848935,127.02896165179105,영업/정상,"서울특별시 강남구 강남대로94길 21, 지상1층 104호 (역삼동)"
강성환 차이나,기타,37.50381806897949,127.05378497679827,영업/정상,"서울특별시 강남구 테헤란로70길 28, 지하1층 (대치동)"
멘야산다이메논현,기타,37.506286827348745,127.026138905161,영업/정상,"서울특별시 강남구 강남대로114길 23, 101호 (논현동)"
호앙비엣 선릉점,기타,37.50708836398946,127.05300690853836,영업/정상,"서울특별시 강남구 삼성로95길 35 (삼성동,지상1층)"
애시드 하우스(Acid House),기타,37.51993396180225,127.02005567407429,영업/정상,"서울특별시 강남구 강남대로162길 18, GPX빌딩 지상1층 (신사동)"
좋은날,기타,37.4819535877028,127.10407715553666,영업/정상,"서울특별시 강남구 밤고개로14길 6, 지상1층 (자곡동)"
슈퍼런 샐러드(SUPER RUN SALAD),기타,37.50952514436708,127.03895479161527,영업/정상,"서울특별시 강남구 언주로 604, 지하1층 113호 (논현동, ACROHILLS논현)"
파스타입니다 강남점,기타,37.50971623935137,127.03352390377331,영업/정상,"서울특별시 강남구 봉은사로29길 35, 지하2층 B201호, B202호 주방3호 (논현동, 한양수자인 어반게이트)"
세인트(Saint),기타,37.503138992529806,127.0397297375904,영업/정상,"서울특별시 강남구 언주로93길 29, 2층 (역삼동)"
오하나 강남구청점,기타,37.51821688035373,127.04066859722937,영업/정상,"서울특별시 강남구 선릉로 709, 지상1층 102호 (논현동)"
본가마순대국,기타,37.513353374559664,127.02132348064708,영업/정상,"서울특별시 강남구 강남대로136길 5-4 (논현동,지상1층)"
우노,기타,37.50299910967025,127.03669653027212,영업/정상,"서울특별시 강남구 봉은사로30길 70, 석교빌딩 지하1층 (역삼동)"
도리당 역삼점,기타,37.50085838008427,127.04058796164693,영업/정상,"서울특별시 강남구 언주로85길 32, 역삼역센트럴푸르지오 지하1층 B122호 (역삼동)"
탐라담 매봉역점,기타,37.4854178069659,127.04449916794218,영업/정상,"서울특별시 강남구 논현로38길 34, 1층 (도곡동)"
주상복합,기타,37.511813765623685,127.0458685820922,영업/정상,"서울특별시 강남구 봉은사로59길 12, 1층 103호 (삼성동)"
바로그린푸드(오예술김밥),기타,37.50891380039874,127.05634982246758,영업/정상,"서울특별시 강남구 삼성로96길 7 (삼성동,지상1층)"
랜돌프비어 대치점,기타,37.497906184751585,127.053742637433,영업/정상,서울특별시 강남구 선릉로64길 18 (대치동)
아츠클럽,기타,37.522776371235416,127.04379347333261,영업/정상,"서울특별시 강남구 선릉로148길 52-4, 지하1층 (청담동)"
마초 스테이크 하우스,기타,37.52313754635382,127.02743347092343,영업/정상,"서울특별시 강남구 논현로159길 10, 지상1층 102호 (신사동)"
워너비대구,기타,37.5004853414216,127.02776271942523,영업/정상,"서울특별시 강남구 테헤란로1길 28-5, 지상2층 (역삼동)"
덕팔이네,기타,37.52598076759056,127.05144378685034,영업/정상,"서울특별시 강남구 도산대로89길 24, 지상1층 101호 (청담동)"
버드맨,기타,37.52170595410564,127.02245347221066,영업/정상,"서울특별시 강남구 가로수길 55-4, 지하1층 (신사동)"
에그폭탄죽,기타,37.49058011956018,127.03802700749175,영업/정상,"서울특별시 강남구 도곡로18길 12, 지상1층 (도곡동)"
명가 막회집,기타,37.50798923518987,127.06560528891723,영업/정상,"서울특별시 강남구 영동대로86길 18, 지하1층 (대치동)"
안동국시,기타,37.52661388562685,127.02940806833642,영업/정상,서울특별시 강남구 언주로167길 46 (신사동)
모모베이글,기타,37.50968326015255,127.0546947604182,영업/정상,"서울특별시 강남구 삼성로 535, 삼화빌딩 지상1층 102-A호 (삼성동)"
평상집 역삼점,기타,37.505188833369864,127.04218244215808,영업/정상,"서울특별시 강남구 언주로98길 5, 2층 (역삼동)"
곤트란쉐리에 건설회관점,기타,37.51735158334379,127.03412115575264,영업/정상,"서울특별시 강남구 언주로 711, 건설회관 지상1층 (논현동)"
본도시락 삼성점,기타,37.50802527091545,127.05430706449566,영업/정상,"서울특별시 강남구 테헤란로77길 22, 지하1층 B05호 (삼성동, 풍림아파트)"
신천생태전문점,기타,37.518772528301994,127.0462973426333,영업/정상,서울특별시 강남구 선릉로132길 62 (청담동)
진가 차돌된장 대치점,기타,37.50357434023682,127.05428035340167,영업/정상,"서울특별시 강남구 삼성로81길 43, 지상2층 20호 (대치동)"
언니네 집밥 1호점,기타,37.510828987669086,127.04254400229597,영업/정상,"서울특별시 강남구 선릉로111길 10, 지상1층 101호 (논현동)"
비마이게스트(be my guest),기타,37.508720096036946,127.06615009905339,영업/정상,"서울특별시 강남구 테헤란로108길 11, 지상1층 101호 (대치동)"
두툼 강남점,기타,37.5042053847143,127.0441725929115,영업/정상,"서울특별시 강남구 선릉로93길 56, 지상1층 (역삼동)"
류몽민,기타,37.514357697185346,127.02884990841412,영업/정상,"서울특별시 강남구 학동로25길 11, 씨플레이스 지상1층 101호 (논현동)"
깐부치킨 은마아파트점,기타,37.4992037877254,127.0630993764294,영업/정상,서울특별시 강남구 도곡로 516 (대치동)
코코여성사우나,기타,37.5168080334279,127.0343014893679,영업/정상,"서울특별시 강남구 학동로37길 23, 지하1층 (논현동)"
혼밥마켓,기타,37.5110682782022,127.02622060403792,영업/정상,"서울특별시 강남구 학동로12길 21, 지하1층 105호 (논현동)"
제네베라 스페이스,기타,37.50169492342049,127.03597692861798,영업/정상,"서울특별시 강남구 논현로 507, 성지하이츠3차빌딩 지하1층 8호 (역삼동)"
골든트리,기타,37.49603491010282,127.04079861347019,영업/정상,"서울특별시 강남구 역삼로26길 5, 지하1층 (역삼동)"
포즈키친앤드바,기타,37.5084540431776,127.0587151157196,영업/정상,"서울특별시 강남구 테헤란로87길 9, 지하1층 (삼성동)"
로즈데일,기타,37.52482353337771,127.04937032363387,영업/정상,"서울특별시 강남구 도산대로 513, 양원빌딩 지하1층 101호 (청담동)"
구드마리(Gout de Marie),기타,37.52317093154308,127.0305608223157,영업/정상,"서울특별시 강남구 논현로164길 27, 1층 102호 (신사동)"
도시전집,파전,37.50510302972566,127.05941249337953,영업/정상,"서울특별시 강남구 역삼로83길 24, H 복합빌딩 지하1층 (대치동)"
팔화당 선릉점,기타,37.50314024271206,127.04794942606821,영업/정상,"서울특별시 강남구 테헤란로52길 15, 지하1층 비101,103호 (역삼동, 금천빌딩)"
(주)골드피쉬얌차하우스,기타,37.52530692959131,127.03718146013057,영업/정상,"서울특별시 강남구 도산대로49길 36, 지상2층 (신사동)"
한식끝판왕 강남점,기타,37.501128044111695,127.03466621478546,영업/정상,"서울특별시 강남구 테헤란로25길 9-10, 지하1층 2호 (역삼동)"
삼청동 김치찜 강남점,기타,37.5025468766948,127.05185699961835,영업/정상,"서울특별시 강남구 역삼로63길 21 (대치동,지상2층)"
카레데이,기타,37.49295141140623,127.04359021707721,영업/정상,"서울특별시 강남구 도곡로 226 (도곡동, 선일빌딩 지하1층)"
달콤한목요일,기타,37.501865847665385,127.05289938724897,영업/정상,"서울특별시 강남구 선릉로76길 28 (대치동,지상2층)"
쉐프진고로케,기타,37.496019341453916,127.04490263567335,영업/정상,"서울특별시 강남구 도곡로37길 34, 지상1층 101호 (역삼동, 명성빌라)"
(주)콩부인,기타,37.52474764616693,127.04238447948035,영업/정상,"서울특별시 강남구 도산대로59길 16, 지하1층 (청담동, 테이블2025)"
술탄케밥카페,기타,37.5041511422463,127.05209766721448,영업/정상,"서울특별시 강남구 선릉로86길 31, 102호 (대치동)"
김치찜은 못참지 강남직영점,기타,37.51016776988985,127.02561659158694,영업/정상,"서울특별시 강남구 강남대로126길 38, 1층 101호 (논현동)"
방영아키친,기타,37.50070247992649,127.05401209930554,영업/정상,"서울특별시 강남구 선릉로72길 34, 지하1층 5호 (대치동)"
차이(Chai)797 파르나스몰점,기타,37.50904780086485,127.06089284405361,영업/정상,"서울특별시 강남구 테헤란로 521, 파르나스타워 지하1층 F-17호 (삼성동)"
미소미역,기타,37.52593825187081,127.03745789206361,영업/정상,"서울특별시 강남구 선릉로157길 27-5, 지상1층 (신사동)"
서진식당,기타,37.497583006654295,127.03111040410451,영업/정상,"서울특별시 강남구 강남대로84길 33 (역삼동,지하1층115호)"
가든패밀리(GARDEN FAMILY),기타,37.50971623935137,127.03352390377331,영업/정상,"서울특별시 강남구 봉은사로29길 35, 지하2층 비201호,비202호,비203호 중 주방1호 (논현동, 한양수자인 어반게이트)"
등촌샤브칼국수,칼국수,37.49171218327913,127.03160057478969,영업/정상,"서울특별시 강남구 강남대로66길 8 (역삼동,지상2층)"
뢰벤 돈까스,기타,37.49870067584982,127.03157677479244,영업/정상,"서울특별시 강남구 테헤란로 124 (역삼동,지하1층B102호)"
우지커피 역삼래미안점,기타,37.49595516164303,127.04665713725551,영업/정상,"서울특별시 강남구 언주로 314, 강남프라자 1층 101호 (역삼동)"
태키커피(tackycoffee),기타,37.494556851648944,127.03695980675596,영업/정상,"서울특별시 강남구 논현로71길 30, 대창빌딩 지상1층 101호 (역삼동)"
까페마당,기타,37.522777581101984,127.03531441518956,영업/정상,"서울특별시 강남구 도산대로45길 7 (신사동,지하1층)"
지코바대치1호점,기타,37.49838758837063,127.05238194714943,영업/정상,"서울특별시 강남구 선릉로66길 6, 대치4동우편취급소 1층 101호 (대치동)"
카페인펫굴 강남본점(Cafe in Petgool),기타,37.51813447477584,127.03060656921353,영업/정상,"서울특별시 강남구 도산대로30길 29-5, 지상1층 (논현동)"
소나무 식당,기타,37.511694746594785,127.06554042160637,영업/정상,"서울특별시 강남구 영동대로96길 37, 지하1층 (삼성동)"
신사교자냉삼,기타,37.51764491048334,127.02107616220536,영업/정상,"서울특별시 강남구 강남대로152길 21, 지상1층 (신사동)"
옵바,기타,37.52519591631437,127.05237182311961,영업/정상,"서울특별시 강남구 도산대로 537, 지상2층 (청담동)"
청담제이,기타,37.52403726481218,127.04334399489083,영업/정상,"서울특별시 강남구 도산대로 435, 삼이빌딩 지상7층 (청담동)"
굴다리식당,기타,37.5053224082266,127.02638974289796,영업/정상,"서울특별시 강남구 봉은사로 117, 1층 (논현동)"
육칠팔 딜리버리,기타,37.51071705705111,127.02516330169591,영업/정상,"서울특별시 강남구 강남대로128길 38, 지상1층 101호 (논현동)"
평가옥,기타,37.50702473890824,127.05282822528085,영업/정상,"서울특별시 강남구 삼성로95길 37, 지상3층 (삼성동)"
구루메 스시,기타,37.51053310504281,127.02352257389533,영업/정상,"서울특별시 강남구 학동로4길 15, 동화상가 지상1층 101호 중 116호 (논현동)"
도담,기타,37.508380976417904,127.05817174847333,영업/정상,"서울특별시 강남구 삼성로96길 26-12, 조영빌딩 지하1층 (삼성동)"
저스트 어 글라스 오브 와인,기타,37.4905713871702,127.0324502407542,영업/정상,"서울특별시 강남구 도곡로1길 10, 프린스타워 지상4층 (역삼동)"
여삼,기타,37.51001850960684,127.03477713065826,영업/정상,"서울특별시 강남구 봉은사로33길 33, 1층 26호 (논현동, 양지직매상가)"
리첸,기타,37.49059108359164,127.03262296498856,영업/정상,서울특별시 강남구 강남대로62길 13 (역삼동)
성심소뼈해장국,기타,37.49047512617721,127.03541589333985,영업/정상,"서울특별시 강남구 도곡로 140 (도곡동,지하1층)"
연 YEON,기타,37.5052981545832,127.0422689770983,영업/정상,"서울특별시 강남구 언주로98길 5-3, 지상2층 (역삼동)"
마누테라스,기타,37.48220291854522,127.04560519242077,영업/정상,"서울특별시 강남구 양재천로 179, 1층 (도곡동)"
메가엠지씨커피 언주역점,기타,37.50613556908572,127.03406846174381,영업/정상,"서울특별시 강남구 논현로 561, 지상1층 동쪽호 (역삼동)"
게리슨,기타,37.527491146526046,127.03901959792695,영업/정상,"서울특별시 강남구 선릉로161길 18, 지하1층 (신사동)"
백억커피 압구정본사점,기타,37.522386660099976,127.02793629181298,영업/정상,"서울특별시 강남구 논현로 829, 1층 102호 (신사동)"
장독대 김치찌개 청담점,기타,37.52421085433444,127.05282614563059,영업/정상,"서울특별시 강남구 도산대로94길 33, 지상1층 101호,103호 (청담동)"
슬란체,기타,37.52141717468793,127.03168739257372,영업/정상,"서울특별시 강남구 도산대로37길 6, 지하1층 (신사동)"
우노커피,기타,37.5231865549789,127.05643469107869,영업/정상,"서울특별시 강남구 영동대로138길 15, 1층 101호 (청담동)"
항방양꼬치,기타,37.49854591932866,127.0532415164548,영업/정상,"서울특별시 강남구 선릉로64길 15-7, 지상1층 (대치동)"
오스카,기타,37.511286296115394,127.05642052253307,영업/정상,"서울특별시 강남구 삼성로104길 21, 1층 (삼성동, 해오름힐빌딩)"
올인,기타,37.50258171354798,127.0448648810748,영업/정상,"서울특별시 강남구 테헤란로44길 5 (역삼동,지하2층)"
보울리쉬 선릉점,기타,37.50331227607704,127.04633325591085,영업/정상,"서울특별시 강남구 테헤란로 322, 한신인터밸리24 지하2층 B113호 (역삼동)"
피제이 푸드코리아,기타,37.50294902227001,127.05236652113574,영업/정상,"서울특별시 강남구 선릉로82길 28, 대치동 빌딩 지하1층 (대치동)"
타로맨스,기타,37.49165256093709,127.03573804712443,영업/정상,"서울특별시 강남구 도곡로11길 10, 1층 101호 (역삼동)"
(주)정성담에프앤비,기타,37.52838705818748,127.03278817566526,영업/정상,"서울특별시 강남구 언주로173길 8, 1층 (신사동)"
세양원,기타,37.50669047353795,127.06073105664404,영업/정상,서울특별시 강남구 영동대로85길 36 (대치동)
루비 앤드유 (and U),기타,37.52442319010292,127.03915842410593,영업/정상,"서울특별시 강남구 선릉로 809 (신사동,지하1층)"
쿠시마켓,기타,37.50952514436708,127.03895479161527,영업/정상,"서울특별시 강남구 언주로 604, 지하1층 121호 (논현동, ACROHILLS논현)"
광릉옥 도곡점,기타,37.487453438312954,127.04713139592208,영업/정상,"서울특별시 강남구 남부순환로 2753, 지상2층 (도곡동)"
생활맥주 삼성역점,기타,37.51044118769748,127.06504828741072,영업/정상,"서울특별시 강남구 테헤란로107길 11, 지상1층 102호 (삼성동)"
르 봉 구떼(LE BON GOUTER),기타,37.52524986727795,127.03618016260526,영업/정상,"서울특별시 강남구 언주로164길 34-2, 지상1층 (신사동)"
팔선생,기타,37.489710774953146,127.0544905363916,영업/정상,"서울특별시 강남구 언주로30길 57, 상가동 지하1층 (도곡동, 타워팰리스)"
"오늘, 와인한잔",기타,37.50681827382005,127.02413998136512,영업/정상,"서울특별시 강남구 봉은사로1길 33, 지상 1층 (논현동)"
돈그리아,기타,37.50281420456216,127.05062127242911,영업/정상,"서울특별시 강남구 선릉로86길 6-5 (대치동,지상1층)"
깡통집,기타,37.52814942842982,127.03804883840809,영업/정상,서울특별시 강남구 압구정로 334 (신사동)
조수사,기타,37.499011015908394,127.03284123617371,영업/정상,서울특별시 강남구 테헤란로14길 6 (역삼동)
국고집,기타,37.48597111633787,127.03597555150054,영업/정상,"서울특별시 강남구 남부순환로355길 14, 의료사고가족연합회 지상1층, 지하1층 (도곡동)"
카미스시,기타,37.52403726481218,127.04334399489083,영업/정상,"서울특별시 강남구 도산대로 435 (청담동,지하1층)"
(주)아워홈싱카이역삼,기타,37.5020942234229,127.03679819604724,영업/정상,"서울특별시 강남구 논현로 508, 지하1층 (역삼동)"
무쇠막 김치찌게,기타,37.51254853093676,127.02179923409312,영업/정상,서울특별시 강남구 학동로1길 18 (논현동)
더 죽스타일(The JukStyle),기타,37.50860753732216,127.02911228212058,영업/정상,"서울특별시 강남구 봉은사로11길 43, 지상1층 101호 (논현동, 베스트빌)"
보타닉청담,기타,37.5246831356821,127.04112686872007,영업/정상,"서울특별시 강남구 도산대로57길 13-2, 지상1층, 지상2층 (청담동)"
진상횟집 역삼직영점,기타,37.5006967541489,127.04126679995777,영업/정상,"서울특별시 강남구 언주로85길 25, 지상1층 (역삼동)"
더청담,기타,37.52314692483737,127.04338246248543,영업/정상,서울특별시 강남구 도산대로 434 (청담동)
BHC치킨 역삼점,기타,37.49817677880218,127.0336434519445,영업/정상,"서울특별시 강남구 논현로85길 52, 역삼 푸르지오 시티 지하1층 B105호 (역삼동)"
쇼미비치,기타,37.50941955444498,127.02320979252599,영업/정상,"서울특별시 강남구 학동로2길 31, 지하1층 (논현동)"
맘스터치랩(LAB) 신사역점,기타,37.5169672697537,127.0224081228185,영업/정상,"서울특별시 강남구 도산대로 126, 1층~3층 (논현동)"
야키토리묵 신사,기타,37.5177078521297,127.02123101180219,영업/정상,"서울특별시 강남구 강남대로152길 23, 지하1층 101호 (신사동)"
신흥식당,기타,37.500540307236186,127.0515960686755,영업/정상,"서울특별시 강남구 역삼로 406 (대치동,외1필지지상1층102호)"
감나무집,기타,37.49432641565634,127.03178899365714,영업/정상,"서울특별시 강남구 역삼로3길 10-1 (역삼동,1층)"
라피자노스트라,기타,37.5044072241276,127.04970385981306,영업/정상,"서울특별시 강남구 테헤란로 406, A동 1층 101호 (대치동, 샹제리제센터)"
서래향 삼성점,기타,37.50823431617018,127.06647745906294,영업/정상,"서울특별시 강남구 영동대로86길 28, 지하1층 (대치동)"
통영집,기타,37.50647895681117,127.04739386413432,영업/정상,"서울특별시 강남구 선릉로 527, 1층 (역삼동)"
오레노 유메,기타,37.49475004957233,127.03075597440974,영업/정상,"서울특별시 강남구 역삼로3길 17-4, 지상2,3층 (역삼동, 에레프)"
얼짱,기타,37.50831541961832,127.0245866131021,영업/정상,"서울특별시 강남구 강남대로122길 19, 지상1층 (논현동)"
샘,기타,37.50356127381031,127.03645040729214,영업/정상,서울특별시 강남구 봉은사로30길 62 (역삼동)
만다린,기타,37.49564657813464,127.04081025486643,영업/정상,"서울특별시 강남구 논현로72길 16 (역삼동,지상1층 102호)"
장인꽃게&순살덮밥 강남직영점,기타,37.49683094742961,127.03664012409111,영업/정상,"서울특별시 강남구 역삼로17길 32, 지하1층 101호 (역삼동)"
그릴 한 끼,기타,37.50319011092509,127.03698636821505,영업/정상,"서울특별시 강남구 봉은사로30길 69, 지상1층 101호 (역삼동, 힐하우스)"
(주)일마레,기타,37.51748810598292,127.052033018496,영업/정상,"서울특별시 강남구 학동로82길 23, 지상1층,2층 (삼성동)"
이수사,기타,37.49720228104135,127.03362601970446,영업/정상,"서울특별시 강남구 테헤란로14길 34, 지하1층 (역삼동)"
본가설렁탕 갈비촌,기타,37.520407250459,127.03609523539045,영업/정상,서울특별시 강남구 언주로148길 14 (논현동)
우유니,기타,37.52302430328954,127.02134489492006,영업/정상,"서울특별시 강남구 압구정로8길 5, 지상1층 (신사동, 지상1)"
크리드,기타,37.52427588622537,127.03650724652806,영업/정상,"서울특별시 강남구 압구정로46길 67, 지하1층 (신사동)"
정식당 3층,기타,37.52567384861831,127.04108445523994,영업/정상,"서울특별시 강남구 선릉로158길 11, 지상3층 (청담동)"
치치,기타,37.52555117255759,127.04578517712126,영업/정상,서울특별시 강남구 도산대로75길 20 (청담동)
파스토보이 역삼점,기타,37.50085838008427,127.04058796164693,영업/정상,"서울특별시 강남구 언주로85길 32, 역삼역센트럴푸르지오 지하1층 B103a호 CA06호 (역삼동)"
그레이스,기타,37.518476718467134,127.04104200927348,영업/정상,"서울특별시 강남구 선릉로 712, 지상1층 102호 (청담동)"
마라공방 역삼점,기타,37.50320691747206,127.03661820641555,영업/정상,"서울특별시 강남구 봉은사로30길 68, 1층 (역삼동)"
꽃뱅이,기타,37.51552638186565,127.04046943255219,영업/정상,"서울특별시 강남구 선릉로127길 16, 지하1층 (논현동)"
커피진심 베이커리,기타,37.50833911877881,127.06671021034603,영업/정상,"서울특별시 강남구 테헤란로114길 20, 지하1층 B102호 (대치동)"
시엠프레 강남,기타,37.51796928068871,127.0250456232026,영업/정상,"서울특별시 강남구 도산대로 150, 비3층 (논현동)"
호타루,기타,37.501128044111695,127.03466621478546,영업/정상,"서울특별시 강남구 테헤란로25길 9-10 (역삼동,지상1층)"
미래옥,기타,37.51571763511259,127.0395112891072,영업/정상,"서울특별시 강남구 선릉로129길 25, 제이제이포리원 지상1층 (논현동)"
돼봉삼겹살 신논현점,기타,37.50334176012795,127.02612452495529,영업/정상,"서울특별시 강남구 봉은사로2길 21, 반석빌딩 지상1층 (역삼동)"
목포명가 강남역점,기타,37.498176333030244,127.03067886763903,영업/정상,"서울특별시 강남구 테헤란로6길 7 (역삼동,동영빌딩 1층)"
오늘도행복해,기타,37.511694746594785,127.06554042160637,영업/정상,"서울특별시 강남구 영동대로96길 37, 1층 103호 (삼성동)"
스시 욘즈,기타,37.5089625433626,127.05679674587385,영업/정상,"서울특별시 강남구 삼성로96길 11, 지상1층 101호 (삼성동)"
아이엔(IN),기타,37.50264421628351,127.03737498182406,영업/정상,"서울특별시 강남구 논현로94길 13, 지상3층 (역삼동)"
주식회사 안동한우원,기타,37.50926514363134,127.02305242072558,영업/정상,"서울특별시 강남구 학동로2길 34, 지상1층 (논현동)"
피자피자바이스타빙배(PIZZA PIZZA BY STARVING BAE),기타,37.50690861227394,127.036855986761,영업/정상,"서울특별시 강남구 봉은사로34길 20, 1층 1호 (역삼동)"
스시 사카우,기타,37.52312160623248,127.03239775353865,영업/정상,"서울특별시 강남구 언주로153길 10-6, 지하1층 (신사동)"
올데이사운드바,기타,37.519762848872865,127.02251719903933,영업/정상,"서울특별시 강남구 도산대로11길 34, 지상1층 (신사동)"
미미포차,기타,37.525749328161446,127.03829302790088,영업/정상,"서울특별시 강남구 도산대로51길 40, 지하1층 (신사동)"
라이프(RIPE),기타,37.510929632917374,127.06466904278678,영업/정상,"서울특별시 강남구 영동대로96길 26, 하나은행삼성동 지상9층 (삼성동)"
깐부치킨 청담점,기타,37.522243516549686,127.04125915179829,영업/정상,"서울특별시 강남구 도산대로58길 16, 청담빌딩 지상2층 (청담동)"
미토우,기타,37.52212490163187,127.04504879875702,영업/정상,"서울특별시 강남구 도산대로70길 24, 지상1층 (청담동)"
꾸부라꼬 숯불두마리 치킨 강남점,기타,37.508779920019236,127.02350574790998,영업/정상,"서울특별시 강남구 학동로2길 43, 지하1층 (논현동)"
소풍,기타,37.497579297517134,127.03301261601113,영업/정상,"서울특별시 강남구 테헤란로10길 25 (역삼동,지상107호)"
식정,기타,37.4967210505785,127.04380310270773,영업/정상,"서울특별시 강남구 역삼로38길 18, 지상1층 101호 (역삼동, 뮤지컬파크)"
일요,기타,37.527300494436616,127.04929886801051,영업/정상,"서울특별시 강남구 도산대로83길 46-3 (청담동,지상2층)"
서연옥,기타,37.478098709849405,127.04772444809649,영업/정상,"서울특별시 강남구 개포로22길 10 (개포동,지상1층)"
"디어 젤라또(Dear gelato,)",기타,37.49959233096954,127.05320838107772,영업/정상,"서울특별시 강남구 역삼로64길 22, 드림빌딩 지상1층 101호 (대치동)"
라피네,기타,37.51245831860277,127.03207674285521,영업/정상,"서울특별시 강남구 논현로124길 5, 지상2층 201-5호 (논현동)"
코스모왕 양꼬치,기타,37.50695564801725,127.02437853709858,영업/정상,"서울특별시 강남구 봉은사로1길 34 (논현동,지상2층)"
쇼콜라홀딩스(주),기타,37.50556110169244,127.06559337484464,영업/정상,"서울특별시 강남구 역삼로 601 (대치동,지상1,2층)"
고우 신사점,기타,37.518125213378205,127.02052800597077,영업/정상,"서울특별시 강남구 강남대로156길 16, 1층 (신사동)"
파브란트 강남N타워점,기타,37.50011785425546,127.03222166172274,영업/정상,"서울특별시 강남구 테헤란로 129, 지하3층 B246호 (역삼동)"
우륵,기타,37.50176736386967,127.0328597167048,영업/정상,"서울특별시 강남구 테헤란로19길 27, 지상1층 (역삼동)"
스매쉬 치즈버거,기타,37.50097200452842,127.03439610760228,영업/정상,"서울특별시 강남구 강남대로94길 89, 지상1층 (역삼동)"
고흥집,기타,37.509720117792284,127.0234283460823,영업/정상,"서울특별시 강남구 학동로4길 26 (논현동,지상1층)"
하이클라스,기타,37.511521609428335,127.0218187519232,영업/정상,"서울특별시 강남구 학동로 103 (논현동,지하1층)"
엄마손김밥,기타,37.49595516164303,127.04665713725551,영업/정상,"서울특별시 강남구 언주로 314 (역삼동,강남프라자B113호)"
신의주 찹쌀순대(신논현점),기타,37.50815140144015,127.02416297659957,영업/정상,"서울특별시 강남구 강남대로122길 15, 지상1층 102호 (논현동)"
제육감 강남점,기타,37.50085838008427,127.04058796164693,영업/정상,"서울특별시 강남구 언주로85길 32, 역삼역센트럴푸르지오 지하1층 B118C호 중 CA28-1호 (역삼동)"
아이코닉 와인스 ICONIC WINES,기타,37.516973421225096,127.02869957441156,영업/정상,"서울특별시 강남구 도산대로28길 36, 현문사 사옥 지상5층 (논현동)"
이자카야 코코다,기타,37.51507466726608,127.03266306078066,영업/정상,"서울특별시 강남구 학동로33길 5, 상문빌딩 3층 (논현동)"
위스키앤코,기타,37.50488012809299,127.04637813731257,영업/정상,"서울특별시 강남구 선릉로93길 26, 우리빌딩 1층 3호 (역삼동)"
오클랜드 파이 개러지,기타,37.52344787737612,127.03766769254362,영업/정상,"서울특별시 강남구 도산대로49길 6-5, 1층 (신사동)"
동대문수궁,기타,37.51430455527152,127.05842559649587,영업/정상,"서울특별시 강남구 봉은사로97길 4 (삼성동,지상2층)"
(주)담희-역삼지점,기타,37.50149839760205,127.03167921101468,영업/정상,"서울특별시 강남구 테헤란로13길 29, 가동 지상1층 104호 (역삼동)"
쿠킹라이브러리,기타,37.52565783774487,127.03565454843844,영업/정상,"서울특별시 강남구 압구정로46길 46, 4층 (신사동)"
휠,기타,37.49487564543743,127.03801687867582,영업/정상,"서울특별시 강남구 논현로71길 18, 지하1층 (역삼동)"
나마스테,기타,37.52390218504581,127.02259905283819,영업/정상,"서울특별시 강남구 압구정로 126 (신사동,B02호)"
(주)오리온마켓오압구정점,기타,37.52157818176172,127.03545592261116,영업/정상,"서울특별시 강남구 도산대로 310 (논현동,지상1층(일부), 지상2층)"
오늘밤에포차,기타,37.50816429794322,127.02497875564713,영업/정상,"서울특별시 강남구 강남대로122길 24, 지상1층 (논현동)"
춘천닭갈비,기타,37.4894514924949,127.08237116700721,영업/정상,서울특별시 강남구 일원로9길 10 (일원동)
스프링스타(Spring Star),기타,37.521005517928664,127.02004347541,영업/정상,"서울특별시 강남구 압구정로4길 14-11, 지상1층 (신사동)"
논골소반,기타,37.52233936937186,127.02667843562473,영업/정상,"서울특별시 강남구 논현로157길 15, 지상1층 102호 (신사동)"
다원,기타,37.524906080591265,127.04164434787923,영업/정상,"서울특별시 강남구 도산대로57길 20, 지상5층 (청담동, 오페라하우스)"
싯토리,기타,37.523964448854,127.05598129067427,영업/정상,"서울특별시 강남구 영동대로142길 8, 1층 (청담동)"
아트몬스터 삼성역점,기타,37.508302448439736,127.0573963600241,영업/정상,서울특별시 강남구 테헤란로83길 13 (삼성동)
(주)썬앳푸드시추안하우스삼성점,기타,37.509673854867124,127.05795348044431,영업/정상,"서울특별시 강남구 테헤란로87길 29 (삼성동,지상1층)"
시골밥상신사분점,기타,37.52410789202617,127.02344028434993,영업/정상,서울특별시 강남구 논현로175길 68 (신사동)
주래등,기타,37.52130829598882,127.03623220339746,영업/정상,서울특별시 강남구 언주로150길 24 (논현동)
쇼지,기타,37.50965930378392,127.05659658348787,영업/정상,"서울특별시 강남구 삼성로100길 14, 지상1층 (삼성동)"
맥주 홀릭,기타,37.48888090919822,127.0676510840815,영업/정상,"서울특별시 강남구 개포로82길 5-8 (개포동,지상2층 201호)"
옛날그맛명동칼국수,칼국수,37.49813170140538,127.04305572750688,영업/정상,서울특별시 강남구 역삼로37길 3 (역삼동)
이화수 전통육개장 삼성역점,기타,37.506311131809575,127.05916289902213,영업/정상,서울특별시 강남구 테헤란로86길 16 (대치동)
왕창칼국수,칼국수,37.517651025899525,127.02821424902508,영업/정상,"서울특별시 강남구 도산대로26길 23 (논현동,103호)"
아비꼬압구정역점,기타,37.525513760648444,127.02707222939269,영업/정상,"서울특별시 강남구 논현로171길 15 (신사동,카로시티1 지상1층104호)"
수주경,기타,37.507105790562235,127.02796337098934,영업/정상,"서울특별시 강남구 강남대로118길 64, 지하1층 (논현동)"
임바이브(Imbibe),기타,37.50933042009616,127.02282224283614,영업/정상,"서울특별시 강남구 강남대로124길 3-9, 지하1층 (논현동)"
남호식당,기타,37.498803336995984,127.03610225379833,영업/정상,서울특별시 강남구 논현로85길 23 (역삼동)
오브록(Obrok),기타,37.50817634844435,127.03283226588425,영업/정상,"서울특별시 강남구 논현로113길 5, 지상1층 103-1호 (논현동, 프라임아파트)"
옛날 도시락 볶음밥 강남본점,기타,37.50212046146655,127.03406396981269,영업/정상,"서울특별시 강남구 논현로95길 22, 지상1층 101호 (역삼동)"
지티에스버거(GTSburger) 강남점,기타,37.49976898301354,127.02917441354461,영업/정상,"서울특별시 강남구 강남대로94길 23, 지하1층 102호 (역삼동)"
우프 학동점,기타,37.516372623052526,127.0316020541474,영업/정상,"서울특별시 강남구 논현로136길 19, 지상1층 (논현동)"
건빵(GeonBBang),기타,37.51537947513865,127.03687192238259,영업/정상,"서울특별시 강남구 학동로44길 6, 지하1층 4-1호 (논현동)"
경,기타,37.52770687214975,127.03415569000707,영업/정상,서울특별시 강남구 언주로172길 4 (신사동)
무식 본점,기타,37.52329266813361,127.0276928750289,영업/정상,"서울특별시 강남구 압구정로28길 49, 유림아트홀 지상1층 109호,110호 (신사동)"
순수한우,기타,37.49762299642561,127.0595090426908,영업/정상,서울특별시 강남구 삼성로57길 19 (대치동)
김밥속으로,기타,37.50352288072086,127.02600103956416,영업/정상,"서울특별시 강남구 봉은사로2길 17, 1층 (역삼동)"
25,기타,37.51889486174832,127.02233615719396,영업/정상,서울특별시 강남구 강남대로156길 40 (신사동)
카페 델 꼬또네,기타,37.51839990850532,127.04060193605362,영업/정상,"서울특별시 강남구 선릉로 711, 지상1층 103호 (논현동)"
풍천가청담,기타,37.522642182550705,127.04034322782195,영업/정상,"서울특별시 강남구 도산대로56길 7 (청담동,지상1,2층)"
새벽밤바다 강남본점,기타,37.502112154108374,127.052761116887,영업/정상,"서울특별시 강남구 선릉로76길 27, 지상1층 101호 (대치동)"
버튼스(VUTTONS),기타,37.519218271040174,127.02372914140463,영업/정상,"서울특별시 강남구 도산대로15길 15, 지하1층 (신사동)"
브롱스 강남역삼점,기타,37.49615092013367,127.03035992135194,영업/정상,"서울특별시 강남구 테헤란로4길 34, 지하1층 101호 (역삼동)"
저스트 카츠,기타,37.510758251177194,127.02292383805394,영업/정상,"서울특별시 강남구 학동로4길 10, 지상1층 101호 (논현동)"
산장장작구이,기타,37.50299910967025,127.03669653027212,영업/정상,"서울특별시 강남구 봉은사로30길 70, 석교빌딩 1층 (역삼동)"
(주)삼원가든 뿔사롱 논현점,기타,37.521651225193786,127.0373157864322,영업/정상,"서울특별시 강남구 도산대로50길 12, 논현기흥빌딩 지상2층 (논현동)"
67소호,기타,37.51863835680358,127.03022267501528,영업/정상,"서울특별시 강남구 도산대로30길 21-3, 지상1층 (논현동)"
바스버거 삼성역점,기타,37.50860888633942,127.06655885298312,영업/정상,"서울특별시 강남구 테헤란로114길 16, 동남빌딩 지상1층 (대치동)"
민들레떡볶이,기타,37.50258873144079,127.03720931588884,영업/정상,서울특별시 강남구 논현로94길 11 (역삼동)
청담동 대장금,기타,37.5223050100243,127.05773590499582,영업/정상,"서울특별시 강남구 학동로101길 26, 청담 삼익상가 지하1층 53호, 54호 (청담동)"
서오릉 피자,기타,37.49248992050018,127.04020826876611,영업/정상,"서울특별시 강남구 도곡로 191 (역삼동,지상1층)"
제주애돈,기타,37.522315111288464,127.02708957467286,영업/정상,"서울특별시 강남구 논현로157길 11, 1층 (신사동)"
오무얌,기타,37.50859530026902,127.05971847792408,영업/정상,"서울특별시 강남구 테헤란로 517, 지하1층 (삼성동)"
보다,기타,37.52150970529479,127.0351898242011,영업/정상,"서울특별시 강남구 도산대로 308, 코오라빌딩 지상2층,지상3층 (논현동)"
브롱스 강남점,기타,37.49963549127382,127.02859491667881,영업/정상,"서울특별시 강남구 강남대로94길 15 (역삼동,지하1층)"
엠바시,기타,37.50708770733752,127.03565039646934,영업/정상,"서울특별시 강남구 언주로107길 44, 더나무앤 빌딩 1층 (역삼동)"
(주)스타럭스 스폰티니 삼성중앙점,기타,37.51085189204555,127.05480831715765,영업/정상,"서울특별시 강남구 삼성로 550, 은성빌딩 지상1층 (삼성동)"
메밀도,기타,37.503194457490935,127.05131263984468,영업/정상,"서울특별시 강남구 선릉로86길 16-3, 지상1층 (대치동)"
피자헤븐 인 눈치떡 대치삼성점,기타,37.503656549601516,127.05907067860406,영업/정상,서울특별시 강남구 역삼로81길 5 (대치동)
공차수서역점,기타,37.48801674446367,127.10184847065206,영업/정상,"서울특별시 강남구 밤고개로1길 10 (수서동,현대하이엘지하1층40,41호)"
을지다락 강남역,기타,37.499956092601565,127.02879061015265,영업/정상,"서울특별시 강남구 강남대로96길 22, 지상2층 (역삼동)"
(주)보나비 아티제 강남유니온센터점,기타,37.4910285736231,127.03161248762946,영업/정상,"서울특별시 강남구 강남대로 310, 유니온센터오피스텔 지상1층 101호 (역삼동)"
카츠공방 학동역점,기타,37.51459915564549,127.02960015194951,영업/정상,"서울특별시 강남구 논현로131길 8, 성암2 지상1층 (논현동)"
심플,기타,37.51471573713034,127.02266865296949,영업/정상,"서울특별시 강남구 강남대로146길 28 (논현동,논현(아)201동지하1층10호)"
참맛깔곱창,기타,37.502921426273524,127.03711242168022,영업/정상,"서울특별시 강남구 봉은사로30길 73, 지상2층 2호 (역삼동)"
모던호,기타,37.5077175400198,127.05375246942167,영업/정상,"서울특별시 강남구 삼성로95길 24, 지하1층 (삼성동)"
보배반점,기타,37.49726189817085,127.05673765317032,영업/정상,"서울특별시 강남구 도곡로 422, 세림빌딩 지상1층 (대치동)"
보승회관 선정릉역점,기타,37.511511037547386,127.04682528916726,영업/정상,"서울특별시 강남구 봉은사로 429, 위즈빌딩 1층 (삼성동)"
비어라이제,기타,37.50933042009616,127.02282224283614,영업/정상,"서울특별시 강남구 강남대로124길 3-9, 지상1층 (논현동)"
플레이스나인(9),기타,37.515853545445715,127.02124779034382,영업/정상,"서울특별시 강남구 도산대로4길 9 (논현동,지상1층)"
지엠엘 도산 (gml dosan),기타,37.525145919684064,127.03653789653494,영업/정상,"서울특별시 강남구 언주로164길 38-2, 1층 (신사동)"
맛나무,기타,37.51044118769748,127.06504828741072,영업/정상,"서울특별시 강남구 테헤란로107길 11, 성보타운 지하1층 102호 (삼성동)"
선릉고기집,기타,37.50652873267345,127.05313195816856,영업/정상,"서울특별시 강남구 삼성로91길 38 (삼성동,1층)"
덕수궁해물칼국수,칼국수,37.51424902920098,127.03354539227367,영업/정상,"서울특별시 강남구 언주로129길 20 (논현동,1층)"
찌개집1979,기타,37.51075704596903,127.04671016955949,영업/정상,"서울특별시 강남구 봉은사로 426, PARK L9 지상1층 (삼성동)"
완반,기타,37.48512141299162,127.04604209937192,영업/정상,"서울특별시 강남구 남부순환로378길 18, 2층 (도곡동)"
포메인 레드(RED) 도곡점,기타,37.48867259728632,127.05210218727476,영업/정상,"서울특별시 강남구 언주로30길 21, A동 1층 105-1호 (도곡동, 아카데미스위트)"
포36거리(역삼점),기타,37.49469534254429,127.03491097976153,영업/정상,"서울특별시 강남구 역삼로 141, 2층 (역삼동, YB빌딩)"
페리지(PERIGEE),기타,37.51126229066439,127.04949052464929,영업/정상,"서울특별시 강남구 봉은사로68길 6-5, 지상1층 (삼성동)"
티엔역삼점,기타,37.49240903545035,127.03202358981508,영업/정상,"서울특별시 강남구 역삼로4길 16 (역삼동,성우스타우스지상1층106호)"
유정분식,기타,37.49447727219255,127.03420154751092,영업/정상,"서울특별시 강남구 역삼로 133, 지상1층 2호 (역삼동)"
본도시락 압구정역점,기타,37.5240679917356,127.02444840042686,영업/정상,"서울특별시 강남구 압구정로18길 12, 지상1층 101호 (신사동)"
윤씨네푸드,기타,37.50764711730527,127.02890178922476,영업/정상,"서울특별시 강남구 강남대로120길 67, 지상1층 101호 (논현동)"
(주)우동명가기리야마본진,기타,37.497135136848954,127.03037688974048,영업/정상,"서울특별시 강남구 강남대로84길 23, 지하1층 02,03,04,05,06,07호 (역삼동, 한라클래식)"
리꼬카페,기타,37.50524861402327,127.05870429165712,영업/정상,"서울특별시 강남구 삼성로82길 11, 지상1층 (대치동)"
프레임바이로찌(FRAME by Lodge),기타,37.50386774967897,127.02553033695706,영업/정상,서울특별시 강남구 봉은사로2길 12 (역삼동)
홍반장신의주찹쌀순대,기타,37.52060347445123,127.02722767449569,영업/정상,서울특별시 강남구 도산대로25길 11 (신사동)
토담,기타,37.479170870706184,127.04485606186876,영업/정상,"서울특별시 강남구 개포로15길 3-16 (개포동,지상1층)"
이름없는 파스타 대치점,기타,37.49995406632716,127.05992182068142,영업/정상,"서울특별시 강남구 삼성로 315, 청하빌딩 지상1층 (대치동)"
바스버거 대치역점,기타,37.4938288264825,127.0629407625155,영업/정상,"서울특별시 강남구 삼성로 155, 대치퍼스트빌딩 1층 109호 (대치동)"
옛날돈가스,기타,37.52028858132262,127.03221524162933,영업/정상,"서울특별시 강남구 도산대로 232, 시동 1층 비호 (논현동, 청학아파트)"
스킵스피자,기타,37.494915537568744,127.03999130651675,영업/정상,"서울특별시 강남구 논현로 332, 계유빌딩 1층 (역삼동)"
나인(NINE),기타,37.52424585323722,127.04239413657471,영업/정상,"서울특별시 강남구 선릉로152길 34, 지상2층 (청담동)"
808김밥,기타,37.50442891546467,127.02528116050811,영업/정상,서울특별시 강남구 봉은사로 106 (역삼동)
지호한방삼계탕,기타,37.49286916239646,127.04031971123757,영업/정상,"서울특별시 강남구 논현로 307 (역삼동,지상1층)"
시와 신사점,기타,37.51877161786243,127.02066860429736,영업/정상,"서울특별시 강남구 압구정로2길 46, 지상1층 20호 (신사동, ---------)"
동산분식,기타,37.50439136329457,127.05334865475601,영업/정상,"서울특별시 강남구 테헤란로70길 16, 지상1층 B-2호 (대치동)"
(주)신안관광호텔리베라,기타,37.52389374086157,127.05412389343165,영업/정상,서울특별시 강남구 영동대로 737 (청담동)
오마치,기타,37.50254240822835,127.05255855712636,영업/정상,"서울특별시 강남구 역삼로65길 20, 지상101호 (대치동)"
카메참치,기타,37.503385806951904,127.03653470030005,영업/정상,"서울특별시 강남구 봉은사로30길 64, 지하1층 (역삼동, 해석빌딩)"
블룸,기타,37.51077016797964,127.0569127647004,영업/정상,"서울특별시 강남구 삼성로100길 23-11, 화인빌딩 지하1층 (삼성동)"
사이,기타,37.52182281549964,127.03202432137635,영업/정상,"서울특별시 강남구 언주로151길 17, 지상1층 (신사동)"
학동커피,기타,37.51245831860277,127.03207674285521,영업/정상,"서울특별시 강남구 논현로124길 5, 지상2층 201-4호 (논현동)"
라벤더,기타,37.495574232269064,127.040654228733,영업/정상,"서울특별시 강남구 논현로72길 14, 리안빌딩 지하1층 (역삼동)"
모우정,기타,37.520407250459,127.03609523539045,영업/정상,"서울특별시 강남구 언주로148길 14, 지상2층 (논현동)"
투뿔 한우천국 학동역점,기타,37.51274679548036,127.02847508249083,영업/정상,"서울특별시 강남구 학동로 158 (논현동,율암빌딩지하1층103호)"
동래정 선릉직영점,기타,37.5047987745711,127.04343161919253,영업/정상,"서울특별시 강남구 언주로98길 20, 지상1층 101,102호 (역삼동)"
쇼군,기타,37.51039790008076,127.0611933146357,영업/정상,"서울특별시 강남구 영동대로 513, 지하1층 O105호 (삼성동, 컨벤션센터 코엑스몰)"
마리에가든,기타,37.52691652816877,127.03021566196928,영업/정상,"서울특별시 강남구 압구정로32길 11, 지하2층 B201,B202,B203호 (신사동)"
(주)비에쓰마트백소정강남역점,기타,37.502223285970345,127.02698113529252,영업/정상,"서울특별시 강남구 강남대로102길 15, 지상2층 (역삼동)"
제이어스,기타,37.50971623935137,127.03352390377331,영업/정상,"서울특별시 강남구 봉은사로29길 35, 제지하2층 제비201호, 제비202호, 제비203호 주방8호 (논현동, 한양수자인 어반게이트)"
다돈식당 역삼점,기타,37.494634723220535,127.03739999064605,영업/정상,"서울특별시 강남구 역삼로20길 10, 지상1층 (역삼동)"
피양콩할마니,기타,37.5041295275308,127.0552369268689,영업/정상,"서울특별시 강남구 삼성로81길 30 (대치동,지상1층)"
본도시락 역삼역점,기타,37.49817677880218,127.0336434519445,영업/정상,"서울특별시 강남구 논현로85길 52, 역삼 푸르지오 시티 지하1층 B104호 (역삼동)"
라 마그리트(La Marguerite),기타,37.50106081576503,127.06427041097814,영업/정상,"서울특별시 강남구 삼성로64길 49, 지상1층 (대치동)"
멍텅구리,기타,37.49798405867348,127.03439215966614,영업/정상,서울특별시 강남구 논현로85길 47 (역삼동)
명원,기타,37.512564243116984,127.05280353883991,영업/정상,서울특별시 강남구 봉은사로 478 (삼성동)
마봉양꼬치 압구정점,기타,37.52526321552259,127.02687102657774,영업/정상,"서울특별시 강남구 압구정로28길 22-10, 지상1층 102호 (신사동)"
샐러디 강남점,기타,37.497135136848954,127.03037688974048,영업/정상,"서울특별시 강남구 강남대로84길 23, 한라클래식오피스텔 지상1층 104호 (역삼동)"
라벤더,기타,37.52615558118633,127.04149316074609,영업/정상,"서울특별시 강남구 선릉로158길 13-12, 지상3층 (청담동)"
미정,기타,37.46925413555886,127.11883233502265,영업/정상,"서울특별시 강남구 헌릉로745길 25 (율현동,A동지하1층123호)"
슈가,기타,37.521750421220474,127.03094545869439,영업/정상,"서울특별시 강남구 논현로152길 35, GIOGIA빌딩 지상2층 (신사동)"
바라바,기타,37.499139106109816,127.03258748487671,영업/정상,서울특별시 강남구 테헤란로 128 (역삼동)
고른햇살,기타,37.49240903545035,127.03202358981508,영업/정상,"서울특별시 강남구 역삼로4길 16, 성우스타우스오피스텔 지상1층 111호 (역삼동)"
갤러리 카페 엔소,기타,37.48110874688909,127.10282186492049,영업/정상,"서울특별시 강남구 밤고개로14길 25-4, 지상1층 (자곡동)"
889식당,기타,37.503606359067454,127.04969582644146,영업/정상,"서울특별시 강남구 선릉로 432 (대치동,1층)"
디저트랩,기타,37.51565684060389,127.0497965586157,영업/정상,"서울특별시 강남구 삼성로119길 21, 지상1층 (삼성동)"
카이카츠 논현점,기타,37.516796248447456,127.03759972124796,영업/정상,"서울특별시 강남구 언주로134길 24, 지상1층 (논현동)"
은마골,기타,37.49905209560833,127.06239294826824,영업/정상,서울특별시 강남구 도곡로 510 (대치동)
(주)이야이야앤프렌즈,기타,37.52449802532182,127.03798605762665,영업/정상,"서울특별시 강남구 도산대로51길 22, 지하1층 (신사동)"
황금정육식당,기타,37.500590199254376,127.04276255216791,영업/정상,"서울특별시 강남구 테헤란로38길 29, 이원빌딩 지상1층 102호 (역삼동)"
고메키친 도곡점,기타,37.49195328350811,127.03854273809206,영업/정상,"서울특별시 강남구 도곡로 175, 창림빌딩 지상1층 105호 내 주방1호 (역삼동)"
제이어스 에프앤비,기타,37.50971623935137,127.03352390377331,영업/정상,"서울특별시 강남구 봉은사로29길 35, 지하2층 B201,B202,B203호 주방16호 (논현동, 한양수자인 어반게이트)"
우제홍 참치,기타,37.50835348539162,127.02342481110134,영업/정상,"서울특별시 강남구 학동로2길 50 (논현동, 명성빌딩 지상2층)"
난장캠프,기타,37.50574462277752,127.02520730995627,영업/정상,"서울특별시 강남구 강남대로114길 10, 2층 201호 (논현동)"
가야,기타,37.528198813064,127.03199344694382,영업/정상,서울특별시 강남구 언주로173길 18 (신사동)
네버랜드,기타,37.50765248026296,127.02726370950425,영업/정상,"서울특별시 강남구 봉은사로7길 32, 1층 (논현동)"
백소정 삼성점,기타,37.50607475929007,127.05970291043792,영업/정상,"서울특별시 강남구 삼성로86길 26, 드림 빌딩 2층 (대치동)"
쭈꾸미도사 압구정로데오점,기타,37.525954492436455,127.03810030354336,영업/정상,"서울특별시 강남구 도산대로51길 41, 지하1층 (신사동)"
오봉집 개포점,기타,37.48288378680995,127.06236927260622,영업/정상,"서울특별시 강남구 선릉로4길 17, 지상1층 (개포동)"
구미곱창 신사본점,기타,37.51953490895289,127.02198132099606,영업/정상,"서울특별시 강남구 도산대로11길 31-4, 지상1층 (신사동)"
대성식당,기타,37.500295549439315,127.0400898964297,영업/정상,"서울특별시 강남구 논현로86길 32, 지하1층 (역삼동)"
순정한우 정육식당 역삼점,기타,37.50091531529374,127.03279270813837,영업/정상,"서울특별시 강남구 강남대로94길 69, 1층 (역삼동)"
사조참치삼성점,기타,37.50831384510651,127.06546765925698,영업/정상,서울특별시 강남구 영동대로86길 17 (대치동)
신미식당,기타,37.52795304265197,127.03076957910137,영업/정상,서울특별시 강남구 압구정로 214 (신사동)
멘노아지,기타,37.49600684150905,127.03043130296784,영업/정상,"서울특별시 강남구 테헤란로4길 38, 태영빌딩 지상1층 (역삼동)"
카페 베르떼,기타,37.51135787936584,127.04403036437256,영업/정상,"서울특별시 강남구 선릉로112길 5, 지하1층 (삼성동)"
볼트스테이크하우스(Vault steak house),기타,37.52502046996413,127.04497267606942,영업/정상,"서울특별시 강남구 압구정로72길 22, 지상2층 (청담동)"
최강곱도리탕,기타,37.50284011257186,127.03744102263121,영업/정상,"서울특별시 강남구 테헤란로27길 23, 지하1층 3호 (역삼동)"
가츠오(대치점),기타,37.499006271235075,127.05349201634859,영업/정상,"서울특별시 강남구 도곡로63길 31, 1층 (대치동)"
그리에 청담(GRee E),기타,37.524661217615254,127.04192472852337,영업/정상,"서울특별시 강남구 도산대로59길 13, 위드윤영 6층 (청담동)"
빈 BAR. WIEN,기타,37.50857077186228,127.03464946000018,영업/정상,"서울특별시 강남구 봉은사로29길 12, 지하1층 (논현동)"
카페인더무드X무드베지,기타,37.50403046503905,127.05565064639856,영업/정상,"서울특별시 강남구 삼성로81길 25, 지상1층 (대치동)"
벌교한상,기타,37.48583847739751,127.0993884480454,영업/정상,서울특별시 강남구 광평로46길 7 (수서동)
어가,기타,37.49248992050018,127.04020826876611,영업/정상,서울특별시 강남구 도곡로 191 (역삼동)
청담몽,기타,37.525949659288536,127.05096311624713,영업/정상,"서울특별시 강남구 도산대로89길 19-4, 지상1층 (청담동)"
클라인,기타,37.52571098961074,127.0448887131799,영업/정상,"서울특별시 강남구 압구정로72길 12 (청담동,갤러리빌딩지하1층)"
향로,기타,37.505999199123224,127.05994369802345,영업/정상,"서울특별시 강남구 삼성로84길 29, 1층 (대치동)"
떡판왕 선릉2호점,기타,37.506165481895756,127.05298732897415,영업/정상,"서울특별시 강남구 테헤란로 423, 지하1층 103호 (삼성동, 현대타워)"
개나리,기타,37.52233936937186,127.02667843562473,영업/정상,"서울특별시 강남구 논현로157길 15 (신사동,지상1층)"
아이스걸크림보이 강남대치,기타,37.50211436988569,127.05205975225967,영업/정상,"서울특별시 강남구 역삼로63길 15, 지상1층 102호 (대치동)"
대성,기타,37.48530933573788,127.03440343401125,영업/정상,"서울특별시 강남구 강남대로 240 (도곡동,SK허브프리모 지하1층 116호)"
한솥,기타,37.49473212133419,127.035032692761,영업/정상,서울특별시 강남구 역삼로 143 (역삼동)
헤븐,기타,37.50291026229603,127.03773395455629,영업/정상,"서울특별시 강남구 테헤란로27길 22 (역삼동,지하1층)"
마르세유,기타,37.52722952687186,127.04019383493701,영업/정상,"서울특별시 강남구 선릉로 843, 지상1층 2호 (신사동)"
슈만드젠,기타,37.520243508695536,127.02212416396017,영업/정상,"서울특별시 강남구 도산대로11길 43, 지상1층 (신사동)"
압구정역점(석암생소금구이),기타,37.52511028619674,127.02783185602338,영업/정상,"서울특별시 강남구 압구정로28길 21, 1층 (신사동)"
소향,기타,37.48530120244983,127.04566383286675,영업/정상,"서울특별시 강남구 논현로38길 46-9, 2층 (도곡동)"
전셰프의 부페플러스,기타,37.50520236127337,127.05539152742065,영업/정상,"서울특별시 강남구 테헤란로78길 16, 지하1층 (대치동)"
귀족볶음밥,기타,37.49595516164303,127.04665713725551,영업/정상,"서울특별시 강남구 언주로 314, 강남프라자 지하1층 B110-2호 (역삼동)"
치어스,기타,37.478156285583964,127.04617748426158,영업/정상,서울특별시 강남구 논현로20길 16 (개포동)
피제리아 호키포키 삼성점,기타,37.512860217427,127.05568403232883,영업/정상,"서울특별시 강남구 봉은사로84길 7, 1층 (삼성동)"
태임,기타,37.52768535774756,127.0301898048003,영업/정상,서울특별시 강남구 압구정로 210 (신사동)
수이,기타,37.52609839039133,127.04107240804649,영업/정상,"서울특별시 강남구 도산대로55길 40, 지상1층 (청담동)"
오스카,기타,37.511286296115394,127.05642052253307,영업/정상,"서울특별시 강남구 삼성로104길 21, 지상2층 (삼성동)"
(주)신화아이푸드 긴자청담점,기타,37.524384635459896,127.05184266520158,영업/정상,"서울특별시 강남구 도산대로 534 (청담동, 지상 2, 3층)"
삼해수산,기타,37.499484972365494,127.02809895811991,영업/정상,"서울특별시 강남구 강남대로94길 9, 1층 (역삼동)"
네온스무디,기타,37.5262498731829,127.03717727092905,영업/정상,"서울특별시 강남구 선릉로157길 31, 지하1층 (신사동)"
실신떡볶이앤팔당오징어,기타,37.505203615433764,127.0402620980332,영업/정상,"서울특별시 강남구 언주로97길 13, 지하1층 (역삼동)"
테리야끼,기타,37.512521154961824,127.05881929973503,영업/정상,"서울특별시 강남구 영동대로 511 (삼성동,코엑스몰 L-22호)"
사쿠카츠,기타,37.503905799798616,127.05462872634766,영업/정상,"서울특별시 강남구 삼성로81길 36, 지상1층 (대치동)"
반포식스 포스코사거리점,기타,37.50891380039874,127.05634982246758,영업/정상,"서울특별시 강남구 삼성로96길 7, 지상1층 (삼성동)"
제레미버거,기타,37.485573232239524,127.0372861223478,영업/정상,"서울특별시 강남구 남부순환로361길 7, 리치원룸텔 지상1층 102호 (도곡동)"
청담동마녀김밥 청담본점,기타,37.525024533913715,127.0498233941262,영업/정상,"서울특별시 강남구 압구정로79길 32, 지상1층 104호 (청담동)"
깐부치킨(역삼역점),기타,37.500658945662806,127.03416279043074,영업/정상,"서울특별시 강남구 강남대로94길 86, 지상1층 (역삼동)"
서울식당,기타,37.49886461428707,127.04298518273929,영업/정상,서울특별시 강남구 역삼로37길 14 (역삼동)
슬로우캘리 논현점,기타,37.507167071881376,127.02763999937098,영업/정상,"서울특별시 강남구 강남대로118길 60, 지상1층 102호 (논현동)"
스시 도,기타,37.495192006320906,127.08500895088119,영업/정상,서울특별시 강남구 개포로 662 (일원동)
주식회사 을밀대,기타,37.49539989631866,127.03040580524147,영업/정상,"서울특별시 강남구 테헤란로4길 46 (역삼동,쌍용플래티넘밸류 B147,B148,B149호)"
아가(AGA),기타,37.521687306728545,127.02708787870982,영업/정상,"서울특별시 강남구 논현로155길 11, 동란빌딩 1층 (신사동)"
"카페 아에르, cafe aer",기타,37.50024905163582,127.06599230147627,영업/정상,"서울특별시 강남구 도곡로 538, 원일빌딩 지상1층 (대치동)"
풍원,기타,37.50702098121624,127.02530758917926,영업/정상,서울특별시 강남구 강남대로118길 25 (논현동)
동경에서먹었던규동(강남점),기타,37.49685594986909,127.03045241067632,영업/정상,"서울특별시 강남구 테헤란로4길 25, 지상1층 (역삼동)"
뮤지컬 펍 송스루 청담라운지,기타,37.5256336186308,127.04150507847012,영업/정상,"서울특별시 강남구 압구정로60길 26, 지하2층 (청담동)"
이구펍4호점(29PUB),기타,37.50375849188647,127.02606519524043,영업/정상,"서울특별시 강남구 강남대로110길 14, 지하1층 (역삼동)"
프라텔리,기타,37.50286030045384,127.02691872184288,영업/정상,"서울특별시 강남구 봉은사로4길 31, 지하1층,지상1층 (역삼동)"
퐁(PONG),기타,37.526394603264,127.03659304704718,영업/정상,"서울특별시 강남구 언주로170길 36, 지와이빌딩 지상2층 (신사동)"
청담25,기타,37.525024533913715,127.0498233941262,영업/정상,"서울특별시 강남구 압구정로79길 32, 2층 201,202,203,204호 (청담동)"
씽크씽크,기타,37.51085834581184,127.05072655089569,영업/정상,"서울특별시 강남구 봉은사로68길 19 (삼성동,지상2층)"
강남초장,기타,37.48888090919822,127.0676510840815,영업/정상,"서울특별시 강남구 개포로82길 5-8, 성지빌딩 지상1층 5호.6호 (개포동)"
전가네손칼국수,칼국수,37.504701538880624,127.04591963926977,영업/정상,"서울특별시 강남구 선릉로93길 34 (역삼동,지상2층)"
바쥬2,기타,37.527452817280185,127.0397699166437,영업/정상,"서울특별시 강남구 압구정로54길 5, 지상1층 (신사동)"
물고기자리 논현점,기타,37.508928108862676,127.02419223503375,영업/정상,"서울특별시 강남구 학동로4길 39, 지상1층,지상2층 202호 (논현동)"
영동숯불생고기,기타,37.46400000954552,127.10730858512954,영업/정상,"서울특별시 강남구 밤고개로34길 4, 지상1층 2호 (세곡동)"
드라마,기타,37.498362797948374,127.03307007569315,영업/정상,"서울특별시 강남구 테헤란로14길 16, 라인빌딩 지하1층 B101호 (역삼동)"
조이,기타,37.522863756378165,127.0395279205659,영업/정상,"서울특별시 강남구 선릉로 762 (청담동,지하1층)"
해남식당,기타,37.5223050100243,127.05773590499582,영업/정상,"서울특별시 강남구 학동로101길 26, 청담 삼익상가 지하1층 4호 (청담동)"
센티넬(Sentinel),기타,37.52183334384167,127.02162943555896,영업/정상,"서울특별시 강남구 압구정로10길 30-5, 지상1층 (신사동)"
차이,기타,37.52228363179451,127.05472575880876,영업/정상,"서울특별시 강남구 학동로97길 38, 더하우스 지하1층 (청담동)"
교촌치킨 선릉점,기타,37.503750053282,127.054851655827,영업/정상,"서울특별시 강남구 삼성로81길 35, 강남빌딩 지상1,2층 (대치동)"
청담 더 코스,기타,37.526691974380896,127.0430842642103,영업/정상,"서울특별시 강남구 선릉로162길 27-3, 지하1층 (청담동)"
디그인(Dig In),기타,37.5236107166608,127.02721037711211,영업/정상,"서울특별시 강남구 논현로161길 12, 지상1층 (신사동)"
아지트2카페,기타,37.500598393427275,127.02755543444752,영업/정상,"서울특별시 강남구 강남대로98길 10, 지상3층 (역삼동)"
훠궈야파르나스몰점,기타,37.50904780086485,127.06089284405361,영업/정상,"서울특별시 강남구 테헤란로 521, 파르나스타워 지하1층 F-2b호 (삼성동)"
착한왕갈비탕,기타,37.49048987805451,127.08269876777749,영업/정상,"서울특별시 강남구 양재대로33길 15 (일원동,지상1층)"
더반 베를린 신사점,기타,37.52105954650029,127.02406665960318,영업/정상,"서울특별시 강남구 도산대로17길 36, 1층 (신사동)"
윈,기타,37.50668572613071,127.05896967474987,영업/정상,"서울특별시 강남구 테헤란로86길 10 (대치동,지하1층)"
토종시골집,기타,37.504441829037965,127.04368674014272,영업/정상,"서울특별시 강남구 테헤란로43길 17, 2층 201호 (역삼동)"
살롱 드 모비딕(SALON DE MOBYDICK),기타,37.51759198755917,127.02958547666731,영업/정상,"서울특별시 강남구 논현로 734, 지하2층, 지상1층 (논현동)"
신사우동,기타,37.514845504013635,127.02028071471324,영업/정상,"서울특별시 강남구 강남대로 594 (논현동,지상1층)"
본도시락(선릉점),기타,37.50258488929874,127.05050390237162,영업/정상,"서울특별시 강남구 선릉로82길 5, 1층 101호 (대치동, 캥거루 빌딩)"
화담,기타,37.50744287434905,127.05393530745638,영업/정상,"서울특별시 강남구 삼성로95길 23, 남양빌딩 지상1층 (삼성동)"
프론트 서울,기타,37.519343940198254,127.02222383129397,영업/정상,"서울특별시 강남구 도산대로11길 29, 박태준 만화회사 지하1, 지상1,2층 (신사동)"
말죽거리 옛날통닭,기타,37.48514456922606,127.03575694615022,영업/정상,"서울특별시 강남구 남부순환로 2615, 지상1층 112~114호 (도곡동)"
더 282,기타,37.51670524607798,127.02548917173922,영업/정상,"서울특별시 강남구 논현로145길 46, escape 1층 (논현동)"
TAANGO 탕고,기타,37.52853674763107,127.03215933914923,영업/정상,"서울특별시 강남구 압구정로 224, 우미빌딩 지상1층 106호 (신사동)"
쇼 긴,기타,37.50239757811911,127.0346537773214,영업/정상,"서울특별시 강남구 논현로95길 14 (역삼동,예양빌딩102호)"
오그니 서울(Ogni SEOUL),기타,37.508349830775906,127.03475758684478,영업/정상,"서울특별시 강남구 봉은사로29길 8, 유정빌딩 지하1층 (논현동)"
죠샌드위치포스코사거리점,기타,37.50463280235361,127.05375184097016,영업/정상,"서울특별시 강남구 삼성로85길 42 (대치동,지상1층102호)"
(주)엠에프지코리아 매드포갈릭 도곡점,기타,37.48688989236842,127.04889704230517,영업/정상,"서울특별시 강남구 언주로 123 (도곡동,지하1층)"
포아당 선정릉역점,기타,37.51076589479097,127.04341651465624,영업/정상,"서울특별시 강남구 선릉로 603, 지상2층 (논현동)"
메종드그릭,기타,37.50970957501977,127.03198656238861,영업/정상,"서울특별시 강남구 논현로117길 7, 대운빌딩 지하2층 (논현동)"
수랏간김치찌개압구정점,기타,37.52775114970725,127.03783452274365,영업/정상,"서울특별시 강남구 선릉로161길 32, 지하1층 (신사동)"
선릉맥주,기타,37.506758766171096,127.05393053740143,영업/정상,"서울특별시 강남구 삼성로91길 28, 케이엘타워 지하1층 (삼성동)"
르비르모어,기타,37.5039351662143,127.05002017185355,영업/정상,"서울특별시 강남구 선릉로90길 10, 샹제리제센터 지하2층 B201호 (대치동)"
보름쇠,기타,37.5092977192705,127.05654939498052,영업/정상,"서울특별시 강남구 테헤란로81길 36 (삼성동,지상1.2층)"
페아노커브,기타,37.52282112319676,127.02882929922097,영업/정상,"서울특별시 강남구 압구정로30길 70, 지상1층 (신사동)"
담소락,기타,37.514447767755655,127.02908337586712,영업/정상,"서울특별시 강남구 논현로131길 14 (논현동,지하1층)"
주식회사 김수사,기타,37.517198505924995,127.02366662426299,영업/정상,"서울특별시 강남구 도산대로12길 7, 지하1층 (논현동)"
수,기타,37.510408221562855,127.04194547057341,영업/정상,"서울특별시 강남구 봉은사로49길 7, 지하1층 (논현동)"
평상집 강남일원점,기타,37.48990683072562,127.08391041794597,영업/정상,"서울특별시 강남구 일원로9길 28, 1층 1호 (일원동)"
플레이어,기타,37.52640588946508,127.04125635626458,영업/정상,"서울특별시 강남구 도산대로55길 46 (청담동,지상1층)"
청담궁,기타,37.52295705541285,127.0446512756967,영업/정상,"서울특별시 강남구 도산대로68길 10, 지하1층 101호 (청담동)"
맥주창고플러스,기타,37.51606961971495,127.04049918807128,영업/정상,"서울특별시 강남구 선릉로129길 13, 지하1층 (논현동)"
갤러리,기타,37.51093618435364,127.04792507783154,영업/정상,"서울특별시 강남구 봉은사로64길 5, 지하1층 (삼성동)"
현정키친,기타,37.51043085655019,127.02278254847074,영업/정상,"서울특별시 강남구 학동로2길 13, 지상2층 3호 (논현동)"
라보 스테이크하우스,기타,37.52585129903008,127.04234106334037,영업/정상,"서울특별시 강남구 도산대로59길 31, 지상1,2,3층 (청담동)"
도스타코스,기타,37.483746526374965,127.04426237909853,영업/정상,"서울특별시 강남구 논현로28길 27, 지상1층 102호 (도곡동)"
스시기요세,기타,37.52394703480201,127.03665236659143,영업/정상,"서울특별시 강남구 압구정로46길 73, 지상2층 (신사동)"
커피하우스,기타,37.50688369141595,127.05943678659689,영업/정상,"서울특별시 강남구 테헤란로88길 10, 1층 103호 (대치동, 신안메트로칸)"
포호아시아,기타,37.499719131778065,127.03489804306014,영업/정상,"서울특별시 강남구 테헤란로 142, 캐피탈타워 지상1층 (역삼동)"
육본,기타,37.47492825526068,127.04788895632704,영업/정상,"서울특별시 강남구 논현로 48 (개포동,2층)"
원조감자탕일미집 역삼점,기타,37.496513797867244,127.03857202189195,영업/정상,"서울특별시 강남구 논현로 409, 지상1층 (역삼동)"
(주)커피빈코리아 도곡점,기타,37.4873620460815,127.05132530187836,영업/정상,"서울특별시 강남구 언주로30길 10, 현대비전21 지상1층 112호 (도곡동)"
달구지,기타,37.52103846694314,127.04835872254928,영업/정상,"서울특별시 강남구 학동로77길 36 (청담동,지하1층)"
도시와 사람들,기타,37.498415826599924,127.04293362854749,영업/정상,"서울특별시 강남구 역삼로37길 9, 지하1층 1호 (역삼동)"
맑은 바닷가,기타,37.51128920373617,127.04484536942962,영업/정상,"서울특별시 강남구 선릉로112길 14, 지상 1층 (삼성동)"
도산분식(도산공원점),기타,37.52369239217756,127.03788988630612,영업/정상,"서울특별시 강남구 도산대로49길 10-6, 젤로빌딩 지상1층 (신사동)"
도리토리본점,기타,37.51409445321602,127.04165532972318,영업/정상,"서울특별시 강남구 선릉로121길 8, 지상1층 (논현동)"
디카프커피하우스,기타,37.52257128344087,127.02236970758689,영업/정상,"서울특별시 강남구 가로수길 69, 엘큐브/elcube 지상1층 (신사동)"
생활맥주 역삼점,기타,37.503262820627306,127.03928584969348,영업/정상,"서울특별시 강남구 언주로93길 34, 지상1층 (역삼동)"
더스페이스,기타,37.4850861994745,127.04297356097358,영업/정상,"서울특별시 강남구 논현로38길 16, 재경빌딩 지상1층 (도곡동)"
든든 아구,기타,37.494284720643314,127.03489819699169,영업/정상,"서울특별시 강남구 역삼로 140, 청암빌딩 지상1층 (역삼동)"
치치덮밥,기타,37.499251202902656,127.03593284583003,영업/정상,"서울특별시 강남구 테헤란로26길 14, 위워크빌딩 지하3층 204호 (역삼동)"
갓포 마코토,기타,37.526627580150894,127.03402508897436,영업/정상,"서울특별시 강남구 언주로168길 5, 지미안빌딩 지상2층 (신사동)"
뉴조샌드위치,기타,37.506237933573196,127.05812932534181,영업/정상,"서울특별시 강남구 테헤란로82길 11 (대치동,지상1층)"
칠복,기타,37.50543042194364,127.0410556247536,영업/정상,"서울특별시 강남구 언주로 527, 강남텔레피아빌딩 지상1층 (역삼동)"
삐삐주점,기타,37.509583184392625,127.02312242495498,영업/정상,"서울특별시 강남구 학동로2길 29, 1층 B호 (논현동)"
언노운커피,기타,37.501091990214306,127.05175173159972,영업/정상,"서울특별시 강남구 역삼로 409, 지상1층 106호 (대치동, 아티스톤)"
달달볶는그녀,기타,37.47488410412403,127.05284941130084,영업/정상,"서울특별시 강남구 논현로8길 53, 지상1층 3호 (개포동)"
춘여닭 숯불닭갈비,기타,37.50925223236292,127.03269038672173,영업/정상,"서울특별시 강남구 논현로 623, 성지빌딩 지상1층 103호 (논현동)"
우앤,기타,37.522416010658844,127.0328971508866,영업/정상,"서울특별시 강남구 언주로151길 4-1, 지상1층 (신사동)"
청숫골보리밥쌈밥,기타,37.51936230212157,127.05032908189212,영업/정상,"서울특별시 강남구 삼성로 706 (청담동,지하1층)"
필,기타,37.52061646643512,127.03773873931975,영업/정상,서울특별시 강남구 도산대로50길 27 (논현동)
미선우육면,기타,37.50297359241314,127.04653232570449,영업/정상,"서울특별시 강남구 테헤란로 322, 한신인터밸리24 지하2층 B119호 (역삼동)"
폴 바셋 코엑스몰점,기타,37.512521154961824,127.05881929973503,영업/정상,"서울특별시 강남구 영동대로 513, 컨벤션센터동 지상1층 P104호 (삼성동, 코엑스몰)"
문어집,기타,37.51828578401193,127.02144621809188,영업/정상,"서울특별시 강남구 압구정로2길 57, 104호 (신사동)"
깜브레(cambr`e),기타,37.494086502279025,127.03414419193955,영업/정상,"서울특별시 강남구 역삼로 132, 지상2층 (역삼동)"
계륵장군,기타,37.520407250459,127.03609523539045,영업/정상,"서울특별시 강남구 언주로148길 14, 청호불교문화원 지상1층 (논현동)"
치킨뱅이대치점,기타,37.50798923518987,127.06560528891723,영업/정상,서울특별시 강남구 영동대로86길 18 (대치동)
네네치킨 역삼1호점,기타,37.493310745070325,127.03606082135052,영업/정상,"서울특별시 강남구 논현로67길 48 (역삼동,지상1층)"
이에고(YIEGO),기타,37.48498669525048,127.04575154468272,영업/정상,"서울특별시 강남구 논현로30길 50, 지상2층 (도곡동)"
바다한상,기타,37.48530842209479,127.04390558938407,영업/정상,"서울특별시 강남구 논현로38길 28 (도곡동,지상1층)"
국립밥물관,기타,37.503958576924866,127.057041828026,영업/정상,"서울특별시 강남구 삼성로 417, 지하1층 B03호 (대치동, 대치포스코더샵아파트)"
석암생소금구이 신논현점,기타,37.508387635366255,127.02369976253412,영업/정상,"서울특별시 강남구 학동로2길 51, 지상1층 (논현동)"
해머스미스 대치점,기타,37.5041511422463,127.05209766721448,영업/정상,"서울특별시 강남구 선릉로86길 31, 롯데골드로즈2 지상1층 105호 (대치동)"
김가네,기타,37.49565692105216,127.04560671642466,영업/정상,"서울특별시 강남구 언주로 313 (역삼동,1층 6-가호)"
동호마을,기타,37.49744991337473,127.05346731451152,영업/정상,"서울특별시 강남구 선릉로62길 9, 1층 103호,104호,105호 (대치동)"
고양이 식탁,기타,37.501091990214306,127.05175173159972,영업/정상,"서울특별시 강남구 역삼로 409, 지상1층 102호 (대치동, 아티스톤)"
더블유더블유선릉일호점,기타,37.50238849268948,127.0434481443521,영업/정상,"서울특별시 강남구 테헤란로 302, 위워크타워 지하1층 (역삼동)"
스시모토이,기타,37.52241494935824,127.04235127952393,영업/정상,"서울특별시 강남구 선릉로146길 27-10, 지상2층 (청담동)"
스시 에비스,기타,37.525273184054484,127.0273736757905,영업/정상,"서울특별시 강남구 압구정로28길 22, 지상1층 103호 (신사동)"
소노야,기타,37.512521154961824,127.05881929973503,영업/정상,"서울특별시 강남구 영동대로 513, L106호 (삼성동, 코엑스몰)"
천공,기타,37.52684973103294,127.03804130183872,영업/정상,"서울특별시 강남구 언주로172길 54, 2층 (신사동)"
아카리 청담,기타,37.525430279774355,127.04016787573234,영업/정상,"서울특별시 강남구 선릉로 824, 8층 (청담동)"
쭈니네 츄러스 압구정점,기타,37.5257007428661,127.03800872061107,영업/정상,"서울특별시 강남구 도산대로51길 37, 지상1층 101호 (신사동)"
포브,기타,37.518374935275936,127.02166589031057,영업/정상,"서울특별시 강남구 강남대로154길 33, 1층 (신사동)"
뽕신 바운스쿡 강남점,기타,37.49269141366099,127.0306593211146,영업/정상,"서울특별시 강남구 강남대로 330, 지층 8호 (역삼동, 우덕빌딩)"
창고43 삼성점,기타,37.50825029367828,127.06239166785073,영업/정상,"서울특별시 강남구 테헤란로 534, 지하1층 (대치동, 글라스타워)"
블루문3점0,기타,37.52083766306557,127.03054826390107,영업/정상,"서울특별시 강남구 도산대로 217, 13층 (신사동)"
동경탕후루 학동역점,기타,37.515675735486745,127.03095857813621,영업/정상,"서울특별시 강남구 논현로134길 9, 지상1층 (논현동)"
슬로우시티 이탈리아,기타,37.5057023799757,127.05766777028218,영업/정상,"서울특별시 강남구 삼성로 434, 2층 (대치동)"
한방정통삼계탕,기타,37.50366281753976,127.05284731118861,영업/정상,서울특별시 강남구 테헤란로68길 25 (대치동)
March rabbit(마치 래빗),기타,37.52033405782669,127.0245285350426,영업/정상,"서울특별시 강남구 논현로153길 45, 지상2층 (신사동)"
옐로우키친,기타,37.5115773199367,127.03219720917016,영업/정상,"서울특별시 강남구 논현로 648, 지상1층 (논현동)"
청담해정,기타,37.52497296224759,127.04879868388113,영업/정상,"서울특별시 강남구 압구정로79길 20, 지상1층,2층 (청담동)"
나고미,기타,37.50537374066516,127.02611595287553,영업/정상,"서울특별시 강남구 봉은사로 115 (논현동,1층)"
하루,기타,37.49490644552167,127.03902273701415,영업/정상,서울특별시 강남구 논현로71길 5 (역삼동)
라온제나 강남,기타,37.516967456752305,127.03856384397874,영업/정상,"서울특별시 강남구 학동로47길 5 (논현동,지상7층)"
도담한상,기타,37.47439366054752,127.10406662318532,영업/정상,"서울특별시 강남구 자곡로 192, 1층 118,119호 (자곡동, 강남푸르지오시티2차)"
흑돈가,기타,37.51249754457732,127.05625945296019,영업/정상,"서울특별시 강남구 봉은사로86길 14, 신정인터네셔널 지상1층,지상2층 (삼성동)"
정이든 밥,기타,37.49434795190433,127.07961586766422,영업/정상,"서울특별시 강남구 개포로 623, 지하1층 107호 (개포동, 대청타워)"
매머드커피 강남구청점,기타,37.51611445861106,127.0406679286133,영업/정상,"서울특별시 강남구 선릉로129길 11, 101호 (논현동)"
예담,기타,37.516810889320894,127.02497166063598,영업/정상,"서울특별시 강남구 도산대로16길 18, 지상2층 (논현동)"
사이카이,기타,37.518254534324704,127.02023065925327,영업/정상,"서울특별시 강남구 강남대로156길 13 (신사동,1층)"
빅스타노바피자 강남점,기타,37.506362079403345,127.02724432278399,영업/정상,"서울특별시 강남구 봉은사로7길 13, 지상1층 (논현동)"
생활맥주 삼성휘문점,기타,37.5059056904363,127.05919024552871,영업/정상,"서울특별시 강남구 삼성로86길 20, 지상1층 (대치동)"
알로하포케 갤러리아압구정점,기타,37.52856183010993,127.04005459356938,영업/정상,"서울특별시 강남구 압구정로 343, 갤러리아백화점 고메이 494 식품관 지하1층 (압구정동)"
메종,기타,37.486479091062954,127.04515558353022,영업/정상,"서울특별시 강남구 남부순환로 2737 (도곡동,지상2층)"
사운드웨이브커피,기타,37.51832226600175,127.03016108096591,영업/정상,"서울특별시 강남구 논현로146길 13, 1층 (논현동)"
부산아지매국밥 GS타워점,국밥,37.503082632944455,127.03765281516475,영업/정상,"서울특별시 강남구 테헤란로27길 26, 지상1층 (역삼동)"
강정애퐁 대치점,기타,37.49335771018789,127.06190904309952,영업/정상,"서울특별시 강남구 남부순환로 2936, 지상1층 102-1호 (대치동)"
187호,기타,37.50057339472026,127.02789563555845,영업/정상,"서울특별시 강남구 강남대로98길 12-3 (역삼동,지하1층)"
미미모(mimimo),기타,37.50853949667725,127.03238405931846,영업/정상,"서울특별시 강남구 논현로113길 10, 2동 지상1층 (논현동)"
에이유(Au) 강남점,기타,37.50822624694256,127.04078775221845,영업/정상,"서울특별시 강남구 언주로108길 18, 지상1층 101호 (역삼동)"
복만당 매봉역점,기타,37.48542838545168,127.04580649477055,영업/정상,"서울특별시 강남구 남부순환로378길 12, 지상1층 104호 (도곡동)"
4.2캐쥬얼다이닝,기타,37.47748780612681,127.04559660293671,영업/정상,"서울특별시 강남구 논현로20길 4-11, 지상1층 (개포동)"
포크로,기타,37.490904567885465,127.03248509962211,영업/정상,"서울특별시 강남구 도곡로1길 14, 삼일프라자오피스텔 1층 106호 (역삼동)"
(주)커피앤드디스트리뷰션오브코리아(역삼점),기타,37.49981009291828,127.03662878226913,영업/정상,"서울특별시 강남구 테헤란로 152 (역삼동,강남파이낸스센터 지하2층)"
사천옥,기타,37.50325120347936,127.05102969438278,영업/정상,"서울특별시 강남구 선릉로86길 16 (대치동,지상1층)"
유미식당딜리버리,기타,37.50333571146713,127.04032527184671,영업/정상,"서울특별시 강남구 언주로93길 21, 남전타운 지상4층 (역삼동)"
원 바이트 잇,기타,37.52049003764153,127.03370813247511,영업/정상,"서울특별시 강남구 언주로149길 5, 지하2층 (논현동)"
다락방,기타,37.48646988836106,127.03576335515382,영업/정상,"서울특별시 강남구 강남대로44길 27 (도곡동,번지 1층)"
해태곱창,기타,37.51054182685763,127.03594543667222,영업/정상,"서울특별시 강남구 언주로 615, 논현 아이파크 103동 지하1층 B110호 (논현동)"
공수간 코엑스몰,기타,37.512521154961824,127.05881929973503,영업/정상,"서울특별시 강남구 영동대로 513, 컨벤션센터동 지하1층 H116호 (삼성동, 코엑스몰)"
시라소니한옥식당,기타,37.5219510544269,127.04198974500001,영업/정상,"서울특별시 강남구 선릉로146길 27 (청담동,지상1,2층)"
페어드,기타,37.526219163479105,127.03859335740752,영업/정상,"서울특별시 강남구 선릉로157길 16, 6층 (신사동)"
을지로골뱅이,기타,37.50423802244204,127.02564617116201,영업/정상,"서울특별시 강남구 봉은사로2길 7 (역삼동,지상1층)"
스카이300,기타,37.5145802961981,127.0594833571263,영업/정상,"서울특별시 강남구 영동대로 607, 지상15층 (삼성동, 랜드마크빌딩)"
오토김밥 청담점,기타,37.525397518141155,127.04957111881687,영업/정상,"서울특별시 강남구 압구정로79길 29, 지상1층 (청담동)"
그라도스,기타,37.522362652467756,127.02430390668215,영업/정상,"서울특별시 강남구 논현로159길 46-5, 지상1층 (신사동)"
시토(SITO),기타,37.51695842380501,127.0285372629559,영업/정상,"서울특별시 강남구 도산대로26길 35, 지상1층 (논현동)"
디저트39신사역점,기타,37.51528909508536,127.02215675629941,영업/정상,"서울특별시 강남구 강남대로146길 25, 지상1층 (논현동)"
더팔당 본점,기타,37.527106578419364,127.03449738850688,영업/정상,"서울특별시 강남구 언주로170길 9, 1층 (신사동)"
에프원,기타,37.51257054443132,127.02871100788047,영업/정상,"서울특별시 강남구 학동로24길 10 (논현동,지하1층)"
보마켓 논현점,기타,37.51556033603726,127.02874672990728,영업/정상,"서울특별시 강남구 논현로135길 12, 3층 (논현동)"
명가원설농탕,기타,37.49955775608227,127.06392842263455,영업/정상,"서울특별시 강남구 도곡로 526 (대치동,남평빌딩1층)"
도산포차,기타,37.52650926400925,127.03894942390522,영업/정상,"서울특별시 강남구 선릉로157길 14-8, 지하1층 (신사동)"
파스쿠찌 도곡점,기타,37.48847201584525,127.04873271473052,영업/정상,"서울특별시 강남구 언주로 201, 에스케이리더스뷰 지상1층 102호 (도곡동)"
크크,기타,37.52416615356361,127.03906734141121,영업/정상,"서울특별시 강남구 선릉로 805, 지하1층 (신사동)"
산원 반주헌,기타,37.49772601279262,127.0292970420504,영업/정상,"서울특별시 강남구 테헤란로4길 6, 강남역 센트럴 푸르지오 시티 지하2층 B224호 (역삼동)"
다해회포차,기타,37.504744743334676,127.04617385495284,영업/정상,"서울특별시 강남구 선릉로93길 30, 지상1층 (역삼동)"
제이콥스 라운지(Jacob's Lounge),기타,37.51295342047875,127.03159687436334,영업/정상,"서울특별시 강남구 논현로 660, 1층 (논현동)"
다미,기타,37.51532503056715,127.04346229304251,영업/정상,"서울특별시 강남구 선릉로126길 16 (삼성동,지상1층)"
라쿠바,기타,37.52371445987741,127.022674422849,영업/정상,"서울특별시 강남구 논현로175길 78, 지하1층 (신사동)"
스시이안앤 강남역점,기타,37.49997752721779,127.0273847159866,영업/정상,"서울특별시 강남구 테헤란로1길 25, 지상2층 (역삼동)"
서울다찌,기타,37.49660520869135,127.03110402367486,영업/정상,"서울특별시 강남구 테헤란로6길 30, 지상1층 (역삼동)"
비랩,기타,37.500598393427275,127.02755543444752,영업/정상,"서울특별시 강남구 강남대로98길 10 (역삼동,지상2층)"
회초리 씨푸드 대치점,기타,37.504844083970994,127.05816909955685,영업/정상,"서울특별시 강남구 삼성로82길 4, 송암빌딩 지상1층 (대치동)"
피렌체,기타,37.507166965404664,127.04056094202879,영업/정상,"서울특별시 강남구 언주로 548, 지상1층 (역삼동)"
진전복삼계탕 강남구청점,기타,37.515824951635345,127.03978077971003,영업/정상,"서울특별시 강남구 선릉로129길 21, 지하1층 (논현동)"
홍팥집 양재점,기타,37.48683099266941,127.03552462636632,영업/정상,"서울특별시 강남구 남부순환로359길 31, 1층 (도곡동)"
명성 양갈비전문점,기타,37.49814989729155,127.03493053687897,영업/정상,"서울특별시 강남구 테헤란로20길 25, 지상2층 (역삼동)"
(주)보나비 아티제 타워팰리스점,기타,37.48733628888635,127.05282966375741,영업/정상,"서울특별시 강남구 언주로30길 26, 지상1층 (도곡동)"
도원반점,기타,37.51191992093396,127.02829408982147,영업/정상,"서울특별시 강남구 학동로20길 22, 지상1층 102호,103호 (논현동)"
(주)현대그린푸드 이노션본사점,기타,37.490668880752025,127.0317915477885,영업/정상,"서울특별시 강남구 강남대로 308, 랜드마크타워 지하1층 B109-1호 (역삼동)"
그전보다 이전,기타,37.508054346346086,127.0246204133409,영업/정상,"서울특별시 강남구 강남대로122길 20 (논현동,지상1층102호)"
짱아네 숯불치킨,기타,37.49870067584982,127.03157677479244,영업/정상,"서울특별시 강남구 테헤란로 124, 삼원타워 지하1층 B122호 (역삼동)"
어회장댁,기타,37.50025602478643,127.02875478958372,영업/정상,"서울특별시 강남구 테헤란로5길 25, 지하1층 (역삼동)"
포나타이,기타,37.49415913600187,127.07868928853152,영업/정상,"서울특별시 강남구 개포로 621, B109호 (개포동, SH공사빌딩)"
잼투고,기타,37.49380141914504,127.03013210876367,영업/정상,"서울특별시 강남구 강남대로 346, 1,2층 (역삼동)"
남소관 우육도삭면,기타,37.499607886519996,127.02754635283728,영업/정상,"서울특별시 강남구 테헤란로1길 19, 로하스애비뉴빌딩 1층,2층 (역삼동)"
5K치킨,기타,37.4975140959304,127.05938336855326,영업/정상,"서울특별시 강남구 도곡로78길 9, 지상1층 (대치동)"
닭발존1981 강남구청역점,기타,37.517722999431385,127.03868957281372,영업/정상,"서울특별시 강남구 학동로47길 16, 1층 일부호 (논현동)"
퍼스,기타,37.52868260931609,127.03279957884521,영업/정상,"서울특별시 강남구 압구정로 228, 대웅빌딩 지상1층 105호 (신사동)"
주식회사 양인환대(본점),기타,37.485524792793655,127.0353752390287,영업/정상,"서울특별시 강남구 강남대로42길 17 (도곡동,지상1,2층)"
음 베이커리 앤 이터리,기타,37.48467900865057,127.04547334636709,영업/정상,"서울특별시 강남구 논현로28길 47, 지상1층 (도곡동)"
레알몬스터(Real Monster),기타,37.49408114164376,127.03396577379976,영업/정상,"서울특별시 강남구 역삼로 130, 지상1층 (역삼동)"
본죽엔 비빔밥 일원점,기타,37.4900614158153,127.08147503265637,영업/정상,"서울특별시 강남구 일원로 43, 지상1층 (일원동)"
남도스타,기타,37.5060823333192,127.03280820705162,영업/정상,"서울특별시 강남구 봉은사로24길 11, 지하1층 102호 (역삼동)"
조개마차,기타,37.504875029419075,127.04298262009371,영업/정상,"서울특별시 강남구 언주로98길 16, 1층 일부102호 (역삼동)"
대청마루,기타,37.51613108890745,127.03985010748947,영업/정상,"서울특별시 강남구 선릉로129길 20, 지하1층 (논현동)"
생활맥주,기타,37.511007916635286,127.05625475332711,영업/정상,"서울특별시 강남구 삼성로104길 18, 지상1층 (삼성동)"
소스가 맛있는 고깃집 강남본점,기타,37.50212046146655,127.03406396981269,영업/정상,"서울특별시 강남구 논현로95길 22, 지상1층 101호 (역삼동)"
청운각,기타,37.50495637776126,127.04360554011346,영업/정상,"서울특별시 강남구 언주로98길 21 (역삼동,지상2층)"
221B,기타,37.51640107705038,127.03744311504515,영업/정상,"서울특별시 강남구 학동로43길 6, 지하1층 (논현동)"
순딜리버리 13호점,기타,37.513353374559664,127.02132348064708,영업/정상,"서울특별시 강남구 강남대로136길 5-4, 지하1층 13호 (논현동)"
청년피자 개포점,기타,37.47933050394031,127.04713221433623,영업/정상,"서울특별시 강남구 개포로21길 10, 지상1층 101호 (개포동, 까사밀라)"
백삼십육길 육미,기타,37.517392300782326,127.03635088910404,영업/정상,"서울특별시 강남구 언주로136길 9, 2층 (논현동)"
폴스일레븐,기타,37.527858382675035,127.03517105364237,영업/정상,"서울특별시 강남구 언주로172길 15, 지상1,2층 (신사동)"
수망케이크,기타,37.51225648904342,127.03450108479473,영업/정상,"서울특별시 강남구 학동로38길 40, 지상1층 102호 (논현동)"
스트릿 파르나스몰점,기타,37.50904780086485,127.06089284405361,영업/정상,"서울특별시 강남구 테헤란로 521, 파르나스타워 지하1층 F-9,10호 (삼성동)"
형수네실내포차,기타,37.49035045756295,127.0813404433172,영업/정상,서울특별시 강남구 일원로 39 (일원동)
생활맥주 압구정로데오점,기타,37.527584993548004,127.03931243200638,영업/정상,"서울특별시 강남구 압구정로50길 5-12, 1층 102호 (신사동)"
오투닭갈비&부대찌개,기타,37.473063692379725,127.1024472975402,영업/정상,"서울특별시 강남구 자곡로 172, 지상1층 117, 118호 (자곡동)"
갓잡은 숙성한돈 돼지고기집,기타,37.51041169550732,127.02501408391572,영업/정상,"서울특별시 강남구 학동로6길 27, 지하층 b03호 (논현동)"
헝그리걸,기타,37.52156661003105,127.02372686792175,영업/정상,"서울특별시 강남구 논현로159길 57 (신사동,지상1층)"
일공 삼,기타,37.52170466155013,127.02728600726952,영업/정상,"서울특별시 강남구 논현로155길 9, 지상1층 103호 (신사동)"
아따 강남 압구정,기타,37.526890966899494,127.0390853333859,영업/정상,"서울특별시 강남구 언주로172길 65, 지상1층 103호 (신사동)"
정통마라탕 마포마라회관 선릉점,기타,37.50363395548681,127.05221788012857,영업/정상,"서울특별시 강남구 선릉로86길 30, 지상2층 (대치동)"
베이커리 토드,기타,37.4831641799245,127.04464213350045,영업/정상,"서울특별시 강남구 논현로26길 29, 지상1층 (도곡동)"
전주현대옥 코엑스점,기타,37.515142069332455,127.0635536497792,영업/정상,서울특별시 강남구 봉은사로 623 (삼성동)
스시이로,기타,37.51054182685763,127.03594543667222,영업/정상,"서울특별시 강남구 언주로 615, 논현 아이파크 103동 지하1층 제120호 (논현동)"
모나 카페,기타,37.50052098743803,127.039801948768,영업/정상,"서울특별시 강남구 논현로86길 29, 대한사회복지회 별관 지상1층 (역삼동)"
본청,기타,37.52370056543527,127.04862043847302,영업/정상,"서울특별시 강남구 삼성로148길 10 (청담동,지상4층)"
김복남맥주 수서점,기타,37.487326826880114,127.10314006660364,영업/정상,"서울특별시 강남구 광평로 280, 로즈데일오피스텔 지하2층 123호 (수서동)"
대박삼겹살,기타,37.523625227557396,127.0268538598716,영업/정상,"서울특별시 강남구 논현로161길 16 (신사동,지상1층)"
대치마루,기타,37.50283726636821,127.06369000715881,영업/정상,서울특별시 강남구 역삼로92길 17 (대치동)
장미술상,기타,37.50926514363134,127.02305242072558,영업/정상,"서울특별시 강남구 학동로2길 34, 2층 (논현동)"
할스,기타,37.503770843559685,127.03926690149515,영업/정상,"서울특별시 강남구 언주로93길 32-8, 지상1층 (역삼동)"
라포레,기타,37.51950554026221,127.05168023468505,영업/정상,"서울특별시 강남구 학동로87길 7, 지하1층 (청담동, 현대상가)"
뽕나무쟁이,기타,37.50337029638159,127.05193504397013,영업/정상,"서울특별시 강남구 역삼로65길 33 (대치동,소망빌딩지상1층)"
알로이타이(ALOY THAI),기타,37.50354639764277,127.0508291875745,영업/정상,"서울특별시 강남구 선릉로86길 15, 1층 106호 (대치동, 현대 선릉 GOLD TOWER)"
형제회관,기타,37.504135689060384,127.05597247545752,영업/정상,서울특별시 강남구 삼성로81길 21 (대치동)
남도,기타,37.5060823333192,127.03280820705162,영업/정상,"서울특별시 강남구 봉은사로24길 11, 1층 102호 (역삼동)"
녹스부띠크관광호텔,기타,37.502699016287764,127.03974607515373,영업/정상,"서울특별시 강남구 테헤란로37길 13-13 (역삼동,지상2층)"
커풀,기타,37.47356451843324,127.0523272449732,영업/정상,"서울특별시 강남구 논현로4길 31 (개포동,지상1층)"
엠(M),기타,37.50645362693023,127.02477366085303,영업/정상,"서울특별시 강남구 강남대로118길 14 (논현동,지상4층)"
천하의 문타로,기타,37.524911394866805,127.05007524126727,영업/정상,"서울특별시 강남구 도산대로 519, 1층 104호 (청담동)"
불닭발땡초동대문엽기떡볶이대치점,기타,37.50018173916612,127.05154853442163,영업/정상,"서울특별시 강남구 선릉로 340, 대치 EM 프라자 지상1층 103호 (대치동)"
김밥천국,기타,37.5003143686503,127.03257618268594,영업/정상,"서울특별시 강남구 테헤란로13길 10, 지상1층 (역삼동)"
신선설농탕 청담점,기타,37.524503079336924,127.05275872189243,영업/정상,"서울특별시 강남구 도산대로 540, 지상1층 (청담동)"
위클리,기타,37.50424375519393,127.05281617754007,영업/정상,"서울특별시 강남구 테헤란로70길 14-12, 지하1층 (대치동)"
달떡볶이,기타,37.49437622509739,127.03351916380835,영업/정상,"서울특별시 강남구 역삼로7길 2, 103호 (역삼동)"
가마로 양재점,기타,37.486426916050085,127.03815415440823,영업/정상,"서울특별시 강남구 남부순환로363길 16, 지상1층 102호 (도곡동)"
강남수산,기타,37.49702710547764,127.02976901919028,영업/정상,"서울특별시 강남구 강남대로84길 15, 지하1층 130호 (역삼동)"
코이라멘 압구정점,기타,37.52691652816877,127.03021566196928,영업/정상,"서울특별시 강남구 압구정로32길 11, 캐럴라인타워 지상1층 107호 (신사동)"
블랙스톤즈,기타,37.52599107314819,127.02714027119883,영업/정상,"서울특별시 강남구 논현로175길 18 (신사동,지하1층)"
오나,기타,37.4739853724211,127.04884266968335,영업/정상,"서울특별시 강남구 논현로 32 (개포동,지하1층)"
대풍참숯갈비,기타,37.49682902542892,127.03962898870677,영업/정상,서울특별시 강남구 논현로76길 8 (역삼동)
영동세포,기타,37.50935856138973,127.0239042738095,영업/정상,"서울특별시 강남구 학동로4길 33, 지상1층 4호 (논현동)"
아리네술상,기타,37.50258873144079,127.03720931588884,영업/정상,"서울특별시 강남구 논현로94길 11, 지하1층 (역삼동)"
강남포차,기타,37.52259039806388,127.03298102713094,영업/정상,"서울특별시 강남구 언주로 809, 지상1층 (신사동)"
이치 서울,기타,37.51928881979294,127.02050082483363,영업/정상,"서울특별시 강남구 강남대로158길 21, 지상2층 (신사동)"
어화,기타,37.500491155569875,127.04136295204037,영업/정상,"서울특별시 강남구 언주로85길 23-6, 지상1층 (역삼동)"
153구포국수 대치점,기타,37.498884589821344,127.0597526067183,영업/정상,"서울특별시 강남구 도곡로 451, 한나빌딩 지상1층 (대치동)"
진양재순대 선릉점,기타,37.5053314097857,127.05437351601176,영업/정상,"서울특별시 강남구 선릉로90길 64, 지하1층 (대치동)"
삼호짱뚱이,기타,37.51962345199378,127.03104471659486,영업/정상,서울특별시 강남구 도산대로34길 11 (논현동)
올메가덮밥,기타,37.49408114164376,127.03396577379976,영업/정상,"서울특별시 강남구 역삼로 130, 지상1층 103호 (역삼동)"
시마스시,기타,37.512521154961824,127.05881929973503,영업/정상,"서울특별시 강남구 영동대로 513, 코엑스 지하1층 I113호 (삼성동)"
한우투뿔육회육사시미,기타,37.5110682782022,127.02622060403792,영업/정상,"서울특별시 강남구 학동로12길 21, 1층 101호 (논현동)"
오레노 유메,기타,37.50460502541753,127.04670824779495,영업/정상,"서울특별시 강남구 테헤란로51길 7, 2층 (역삼동)"
배떡 압구정점,기타,37.523618104319276,127.02705036135804,영업/정상,"서울특별시 강남구 논현로161길 14, 지하1층 (신사동)"
뚱보식당,기타,37.49421596507827,127.0776167654936,영업/정상,"서울특별시 강남구 개포로109길 34 (개포동,지하층104.105.106호(일원동677-4에서99.12.24장소이전))"
에떼,기타,37.50053061986626,127.03443394039377,영업/정상,"서울특별시 강남구 테헤란로 139-1 (역삼동,지상1층)"
블루폴라 압구정점,기타,37.524435040746184,127.03691985461948,영업/정상,"서울특별시 강남구 도산대로49길 23, 휘오레 지하2층 (신사동)"
중경마라탕,기타,37.50127813157585,127.02707349568753,영업/정상,"서울특별시 강남구 테헤란로1길 44, 지상1층 (역삼동)"
시아,기타,37.523361630474774,127.04902738988935,영업/정상,"서울특별시 강남구 도산대로90길 17, 소양빌딩 지하1층 (청담동)"
삼계향,기타,37.51991154860761,127.03505605389557,영업/정상,"서울특별시 강남구 언주로146길 3 (논현동,지상1층)"
폽/ FOF,기타,37.52430511004891,127.03884374538906,영업/정상,"서울특별시 강남구 선릉로 807, 지상6층 (신사동, KMCA미술관)"
소뭉집 선릉직영점,기타,37.5027490473495,127.05042035815553,영업/정상,"서울특별시 강남구 선릉로86길 6-6, 지상1층 101호 (대치동)"
검은나비,기타,37.49762299642561,127.0595090426908,영업/정상,서울특별시 강남구 삼성로57길 19 (대치동)
원주추어탕,기타,37.52853674763107,127.03215933914923,영업/정상,"서울특별시 강남구 압구정로 224, 우미빌딩 지상1층 112호,113호,115호 (신사동)"
룩인사이드,기타,37.52067404876596,127.02448606100185,영업/정상,"서울특별시 강남구 도산대로17길 30-1, 지상1층 (신사동)"
알펜,기타,37.516590668433324,127.03424255557198,영업/정상,서울특별시 강남구 학동로37길 19 (논현동)
파이어벨(Fire Bell) 코엑스점,기타,37.512521154961824,127.05881929973503,영업/정상,"서울특별시 강남구 테헤란로87길 46, 호텔오크우드프리미어 지하2층 2A11호 (삼성동)"
두시치킨,기타,37.52795304265197,127.03076957910137,영업/정상,서울특별시 강남구 압구정로 214 (신사동)
피센시오(Fisensio),기타,37.52243909828351,127.02133792766064,영업/정상,"서울특별시 강남구 논현로175길 101-5, 지상2층 (신사동)"
바나프레소 포스코사거리점,기타,37.50720794379763,127.05603500675016,영업/정상,"서울특별시 강남구 테헤란로 447, KB우준타워 1층 B호 (삼성동)"
은마상가 피자느반 대치동학원가 본점,기타,37.49741797119301,127.06532707074464,영업/정상,"서울특별시 강남구 삼성로 212, 지하1층 A블럭 76호 (대치동, 은마아파트)"
호앙비엣 압구정역점,기타,37.52572501423883,127.02741383446067,영업/정상,"서울특별시 강남구 논현로171길 12 (신사동,지상1층)"
건업리청국장과보리밥,기타,37.5002047360388,127.05983239009086,영업/정상,"서울특별시 강남구 삼성로 317 (대치동,지상1층)"
(주)바토스파르나스몰,기타,37.50904780086485,127.06089284405361,영업/정상,"서울특별시 강남구 테헤란로 521, 파르나스타워 지하1층 F-25호 (삼성동)"
다이닝 상석(Dining Sangseok),기타,37.52481722493758,127.02593701507328,영업/정상,"서울특별시 강남구 압구정로20길 21, 정빌딩 지상1층 101호 (신사동)"
스터번,기타,37.499879167052875,127.03041846041286,영업/정상,"서울특별시 강남구 테헤란로7길 11, 지상1층 101호 (역삼동)"
황금식탁,기타,37.48801674446367,127.10184847065206,영업/정상,"서울특별시 강남구 밤고개로1길 10, 수서현대벤쳐빌 지하1층 B105호 (수서동)"
로움,기타,37.494975045523205,127.03938390725948,영업/정상,"서울특별시 강남구 논현로 333, 지하1층 (역삼동, 2호건물)"
뒷돈거래소 신논현본점,기타,37.50574462277752,127.02520730995627,영업/정상,"서울특별시 강남구 강남대로114길 10, 지상1층 101호 (논현동)"
노리타,기타,37.50077411739681,127.02671271586524,영업/정상,"서울특별시 강남구 강남대로 428, 만이빌딩 지상3층 2-301호 (역삼동)"
육구공,기타,37.51931635701232,127.02400941901956,영업/정상,"서울특별시 강남구 도산대로15길 16, 지상2층 (신사동)"
스시안,기타,37.51832226600175,127.03016108096591,영업/정상,"서울특별시 강남구 논현로146길 13, 지상1층 (논현동)"
향호면옥,기타,37.498728855357236,127.05341334900605,영업/정상,"서울특별시 강남구 선릉로64길 15-10 (대치동,지상1층)"
(주)엠케이엠,기타,37.52304540807889,127.04894499323858,영업/정상,"서울특별시 강남구 도산대로90길 17-4, 4층 (청담동, 나오빌딩)"
남포동수제비,기타,37.50959124747711,127.05927363531747,영업/정상,"서울특별시 강남구 테헤란로87길 22, 지하1층 Q122호 (삼성동)"
누구나홀닭반한닭,기타,37.49920892138716,127.04392156003382,영업/정상,"서울특별시 강남구 언주로 405 (역삼동,1층109호)"
646 테라스,기타,37.511506251474906,127.03253585354871,영업/정상,"서울특별시 강남구 논현로 646, 6층 (논현동)"
붐비어,기타,37.50138374793954,127.03339362326724,영업/정상,"서울특별시 강남구 테헤란로19길 20, 지상1층 (역삼동)"
럼보트삼성역점,기타,37.509583610316355,127.06427578116295,영업/정상,"서울특별시 강남구 테헤란로 611 (삼성동,지상1층)"
언더더씨,기타,37.51039790008076,127.0611933146357,영업/정상,"서울특별시 강남구 영동대로 511 (삼성동,지하1층 N7호)"
피플더테라스(PEOPLE the terrace),기타,37.52535378383796,127.04753206976885,영업/정상,"서울특별시 강남구 도산대로81길 13, 지상1,2층 (청담동)"
이자카야나무(강남역2호점),기타,37.49478792443512,127.03006670600598,영업/정상,"서울특별시 강남구 강남대로78길 8, 지하1층 (역삼동)"
압구정부대찌게,기타,37.501806342513845,127.03432741451788,영업/정상,"서울특별시 강남구 테헤란로21길 24 (역삼동,지하1층,지상1층)"
딸부자네11번출구점,기타,37.50254929473264,127.02756066772042,영업/정상,"서울특별시 강남구 봉은사로6길 38, 1층 103호 (역삼동)"
원조 석이네 안동갈비,기타,37.50788041681197,127.03824305319444,영업/정상,"서울특별시 강남구 언주로 563, 401동(근린생활시설)동 1층 105,106,107,108호 (역삼동)"
애일리하우스,기타,37.53051596540368,127.01818034613831,영업/정상,"서울특별시 강남구 압구정로11길 37-53, 지하1,지상1,2층 (압구정동, 용성2호)"
정군비어,기타,37.474278609844156,127.10540200257334,영업/정상,"서울특별시 강남구 자곡로 204-5, 지상1층 103호 (자곡동, 강남지웰홈스)"
올라포케 수서점,기타,37.487326826880114,127.10314006660364,영업/정상,"서울특별시 강남구 광평로 280, 로즈데일오피스텔 지하2층 제비125-2호 (수서동)"
효자동설렁탕 신사점,기타,37.51729605116982,127.02435718667127,영업/정상,"서울특별시 강남구 논현로149길 52 (논현동,(1층))"
황태명가,기타,37.51488586555875,127.06041239587248,영업/정상,"서울특별시 강남구 영동대로 602 (삼성동,미켈란빌딩 지하106호)"
오젠,기타,37.52274014550709,127.04441756383311,영업/정상,"서울특별시 강남구 도산대로66길 13, 지상1층 (청담동)"
일등추어탕,기타,37.50804445874352,127.0448723163348,영업/정상,"서울특별시 강남구 선릉로 555, 1층 101호 (역삼동)"
호시,기타,37.52710682743137,127.03890684021925,영업/정상,"서울특별시 강남구 선릉로161길 15-4, 신사동 S빌딩 지상1층 101호 (신사동)"
국빈,기타,37.49671556345275,127.03041401167441,영업/정상,"서울특별시 강남구 테헤란로4길 27, 지상2층 (역삼동)"
도시전집 본점,파전,37.50510302972566,127.05941249337953,영업/정상,"서울특별시 강남구 역삼로83길 24, H 복합빌딩 지하1층 (대치동)"
에스와이상사,기타,37.491458223243534,127.03165664358762,영업/정상,"서울특별시 강남구 도곡로1길 23, 지하1층 (역삼동)"
그린가든,기타,37.5039351662143,127.05002017185355,영업/정상,"서울특별시 강남구 선릉로90길 10, 샹제리제센터 지하3층 127-1호 (대치동)"
더 하노이,기타,37.514184052433514,127.06384217305228,영업/정상,"서울특별시 강남구 영동대로106길 33 (삼성동,1층103호)"
왕코 등갈비,기타,37.508419314674626,127.02436769156134,영업/정상,"서울특별시 강남구 학동로4길 49, 지상1층 (논현동)"
주식회사 다운타우너 청담,기타,37.52404733552502,127.03855785240756,영업/정상,"서울특별시 강남구 도산대로53길 14, 1층 (신사동)"
대치동 숯불갈비,기타,37.498449900383115,127.05355563388947,영업/정상,"서울특별시 강남구 선릉로64길 15-6, 지상1층 (대치동)"
주)성보마리아쥬,기타,37.52201619327091,127.03634914404948,영업/정상,"서울특별시 강남구 도산대로 318, 지하1층 (논현동, SB-TOWER)"
모모코,기타,37.51562080098074,127.02918492633708,영업/정상,"서울특별시 강남구 도산대로26길 55 (논현동,1층)"
소표국수 한티점,기타,37.49729115693414,127.05278792570707,영업/정상,"서울특별시 강남구 선릉로 310, 지상1층 116호,117호,118호 (대치동)"
막뚱이 치킨,기타,37.508802920157535,127.02418602425529,영업/정상,"서울특별시 강남구 학동로4길 41, 지상1층 (논현동)"
경성꽈배기 선릉점,기타,37.500811209206134,127.05100838536464,영업/정상,"서울특별시 강남구 선릉로 402, 지상1층 101호 (대치동)"
"굽네치킨 일원1,2동점",기타,37.490975399616026,127.08669405950883,영업/정상,"서울특별시 강남구 일원로9길 63, 지상1층 (일원동)"
대파집 역삼본점,기타,37.5027776617155,127.03856825744226,영업/정상,"서울특별시 강남구 논현로94길 28, 2층 (역삼동)"
기포(KIPO),기타,37.52181570431097,127.02552779780348,영업/정상,"서울특별시 강남구 논현로157길 33, 지상2층 (신사동)"
501하이드아웃(501 hide out),기타,37.51678977493589,127.03246248306084,영업/정상,"서울특별시 강남구 언주로135길 32-3, 지상1층 (논현동)"
용창산업(주) 보코서울강남,기타,37.517673168127175,127.02463799139065,영업/정상,"서울특별시 강남구 도산대로 144, 보코서울강남(가족호텔) 지하1,2층 (논현동)"
현삼정한식부페,기타,37.51361732023304,127.06444105576738,영업/정상,"서울특별시 강남구 봉은사로108길 21, 지하1층 (삼성동)"
핏 카페,기타,37.51655166515923,127.0401389040349,영업/정상,"서울특별시 강남구 학동로 338, 지하2층 SB221호 (논현동, 강남파라곤)"
캔디점,기타,37.52446432456808,127.03890060786337,영업/정상,"서울특별시 강남구 선릉로153길 5 (신사동,보성빌딩지하1층)"
카페 탱고,기타,37.49920892138716,127.04392156003382,영업/정상,"서울특별시 강남구 언주로 405, 지하1층 제1호 (역삼동)"
카우보이,기타,37.50310030290286,127.03878869270324,영업/정상,"서울특별시 강남구 논현로94길 31, 지상3층 (역삼동)"
르 사이트 LE Sight,기타,37.51887747383553,127.02266817871929,영업/정상,"서울특별시 강남구 도산대로11길 22, 브론즈22 지상1층 (신사동)"
해연 바이(by) 청담,기타,37.522284664691234,127.0415661318739,영업/정상,"서울특별시 강남구 도산대로58길 15, 지하1층 (청담동)"
바큐(BAR QUEUE),기타,37.51921067890265,127.02253863074789,영업/정상,"서울특별시 강남구 강남대로156길 45, 연희빌딩 지상2층 (신사동)"
도화77,기타,37.5012726692722,127.03618024655492,영업/정상,"서울특별시 강남구 논현로 503, 송촌빌딩 지하1층 1~12호 (역삼동)"
공주네디저트,기타,37.51245831860277,127.03207674285521,영업/정상,"서울특별시 강남구 논현로124길 5, 지상2층 201-15호 (논현동)"
일팔공팔(1808),기타,37.520018240348364,127.03048116616488,영업/정상,"서울특별시 강남구 도산대로 216, 지상18층 (논현동)"
더 믹스랩(The Mix Lab),기타,37.519181554220204,127.02296396205385,영업/정상,"서울특별시 강남구 가로수길 19, 지하1층 (신사동)"
식당도리가,기타,37.505756237960114,127.04762033344983,영업/정상,서울특별시 강남구 테헤란로57길 15 (역삼동)
스프스프스프,기타,37.49356658161673,127.04227079843434,영업/정상,"서울특별시 강남구 논현로64길 22, 형인빌딩 지상1층 103호 (역삼동)"
주식회사 신사화로구이,기타,37.51807977076491,127.02288412746192,영업/정상,"서울특별시 강남구 강남대로152길 44 (신사동,지상1층)"
대장금,기타,37.47442750627313,127.05123035679057,영업/정상,"서울특별시 강남구 논현로8길 32 (개포동,지상1층)"
옛맛명동칼국수,칼국수,37.506807139561104,127.05419361334947,영업/정상,"서울특별시 강남구 삼성로91길 24, 삼성동 남성빌딩 지상1층 (삼성동)"
스니,기타,37.52413901971239,127.04377182266134,영업/정상,"서울특별시 강남구 도산대로 439, 소봉빌딩 지상8층 (청담동)"
본초강목,기타,37.518746490364286,127.04612518084222,영업/정상,서울특별시 강남구 선릉로132길 60 (청담동)
모미지,기타,37.52246008710203,127.03401140328964,영업/정상,"서울특별시 강남구 언주로152길 4, 지하1층 (신사동)"
파스텔라 강남점,기타,37.49942728561998,127.04469803872237,영업/정상,"서울특별시 강남구 언주로 408, 역삼자이 지하1층 B21호 (역삼동)"
백반로드,기타,37.50941052320556,127.03621382444794,영업/정상,"서울특별시 강남구 언주로113길 14, 지상1층 1호,2호 (논현동)"
찬 이자카야,기타,37.51020230944545,127.03283033957302,영업/정상,"서울특별시 강남구 논현로 634, 지상1층, 2층 (논현동)"
다빈치(DAVINCI),기타,37.508720096036946,127.06615009905339,영업/정상,"서울특별시 강남구 테헤란로108길 11, 지하1층 101호 (대치동)"
마니주,기타,37.52574801120243,127.04282199745131,영업/정상,"서울특별시 강남구 압구정로60길 17-14 (청담동,지하1층)"
원조마포소금구이 도산점,기타,37.524589589085224,127.03848852801629,영업/정상,"서울특별시 강남구 도산대로53길 21, 지상1층, 지상2층 (신사동)"
남해안집,기타,37.49853003884036,127.03572852017686,영업/정상,"서울특별시 강남구 논현로85길 29, 1층 103호 (역삼동)"
오가,기타,37.472668962067125,127.05139578269882,영업/정상,"서울특별시 강남구 논현로4길 14, 5층 501호 (개포동)"
머물다,기타,37.506345420791995,127.04658129031851,영업/정상,"서울특별시 강남구 선릉로99길 12, 1층 (역삼동)"
동이순대국,기타,37.50166191529467,127.05693823667558,영업/정상,"서울특별시 강남구 삼성로71길 25, 지상1층 (대치동)"
더 기와,기타,37.52539320187744,127.03835988282403,영업/정상,"서울특별시 강남구 선릉로155길 15, 지상1층 (신사동)"
소나,기타,37.52070785651302,127.02159451628052,영업/정상,"서울특별시 강남구 강남대로162길 40, 지상1층 201호 (신사동)"
곰형제네,기타,37.48674874134459,127.10385540409806,영업/정상,"서울특별시 강남구 밤고개로5길 11-4 (수서동,이엠빌딩 지상1층)"
와인모먼트,기타,37.483746526374965,127.04426237909853,영업/정상,"서울특별시 강남구 논현로28길 27, 지상1층 103호 (도곡동)"
커피니 논현그린타워점,기타,37.511563507107915,127.03557114789605,영업/정상,"서울특별시 강남구 언주로 619, 지상1층 (논현동)"
베로나,기타,37.523991967034746,127.03991547208467,영업/정상,"서울특별시 강남구 선릉로152길 6, 옴므빌딩 지하1층 B01호 (청담동)"
서백자 간장게장,기타,37.510216186022184,127.05525505941355,영업/정상,"서울특별시 강남구 삼성로 542, 지상2층 (삼성동, 석천빌딩)"
루아르 카페(LOIRE CAFE),기타,37.49006226658437,127.03438927287786,영업/정상,"서울특별시 강남구 도곡로 128, 지하2층 B201호 (도곡동, 도곡루아르)"
긴노사라,기타,37.4833448123568,127.06037128951294,영업/정상,"서울특별시 강남구 선릉로16길 4-10 (개포동,옥천빌딩102호)"
지리산약초장어 서울본점,기타,37.48845643292605,127.10418988810102,영업/정상,"서울특별시 강남구 광평로 295, 사이룩스오피스텔 동관 지상1층 109,110,111호 (수서동)"
개랑 놀아주는 남자,기타,37.50581108250595,127.02624622344415,영업/정상,"서울특별시 강남구 봉은사로5길 10, 지하1층 (논현동)"
샐요(Sal-yo),기타,37.48801674446367,127.10184847065206,영업/정상,"서울특별시 강남구 밤고개로1길 10, 수서현대벤쳐빌 지상1층 106호 (수서동)"
레드타운 강남본점,기타,37.509240441044014,127.02634983431321,영업/정상,"서울특별시 강남구 학동로6길 50, 102호 (논현동)"
하기네,기타,37.491975197806696,127.0329995368869,영업/정상,"서울특별시 강남구 도곡로3길 26, 103호 (역삼동, 한스빌상가)"
푸라벨(Food-life balance),기타,37.517511800269965,127.03767717269332,영업/정상,"서울특별시 강남구 언주로136길 26, 지하1층 (논현동)"
고꿉집,기타,37.49317017479942,127.03458078002626,영업/정상,"서울특별시 강남구 역삼로12길 18-4 (역삼동,지상1층)"
그라운드210 (GROUND210),기타,37.49808311346318,127.07121923963504,영업/정상,"서울특별시 강남구 영동대로 210, 쌍용종합상가동 지하1층 13호 (대치동, 쌍용아파트)"
신사고집,기타,37.52446932051091,127.02700230011156,영업/정상,"서울특별시 강남구 논현로167길 13, 지상1층 (신사동)"
진심 왕돈까스 대치점,기타,37.49780954766548,127.05402151639265,영업/정상,"서울특별시 강남구 도곡로63길 13, 지상1층 101-1호 (대치동)"
터틀스랩,기타,37.49723043408781,127.04450143240979,영업/정상,"서울특별시 강남구 언주로71길 5-6, 지상1층 (역삼동)"
각시보쌈 역삼점,기타,37.503262820627306,127.03928584969348,영업/정상,"서울특별시 강남구 언주로93길 34, 지하1층 (역삼동)"
본죽청담프리마점,기타,37.524866356703726,127.0503727870162,영업/정상,"서울특별시 강남구 도산대로 521 (청담동,1층)"
미카,기타,37.522625288647774,127.02207814428007,영업/정상,"서울특별시 강남구 압구정로10길 13 (신사동,마사빌딩1층101호)"
스시노 스시,기타,37.50125345719453,127.05216339779672,영업/정상,"서울특별시 강남구 역삼로 413, 지상1층 102호 (대치동)"
역삼돈,기타,37.50389553006982,127.02669781270887,영업/정상,"서울특별시 강남구 강남대로110길 21, 1층 (역삼동)"
간장랭삼집,기타,37.50510329107698,127.04279825522028,영업/정상,"서울특별시 강남구 언주로98길 11, 지상1층 (역삼동)"
능라도,기타,37.50973406759303,127.05564356854482,영업/정상,"서울특별시 강남구 삼성로 534, 싹아트센터 지상1층 (삼성동)"
풍성옥,기타,37.504340751137015,127.05586992733424,영업/정상,"서울특별시 강남구 삼성로81길 22 (대치동,한정빌딩지상1층104호)"
록갈비,기타,37.50594904598185,127.04990783561945,영업/정상,"서울특별시 강남구 테헤란로63길 9, 지상1층 101호 (삼성동)"
캐비스트리,기타,37.52248656773037,127.03117196937609,영업/정상,"서울특별시 강남구 도산대로37길 21, 1층 (신사동)"
강운식당,기타,37.4778344934301,127.04736953783198,영업/정상,서울특별시 강남구 개포로20길 14 (개포동)
누구나 홀닥 반한닭,기타,37.50527264194375,127.04783300221686,영업/정상,"서울특별시 강남구 선릉로93길 7 (역삼동,1층)"
한와담 블랙 강남점,기타,37.50011785425546,127.03222166172274,영업/정상,"서울특별시 강남구 테헤란로 129, 지하3층 1호 (역삼동)"
언덕,기타,37.51600033004621,127.02151162065154,영업/정상,"서울특별시 강남구 도산대로6길 10, 지상1층 (논현동)"
루소,기타,37.526514464484855,127.04460903304313,영업/정상,"서울특별시 강남구 압구정로 436, 지하2층 (청담동)"
카페 더스크,기타,37.52449088918631,127.02648682049946,영업/정상,"서울특별시 강남구 논현로167길 19, 지상1층 102호 (신사동)"
메리가든,기타,37.5054644668453,127.02589758837259,영업/정상,"서울특별시 강남구 봉은사로 113, 지상12층 (논현동, 호텔 더 디자이너스 리즈 강남 프리미어)"
영동 소금구이,기타,37.518331409059314,127.02041159607828,영업/정상,"서울특별시 강남구 강남대로156길 15 (신사동,지하1층,지상1층)"
아소보이,기타,37.512912468657305,127.05412626524617,영업/정상,서울특별시 강남구 봉은사로 504 (삼성동)
수녹,기타,37.48867399853818,127.06680617836673,영업/정상,"서울특별시 강남구 삼성로 38 (개포동, 지상1층 102호)"
냉삼식당,기타,37.517953901395494,127.0212921631799,영업/정상,"서울특별시 강남구 압구정로2길 60, MG타워 지상1층 103호 (신사동)"
원조본점닭한마리,기타,37.47447933429072,127.04960114506795,영업/정상,서울특별시 강남구 논현로10길 13 (개포동)
담벼락 역삼점,기타,37.502398332231614,127.03542012036011,영업/정상,"서울특별시 강남구 테헤란로25길 28 (역삼동,충암빌딩 지상1층)"
화기애애(강남1호점),기타,37.5028665703431,127.0265384523411,영업/정상,"서울특별시 강남구 강남대로106길 12 (역삼동,지하1, 지상1,2,3층)"
다와푸드,기타,37.49942728561998,127.04469803872237,영업/정상,"서울특별시 강남구 언주로 408, 역삼자이 상가동 지하1층 B03호 (역삼동)"
스스키노 신사점,기타,37.51697225715999,127.02334952468058,영업/정상,서울특별시 강남구 논현로149길 64 (논현동)
대치동영지,기타,37.49741797119301,127.06532707074464,영업/정상,"서울특별시 강남구 삼성로 212, 지상1층 (대치동, 은마상가 A-184)"
동봉관압구정,기타,37.52388203543999,127.02686873296325,영업/정상,"서울특별시 강남구 논현로163길 13-4, 지상1층 (신사동)"
고반식당(가로수길점),기타,37.51871303471946,127.02194248515106,영업/정상,서울특별시 강남구 강남대로156길 34 (신사동)
라면집,기타,37.50859558372988,127.05722558228157,영업/정상,서울특별시 강남구 테헤란로83길 19 (삼성동)
오몬자,기타,37.503539529432736,127.02614448240567,영업/정상,"서울특별시 강남구 봉은사로2길 19, 지상1층 (역삼동)"
(주)씨피가디언,기타,37.52349235822512,127.0488625456163,영업/정상,"서울특별시 강남구 도산대로90길 16 (청담동,지상1,2층)"
삼삼뼈국 압구정점,기타,37.5244611705114,127.02719645636358,영업/정상,"서울특별시 강남구 논현로167길 11, 지상1층 102호 (신사동)"
카페5,기타,37.526890966899494,127.0390853333859,영업/정상,"서울특별시 강남구 언주로172길 65, 1층 102호 (신사동)"
이태리부대찌개 선릉점,기타,37.50288872015465,127.05008315879176,영업/정상,"서울특별시 강남구 선릉로 424, 지상2층 203,204호 (대치동)"
신양,기타,37.52389374086157,127.05412389343165,영업/정상,서울특별시 강남구 영동대로 737 (청담동)
강남꿀돼지,기타,37.514475056072214,127.06465406521438,영업/정상,"서울특별시 강남구 봉은사로108길 3-14 (삼성동,지상1층)"
키친스탠다드 강남점 61호,기타,37.50736932020773,127.03739743154303,영업/정상,"서울특별시 강남구 언주로107길 23, 지상2층 주방61호 (역삼동)"
인생아구찜 양재점,기타,37.47523686629828,127.04920286049934,영업/정상,"서울특별시 강남구 논현로12길 19-4, 대경빌딩 1층 101호 (개포동)"
22번가,기타,37.505346086194514,127.0589930814582,영업/정상,"서울특별시 강남구 삼성로82길 15 (대치동,지상1층)"
비비드빈(VIVID BEAN),기타,37.51984436825518,127.03095137227055,영업/정상,"서울특별시 강남구 논현로150길 31, 103호 (논현동)"
제일양,기타,37.505534330680035,127.04694016862034,영업/정상,"서울특별시 강남구 테헤란로53길 16, 1층 (역삼동, 예안빌딩)"
은마상가 극강식 대치본점,기타,37.49741797119301,127.06532707074464,영업/정상,"서울특별시 강남구 삼성로 212, 상가A동 지하1층 68호 (대치동, 은마아파트)"
냉325,기타,37.500366373934106,127.04286879426847,영업/정상,"서울특별시 강남구 언주로81길 8, 1층 2호 (역삼동)"
죽이야기(강남지인점),기타,37.512844113681275,127.03506424884098,영업/정상,"서울특별시 강남구 언주로 631, 지상1층 (논현동)"
제육대가 역삼점,기타,37.49565692105216,127.04560671642466,영업/정상,"서울특별시 강남구 언주로 313, 지상1층 107호 (역삼동)"
굽네치킨 학동사거리점,기타,37.5210551621983,127.03766137191928,영업/정상,"서울특별시 강남구 도산대로50길 21, 지상1층 101호 (논현동)"
꼴라보하우스도산,기타,37.52570198876483,127.03521728266017,영업/정상,"서울특별시 강남구 언주로164길 21-3, 지상1층 (신사동)"
홈러버쿠키,기타,37.47697410970801,127.04799936357492,영업/정상,"서울특별시 강남구 논현로16길 23, 지상1층 101호 (개포동)"
박콧털,기타,37.508686144856135,127.02715996990013,영업/정상,"서울특별시 강남구 봉은사로7길 46, 1동 지하1층 (논현동)"
유니드마이요거트 신사점,기타,37.52078281917796,127.02070890028418,영업/정상,"서울특별시 강남구 강남대로162길 27-6, 지상1층 101호 (신사동)"
어스피시어스베이커리역삼점,기타,37.493742546978744,127.04378423486439,영업/정상,"서울특별시 강남구 도곡로33길 4, 1층 (역삼동)"
이모가있는집,기타,37.521833952785464,127.03849921991704,영업/정상,서울특별시 강남구 도산대로54길 14 (논현동)
카페비스타,기타,37.52389374086157,127.05412389343165,영업/정상,"서울특별시 강남구 영동대로 737 (청담동,지상1층)"
디히랑,기타,37.5118867246204,127.03506591898096,영업/정상,"서울특별시 강남구 언주로121길 4-3, 1층 (논현동)"
컴업살롱,기타,37.507965774593444,127.02360953238906,영업/정상,"서울특별시 강남구 학동로2길 56, 원창빌딩 지상3층 (논현동)"
백불백,기타,37.498645656130684,127.03704494220638,영업/정상,"서울특별시 강남구 논현로85길 5-10 (역삼동,지하1층)"
일월분식,기타,37.49705639086567,127.02818042046235,영업/정상,"서울특별시 강남구 강남대로 지하 396, 강남역 지하1층 F-6호 (역삼동)"
존화이트까페,기타,37.51282213289048,127.05621856904351,영업/정상,"서울특별시 강남구 봉은사로86길 6, 지하1층 B102호 (삼성동)"
부산양곱창,기타,37.50476801020613,127.04263141460441,영업/정상,"서울특별시 강남구 언주로98길 8-1 (역삼동,지상1층)"
하쿠라멘,기타,37.48543822279914,127.03718000108181,영업/정상,"서울특별시 강남구 남부순환로359길 4, 지상1층 (도곡동)"
엘에이양분식,기타,37.50826880709297,127.03074765022401,영업/정상,"서울특별시 강남구 논현로115길 29 (논현동,지상1층)"
화포식당 논현점,기타,37.514496999825816,127.02925154966397,영업/정상,서울특별시 강남구 논현로131길 12 (논현동)
주박사 푸드,기타,37.48920953429836,127.06796076359394,영업/정상,"서울특별시 강남구 개포로 508, 소망빌딩 지상2층 201, 205호 (개포동)"
강남조개구이&어촌,기타,37.51651915115269,127.0363269134996,영업/정상,"서울특별시 강남구 언주로134길 8, 지상1층 (논현동)"
더팥바,기타,37.527572583028935,127.03866030701727,영업/정상,"서울특별시 강남구 선릉로161길 22, 지상1층 (신사동)"
신사골프존,기타,37.5207335403448,127.01997046450751,영업/정상,"서울특별시 강남구 압구정로2길 15, 지하2층 B201호 (신사동, 신사아이빌)"
금봉시식당,기타,37.48458720410269,127.04531193498508,영업/정상,"서울특별시 강남구 논현로28길 45, 1층 (도곡동)"
김명자굴국밥삼성점,국밥,37.50892805897889,127.0566815666001,영업/정상,"서울특별시 강남구 삼성로96길 9, 대린빌딩 지하1층 (삼성동)"
영동교집 압구정현대점,기타,37.533026741970474,127.0279255640881,영업/정상,"서울특별시 강남구 압구정로29길 71, 점포3동 지하1층 2-2호,2-3호 (압구정동, 현대아파트)"
김씨네,기타,37.52428719354505,127.03264465403566,영업/정상,서울특별시 강남구 언주로159길 3 (신사동)
파란들,기타,37.49928856974295,127.05240936922232,영업/정상,"서울특별시 강남구 선릉로72길 10-16, 지하1층 (대치동)"
거부기,기타,37.52590574198028,127.04099731169418,영업/정상,"서울특별시 강남구 도산대로55길 36, 지하2층 (청담동)"
우보테라스,기타,37.52411335991312,127.0368065775334,영업/정상,"서울특별시 강남구 압구정로46길 71-1, 3층 301호 (신사동)"
고씨떡볶이,기타,37.511171859461456,127.05617292529382,영업/정상,"서울특별시 강남구 봉은사로84길 34, 지하1층 (삼성동)"
함수라,기타,37.505657405676196,127.02491316333713,영업/정상,"서울특별시 강남구 강남대로114길 8, 지상1층 (논현동)"
서브28에이치(SUB28H),기타,37.4940642825399,127.04538098278861,영업/정상,"서울특별시 강남구 도곡로 247, 지상1층 (역삼동)"
작은주점,기타,37.46400000954552,127.10730858512954,영업/정상,"서울특별시 강남구 밤고개로34길 4 (세곡동,1층15호)"
삼백집 역삼역점,기타,37.50556276868518,127.04034899202502,영업/정상,"서울특별시 강남구 테헤란로39길 47, 1층 (역삼동)"
이스트 서울,기타,37.52636850709911,127.03555030382019,영업/정상,"서울특별시 강남구 언주로170길 26-6, 지상3층 (신사동)"
백채 김치찌개 자곡점,기타,37.474735841675255,127.10481752034441,영업/정상,"서울특별시 강남구 자곡로 202, 강남힐스테이트에코 지상1층 107-1호 (자곡동)"
다노스 수제버거 앤 샐러드,기타,37.5102076965008,127.02753251382796,영업/정상,"서울특별시 강남구 학동로12길 41, 지상1층 102호 (논현동)"
플레이버 앤 레시피,기타,37.51963455263233,127.02594162369621,영업/정상,"서울특별시 강남구 도산대로23길 7, 지상2층 203호 (신사동)"
누아르,기타,37.518132251089554,127.0394768715741,영업/정상,"서울특별시 강남구 선릉로133길 16, 형민빌딩 지상1층 (논현동)"
에피셀라,기타,37.512521154961824,127.05881929973503,영업/정상,"서울특별시 강남구 봉은사로 524, 웨스틴 서울 파르나스 지하3층 (삼성동)"
플레이그라운드611,기타,37.52499389117257,127.0266228090198,영업/정상,"서울특별시 강남구 압구정로28길 22-11, 지상4층 402호 (신사동)"
(주)파씨오네 레스토랑,기타,37.5254483257782,127.03673873512093,영업/정상,"서울특별시 강남구 언주로164길 39 (신사동,지상2층)"
에이지트,기타,37.4992585643775,127.04002518095805,영업/정상,"서울특별시 강남구 테헤란로30길 31, 지하1층 (역삼동)"
진대감,기타,37.51246848983795,127.0344501964177,영업/정상,"서울특별시 강남구 학동로38길 38 (논현동,지하1층)"
가쯔야,기타,37.52733428976068,127.0274700342024,영업/정상,"서울특별시 강남구 압구정로 165, 현대백화점본점 지하1층 (압구정동)"
맛기행 사계절,기타,37.49852510475672,127.03849733093963,영업/정상,"서울특별시 강남구 논현로 428 (역삼동, 지상1층)"
요리가 있는 술집,기타,37.5037479334348,127.05363551389073,영업/정상,"서울특별시 강남구 선릉로86길 44-5 (대치동,지하1층)"
하니반점,기타,37.47773721968184,127.04747031331961,영업/정상,"서울특별시 강남구 개포로20길 16, 지상1층 (개포동)"
(주)스케줄코퍼레이션(스케줄청담),기타,37.524669523042554,127.04270814913467,영업/정상,"서울특별시 강남구 선릉로152길 37, 청담동 올리브빌딩 지하1층 (청담동)"
해목,기타,37.521497483225886,127.03831008488379,영업/정상,"서울특별시 강남구 선릉로145길 14, 1,2층 (논현동)"
연성갈비 대치점,기타,37.49764886326095,127.05403697162423,영업/정상,"서울특별시 강남구 선릉로62길 19, 지상2층 (대치동)"
엘리먼츠,기타,37.52494685058833,127.04068106732457,영업/정상,"서울특별시 강남구 도산대로55길 22, 지상1층 (청담동)"
김영희 강남동태찜 일원점,기타,37.494348170713835,127.08605868368781,영업/정상,"서울특별시 강남구 개포로138길 23, 지상2층 (일원동)"
도산아래 BAR BLACK,기타,37.52686435589785,127.04006128549837,영업/정상,"서울특별시 강남구 선릉로 837, 지상1층 (신사동)"
오한수 우육면가 선릉점,기타,37.50381208310623,127.04524703703565,영업/정상,"서울특별시 강남구 테헤란로 313, 성지하이츠1 지하1층 4호 (역삼동)"
엠엠티에이치공육구(MMTH069),기타,37.51666544625757,127.02216603806916,영업/정상,"서울특별시 강남구 도산대로8길 5, 1층 (논현동)"
응수수산,기타,37.517467408110086,127.02064966949183,영업/정상,"서울특별시 강남구 강남대로152길 15 (신사동,지하1층)"
현대그린푸드 네오플 오토웨이타워 카페,기타,37.50619047645498,127.06371724813351,영업/정상,"서울특별시 강남구 영동대로 417, 오토웨이 타워 지하2층 (대치동)"
비노615 Vino615,기타,37.52795304265197,127.03076957910137,영업/정상,"서울특별시 강남구 압구정로 214, 현대종합상가빌딩 지상1층 13호 (신사동)"
아비꼬 수서역점,기타,37.487326826880114,127.10314006660364,영업/정상,"서울특별시 강남구 광평로 280, 로즈데일오피스텔 지상1층 113호 (수서동)"
강남김밥,기타,37.49844750633076,127.05846373290986,영업/정상,"서울특별시 강남구 도곡로 441, 1층 (대치동)"
부엉이돈가스 학동역점,기타,37.513885449349736,127.02888557530281,영업/정상,"서울특별시 강남구 학동로 165, 1동 지상1층 116호 (논현동, 마일스디오빌)"
도원스타일 압구정점,기타,37.52733428976068,127.0274700342024,영업/정상,"서울특별시 강남구 압구정로 165 (압구정동,현대백화점 지상5층)"
비비큐 한강버스 압구정선착장점,기타,37.52770771375373,127.01686457408552,영업/정상,"서울특별시 강남구 압구정로11길 37-29, 한강버스 압구정선착장 2층 (압구정동)"
청양시 고추로 다리살 많길 순살치킨,기타,37.51205781174079,127.04438606797166,영업/정상,"서울특별시 강남구 봉은사로57길 21-3, 지상2층 202호 (삼성동)"
미사와 타로카페,기타,37.51761024337373,127.03138310642562,영업/정상,"서울특별시 강남구 논현로142길 26, 2층 (논현동)"
씨지브이 압구정1,기타,37.5245829635829,127.02882765224912,영업/정상,"서울특별시 강남구 논현로 848, 지하2층 (신사동)"
윈윈푸드,기타,37.50890085474024,127.0363640379943,영업/정상,"서울특별시 강남구 봉은사로37길 7-6, 나동 지하1층 B102호 (논현동)"
커피빈 청담카페점,기타,37.52448977106614,127.0443947620327,영업/정상,"서울특별시 강남구 도산대로67길 7, 파크빌딩 지상1층 (청담동)"
나항,기타,37.51955439126105,127.02062140341746,영업/정상,"서울특별시 강남구 압구정로2길 35, 지상1층 (신사동)"
한식포차,기타,37.51014298178372,127.05357217848076,영업/정상,"서울특별시 강남구 삼성로103길 11, 지상1층 101호 (삼성동)"
카츠8 파르나스몰점,기타,37.50904780086485,127.06089284405361,영업/정상,"서울특별시 강남구 테헤란로 521, 파르나스타워 지하1층 F-21호 (삼성동)"
워밍업,기타,37.503829327198936,127.05335653282225,영업/정상,"서울특별시 강남구 선릉로86길 44-4, 보성빌딩 지하1층 (대치동)"
이차,기타,37.52254220294554,127.04121689532192,영업/정상,"서울특별시 강남구 도산대로58길 12, 1층 (청담동)"
오늘의 위스키 강남점,기타,37.4956046768913,127.03182212577622,영업/정상,"서울특별시 강남구 테헤란로6길 47, 지하1층 (역삼동)"
해오름맛집,기타,37.52152590620046,127.05518785836892,영업/정상,"서울특별시 강남구 학동로97길 26, 지하1층 (청담동)"
라피자노스트라,기타,37.47732874913448,127.04961850978096,영업/정상,"서울특별시 강남구 개포로24길 29, 1층 (개포동)"
쭈꾸미랩소디,기타,37.50057339472026,127.02789563555845,영업/정상,"서울특별시 강남구 강남대로98길 12-3, 지상1층 (역삼동)"
브라운백,기타,37.48473407835252,127.08761837082973,영업/정상,"서울특별시 강남구 광평로19길 10, 상가동 지하1층 1호 (수서동, 까치마을아파트)"
인쌩맥주 역삼점,기타,37.49761784892166,127.03328235150937,영업/정상,"서울특별시 강남구 논현로85길 59, 지상2층 (역삼동)"
목포집,기타,37.51133306740584,127.02544203589538,영업/정상,"서울특별시 강남구 학동로12길 14, 지상1층 103호 (논현동)"
히까리 논현점,기타,37.50750761040396,127.02350474728605,영업/정상,"서울특별시 강남구 강남대로 506, 동 (논현동,지상2층)"
락앤롤(ROCK&ROLL),기타,37.52587218390985,127.03720385920256,영업/정상,"서울특별시 강남구 선릉로155길 30 (신사동,지상2층)"
BAB 나무,기타,37.460288566113896,127.10118542277199,영업/정상,"서울특별시 강남구 헌릉로590길 63, 지상1층 103호 (세곡동)"
포사로,기타,37.51875121891759,127.02131954203249,영업/정상,"서울특별시 강남구 강남대로156길 27, 지하1층 (신사동)"
0910 멸치집(논현직영점),기타,37.506593280697594,127.02500006533515,영업/정상,서울특별시 강남구 강남대로118길 20 (논현동)
아티피크 카페,기타,37.51676285796012,127.0594206987556,영업/정상,"서울특별시 강남구 영동대로122길 2, 지상1층 (삼성동, 삼성 브르넨)"
한솔냉면/정담반,냉면,37.52733428976068,127.0274700342024,영업/정상,"서울특별시 강남구 압구정로 165, 현대백화점본점 지하1층 (압구정동)"
주래등,기타,37.489396983495936,127.08218694149426,영업/정상,"서울특별시 강남구 일원로9길 8, 지상2층 (일원동)"
치즈룸×멜팅샵 파르나스몰점,기타,37.50904780086485,127.06089284405361,영업/정상,"서울특별시 강남구 테헤란로 521, 파르나스타워 지하1층 F-1호 (삼성동)"
미수국밥 청담점,국밥,37.523582626445155,127.04512732419246,영업/정상,"서울특별시 강남구 도산대로 446, 지상1층 제11호 (청담동)"
청숫골,기타,37.52530455792837,127.05049409618135,영업/정상,"서울특별시 강남구 도산대로89길 9 (청담동,지하1층)"
도산족발&칼국수,칼국수,37.52312265596349,127.03659604190698,영업/정상,"서울특별시 강남구 도산대로45길 8-8, 2층 (신사동)"
(주)드레스가든,기타,37.52067607275139,127.05589754713145,영업/정상,"서울특별시 강남구 영동대로 707, 2,3층 (청담동, 금융주치의 청담센터)"
마루심 주식회사,기타,37.49671569338856,127.03190537451475,영업/정상,"서울특별시 강남구 테헤란로8길 32, 지상1,2,3층 (역삼동)"
철따라,기타,37.493899254367186,127.06104258828962,영업/정상,"서울특별시 강남구 남부순환로 2933, 대치상가 지상1층 102호,103호 (대치동)"
LOVETT(로벳)커피,기타,37.50858520244519,127.03554889268362,영업/정상,"서울특별시 강남구 봉은사로33길 7, 지상1층 102호 (논현동)"
고스트(GST),기타,37.52488453896661,127.04986097145166,영업/정상,"서울특별시 강남구 도산대로 517, 지하1층 (청담동)"
서울 순대국,기타,37.49495668365283,127.0392065677189,영업/정상,서울특별시 강남구 논현로71길 3 (역삼동)
압구정고깃집 본점,기타,37.52725514311707,127.03774913941876,영업/정상,"서울특별시 강남구 압구정로50길 18, 지상1층 (신사동)"
삼미,기타,37.509465415690514,127.02292125551882,영업/정상,서울특별시 강남구 학동로2길 30 (논현동)
백소정 역삼GS점,기타,37.50264421628351,127.03737498182406,영업/정상,"서울특별시 강남구 논현로94길 13, 지상2층 (역삼동)"
펠른 현대백화점 무역센터점,기타,37.50859530026902,127.05971847792408,영업/정상,"서울특별시 강남구 테헤란로 517, 현대백화점 7층 (삼성동)"
스시시류,기타,37.524057735887894,127.02791593357462,영업/정상,"서울특별시 강남구 논현로 841, 제이비 미소 빌딩 지상1층 108호 (신사동)"
리거양꼬치,기타,37.48497356361628,127.04254442658713,영업/정상,"서울특별시 강남구 남부순환로370길 9, 지상1층 103호 (도곡동)"
사리정,기타,37.49208952510668,127.0834197347812,영업/정상,"서울특별시 강남구 일원로3길 38, 지상1층 (일원동)"
베이커리 앤 커피 바이 쿤달(Bakery & Coffee by Kundal),기타,37.525833924850794,127.03890578705139,영업/정상,"서울특별시 강남구 도산대로53길 39, 신사동 C/K빌딩 지상1층 (신사동)"
(주)옹기그룹 송화,기타,37.51029508051192,127.0453883639988,영업/정상,"서울특별시 강남구 봉은사로 410, 라마다서울호텔 지하2층 (삼성동)"
떡판왕,기타,37.506165481895756,127.05298732897415,영업/정상,"서울특별시 강남구 테헤란로 423, 지하1층 B106호 (삼성동, 현대타워)"
황옥순 할매 김치찜&뼈 해장국,기타,37.51031674767087,127.04248029559835,영업/정상,"서울특별시 강남구 봉은사로51길 3-3, 지하1층 104호 (논현동)"
힘(HIM),기타,37.515158355946134,127.06175427285638,영업/정상,"서울특별시 강남구 봉은사로103길 8, 샘빌딩 지상1층 101호 (삼성동)"
우공 뭉티기,기타,37.49446127275491,127.0403774731513,영업/정상,"서울특별시 강남구 논현로68길 4, 지상1층 (역삼동)"
오포 선릉역점(ohpho),기타,37.50488012809299,127.04637813731257,영업/정상,"서울특별시 강남구 선릉로93길 26, 우리빌딩 지상1층 2호 (역삼동)"
써니,기타,37.50702985654748,127.03193533831492,영업/정상,"서울특별시 강남구 봉은사로 161, 지하1층 (논현동)"
치킨더비 경복사거리점,기타,37.50952514436708,127.03895479161527,영업/정상,"서울특별시 강남구 언주로 604, 지하1층 B107호 (논현동, ACROHILLS논현)"
영동불백,기타,37.49240903545035,127.03202358981508,영업/정상,"서울특별시 강남구 역삼로4길 16, B03호 (역삼동, 성우스타하우스오피스텔)"
스윙부스,기타,37.511129582914734,127.03086859844397,영업/정상,"서울특별시 강남구 논현로121길 12, 지상1층 (논현동)"
간빠맥주 신논현형제점,기타,37.50912220637801,127.0229887970136,영업/정상,"서울특별시 강남구 강남대로124길 3-6, 1층 101호 (논현동)"
타카야,기타,37.5208085078924,127.02233466396024,영업/정상,"서울특별시 강남구 압구정로10길 43 (신사동,Y.K빌딩 지상1층)"
국밥참맛있는집 역삼점,국밥,37.50471439509131,127.04496081141194,영업/정상,"서울특별시 강남구 언주로98길 39, 지상1층 (역삼동)"
서영이앤티(주) 갤러리아 WEST 4층,기타,37.52856183010993,127.04005459356938,영업/정상,"서울특별시 강남구 압구정로 343, 갤러리아백화점 명품관 WEST 4층 (압구정동)"
리아네(RiaNe),기타,37.48707261475469,127.09844291196134,영업/정상,"서울특별시 강남구 광평로47길 17, 지상2층 212호 (수서동, 신동아아파트)"
카와세미,기타,37.523237049492046,127.03654034761973,영업/정상,"서울특별시 강남구 도산대로45길 10-8, 1층 (신사동)"
포이뼈다귀해장국,기타,37.47517668523336,127.04798162205309,영업/정상,서울특별시 강남구 논현로14길 6 (개포동)
구좌리 얼크니손칼국수,칼국수,37.492862555340146,127.05861100594134,영업/정상,"서울특별시 강남구 남부순환로 2913, 동하빌딩 지하1층 B101호 (대치동)"
킹콩부대찌개 강남 역삼초교,기타,37.491728190739884,127.03183980265206,영업/정상,"서울특별시 강남구 강남대로66길 14, 2층 205호 (역삼동, 강남역 와이즈 플레이스)"
신룽푸 마라탕(수서역점),기타,37.48801674446367,127.10184847065206,영업/정상,"서울특별시 강남구 밤고개로1길 10, 지하2층 220호 (수서동, 현대벤쳐빌)"
그린스투고,기타,37.50359412904925,127.05587315421515,영업/정상,"서울특별시 강남구 삼성로75길 26-8, 지상1층 (대치동)"
베베르(Be Ber),기타,37.524471574936804,127.04051229682621,영업/정상,"서울특별시 강남구 도산대로55길 16 (청담동,1층)"
"안녕, 제주",기타,37.505157459548826,127.043314909113,영업/정상,"서울특별시 강남구 언주로98길 17-3 (역삼동,지상1층)"
노멀 바이 류니끄,기타,37.52081237548849,127.02204729458765,영업/정상,"서울특별시 강남구 압구정로10길 42, 1층 202호 (신사동)"
개포동 횟집 오징어광장,기타,37.47850327838516,127.04680869230889,영업/정상,"서울특별시 강남구 개포로 220 (개포동,지상1층)"
비앤비,기타,37.49434795190433,127.07961586766422,영업/정상,"서울특별시 강남구 개포로 623 (개포동,대청타워106호(지상1층))"
클래식,기타,37.518455387307775,127.04662634159116,영업/정상,서울특별시 강남구 학동로 423 (청담동)
우대한 식당,기타,37.49623496027087,127.0346356196268,영업/정상,"서울특별시 강남구 논현로79길 53, 지상1층 (역삼동)"
버텍스(Vertex),기타,37.51131771540052,127.02755712090945,영업/정상,"서울특별시 강남구 강남대로124길 74, 지상1층, 101호 일부 (논현동)"
사계,기타,37.500639788834086,127.05300711238306,영업/정상,"서울특별시 강남구 역삼로64길 7, 지상1층 103호 (대치동)"
백암순대국.뼈해장국,기타,37.50799521370361,127.02443215702414,영업/정상,"서울특별시 강남구 강남대로122길 16, 지상1층 (논현동)"
겜지노,기타,37.525749328161446,127.03829302790088,영업/정상,"서울특별시 강남구 도산대로51길 40, 지상3층 302호 (신사동)"
오마주,기타,37.494705034502196,127.0376596390939,영업/정상,"서울특별시 강남구 역삼로20길 9, 5층 (역삼동)"
청송일식,기타,37.49415913600187,127.07868928853152,영업/정상,"서울특별시 강남구 개포로 621, 지하114호 (개포동, SH공사)"
(주)캘리스코 리퍼크 메리츠타워본점,기타,37.49745104342716,127.02879359491544,영업/정상,"서울특별시 강남구 강남대로 382, 메리츠타워 지상1층 (역삼동)"
바인하우스,기타,37.52554713910381,127.05074643091996,영업/정상,"서울특별시 강남구 도산대로89길 13, 이림빌딩 지하1층 (청담동)"
남도밥상이어요,기타,37.51550828174849,127.0607413694374,영업/정상,"서울특별시 강남구 영동대로114길 9, 지상1층 (삼성동)"
부대찌개대사관 선릉직영점,기타,37.5034637046497,127.05169365057957,영업/정상,"서울특별시 강남구 선릉로86길 24, 남양빌딩 지상1층 (대치동)"
스파게티 스토리,기타,37.502025313266216,127.0335381833513,영업/정상,"서울특별시 강남구 논현로95길 30, 지상1층 (역삼동)"
무교동유정낙지청담점,기타,37.523370208848384,127.05587174406043,영업/정상,서울특별시 강남구 영동대로 732 (청담동)
선덕칼국수,칼국수,37.50325043955282,127.03724852575805,영업/정상,"서울특별시 강남구 테헤란로27길 29, 지하1층 (역삼동)"
몬스터포,기타,37.509866400370846,127.03546377457924,영업/정상,"서울특별시 강남구 언주로115길 15, 2층 (논현동)"
이천오(2005),기타,37.51013351328258,127.02725416190307,영업/정상,"서울특별시 강남구 학동로20길 55, 해림빌딩 지상1층 103호 (논현동)"
생마차(대치점),기타,37.49870082171724,127.06806830868007,영업/정상,서울특별시 강남구 영동대로 221 (대치동)
사람사는 고깃집 김일도,기타,37.4910466651383,127.03268129883736,영업/정상,"서울특별시 강남구 도곡로3길 13, 르-메이에르 타운 지상1층 (역삼동)"
경복궁블랙오크우드점(주)엔타스,기타,37.512521154961824,127.05881929973503,영업/정상,"서울특별시 강남구 테헤란로87길 46, 1층 (삼성동)"
미담재 역삼역점,기타,37.498522400917665,127.03729787335686,영업/정상,"서울특별시 강남구 논현로85길 5-11, 지상1층 (역삼동)"
벨벳티 진스(Velvety Jins),기타,37.52814023687721,127.03642435972131,영업/정상,"서울특별시 강남구 언주로174길 29, 지상1층 (신사동, 테맨빌딩)"
화주요정,기타,37.52771575027698,127.03949241565579,영업/정상,"서울특별시 강남구 압구정로54길 4, 지상1,2층 (신사동)"
37.5 시그니처 청담점,기타,37.51624574339313,127.05063369163427,영업/정상,"서울특별시 강남구 삼성로119길 8, 강남대학교 청담 카이로스 빌딩 지상2층 204호 (삼성동)"
팬군만두,기타,37.49860960820537,127.02834304780684,영업/정상,"서울특별시 강남구 테헤란로 103 (역삼동,,1층)"
딸부자네불백,기타,37.49702710547764,127.02976901919028,영업/정상,"서울특별시 강남구 강남대로84길 15, 지상1층 103호 (역삼동)"
보드람죽,기타,37.50085838008427,127.04058796164693,영업/정상,"서울특별시 강남구 언주로85길 32, 역삼역센트럴푸르지오 지하1층 B110호 CA34-1호 (역삼동)"
우리동네 수산시장,기타,37.509509660114574,127.03649734295176,영업/정상,"서울특별시 강남구 언주로113길 10, 지상2층 강남1호지점 (논현동)"
듀얼라운지,기타,37.503148786208236,127.03893132142058,영업/정상,"서울특별시 강남구 테헤란로33길 19, 지상3층 (역삼동)"
르글라스 압구정점,기타,37.52823829335685,127.03214505809085,영업/정상,"서울특별시 강남구 언주로173길 16, 지상1층 (신사동)"
만지,기타,37.524035923579014,127.04034291478176,영업/정상,"서울특별시 강남구 선릉로152길 10, 지하1층 (청담동)"
전주옥,기타,37.49702710547764,127.02976901919028,영업/정상,"서울특별시 강남구 강남대로84길 15, 지하1층 B117호,B118호 (역삼동)"
프레퍼스 다이어트 푸드 강남직영점,기타,37.500294520794,127.02752486126133,영업/정상,"서울특별시 강남구 테헤란로1길 30, 지하1,지상1층 (역삼동)"
베스트,기타,37.526627580150894,127.03402508897436,영업/정상,"서울특별시 강남구 언주로168길 5, 지미안빌딩 지하1층 (신사동)"
바블링(BAR BLING),기타,37.503925457684744,127.05312216934364,영업/정상,"서울특별시 강남구 선릉로86길 42, 지하1층 (대치동)"
복드림 복국 콩나물국밥,국밥,37.50982509592754,127.0564369543746,영업/정상,"서울특별시 강남구 삼성로100길 13, 1층 (삼성동)"
어썸플레이스 이태리부대찌개,기타,37.52691652816877,127.03021566196928,영업/정상,"서울특별시 강남구 압구정로32길 11, 캐럴라인타워 지상1층 112,113,114,115호 (신사동)"
연화산,기타,37.50307943304978,127.03954785812391,영업/정상,"서울특별시 강남구 언주로93길 31 (역삼동,지상2층)"
일원반점,기타,37.48485122418924,127.08527683250699,영업/정상,"서울특별시 강남구 광평로19길 15, 상가동 지하1층 1호,2호 (일원동, 목련타운아파트)"
이동분식쎈타,기타,37.500467261280136,127.04338535643477,영업/정상,
슬로우 도산,기타,37.519760287054865,127.02936668060279,영업/정상,"서울특별시 강남구 도산대로 208, 지하1층 근린생활시설3호 (논현동)"
토리니쿠,기타,37.49240903545035,127.03202358981508,영업/정상,"서울특별시 강남구 역삼로4길 16, 성우스타우스오피스텔 지상1층 112호 (역삼동)"
부리또리 선릉점,기타,37.504755660255235,127.05644863874402,영업/정상,"서울특별시 강남구 삼성로85길 11, 지1층 비10호 (대치동, 롯데캐슬아파트)"
오므토토마토 강남본점,기타,37.49658829990398,127.03057287535792,영업/정상,"서울특별시 강남구 테헤란로4길 29, 정우씨티 지상1층 2호 (역삼동)"
봉브라더스,기타,37.507349619735365,127.02626211367453,영업/정상,"서울특별시 강남구 강남대로118길 39, 지상2층 (논현동)"
참한집 선릉점,기타,37.50374955216926,127.05256991170846,영업/정상,"서울특별시 강남구 선릉로86길 34, 금아빌딩 지상1층 (대치동)"
서울갈매기,기타,37.50835097939712,127.04069629734359,영업/정상,"서울특별시 강남구 언주로108길 16 (역삼동,지상1층)"
스시 카이신,기타,37.523848920262196,127.05178203780925,영업/정상,"서울특별시 강남구 도산대로100길 12, 지상2층 (청담동)"
카페코넌,기타,37.508515235875116,127.03612610176758,영업/정상,"서울특별시 강남구 봉은사로37길 7-9, 1층 (논현동)"
카페포엠,기타,37.50366098627476,127.04429478219924,영업/정상,"서울특별시 강남구 테헤란로 309, 삼성제일빌딩 지하1층 3호 (역삼동)"
교촌치킨,기타,37.48489621730933,127.09067764740408,영업/정상,"서울특별시 강남구 광평로31길 27 (수서동,삼성상가지상1층104호)"
강남골,기타,37.49438135361769,127.04495190494956,영업/정상,"서울특별시 강남구 도곡로37길 8, 1층 102호 (역삼동)"
선릉화로,기타,37.50308212981942,127.05208706954211,영업/정상,"서울특별시 강남구 선릉로82길 25 (대치동,지하1층)"
오마이주스(OhMyJu's),기타,37.510146387528245,127.02291793176278,영업/정상,"서울특별시 강남구 학동로2길 19, 세일빌딩 지상1층 101-5호 (논현동)"
철수포차,기타,37.51192808930968,127.04602056032063,영업/정상,"서울특별시 강남구 선릉로112길 31, 지상1층 101호 (삼성동)"
돈우정,기타,37.502921426273524,127.03711242168022,영업/정상,"서울특별시 강남구 봉은사로30길 73 (역삼동,지상1층)"
요란 강남구청점,기타,37.515555544711106,127.04236734449843,영업/정상,"서울특별시 강남구 선릉로 660 (삼성동,브라운스톤레전드1층116호)"
따띠 김치찌개,기타,37.50483571582305,127.04430100036782,영업/정상,"서울특별시 강남구 언주로98길 31, 지상2층 (역삼동)"
룰루랄라,기타,37.51017881174771,127.02422744530914,영업/정상,"서울특별시 강남구 강남대로128길 24, 지상1층 (논현동)"
동대문엽기떡볶이 청담점,기타,37.52506116549826,127.05020393601116,영업/정상,"서울특별시 강남구 도산대로89길 3, 2층 202호 (청담동)"
비,기타,37.519650187711115,127.02026015756854,영업/정상,"서울특별시 강남구 강남대로160길 19 (신사동,성림빌딩지하1층)"
야키토리(Yakitori)파노,기타,37.52237156738175,127.0443192500341,영업/정상,"서울특별시 강남구 도산대로66길 19, 3층 (청담동)"
탄화,기타,37.51788859898197,127.0194887333658,영업/정상,"서울특별시 강남구 강남대로 628, 비율라빌딩 지상3층 (신사동)"
언더씨유,기타,37.4982193272013,127.03908640117241,영업/정상,"서울특별시 강남구 논현로80길 9, 지하1층 (역삼동)"
더치앤드립,기타,37.49225103936336,127.08430153118013,영업/정상,"서울특별시 강남구 일원로5길 51, 지상1층 (일원동)"
명동할머니국수(뱅뱅사거리점),기타,37.489257427505436,127.03307746876055,영업/정상,"서울특별시 강남구 강남대로58길 12 (도곡동,지상1층)"
사시미랑 초밥,기타,37.51521269255384,127.06095243539596,영업/정상,"서울특별시 강남구 영동대로112길 9, 제일빌딩 지상1층 5호 (삼성동)"
진담부대찌개,기타,37.50579040606939,127.05615317996653,영업/정상,"서울특별시 강남구 테헤란로 440, 포스코센터 지하1층 (대치동)"
서순자,기타,37.507265042161954,127.02438575062027,영업/정상,"서울특별시 강남구 강남대로120길 11, 지상1층 (논현동)"
지코바 삼성1호점,기타,37.514096983522656,127.0487051408548,영업/정상,"서울특별시 강남구 삼성로115길 42, 지상1층 101호 (삼성동)"
샤콘느(chaconne),기타,37.50274831422306,127.03376399937632,영업/정상,"서울특별시 강남구 논현로97길 23, 지상1층 101호 (역삼동, 역삼힐스)"
뮤즈,기타,37.50034099016605,127.03168319596598,영업/정상,"서울특별시 강남구 강남대로94길 54, 지상1층 (역삼동)"
기부앤테이크카페(Giboo & Take Cafe),기타,37.51426422063769,127.04862932141997,영업/정상,"서울특별시 강남구 봉은사로69길 36, 지상1층 (삼성동)"
보물섬,기타,37.507652331629984,127.02658303620953,영업/정상,"서울특별시 강남구 강남대로120길 40 (논현동,지상1층)"
두크렘 베이커,기타,37.52114750053399,127.02317600584655,영업/정상,"서울특별시 강남구 도산대로15길 45, 지하1층 (신사동)"
평가옥,기타,37.50702473890824,127.05282822528085,영업/정상,"서울특별시 강남구 삼성로95길 37 (삼성동,지상1층)"
(주)젠하이더웨이묵전,기타,37.5260576078577,127.03534428805115,영업/정상,"서울특별시 강남구 언주로168길 22, 지하1,지상1~2층 (신사동)"
이조 뼈찜 감자탕,기타,37.51007095883346,127.03512018723906,영업/정상,"서울특별시 강남구 봉은사로33길 32, 지상1층 (논현동)"
볶음밥도사 강남본점,기타,37.50284011257186,127.03744102263121,영업/정상,"서울특별시 강남구 테헤란로27길 23, 지하1층 1호 (역삼동)"
전통다과점 가헌,기타,37.51827235025706,127.04203216581875,영업/정상,"서울특별시 강남구 학동로55길 12, 지하1층 (청담동)"
오락,기타,37.51140539863109,127.02833282817558,영업/정상,"서울특별시 강남구 학동로20길 27, 지상1층 (논현동)"
남대 신사점,기타,37.51797238677247,127.02071143066216,영업/정상,"서울특별시 강남구 강남대로154길 19, 지상1층 (신사동)"
더 더치 치즈앤모어 갤러리아 명품관점,기타,37.52856183010993,127.04005459356938,영업/정상,"서울특별시 강남구 압구정로 343, 갤러리아백화점 명품관 WEST 지하1층 (압구정동)"
공감 삼성본점,기타,37.50902340110759,127.06604402687084,영업/정상,"서울특별시 강남구 테헤란로108길 7, 동국빌딩 지상1층 (대치동)"
(주)커피빈코리아 논현동수면센터점,기타,37.51595564292962,127.02955705267593,영업/정상,"서울특별시 강남구 논현로 717, 1층 (논현동)"
티보리,기타,37.52687707119251,127.04317943204167,영업/정상,서울특별시 강남구 압구정로 422 (청담동)
뒤끝,기타,37.50860260253537,127.0647767840816,영업/정상,"서울특별시 강남구 테헤란로104길 8, 지상1층 (대치동)"
옛날농장,기타,37.52396285771945,127.02746189161812,영업/정상,"서울특별시 강남구 압구정로28길 40 (신사동,지상1층)"
고설우 삼성점,기타,37.5098068747933,127.05788510622625,영업/정상,"서울특별시 강남구 테헤란로87길 33, 지하1층 (삼성동)"
마히나 비건테이블,기타,37.52363647494702,127.02300398732662,영업/정상,"서울특별시 강남구 논현로175길 75, 지상2층 (신사동)"
비욘드 유럽 강남구청점,기타,37.515555544711106,127.04236734449843,영업/정상,"서울특별시 강남구 선릉로 660, 지상1층 에프108호 (삼성동, 브라운스톤 레전드)"
더스페이스,기타,37.520850727693684,127.04846333651405,영업/정상,"서울특별시 강남구 학동로77길 34 (청담동,지상1층)"
애뿔,기타,37.49580175424792,127.04116102415165,영업/정상,"서울특별시 강남구 논현로72길 20, 지상1층 102호 (역삼동)"
오카동,기타,37.5058471236569,127.04860284896793,영업/정상,"서울특별시 강남구 선릉로 518, 지하1층 (삼성동)"
호미곶막회물회,기타,37.50438926786291,127.05274312964617,영업/정상,"서울특별시 강남구 테헤란로70길 14-10, 남양빌딩2층 (대치동)"
등촌샤브칼국수 언주점,칼국수,37.50291026229603,127.03773395455629,영업/정상,"서울특별시 강남구 테헤란로27길 22, 주원빌딩 지상2층 (역삼동)"
여의도 숯닭 논현직영점,기타,37.510073444327,127.02260077761467,영업/정상,서울특별시 강남구 학동로2길 20 (논현동)
스기타마,기타,37.52244767204527,127.04748551179205,영업/정상,"서울특별시 강남구 삼성로147길 8, 1층 101호 (청담동)"
보리,기타,37.52712416709095,127.04577895257972,영업/정상,"서울특별시 강남구 도산대로81길 51 (청담동,루미안빌딩 2층)"
행복한칼국수,칼국수,37.48812055362653,127.05107766375514,영업/정상,"서울특별시 강남구 언주로30길 13, 지하1층 4-3, 4-4호 (도곡동, 대림아크로빌, 대림아크로텔)"
사일삼프로젝트(413 project),기타,37.50234010232296,127.0344729733806,영업/정상,"서울특별시 강남구 논현로97길 19-11 (역삼동,지상1층)"
그랑 크뤼,기타,37.50953946906709,127.03323257457978,영업/정상,"서울특별시 강남구 논현로 626, 엠빌딩 지상1층 (논현동)"
나폴리 회관,기타,37.50022225744473,127.029132846887,영업/정상,"서울특별시 강남구 테헤란로5길 24, 지상1층 (역삼동)"
능이족발 본점,기타,37.4992037877254,127.0630993764294,영업/정상,"서울특별시 강남구 도곡로 516, 지상1층 110호 (대치동)"
옹기미가낙지수제비해물탕찜,기타,37.49010202409277,127.08367816210264,영업/정상,"서울특별시 강남구 양재대로35길 6 (일원동,지상1층)"
마구로젠,기타,37.500295549439315,127.0400898964297,영업/정상,"서울특별시 강남구 논현로86길 32 (역삼동,삼우빌딩 1층)"
손칼국수,칼국수,37.51012939423699,127.03610421065515,영업/정상,서울특별시 강남구 언주로115길 7 (논현동)
백암 순대,기타,37.51606961971495,127.04049918807128,영업/정상,"서울특별시 강남구 선릉로129길 13 (논현동,경진빌딩1층)"
통돼지,기타,37.49070407999581,127.03384537997677,영업/정상,"서울특별시 강남구 강남대로62길 28, 지상1층 (역삼동)"
레아,기타,37.505789881690504,127.05444566980768,영업/정상,"서울특별시 강남구 테헤란로 432, DB금융센터 지하1층 (대치동)"
티보리,기타,37.526413221485825,127.0470070347993,영업/정상,"서울특별시 강남구 도산대로81길 31, 지하1층 (청담동)"
차돌박힌 쭈꾸미 선릉점,기타,37.505590954373886,127.04769835050814,영업/정상,"서울특별시 강남구 선릉로93길 8 (역삼동,지상1층)"
주식회사 펠즈피자,기타,37.531092142576426,127.02507356272653,영업/정상,"서울특별시 강남구 압구정로29길 69, 상가동 지상1층 6호,7호 (압구정동, 현대아파트)"
대운목장,기타,37.52108665160247,127.0287761183574,영업/정상,"서울특별시 강남구 논현로152길 7, 1층 (신사동)"
교촌치킨 개포1호점,기타,37.47625904191346,127.04691301899867,영업/정상,"서울특별시 강남구 논현로16길 5, 1층 (개포동)"
이가네 양꼬치,기타,37.50348906978545,127.05229306195147,영업/정상,"서울특별시 강남구 역삼로67길 33, 지상1층 101호 (대치동)"
봉추찜닭,기타,37.518878092774386,127.02360606099907,영업/정상,"서울특별시 강남구 도산대로13길 14-4 (신사동,지상1층 101호)"
까브 테라스,기타,37.51875121891759,127.02131954203249,영업/정상,"서울특별시 강남구 강남대로156길 27, 3층 (신사동)"
쁘라텟타이,기타,37.501113168947775,127.03433280007056,영업/정상,"서울특별시 강남구 테헤란로21길 13, 지상1층 (역삼동)"
미우야,기타,37.52856183010993,127.04005459356938,영업/정상,"서울특별시 강남구 압구정로 343, 지하1층 (압구정동, 갤러리아생활관 )"
나의 모양(my shape),기타,37.50196963009439,127.05371511643074,영업/정상,"서울특별시 강남구 역삼로69길 5, 지상1층 101호 (대치동)"
현대식당,기타,37.5219459378759,127.04015743164737,영업/정상,서울특별시 강남구 선릉로146길 5 (청담동)
잇테이블(it table),기타,37.494049141467606,127.03523582681791,영업/정상,"서울특별시 강남구 역삼로14길 8, 지상1층 (역삼동)"
주신사(JOOSINSA),기타,37.518027318476115,127.01975937269687,영업/정상,"서울특별시 강남구 강남대로156길 8, 지상2층 (신사동)"
배꼽집,기타,37.51008344477726,127.02411768104722,영업/정상,"서울특별시 강남구 강남대로128길 22, 지하1층 (논현동)"
소문난 국수,기타,37.52029465701094,127.03359056735366,영업/정상,"서울특별시 강남구 언주로149길 5-4, 지상1층 (논현동)"
불이아,기타,37.50253930444398,127.03644637016242,영업/정상,"서울특별시 강남구 논현로 514, 지상1층 (역삼동)"
정사장네 갈매기,기타,37.51123484128245,127.05696875569008,영업/정상,서울특별시 강남구 삼성로104길 28 (삼성동)
몽테크리스토,기타,37.50297359241314,127.04653232570449,영업/정상,"서울특별시 강남구 테헤란로 322 (역삼동,한신인터밸리24(307.308.309호))"
공씨네 주먹밥 (삼성점),기타,37.50847746286273,127.05788668519753,영업/정상,"서울특별시 강남구 테헤란로83길 14 (삼성동,두산위브센티움 104호)"
케이팝서포터즈 협동조합,기타,37.505999199123224,127.05994369802345,영업/정상,"서울특별시 강남구 삼성로84길 29, 지하1층 (대치동)"
바다왕국 아구찜 논현점,기타,37.506046679766555,127.02688538742103,영업/정상,"서울특별시 강남구 강남대로112길 31, 1층 (논현동)"
서울라이스,기타,37.50085838008427,127.04058796164693,영업/정상,"서울특별시 강남구 언주로85길 32, 역삼역센트럴푸르지오 지하1층 B105A호 CA12호 (역삼동)"
샐러리아 대치은마점,기타,37.49741797119301,127.06532707074464,영업/정상,"서울특별시 강남구 삼성로 212, 은마상가 지상1층 A-117호 (대치동, 은마아파트)"
땅땅치킨 잠원1호점,기타,37.52729317334533,127.01886747335347,영업/정상,"서울특별시 강남구 올림픽대로 2395, 지상2층 (압구정동)"
투고샐러드 메자닌점,기타,37.515462940075864,127.02689972455762,영업/정상,"서울특별시 강남구 학동로21길 35, 지하1층 (논현동)"
벙커 695 (BUNKER 695),기타,37.52241391906489,127.05430582110613,영업/정상,"서울특별시 강남구 학동로97길 41, 리유빌딩 지하1층 (청담동)"
동의보감을 마신다! 카페 방하,기타,37.485293240699306,127.04590527912792,영업/정상,"서울특별시 강남구 남부순환로378길 14, 2층 (도곡동)"
723핫도그앤커피 강남본점,기타,37.49772601279262,127.0292970420504,영업/정상,"서울특별시 강남구 테헤란로4길 6, 강남역 센트럴 푸르지오 시티 1층 124호 (역삼동)"
연남토마 도곡점,기타,37.489710774953146,127.0544905363916,영업/정상,"서울특별시 강남구 언주로30길 57, 상가동 지하1층 (도곡동, 타워팰리스)"
씨티커피,기타,37.50366054732304,127.03829451331069,영업/정상,"서울특별시 강남구 논현로94길 29-11, 지상1층 (역삼동)"
테헤란식당,기타,37.50353143572665,127.04705228866463,영업/정상,서울특별시 강남구 테헤란로 326 (역삼동)
(주)유이즈므,기타,37.52557458638795,127.03231641655857,영업/정상,"서울특별시 강남구 언주로165길 7-4, 1층 (신사동)"
배가네 목포집,기타,37.51732964117484,127.02097914265484,영업/정상,"서울특별시 강남구 강남대로152길 18, 지상2층 (신사동)"
테판야키 소고,기타,37.522666246191925,127.043763553517,영업/정상,"서울특별시 강남구 선릉로148길 52-6, 지하1층 (청담동)"
스시사인조,기타,37.51401395504177,127.03433367414405,영업/정상,"서울특별시 강남구 학동로38길 14, 지상1층 102호 (논현동)"
현대순대국,기타,37.50906262799196,127.0242353128268,영업/정상,"서울특별시 강남구 강남대로124길 20 (논현동,지상1층)"
개성족발,기타,37.501480208541935,127.06300154685637,영업/정상,서울특별시 강남구 삼성로72길 51 (대치동)
분짜라붐 역삼점,기타,37.50154274113024,127.03506814613331,영업/정상,"서울특별시 강남구 테헤란로25길 13, 1,2층 (역삼동)"
그날,기타,37.52002724848031,127.03338841236064,영업/정상,"서울특별시 강남구 언주로147길 10, 지하1층 (논현동)"
우멤버,기타,37.50665749282514,127.049987343184,영업/정상,"서울특별시 강남구 선릉로100길 34, 남영빌딩 지하1층 (삼성동)"
고래사냥,기타,37.51045453278713,127.05386151514068,영업/정상,"서울특별시 강남구 봉은사로78길 37, 지상1층 (삼성동)"
쿠시루,기타,37.527218372640604,127.0392006423718,영업/정상,"서울특별시 강남구 선릉로161길 15, 지상3층 (신사동)"
레이어 로스터리 바,기타,37.501491822024384,127.05094748198484,영업/정상,"서울특별시 강남구 선릉로76길 5, 1층 (대치동)"
솔솥(신사점),기타,37.51874424270855,127.02116529331899,영업/정상,"서울특별시 강남구 압구정로2길 49, 지상2층 (신사동)"
메종조,기타,37.52202344604517,127.0549620957706,영업/정상,"서울특별시 강남구 영동대로137길 6, 지상1층 2호 (청담동)"
경성 미술관,기타,37.520351474783716,127.0237474930192,영업/정상,"서울특별시 강남구 도산대로15길 32, 지하1층 (신사동)"
더 청담,기타,37.52424585323722,127.04239413657471,영업/정상,"서울특별시 강남구 선릉로152길 34, 지상6층 2호 (청담동)"
타코치바스코 강남점,기타,37.49702710547764,127.02976901919028,영업/정상,"서울특별시 강남구 강남대로84길 15, 지상1층 111호 (역삼동)"
아리스타커피 강남점,기타,37.49772601279262,127.0292970420504,영업/정상,"서울특별시 강남구 테헤란로4길 6, 강남역 센트럴 푸르지오 시티 지하1층 B113호 (역삼동)"
케그샵 프리미엄수제맥주&전통주셀렉샵 강남점,기타,37.50066875347961,127.03160043330571,영업/정상,"서울특별시 강남구 강남대로94길 55-3, 지상1층 (역삼동)"
애란궁,기타,37.48481665153792,127.09785752801518,영업/정상,"서울특별시 강남구 광평로 220-12, 지1층,지상1층 (수서동)"
할아버지 돈까스,기타,37.49741797119301,127.06532707074464,영업/정상,"서울특별시 강남구 삼성로 212 (대치동,지하1층비블럭2-1호)"
(주)부첼라 현대백화점 압구정점,기타,37.52733428976068,127.0274700342024,영업/정상,"서울특별시 강남구 압구정로 165, 지하1층 (압구정동, 현대백화점 압구정점)"
바다등푸른생선구이,기타,37.51823398828557,127.02991398063439,영업/정상,서울특별시 강남구 논현로146길 11 (논현동)
그때그집,기타,37.505107809576955,127.05827542438065,영업/정상,서울특별시 강남구 삼성로82길 5 (대치동)
시퀀스,기타,37.526629328139265,127.03919687320624,영업/정상,"서울특별시 강남구 언주로172길 66, 지하1층 (신사동)"
인조이키친,기타,37.47196564430565,127.09537619750358,영업/정상,"서울특별시 강남구 자곡로 108, 미라클빌딩 지상1층 108호,109호 (자곡동)"
구울림,기타,37.495233692165556,127.03919818931371,영업/정상,"서울특별시 강남구 논현로 337, 지상1층 104호 (역삼동)"
핸다이닝,기타,37.52282143660338,127.03996263060945,영업/정상,"서울특별시 강남구 도산대로 406, 지상1층 101호 (청담동)"
스파게티스토리,기타,37.51740444452311,127.05136065968426,영업/정상,"서울특별시 강남구 삼성로 642, 삼성빌딩 지상1층 2호 (삼성동)"
봄담아선릉역점,기타,37.50488012809299,127.04637813731257,영업/정상,"서울특별시 강남구 선릉로93길 26, 우리빌딩 지상2층 (역삼동)"
더잡수소,기타,37.505898212876126,127.02571487146925,영업/정상,"서울특별시 강남구 강남대로114길 18, 필스빌딩 지상1층 (논현동)"
공탕 이안,기타,37.49923238955503,127.03529975990743,영업/정상,"서울특별시 강남구 테헤란로22길 11, 모닝타워 지상1층 (역삼동)"
김가네,기타,37.49987896141306,127.02945368787252,영업/정상,"서울특별시 강남구 강남대로94길 27 (역삼동,지상1층)"
가드너아드리아,기타,37.52394703480201,127.03665236659143,영업/정상,"서울특별시 강남구 압구정로46길 73, 1층 (신사동)"
셀라도어 와인바,기타,37.51520328711445,127.05272539029325,영업/정상,"서울특별시 강남구 삼성로116길 3, 지상2층 (삼성동)"
핵밥 일원점,기타,37.489396983495936,127.08218694149426,영업/정상,"서울특별시 강남구 일원로9길 8 (일원동,지상1층)"
고기슥삭,기타,37.50835097939712,127.04069629734359,영업/정상,"서울특별시 강남구 언주로108길 16 (역삼동,201호)"
어가,기타,37.51746802878183,127.04999005032982,영업/정상,"서울특별시 강남구 삼성로 651, 지하1층 B03호 (삼성동, 래미안 라클래시)"
간판없는 김치찌개 대치점,기타,37.50357434023682,127.05428035340167,영업/정상,"서울특별시 강남구 삼성로81길 43, 지상2층 8호 (대치동)"
원조 을지로골뱅이,기타,37.510734556182534,127.05729109225169,영업/정상,"서울특별시 강남구 삼성로100길 23-20, 지상1층,지상2층 (삼성동)"
줄서서 먹는 돼지짜글이,기타,37.502921426273524,127.03711242168022,영업/정상,"서울특별시 강남구 봉은사로30길 73, 3층 15-2호 (역삼동)"
의정부부대찌개,기타,37.50510302972566,127.05941249337953,영업/정상,"서울특별시 강남구 역삼로83길 24 (대치동,지상1층)"
비비큐세곡점,기타,37.46578197475622,127.1011912282916,영업/정상,"서울특별시 강남구 헌릉로 569, 지상1층 101호 (세곡동, 강남리더스프라자)"
두바이 오븐,기타,37.4969409507211,127.03075265558195,영업/정상,"서울특별시 강남구 강남대로84길 26, 지상2층 (역삼동)"
연경,기타,37.48202443597121,127.08213220272552,영업/정상,"서울특별시 강남구 광평로10길 15, 상가동동 2층 214호 (일원동, 상록수아파트)"
씨디오 커피,기타,37.49147355797669,127.034825451055,영업/정상,"서울특별시 강남구 도곡로7길 12, 지상1층 (역삼동)"
우밀가 상록점,기타,37.50385994932464,127.04315978724321,영업/정상,"서울특별시 강남구 언주로 508, 지하1층 (역삼동)"
3층 냉 삼 집,기타,37.51455971215956,127.05922434019902,영업/정상,"서울특별시 강남구 봉은사로99길 5, 선용빌딩 지상3층 (삼성동)"
589(오팔구),기타,37.52178673978844,127.03061080548095,영업/정상,"서울특별시 강남구 도산대로35길 16, 지상1,2층 (신사동)"
쑈 숴이 양 이주방,기타,37.48513664503251,127.04495391585131,영업/정상,"서울특별시 강남구 논현로38길 38-8, 지상1층 (도곡동)"
닭곰탱이 양재,기타,37.48586614408995,127.03388123433025,영업/정상,"서울특별시 강남구 강남대로 250, 심현빌딩 지상1층 (도곡동)"
금성커피(천랑커피),기타,37.49162111133789,127.03284691973391,영업/정상,"서울특별시 강남구 도곡로3길 22, 지상1층 (역삼동)"
칼바도스 가든,기타,37.52255194729152,127.04373293826455,영업/정상,"서울특별시 강남구 선릉로148길 52-8, 지하1층 (청담동)"
(주)모스버거코리아 익스프레스강남구청역점,기타,37.51714307825215,127.04019351860678,영업/정상,"서울특별시 강남구 학동로 339, 세한빌딩 지상1층 (논현동)"
반함 푸드스토리,기타,37.49870067584982,127.03157677479244,영업/정상,"서울특별시 강남구 테헤란로 124, 삼원타워 지하1층 B124호 (역삼동)"
도원스타일 무역센터점,기타,37.50859530026902,127.05971847792408,영업/정상,"서울특별시 강남구 테헤란로 517, 현대백화점 지상10층 (삼성동)"
야키토리 요이야마,기타,37.51929929662368,127.02502368952098,영업/정상,"서울특별시 강남구 도산대로17길 8, 지상2층 남쪽 점포호 (신사동)"
찰미당 도곡점,기타,37.48168387458877,127.04402625339853,영업/정상,"서울특별시 강남구 논현로24길 11, 지상1층 (도곡동)"
브루다커피 선릉역점,기타,37.50476158656866,127.04698724138728,영업/정상,"서울특별시 강남구 테헤란로51길 10, 1층 102호 (역삼동)"
솔솥 역삼점,기타,37.50290379827682,127.03820931033181,영업/정상,"서울특별시 강남구 논현로94길 23, 지상1층 101호,102호 (역삼동)"
클럽,기타,37.51001850960684,127.03477713065826,영업/정상,"서울특별시 강남구 봉은사로33길 33 (논현동,양지직매상가 1층 7호)"
레이지 케틀 서비스 (Lazy Kettle Service),기타,37.481893370290294,127.0432344923748,영업/정상,"서울특별시 강남구 논현로 136, 오션스퀘어빌딩 지상1층 (도곡동)"
오시오,기타,37.51996989099275,127.059637149378,영업/정상,서울특별시 강남구 영동대로128길 15 (삼성동)
해품장팔팔장어 도곡점,기타,37.49264106007178,127.04292300245561,영업/정상,"서울특별시 강남구 도곡로 218, CNCITY tower 지하1층 (도곡동)"
프렌즈스크린 라운딩 역삼점,기타,37.50576277238253,127.02969651765143,영업/정상,"서울특별시 강남구 봉은사로 138, 더스위트캐슬 지하2층 (역삼동)"
카베하네,기타,37.52794245294048,127.03223212803698,영업/정상,"서울특별시 강남구 언주로173길 15 (신사동,지상1층)"
브루클린라운지,기타,37.47863153020434,127.04963804035211,영업/정상,"서울특별시 강남구 개포로30길 6, 지하1층 (개포동)"
오렌지나인,기타,37.50761439860328,127.03703139630495,영업/정상,"서울특별시 강남구 언주로107길 26, 지하1층, 지상3층 (역삼동)"
박속낙지,기타,37.50095250573082,127.03508033722204,영업/정상,"서울특별시 강남구 테헤란로25길 7, 1층 (역삼동)"
동신식당,기타,37.49595516164303,127.04665713725551,영업/정상,"서울특별시 강남구 언주로 314, 강남프라자 지하1층 108호 (역삼동)"
하남돼지집 가로수길점,기타,37.51870550880628,127.02363175418417,영업/정상,"서울특별시 강남구 강남대로152길 55, 지상1층 (신사동)"
뽕나무쟁이선릉본점,기타,37.503226387459335,127.0520115474716,영업/정상,"서울특별시 강남구 역삼로65길 31 (대치동,지상1층)"
중식포차,기타,37.5193670513356,127.01960701293864,영업/정상,"서울특별시 강남구 도산대로1길 40, 지하1층 (신사동)"
니쿠니쿠,기타,37.49447727219255,127.03420154751092,영업/정상,"서울특별시 강남구 역삼로 133, 지하1호 (역삼동)"
카페222,기타,37.509718665596814,127.02795883121108,영업/정상,"서울특별시 강남구 봉은사로21길 63, 지하1층 103호 (논현동)"
상아식당 압구정점,기타,37.528057914463076,127.0310211679467,영업/정상,"서울특별시 강남구 압구정로 216, 코끼리상가 지상1층 7호 (신사동)"
우가네,기타,37.506307176980116,127.04901187760291,영업/정상,"서울특별시 강남구 선릉로96길 7 (삼성동,지상1층)"
이가네양꼬치양갈비 압구정점,기타,37.52793790921887,127.03771459836634,영업/정상,"서울특별시 강남구 압구정로46길 5-12, 지상1층 (신사동)"
노라스 신사,기타,37.52115781422761,127.02144168581539,영업/정상,"서울특별시 강남구 강남대로162길 27-16, 지상1층 (신사동)"
도래집,기타,37.500551871789895,127.02740956719127,영업/정상,서울특별시 강남구 강남대로98길 8 (역삼동)
포라(PORA),기타,37.51758003125734,127.02038905774359,영업/정상,"서울특별시 강남구 강남대로154길 12, 지하1층 (신사동)"
(주)리앤푸드,기타,37.52313041176759,127.03617080671002,영업/정상,"서울특별시 강남구 도산대로45길 10-4 (신사동,지상1층)"
작품,기타,37.4850488505175,127.04588558006841,영업/정상,"서울특별시 강남구 논현로30길 52, 1층 (도곡동)"
이자카야미주 강남2호점,기타,37.494810398492454,127.03096177070198,영업/정상,"서울특별시 강남구 역삼로3길 19, 지하1층 (역삼동)"
하모니,기타,37.5056568688279,127.02719497360596,영업/정상,"서울특별시 강남구 봉은사로 123, 101호 (논현동,지하1층)"
더아이앤지 소금집델리 센터필드지점,기타,37.50321166394403,127.04149158215341,영업/정상,"서울특별시 강남구 테헤란로 231, 더샵스앳센터필드 지상2층 E208호 (역삼동)"
피자탑 수서위례점,기타,37.4747229641126,127.10702928473003,영업/정상,"서울특별시 강남구 밤고개로 219, 강남블루지움 지상1층 103호 (자곡동)"
한가람 식당,기타,37.518493214358685,127.04625993656155,영업/정상,"서울특별시 강남구 학동로 421, 원영빌딩 지상1층 108호 (청담동)"
김준석꼬치,기타,37.492274639324094,127.08385547160698,영업/정상,"서울특별시 강남구 일원로3길 48, 지상1층 (일원동)"
삼육가 삼성점,기타,37.50942659986251,127.05648597486874,영업/정상,"서울특별시 강남구 테헤란로81길 38, 1층 (삼성동)"
니드(Need),기타,37.494627554246975,127.034686586013,영업/정상,"서울특별시 강남구 역삼로 139, 지상1층 106호 (역삼동)"
멘쇼쿠(MENSHOKU) 코엑스점,기타,37.512521154961824,127.05881929973503,영업/정상,"서울특별시 강남구 테헤란로87길 36, 도심공항타워 지하1층 B03호 (삼성동)"
제육왕,기타,37.49168895203148,127.03978074604099,영업/정상,"서울특별시 강남구 도곡로 184, 신호빌딩 지하1층 B104호 (도곡동)"
무한숯불양꼬치 훠궈&뷔페,기타,37.50224139655148,127.02659467142207,영업/정상,"서울특별시 강남구 봉은사로2길 37, 지상2층 (역삼동)"
완미족발 논현본점,기타,37.506593280697594,127.02500006533515,영업/정상,"서울특별시 강남구 강남대로118길 20, 지상1층 (논현동)"
도스타코스,기타,37.506610146009464,127.05277836475616,영업/정상,"서울특별시 강남구 테헤란로69길 10, 지하1층 101호 (삼성동)"
또봉이통닭 도곡점(호프라운지),기타,37.489257427505436,127.03307746876055,영업/정상,"서울특별시 강남구 강남대로58길 12, 2층 (도곡동)"
커피 레이(Lei),기타,37.498106060609494,127.05765801094114,영업/정상,"서울특별시 강남구 도곡로 433, 1층 (대치동)"
비비롤스,기타,37.48730133120923,127.03517705800624,영업/정상,"서울특별시 강남구 남부순환로359길 41, 지상1층 (도곡동)"
솜리,기타,37.50859530026902,127.05971847792408,영업/정상,"서울특별시 강남구 테헤란로 517, 지상10층 (삼성동, 현대백화점)"
바로밥,기타,37.508887119763685,127.03224809606091,영업/정상,"서울특별시 강남구 봉은사로25길 28, 1층 104호 (논현동)"
쫀두쫀두,기타,37.51031758109968,127.02700281115868,영업/정상,"서울특별시 강남구 학동로20길 54, 지상1층 (논현동)"
집밥윤선생,기타,37.50374403551208,127.04024527083526,영업/정상,"서울특별시 강남구 테헤란로37길 23, 지하1층 (역삼동)"
커피 발보아,기타,37.48556028564031,127.07133818934079,영업/정상,"서울특별시 강남구 삼성로 14, 상가동 지하1층 B114호 (개포동, 개포자이 프레지던스)"
레드바삭,기타,37.5080139610026,127.0553955587808,영업/정상,"서울특별시 강남구 삼성로 517 (삼성동,채널리저브102호)"
대운식품,기타,37.50294902227001,127.05236652113574,영업/정상,"서울특별시 강남구 선릉로82길 28, 대치동 빌딩 지하1층 (대치동)"
오복한그릇,기타,37.49434795190433,127.07961586766422,영업/정상,"서울특별시 강남구 개포로 623, 대청타워 지하1층 122호, 123호 (개포동)"
벨로타벨로타,기타,37.50859530026902,127.05971847792408,영업/정상,"서울특별시 강남구 테헤란로 517, 현대백화점 지하1층 (삼성동)"
이모네포차,기타,37.50871186663216,127.04042107542219,영업/정상,서울특별시 강남구 봉은사로44길 5 (역삼동)
스파게티스토리,기타,37.486179147499094,127.0364700708922,영업/정상,"서울특별시 강남구 남부순환로359길 20, 지상1층 (도곡동)"
삼식이감자탕,기타,37.49593650003323,127.03688424572748,영업/정상,"서울특별시 강남구 역삼로19길 9 (역삼동,지상1층)"
구뜰,기타,37.51655166515923,127.0401389040349,영업/정상,"서울특별시 강남구 학동로 338, 지상1층 106호 (논현동, 강남파라곤)"
소양탐정,기타,37.5190761794654,127.0237615301959,영업/정상,"서울특별시 강남구 도산대로15길 11, 지하1층 (신사동)"
도민푸드,기타,37.488898748279766,127.03384132508626,영업/정상,"서울특별시 강남구 도곡로4길 18, 광일빌딩 지상1층 (도곡동)"
해품달,기타,37.46538032590123,127.1096291779534,영업/정상,"서울특별시 강남구 밤고개로31길 9, 지상1층 12호 (세곡동, 취락구조)"
버거킹 대치점,기타,37.49876916856567,127.05939243123542,영업/정상,서울특별시 강남구 도곡로 447 (대치동)
(주)커피빈코리아 압구정시티점,기타,37.52375661256041,127.03706800251531,영업/정상,"서울특별시 강남구 도산대로49길 13, 지상1층 (신사동)"
강남일미포차,기타,37.50009086067306,127.02824075110699,영업/정상,"서울특별시 강남구 강남대로96길 15, 지상1층 (역삼동)"
(주)캘리스코 사보텐 선릉역점,기타,37.503029527317395,127.04544470384872,영업/정상,서울특별시 강남구 테헤란로 316 (역삼동)
제비 파스타&리조또,기타,37.51054182685763,127.03594543667222,영업/정상,"서울특별시 강남구 언주로 615, 논현 아이파크 103동 지하1층 B127호 (논현동)"
1955강남낙지,기타,37.49755506522903,127.03390301906263,영업/정상,"서울특별시 강남구 테헤란로14길 27, 지상1층 (역삼동)"
세양원,기타,37.50467458691774,127.05214440595803,영업/정상,"서울특별시 강남구 선릉로90길 36 (대치동,지하1층)"
비에이치씨 역삼스타점,기타,37.50567771841474,127.04012880323663,영업/정상,"서울특별시 강남구 언주로99길 9, 2층 (역삼동)"
엘비노 프로푼도,기타,37.5204697940939,127.02260877148585,영업/정상,"서울특별시 강남구 강남대로160길 50, 2층 (신사동)"
더고저스키친,기타,37.52139190588777,127.02316456303512,영업/정상,"서울특별시 강남구 논현로159길 65, 4층 (신사동)"
비움,기타,37.52241391906489,127.05430582110613,영업/정상,"서울특별시 강남구 학동로97길 41, 리유빌딩 1층 (청담동)"
관계,기타,37.52191985740398,127.02589085681304,영업/정상,"서울특별시 강남구 논현로157길 29, 지상1층 101호 (신사동)"
이코복스커피 주식회사 삼성점,기타,37.512521154961824,127.05881929973503,영업/정상,"서울특별시 강남구 영동대로 513, 기존컨벤션센타동 지하1층 D104호 (삼성동)"
주식회사 더케이에프엔비 이프유캔,기타,37.50891528436637,127.035431405021,영업/정상,"서울특별시 강남구 봉은사로33길 13, 1층 101호, 102호 (논현동)"
도모다찌 coex 2호점,기타,37.5225605885037,127.05658285638563,영업/정상,"서울특별시 강남구 영동대로138길 6, 1층 (청담동)"
나리스시 논현본점,기타,37.512594826408645,127.03606245005771,영업/정상,"서울특별시 강남구 언주로 626 (논현동,지하1층101호)"
판에프앤비R&D연구소,기타,37.5042566371266,127.05411448796855,영업/정상,"서울특별시 강남구 삼성로85길 39, 가리온 지하1층 (대치동)"
타운샌드위치 역삼점,기타,37.49662171584147,127.03951157278905,영업/정상,"서울특별시 강남구 논현로74길 5, 지상1층 101호 (역삼동)"
HEYTEA(헤이티),기타,37.50165239950277,127.02637492654759,영업/정상,"서울특별시 강남구 강남대로 438 (역삼동,2층210호)"
포메인 강남구청역점,기타,37.51744917148243,127.04063439928912,영업/정상,"서울특별시 강남구 학동로 343, 지하2층 202호 (논현동, 강남파로스타워)"
한방대가삼계탕,기타,37.495352884783955,127.03200029634132,영업/정상,"서울특별시 강남구 역삼로5길 22, 2층 (역삼동)"
선화당(仙華堂),기타,37.51104167851546,127.05560495875295,영업/정상,"서울특별시 강남구 삼성로104길 11, 지상3층 (삼성동)"
효자동설렁탕 신사점,기타,37.52081237548849,127.02204729458765,영업/정상,"서울특별시 강남구 압구정로10길 42, 1층 102호 (신사동)"
논현홍칼,기타,37.50952514436708,127.03895479161527,영업/정상,"서울특별시 강남구 언주로 604, 지하1층 B111호 (논현동, ACROHILLS논현)"
청국장 서갈비,기타,37.502510857218624,127.05026658010526,영업/정상,서울특별시 강남구 선릉로 420 (대치동)
바다수퍼 해물천하 조개구이 찜 역삼점,기타,37.494975045523205,127.03938390725948,영업/정상,"서울특별시 강남구 논현로 333, 역삼빌딩 지상1층 1호 중 104호 (역삼동)"
수퍼 강남구청점,기타,37.51508331810854,127.04312991127824,영업/정상,"서울특별시 강남구 학동로56길 33, 지상1층 (삼성동)"
한강수 정육식당,기타,37.489314848334814,127.03330330468441,영업/정상,"서울특별시 강남구 도곡로4길 10, 지상2층 (도곡동)"
화화,기타,37.505249684808206,127.03521005443754,영업/정상,"서울특별시 강남구 논현로 550, 1층 (역삼동)"
무사사비,기타,37.51929929662368,127.02502368952098,영업/정상,"서울특별시 강남구 도산대로17길 8, 2층 202호 (신사동)"
바라다(BAR RADA),기타,37.50296123463718,127.05163386072229,영업/정상,"서울특별시 강남구 선릉로82길 19, 동선빌딩 지상2층 (대치동)"
참치부라더스,기타,37.504650006680826,127.04220295315258,영업/정상,"서울특별시 강남구 언주로 514 (역삼동,지상2층)"
만만나,기타,37.497946733376075,127.03910853272929,영업/정상,"서울특별시 강남구 역삼로25길 27 (역삼동,지상1층)"
